Sale Date,Harvest Date,Planning Year,Channel Name,Product Name,Actual Price,Brought Quantity,Returned Quantity,Actual Quantity,Actual Revenue,Notes,Entry Kind
2025-02-08,2025-02-06,2025,BFM,Bok Choy - lb,$7.00,0,,0,$0.00,Variety: 2/3 bags,actual
2025-02-08,2025-02-06,2025,BFM,Cabbage Cone Storage - lb,$2.00,0,,0,$0.00,,actual
2025-02-08,2025-02-06,2025,BFM,Cabbage Green Storage - lb,$2.00,0,,0,$0.00,,actual
2025-02-08,2025-02-06,2025,BFM,Cabbage Red - lb,$2.00,0,,0,$0.00,,actual
2025-02-08,2025-02-06,2025,BFM,Cabbage Savoy - lb,$2.00,0,,0,$0.00,,actual
2025-02-08,2025-02-06,2025,BFM,Carrot Bulk - lb,$3.50,0,,0,$0.00,,actual
2025-02-08,2025-02-06,2025,BFM,Kale Curly - bu,$7.78,0,,0,$0.00,Variety: 2/3 bags,actual
2025-02-08,2025-02-06,2025,BFM,Potato White - lb,$3.50,0,,0,$0.00,,actual
2025-02-08,2025-02-06,2025,BFM,Potato Yellow - lb,$3.50,0,,0,$0.00,,actual
2025-02-08,2025-02-06,2025,BFM,Radish Daikon Bulk - lb,$3.50,0,,0,$0.00,,actual
2025-02-08,2025-02-06,2025,BFM,Sweet Potato Covington - lb,$3.50,0,,0,$0.00,,actual
2025-02-08,2025-02-06,2025,BFM,Sweet Potato Murasaki - lb,$3.50,0,,0,$0.00,,actual
2025-02-08,2025-02-06,2025,BFM,Turnip Bulk - lb,$3.50,0,,0,$0.00,,actual
2025-02-08,2025-02-06,2025,BFM,Winter Squash Kabocha - lb,$2.50,0,,0,$0.00,,actual
2025-02-08,2025-02-06,2025,BFM,Winter Squash Koginut - lb,$3.00,0,,0,$0.00,,actual
2025-02-15,2025-02-13,2025,KFM,Bok Choy - lb,$7.00,39,0,39,$273.00,Variety: 2/3 bags,actual
2025-02-15,2025-02-13,2025,KFM,Cabbage Cone Storage - lb,$2.00,64,0,64,$128.00,,actual
2025-02-15,2025-02-13,2025,KFM,Cabbage Green Storage - lb,$2.00,69.8,19.3,50.5,$101.00,,actual
2025-02-15,2025-02-13,2025,KFM,Cabbage Red - lb,$2.00,63,2.8,60.2,$120.40,,actual
2025-02-15,2025-02-13,2025,KFM,Cabbage Savoy - lb,$2.00,43.3,0,43.3,$86.60,,actual
2025-02-15,2025-02-13,2025,KFM,Carrot Bulk - lb,$3.50,160,37.75,122.25,$427.88,,actual
2025-02-15,2025-02-13,2025,KFM,Chard - bu,$5.00,12,0,12,$60.00,,actual
2025-02-15,2025-02-13,2025,KFM,Kale Curly - bu,$7.78,9,0,9,$69.98,Variety: 2/3 bags,actual
2025-02-15,2025-02-13,2025,KFM,Kale Curly - bu,$5.00,20,0,20,$100.00,,actual
2025-02-15,2025-02-13,2025,KFM,Kale Lacinato - bu,$5.00,39,0,39,$195.00,,actual
2025-02-15,2025-02-13,2025,KFM,Kale Russian - bu,$5.00,11,0,11,$55.00,,actual
2025-02-15,2025-02-13,2025,KFM,Mustard - bu,$5.00,18,0,18,$90.00,,actual
2025-02-15,2025-02-13,2025,KFM,Parsley - bu,$4.00,24,0,24,$96.00,,actual
2025-02-15,2025-02-13,2025,KFM,Potato White - lb,$3.50,46,0,46,$161.00,,actual
2025-02-15,2025-02-13,2025,KFM,Potato Yellow - lb,$3.50,90,20,70,$245.00,,actual
2025-02-15,2025-02-13,2025,KFM,Radicchio Round - lb,$9.00,0,0,0,$0.00,,actual
2025-02-15,2025-02-13,2025,KFM,Radish Daikon Bulk - lb,$3.50,23,4.75,18.25,$63.88,,actual
2025-02-15,2025-02-13,2025,KFM,Spinach - 1/2 lb,$7.00,16,0,16,$112.00,,actual
2025-02-15,2025-02-13,2025,KFM,Sweet Potato Covington - lb,$3.50,40,4,36,$126.00,,actual
2025-02-15,2025-02-13,2025,KFM,Sweet Potato Murasaki - lb,$3.50,40,1,39,$136.50,,actual
2025-02-15,2025-02-13,2025,KFM,Turnip Bulk - lb,$3.50,34,21,13,$45.50,,actual
2025-02-15,2025-02-13,2025,KFM,Salad Mix - 1/3 lb,$7.00,32,0,32,$224.00,,actual
2025-02-15,2025-02-13,2025,KFM,Salad Mix - 2/3 lb ,$14.00,40,0,40,$560.00,,actual
2025-02-15,2025-02-13,2025,KFM,Winter Squash Kabocha - lb,$2.50,73.5,44.1,29.4,$73.38,,actual
2025-02-15,2025-02-13,2025,KFM,Winter Squash Koginut - lb,$3.00,79,15.8,63.2,$189.60,,actual
2025-02-22,2/20/2025,2025,BFM,Bok Choy - lb,$5.00,41,0,41,$205.00,Variety: bunches,actual
2025-02-22,2/20/2025,2025,BFM,Cabbage Cone Storage - lb,$2.00,53.9,9.28,44.62,$89.24,,actual
2025-02-22,2/20/2025,2025,BFM,Cabbage Green Storage - lb,$2.00,52.8,0,52.8,$105.60,,actual
2025-02-22,2/20/2025,2025,BFM,Cabbage Red - lb,$2.00,35.8,0,35.8,$71.60,,actual
2025-02-22,2/20/2025,2025,BFM,Cabbage Savoy - lb,$2.00,55,8.1,46.9,$93.80,,actual
2025-02-22,2/20/2025,2025,BFM,Carrot Bulk - lb,$3.50,146.5,12,134.5,$470.75,,actual
2025-02-22,2/20/2025,2025,BFM,Chard - bu,$5.00,12,0,12,$60.00,,actual
2025-02-22,2/20/2025,2025,BFM,Kale Curly - bu,$5.00,8,0,8,$40.00,,actual
2025-02-22,2/20/2025,2025,BFM,Kale Lacinato - bu,$5.00,12,0,12,$60.00,,actual
2025-02-22,2/20/2025,2025,BFM,Kale Russian - bu,$5.00,17,0,17,$85.00,,actual
2025-02-22,2/20/2025,2025,BFM,Mustard - bu,$5.00,15,0,15,$75.00,,actual
2025-02-22,2/20/2025,2025,BFM,Parsley - bu,$4.00,20,0,20,$80.00,,actual
2025-02-22,2/20/2025,2025,BFM,Potato Yellow - lb,$3.50,65.7,12.9,52.8,$184.80,,actual
2025-02-22,2/20/2025,2025,BFM,Radish Daikon Bulk - lb,$3.50,21,8.5,12.5,$43.75,,actual
2025-02-22,2/20/2025,2025,BFM,Spinach - 1/2 lb,$7.00,17,0,17,$119.00,,actual
2025-02-22,2/20/2025,2025,BFM,Sweet Potato Covington - lb,$3.50,33,8.3,24.7,$86.45,,actual
2025-02-22,2/20/2025,2025,BFM,Sweet Potato Murasaki - lb,$3.50,15,6.3,8.7,$30.45,,actual
2025-02-22,2/20/2025,2025,BFM,Turnip Bulk - lb,$3.50,21,5,16,$56.00,,actual
2025-02-22,2/20/2025,2025,BFM,Salad Mix - 1/3 lb,$7.00,20,0,20,$140.00,,actual
2025-02-22,2/20/2025,2025,BFM,Salad Mix - 2/3 lb ,$14.00,30,0,30,$420.00,,actual
2025-02-22,2/20/2025,2025,BFM,Winter Squash Kabocha - lb,$2.50,56.7,5.1,51.6,$128.79,,actual
2025-02-22,2/20/2025,2025,BFM,Winter Squash Koginut - lb,$3.00,49.6,9,40.6,$121.80,,actual
2025-02-22,2/20/2025,2025,BFM,Potato White - lb,$3.50,43,0,43,$150.50,,actual
2025-03-01,2/27/25,2025,KFM,Bok Choy - lb,$5.00,54,5,49,$245.00,Variety: bunches,actual
2025-03-01,2/27/25,2025,KFM,Cabbage Cone Storage - lb,$2.00,76.6,9.5,67.1,$134.20,,actual
2025-03-01,2/27/25,2025,KFM,Cabbage Green Storage - lb,$2.00,73.8,20.5,53.3,$106.60,,actual
2025-03-01,2/27/25,2025,KFM,Cabbage Red - lb,$2.00,52.3,2.3,50,$100.00,,actual
2025-03-01,2/27/25,2025,KFM,Cabbage Savoy - lb,$2.00,65.6,36.4,29.2,$58.40,,actual
2025-03-01,2/27/25,2025,KFM,Carrot Bulk - lb,$3.50,155.8,34.5,121.3,$424.55,,actual
2025-03-01,2/27/25,2025,KFM,Chard - bu,$4.50,12,0,12,$54.00,,actual
2025-03-01,2/27/25,2025,KFM,Kale Curly - bu,$4.50,0,0,0,$0.00,,actual
2025-03-01,2/27/25,2025,KFM,Kale Lacinato - bu,$4.50,0,0,0,$0.00,,actual
2025-03-01,2/27/25,2025,KFM,Kale Russian - bu,$4.50,29,0,29,$130.50,,actual
2025-03-01,2/27/25,2025,KFM,Mustard - bu,$4.50,19,0,19,$85.50,,actual
2025-03-01,2/27/25,2025,KFM,Parsley - bu,$3.50,20,0,20,$70.00,,actual
2025-03-01,2/27/25,2025,KFM,Potato White - lb,$3.50,41,1.5,39.5,$138.25,,actual
2025-03-01,2/27/25,2025,KFM,Potato Yellow - lb,$3.50,91,30,61,$213.50,,actual
2025-03-01,2/27/25,2025,KFM,Radish Daikon Bulk - lb,$3.50,27,9.1,17.9,$62.65,,actual
2025-03-01,2/27/25,2025,KFM,Salad Mix - 1/3 lb,$7.00,26,0,26,$182.00,,actual
2025-03-01,2/27/25,2025,KFM,Salad Mix - 2/3 lb ,$14.00,33,0,33,$462.00,,actual
2025-03-01,2/27/25,2025,KFM,Spinach - 1/2 lb,$7.00,17,0,17,$119.00,,actual
2025-03-01,2/27/25,2025,KFM,Sweet Potato Covington - lb,$3.50,14.5,0,14.5,$50.75,,actual
2025-03-01,2/27/25,2025,KFM,Turnip Bulk - lb,$3.50,22,10.5,11.5,$40.25,,actual
2025-03-01,2/27/25,2025,KFM,Winter Squash Kabocha - lb,$2.50,57.5,14.3,43.2,$107.83,,actual
2025-03-01,2/27/25,2025,KFM,Winter Squash Koginut - lb,$3.00,77.1,43.3,33.8,$101.40,,actual
2025-03-08,3/6/2025,2025,BFM,Bok Choy - lb,$5.00,45,1,44,$220.00,Variety: bunches,actual
2025-03-08,3/6/2025,2025,BFM,Cabbage Cone Storage - lb,$2.00,64,26,38,$76.00,,actual
2025-03-08,3/6/2025,2025,BFM,Cabbage Green Storage - lb,$2.00,53,5,48,$96.00,,actual
2025-03-08,3/6/2025,2025,BFM,Cabbage Red - lb,$2.00,40,9,31,$62.00,,actual
2025-03-08,3/6/2025,2025,BFM,Cabbage Savoy - lb,$2.00,24.5,15,9.5,$19.00,,actual
2025-03-08,3/6/2025,2025,BFM,Carrot Bulk - lb,$3.50,164,75,89,$311.50,,actual
2025-03-08,3/6/2025,2025,BFM,Chard - bu,$4.50,12,,12,$54.00,,actual
2025-03-08,3/6/2025,2025,BFM,Kale Curly - bu,$4.50,0,,0,$0.00,,actual
2025-03-08,3/6/2025,2025,BFM,Kale Lacinato - bu,$4.50,0,,0,$0.00,,actual
2025-03-08,3/6/2025,2025,BFM,Kale Russian - bu,$4.50,25,,25,$112.50,,actual
2025-03-08,3/6/2025,2025,BFM,Mustard - bu,$4.50,12,,12,$54.00,,actual
2025-03-08,3/6/2025,2025,BFM,Parsley - bu,$3.50,17,,17,$59.50,,actual
2025-03-08,3/6/2025,2025,BFM,Potato White - lb,$3.50,32,12,20,$70.00,,actual
2025-03-08,3/6/2025,2025,BFM,Potato Yellow - lb,$3.50,60,9,51,$178.50,,actual
2025-03-08,3/6/2025,2025,BFM,Radish Daikon Bulk - lb,$3.50,24,,24,$84.00,,actual
2025-03-08,3/6/2025,2025,BFM,Salad Mix - 1/3 lb,$7.00,16,,16,$112.00,,actual
2025-03-08,3/6/2025,2025,BFM,Salad Mix - 2/3 lb ,$14.00,21,,21,$294.00,,actual
2025-03-08,3/6/2025,2025,BFM,Spinach - 1/2 lb,$7.00,20,,20,$140.00,,actual
2025-03-08,3/6/2025,2025,BFM,Turnip Bulk - lb,$3.50,19,10,9,$31.50,,actual
2025-03-08,3/6/2025,2025,BFM,Winter Squash Kabocha - lb,$2.50,60,25,35,$87.36,,actual
2025-03-08,3/6/2025,2025,BFM,Winter Squash Koginut - lb,$3.00,57.5,40,17.5,$52.50,,actual
2025-03-15,3/13/2025,2025,KFM,Bok Choy - lb,$5.00,37,0,37,$185.00,Variety: bunches,actual
2025-03-15,3/13/2025,2025,KFM,Cabbage Cone Storage - lb,$2.00,146.9,62,84.9,$169.80,,actual
2025-03-15,3/13/2025,2025,KFM,Cabbage Green Storage - lb,$2.00,117.6,68,49.6,$99.20,,actual
2025-03-15,3/13/2025,2025,KFM,Cabbage Red - lb,$2.00,,,0,$0.00,,actual
2025-03-15,3/13/2025,2025,KFM,Carrot Bulk - lb,$3.50,150,48,102,$357.00,,actual
2025-03-15,3/13/2025,2025,KFM,Chard - bu,$4.50,12,0,12,$54.00,,actual
2025-03-15,3/13/2025,2025,KFM,Kale Curly - bu,$4.50,,,0,$0.00,,actual
2025-03-15,3/13/2025,2025,KFM,Kale Lacinato - bu,$5.00,22,0,22,$110.00,Variety: .6 bags,actual
2025-03-15,3/13/2025,2025,KFM,Kale Russian - bu,$4.50,25,0,25,$112.50,,actual
2025-03-15,3/13/2025,2025,KFM,Mustard - bu,$4.50,10,0,10,$45.00,,actual
2025-03-15,3/13/2025,2025,KFM,Parsley - bu,$3.50,6,0,6,$21.00,,actual
2025-03-15,3/13/2025,2025,KFM,Potato White - lb,$3.50,41,0,41,$143.50,,actual
2025-03-15,3/13/2025,2025,KFM,Potato Yellow - lb,$3.50,100,20,80,$280.00,,actual
2025-03-15,3/13/2025,2025,KFM,Radish Daikon Bulk - lb,$3.50,20,3,17,$59.50,,actual
2025-03-15,3/13/2025,2025,KFM,Salad Mix - 1/3 lb,$7.00,21,0,21,$147.00,,actual
2025-03-15,3/13/2025,2025,KFM,Salad Mix - 2/3 lb ,$14.00,23,0,23,$322.00,,actual
2025-03-15,3/13/2025,2025,KFM,Spinach - 1/2 lb,$7.00,31,0,31,$217.00,,actual
2025-03-15,3/13/2025,2025,KFM,Turnip Bulk - lb,$3.50,15,7.5,7.5,$26.25,,actual
2025-03-15,3/13/2025,2025,KFM,Winter Squash Kabocha - lb,$2.50,59.2,23,36.2,$90.36,,actual
2025-03-15,3/13/2025,2025,KFM,Winter Squash Koginut - lb,$2.50,53.6,18,35.6,$88.86,,actual
2025-03-15,3/13/2025,2025,KFM,Bok Choy - ea,$5.00,22,0,22,$110.00,Variety: Bok-o-lini Bunches,actual
2025-03-15,3/13/2025,2025,KFM,Cilantro - bu,$4.00,,,0,$0.00,,actual
2025-03-15,3/13/2025,2025,KFM,Scallion - bu,$4.00,49,0,49,$196.00,,actual
2025-03-15,3/13/2025,2025,KFM,Radicchio Forced - lb,$20.00,10.1,0,10.1,$202.00,,actual
2025-03-22,3/20/2025,2025,BFM,Arugula - 1/3 lb,$7.00,18,,18,$126.00,,actual
2025-03-22,3/20/2025,2025,BFM,Arugula - 2/3 lb ,$14.00,5,,5,$70.00,,actual
2025-03-22,3/20/2025,2025,BFM,Bok Choy - lb,$5.00,37,,37,$185.00,Variety: bunches,actual
2025-03-22,3/20/2025,2025,BFM,Cabbage Cone Storage - lb,$2.00,60.6,5,55.6,$111.20,,actual
2025-03-22,3/20/2025,2025,BFM,Cabbage Green Storage - lb,$2.00,73.8,36,37.8,$75.60,,actual
2025-03-22,3/20/2025,2025,BFM,Cabbage Savoy - lb,$2.00,32,,32,$64.00,,actual
2025-03-22,3/20/2025,2025,BFM,Carrot Bulk - lb,$3.50,150,21,129,$451.50,,actual
2025-03-22,3/20/2025,2025,BFM,Chard - bu,$4.50,15,,15,$67.50,,actual
2025-03-22,3/20/2025,2025,BFM,Cilantro - bu,$3.50,16,,16,$56.00,,actual
2025-03-22,3/20/2025,2025,BFM,Kale Curly - bu,$5.00,18,,18,$90.00,Variety: Rapini,actual
2025-03-22,3/20/2025,2025,BFM,Kale Lacinato - bu,$5.00,8,,8,$40.00,,actual
2025-03-22,3/20/2025,2025,BFM,Kale Lacinato - bu,$6.00,3.4,,3.4,$20.40,Variety: Rapini lbs,actual
2025-03-22,3/20/2025,2025,BFM,Kale Russian - bu,$4.50,27,,27,$121.50,,actual
2025-03-22,3/20/2025,2025,BFM,Mustard - bu,$4.50,15,,15,$67.50,,actual
2025-03-22,3/20/2025,2025,BFM,Parsley - bu,$3.50,,,0,$0.00,,actual
2025-03-22,3/20/2025,2025,BFM,Potato White - lb,$3.50,18,,18,$63.00,,actual
2025-03-22,3/20/2025,2025,BFM,Potato Yellow - lb,$3.50,63,13,50,$175.00,,actual
2025-03-22,3/20/2025,2025,BFM,Radicchio Forced - lb,$20.00,8.3,,8.3,$166.00,,actual
2025-03-22,3/20/2025,2025,BFM,Radish Daikon Bulk - lb,$3.50,16,3,13,$45.50,,actual
2025-03-22,3/20/2025,2025,BFM,Salad Mix - 1/3 lb,$7.00,24,,24,$168.00,,actual
2025-03-22,3/20/2025,2025,BFM,Salad Mix - 2/3 lb ,$14.00,26,,26,$364.00,,actual
2025-03-15,3/13/2025,2025,KFM,Cabbage Savoy - lb,$2.50,36.8,0,36.8,$92.00,,actual
2025-03-22,3/20/2025,2025,BFM,Scallion - bu,$4.00,34,,34,$136.00,,actual
2025-03-22,3/20/2025,2025,BFM,Spinach - 1/2 lb,$7.00,30,,30,$210.00,,actual
2025-03-22,3/20/2025,2025,BFM,Turnip Bulk - lb,$3.50,19,8.3,10.7,$37.45,,actual
2025-03-22,3/20/2025,2025,BFM,Winter Squash Kabocha - lb,$2.50,58.2,26,32.2,$80.37,,actual
2025-03-22,3/20/2025,2025,BFM,Winter Squash Koginut - lb,$3.00,51.2,13,38.2,$114.60,,actual
2025-03-29,3/27/2025,2025,KFM,Arugula - 1/3 lb,$7.00,0,0,0,$0.00,,actual
2025-03-29,3/27/2025,2025,KFM,Collards - bu,$7.00,26,0,26,$182.00,Variety: bags,actual
2025-03-29,3/27/2025,2025,KFM,Cabbage Cone Storage - lb,$2.00,79,13.1,65.9,$131.80,,actual
2025-03-29,3/27/2025,2025,KFM,Cabbage Green Storage - lb,$2.00,78.5,3.9,74.6,$149.20,,actual
2025-03-29,3/27/2025,2025,KFM,Cabbage Savoy - lb,$2.00,41.4,0,41.4,$82.80,,actual
2025-03-29,3/27/2025,2025,KFM,Carrot Bulk - lb,$3.50,150,48,102,$357.00,,actual
2025-03-29,3/27/2025,2025,KFM,Chard - bu,$4.50,12,0,12,$54.00,,actual
2025-03-29,3/27/2025,2025,KFM,Cilantro - bu,$3.50,15,0,15,$52.50,,actual
2025-03-29,3/27/2025,2025,KFM,Kale Curly - bu,$5.00,6,0,6,$30.00,Variety: Rapini,actual
2025-03-29,3/27/2025,2025,KFM,Kale Lacinato - bu,$4.50,17,0,17,$76.50,,actual
2025-03-29,3/27/2025,2025,KFM,Kale Lacinato - bu,$8.00,4.2,0,4.2,$33.60,Variety: loose rapini,actual
2025-03-29,3/27/2025,2025,KFM,Kale Russian - bu,$4.50,44,0,44,$198.00,,actual
2025-03-29,3/27/2025,2025,KFM,Mustard - bu,$4.50,30,0,30,$135.00,,actual
2025-03-29,3/27/2025,2025,KFM,Parsley - bu,$3.50,15,0,15,$52.50,,actual
2025-03-29,3/27/2025,2025,KFM,Potato Yellow - lb,$3.50,112.5,29,83.5,$292.25,,actual
2025-03-29,3/27/2025,2025,KFM,Radicchio Forced - lb,$20.00,0,0,0,$0.00,,actual
2025-03-29,3/27/2025,2025,KFM,Salad Mix - 1/3 lb,$7.00,24,0,24,$168.00,,actual
2025-03-29,3/27/2025,2025,KFM,Salad Mix - 2/3 lb ,$14.00,22,0,22,$308.00,,actual
2025-03-29,3/27/2025,2025,KFM,Scallion - bu,$4.00,60,0,60,$240.00,,actual
2025-03-29,3/27/2025,2025,KFM,Spinach - 1/2 lb,$7.00,31,0,31,$217.00,,actual
2025-03-29,3/27/2025,2025,KFM,Turnip Bulk - lb,$3.50,24.8,15.5,9.3,$32.55,,actual
2025-03-29,3/27/2025,2025,KFM,Winter Squash Kabocha - lb,$2.50,66.7,21.2,45.5,$113.57,,actual
2025-03-29,3/27/2025,2025,KFM,Winter Squash Koginut - lb,$2.00,25,7.9,17.1,$34.22,,actual
2025-04-05,4/3/2025,2025,BFM,Collards - bu,$7.00,21,0,21,$147.00,Variety: bags,actual
2025-04-05,4/3/2025,2025,BFM,Cabbage Cone Storage - lb,$2.00,79,32.5,46.5,$93.00,,actual
2025-04-05,4/3/2025,2025,BFM,Cabbage Green Storage - lb,$2.00,71,3.9,67.1,$134.20,,actual
2025-04-05,4/3/2025,2025,BFM,Cabbage Savoy - lb,$2.00,30.3,0,30.3,$60.60,,actual
2025-04-05,4/3/2025,2025,BFM,Carrot Bulk - lb,$3.50,135,18,117,$409.50,,actual
2025-04-05,4/3/2025,2025,BFM,Chard - bu,$5.00,12,0,12,$60.00,,actual
2025-04-05,4/3/2025,2025,BFM,Cilantro - bu,$4.00,15,0,15,$60.00,,actual
2025-04-05,4/3/2025,2025,BFM,Kale Curly - bu,$5.00,3,0,3,$15.00,Variety: Rapini,actual
2025-04-05,4/3/2025,2025,BFM,Kale Curly - bu,$7.00,14,0,14,$98.00,Variety: bags,actual
2025-04-05,4/3/2025,2025,BFM,Kale Lacinato - bu,$5.00,0,0,0,$0.00,,actual
2025-04-05,4/3/2025,2025,BFM,Kale Lacinato - bu,$8.00,3.75,0,3.75,$30.00,Variety: loose rapini,actual
2025-04-05,4/3/2025,2025,BFM,Kale Russian - bu,$5.00,40,0,40,$200.00,,actual
2025-04-05,4/3/2025,2025,BFM,Mustard - bu,$5.00,26,0,26,$130.00,,actual
2025-04-05,4/3/2025,2025,BFM,Parsley - bu,$4.00,15,0,15,$60.00,,actual
2025-04-05,4/3/2025,2025,BFM,Potato Yellow - lb,$3.50,28,0,28,$98.00,,actual
2025-04-05,4/3/2025,2025,BFM,Salad Mix - 1/3 lb,$7.00,24,0,24,$168.00,,actual
2025-04-05,4/3/2025,2025,BFM,Salad Mix - 2/3 lb ,$14.00,24,0,24,$336.00,,actual
2025-04-05,4/3/2025,2025,BFM,Scallion - bu,$4.00,49,0,49,$196.00,,actual
2025-04-05,4/3/2025,2025,BFM,Spinach - 1/2 lb,$7.00,15,0,15,$105.00,,actual
2025-04-05,4/3/2025,2025,BFM,Turnip Bulk - lb,$3.50,17,6,11,$38.50,,actual
2025-04-05,4/3/2025,2025,BFM,Winter Squash Kabocha - lb,$2.50,62.7,21.9,40.8,$101.84,,actual
2025-04-12,4/10/2025,2025,KFM,Cabbage Cone Storage - lb,$2.00,78.1,0,78.1,$156.20,,actual
2025-04-12,4/10/2025,2025,KFM,Cabbage Green Storage - lb,$2.00,88.3,10.5,77.8,$155.60,,actual
2025-04-12,4/10/2025,2025,KFM,Carrot Bulk - lb,$3.50,150,34.5,115.5,$404.25,,actual
2025-04-12,4/10/2025,2025,KFM,Chard - bu,$5.00,20,0,20,$100.00,,actual
2025-04-12,4/10/2025,2025,KFM,Cilantro - bu,$4.00,0,0,0,$0.00,,actual
2025-04-12,4/10/2025,2025,KFM,Kale Curly - bu,$5.00,9,0,9,$45.00,Variety: Rapini,actual
2025-04-12,4/10/2025,2025,KFM,Kale Curly - bu,$7.00,23,6,17,$119.00,Variety: bags,actual
2025-04-12,4/10/2025,2025,KFM,Kale Lacinato - bu,$5.00,0,0,0,$0.00,,actual
2025-04-12,4/10/2025,2025,KFM,Kale Curly - bu,$8.00,5.75,0,5.75,$46.00,Variety: loose rapini,actual
2025-04-12,4/10/2025,2025,KFM,Kale Russian - bu,$5.00,58,20,38,$190.00,,actual
2025-04-12,4/10/2025,2025,KFM,Mustard - bu,$5.00,25,0,25,$125.00,,actual
2025-04-12,4/10/2025,2025,KFM,Parsley - bu,$4.00,30,0,30,$120.00,,actual
2025-04-12,4/10/2025,2025,KFM,Salad Mix - 1/3 lb,$7.00,15,0,15,$105.00,,actual
2025-04-12,4/10/2025,2025,KFM,Salad Mix - 2/3 lb ,$14.00,28,0,28,$392.00,,actual
2025-04-12,4/10/2025,2025,KFM,Scallion - bu,$4.00,66,0,66,$264.00,,actual
2025-04-12,4/10/2025,2025,KFM,Spinach - 1/2 lb,$7.00,21,0,21,$147.00,,actual
2025-04-12,4/10/2025,2025,KFM,Turnip Bulk - lb,$3.50,25,6,19,$66.50,,actual
2025-04-12,4/10/2025,2025,KFM,Winter Squash Kabocha - lb,$2.50,71.7,50,21.7,$54.16,,actual
2025-04-19,4/17/2025,2025,BFM,Arugula - 1/3 lb,$7.00,15,0,15,$105.00,,actual
2025-04-19,4/17/2025,2025,BFM,Cabbage Cone Storage - lb,$2.00,70,11,59,$118.00,,actual
2025-04-19,4/17/2025,2025,BFM,Cabbage Green Storage - lb,$2.00,75.5,27,48.5,$97.00,,actual
2025-04-19,4/17/2025,2025,BFM,Carrot Bulk - lb,$3.50,150,60,90,$315.00,,actual
2025-04-19,4/17/2025,2025,BFM,Chard - bu,$5.00,15,0,15,$75.00,,actual
2025-04-19,4/17/2025,2025,BFM,Kale Curly - bu,$5.00,15,0,15,$75.00,Variety: Rapini,actual
2025-04-19,4/17/2025,2025,BFM,Kale Curly - bu,$7.00,14,0,14,$98.00,Variety: bags,actual
2025-04-19,4/17/2025,2025,BFM,Kale Curly - bu,$8.00,2,0,2,$16.00,Variety: loose rapini,actual
2025-04-19,4/17/2025,2025,BFM,Kale Russian - bu,$5.00,50,0,50,$250.00,,actual
2025-04-19,4/17/2025,2025,BFM,Mustard - bu,$5.00,25,0,25,$125.00,,actual
2025-04-19,4/17/2025,2025,BFM,Parsley - bu,$4.00,40,0,40,$160.00,,actual
2025-04-19,4/17/2025,2025,BFM,Salad Mix - 1/3 lb,$7.00,25,0,25,$175.00,,actual
2025-04-19,4/17/2025,2025,BFM,Salad Mix - 2/3 lb ,$14.00,30,0,30,$420.00,,actual
2025-04-19,4/17/2025,2025,BFM,Scallion - bu,$4.00,62,3,59,$236.00,,actual
2025-04-19,4/17/2025,2025,BFM,Spinach - 1/2 lb,$7.00,15,0,15,$105.00,,actual
2025-04-19,4/17/2025,2025,BFM,Turnip Bulk - lb,$3.50,30,30,0,$0.00,,actual
2025-04-19,4/17/2025,2025,BFM,Winter Squash Kabocha - lb,$2.50,63.1,45,18.1,$45.18,,actual
2025-04-26,4/24/2025,2025,KFM,Arugula - 1/3 lb,$7.00,0,0,0,$0.00,,actual
2025-04-26,4/24/2025,2025,KFM,Bok Choy - ea,$5.00,26,0,26,$130.00,Variety: bunches,actual
2025-04-26,4/24/2025,2025,KFM,Bok Choy - lb,$8.00,5.5,0,5.5,$44.00,,actual
2025-04-26,4/24/2025,2025,KFM,Cabbage Cone Storage - lb,$2.00,92,0,92,$184.00,,actual
2025-04-26,4/24/2025,2025,KFM,Cabbage Green Storage - lb,$2.00,126,66,60,$120.00,,actual
2025-04-26,4/24/2025,2025,KFM,Carrot Bulk - lb,$3.50,148,40,108,$378.00,,actual
2025-04-26,4/24/2025,2025,KFM,Chard - bu,$5.00,25,0,25,$125.00,,actual
2025-04-26,4/24/2025,2025,KFM,Kale Curly - bu,$5.00,48,0,48,$240.00,Variety: Rapini,actual
2025-04-26,4/24/2025,2025,KFM,Kale Curly - bu,$7.00,13,0,13,$91.00,Variety: bags,actual
2025-04-26,4/24/2025,2025,KFM,Kale Russian - bu,$5.00,30,0,30,$150.00,,actual
2025-04-26,4/24/2025,2025,KFM,Mustard - bu,$5.00,30,0,30,$150.00,,actual
2025-04-26,4/24/2025,2025,KFM,Salad Mix - 1/3 lb,$7.00,20,0,20,$140.00,,actual
2025-04-26,4/24/2025,2025,KFM,Salad Mix - 2/3 lb ,$14.00,37,0,37,$518.00,,actual
2025-04-26,4/24/2025,2025,KFM,Scallion - bu,$4.00,66,0,66,$264.00,,actual
2025-04-26,4/24/2025,2025,KFM,Spinach - 1/2 lb,$7.00,19,0,19,$133.00,,actual
2025-04-26,4/24/2025,2025,KFM,Turnip Bulk - lb,$3.50,30.8,23.8,7,$24.50,,actual
2025-04-26,4/24/2025,2025,KFM,Winter Squash Kabocha - lb,$2.50,75.4,49,26.4,$65.89,,actual
2025-05-03,5/1/2025,2025,KFM,Arugula - 1/3 lb,$7.00,15,0,15,$105.00,,actual
2025-05-03,5/1/2025,2025,KFM,Asparagus - bu,$6.00,21,0,21,$126.00,,actual
2025-05-03,5/1/2025,2025,KFM,Bok Choy - ea,$5.00,15,0,15,$75.00,Variety: bunches,actual
2025-05-03,5/1/2025,2025,KFM,Cabbage Cone Storage - lb,$2.00,32.4,0,32.4,$64.80,,actual
2025-05-03,5/1/2025,2025,KFM,Cabbage Green Storage - lb,$2.00,81.2,0,81.2,$162.40,,actual
2025-05-03,5/1/2025,2025,KFM,Carrot Bulk - lb,$3.50,158,60.25,97.75,$342.13,,actual
2025-05-03,5/1/2025,2025,KFM,Chard - bu,$5.00,32,0,32,$160.00,,actual
2025-05-03,5/1/2025,2025,KFM,Dandelion - bu,$5.00,13,0,13,$65.00,,actual
2025-05-03,5/1/2025,2025,KFM,Kale Curly - bu,$5.00,23,0,23,$115.00,Variety: Rapini,actual
2025-05-03,5/1/2025,2025,KFM,Kale Curly - bu,$7.00,19,0,19,$133.00,Variety: bags,actual
2025-05-03,5/1/2025,2025,KFM,Kale Russian - bu,$5.00,17,0,17,$85.00,,actual
2025-05-03,5/1/2025,2025,KFM,Salad Mix - 1/3 lb,$7.00,22,0,22,$154.00,,actual
2025-05-03,5/1/2025,2025,KFM,Salad Mix - 2/3 lb ,$14.00,10,0,10,$140.00,,actual
2025-05-03,5/1/2025,2025,KFM,Scallion - bu,$4.00,30,0,30,$120.00,,actual
2025-05-03,5/1/2025,2025,KFM,Spinach - 1/2 lb,$7.00,27,0,27,$189.00,,actual
2025-05-03,5/1/2025,2025,KFM,Turnip Bulk - lb,$3.50,25,10.5,14.5,$50.75,,actual
2025-05-03,5/1/2025,2025,KFM,Winter Squash Kabocha - lb,$2.50,61.2,23,38.2,$95.35,,actual
2025-05-03,5/1/2025,2025,BFM,Arugula - 1/3 lb,$7.00,15,0,15,$105.00,,actual
2025-05-03,5/1/2025,2025,BFM,Asparagus - bu,$6.00,20,0,20,$120.00,,actual
2025-05-03,5/1/2025,2025,BFM,Bok Choy - ea,$5.00,20,0,20,$100.00,Variety: bunches,actual
2025-05-03,5/1/2025,2025,BFM,Cabbage Cone Storage - lb,$2.00,27.3,0,27.3,$54.60,,actual
2025-05-03,5/1/2025,2025,BFM,Cabbage Green Storage - lb,$2.00,74.9,0,74.9,$149.80,,actual
2025-05-03,5/1/2025,2025,BFM,Carrot Bulk - lb,$3.50,150,50,100,$350.00,,actual
2025-05-03,5/1/2025,2025,BFM,Chard - bu,$5.00,31,0,31,$155.00,,actual
2025-05-03,5/1/2025,2025,BFM,Dandelion - bu,$5.00,12,0,12,$60.00,,actual
2025-05-03,5/1/2025,2025,BFM,Kale Curly - bu,$5.00,23,0,23,$115.00,Variety: Rapini,actual
2025-05-03,5/1/2025,2025,BFM,Kale Curly - bu,$7.00,19,0,19,$133.00,Variety: bags,actual
2025-05-03,5/1/2025,2025,BFM,Kale Russian - bu,$5.00,17,0,17,$85.00,,actual
2025-05-03,5/1/2025,2025,BFM,Salad Mix - 1/3 lb,$7.00,22,0,22,$154.00,,actual
2025-05-03,5/1/2025,2025,BFM,Salad Mix - 2/3 lb ,$14.00,10,0,10,$140.00,,actual
2025-05-03,5/1/2025,2025,BFM,Scallion - bu,$4.00,29,0,29,$116.00,,actual
2025-05-03,5/1/2025,2025,BFM,Spinach - 1/2 lb,$7.00,25,0,25,$175.00,,actual
2025-05-03,5/1/2025,2025,BFM,Turnip Bulk - lb,$3.50,25,1.7,23.3,$81.55,,actual
2025-05-03,5/1/2025,2025,BFM,Winter Squash Kabocha - lb,$2.50,41.3,13.9,27.4,$68.39,,actual
2025-05-03,5/1/2025,2025,KFM,Bok Choy - lb,$8.00,11,0,11,$88.00,,actual
2025-05-10,5/8/2025,2025,KFM,Arugula - 1/3 lb,$7.00,33,0,33,$231.00,,actual
2025-05-10,5/8/2025,2025,KFM,Asparagus - bu,$6.00,29,0,29,$174.00,,actual
2025-05-10,5/8/2025,2025,KFM,Carrot - bu,$6.00,50,23,27,$162.00,,actual
2025-05-10,5/8/2025,2025,KFM,Carrot Bulk - lb,$3.50,100,34.5,65.5,$229.25,,actual
2025-05-10,5/8/2025,2025,KFM,Dandelion - bu,$5.00,21,0,21,$105.00,,actual
2025-05-10,5/8/2025,2025,KFM,Radish Purple - bu,$4.00,10,0,10,$40.00,,actual
2025-05-10,5/8/2025,2025,KFM,Salad Mix - 1/3 lb,$7.00,14,0,14,$98.00,,actual
2025-05-10,5/8/2025,2025,KFM,Salad Mix - 2/3 lb ,$14.00,20,0,20,$280.00,,actual
2025-05-10,5/8/2025,2025,KFM,Spinach - 1/2 lb,$7.00,9,0,9,$63.00,,actual
2025-05-10,5/8/2025,2025,KFM,Turnip Bulk - lb,$3.50,22,12,10,$35.00,,actual
2025-05-10,5/8/2025,2025,KFM,Winter Squash Kabocha - lb,$2.50,43,18,25,$62.40,,actual
2025-05-10,5/8/2025,2025,BFM,Arugula - 1/3 lb,$7.00,33,0,33,$231.00,,actual
2025-05-10,5/8/2025,2025,BFM,Asparagus - bu,$6.00,28,0,28,$168.00,,actual
2025-05-10,5/8/2025,2025,BFM,Carrot - bu,$6.00,48,-23,71,$426.00,,actual
2025-05-10,5/8/2025,2025,BFM,Carrot Bulk - lb,$3.50,100,45,55,$192.50,,actual
2025-05-10,5/8/2025,2025,BFM,Dandelion - bu,$5.00,15,0,15,$75.00,,actual
2025-05-10,5/8/2025,2025,BFM,Radish Purple - bu,$4.00,9,0,9,$36.00,,actual
2025-05-10,5/8/2025,2025,BFM,Salad Mix - 1/3 lb,$7.00,14,0,14,$98.00,,actual
2025-05-10,5/8/2025,2025,BFM,Salad Mix - 2/3 lb ,$14.00,19,0,19,$266.00,,actual
2025-05-10,5/8/2025,2025,BFM,Spinach - 1/2 lb,$7.00,9,0,9,$63.00,,actual
2025-05-10,5/8/2025,2025,BFM,Turnip Bulk - lb,$3.50,22,19.5,2.5,$8.75,,actual
2025-05-10,5/8/2025,2025,BFM,Winter Squash Kabocha - lb,$2.50,48.6,36,12.6,$31.45,,actual
2025-05-17,5/15/2025,2025,KFM,Arugula - 1/3 lb,$7.00,16,0,16,$112.00,,actual
2025-05-17,5/15/2025,2025,KFM,Asparagus - bu,$6.00,19,0,19,$114.00,,actual
2025-05-17,5/15/2025,2025,KFM,Carrot - bu,$6.00,15,0,15,$90.00,,actual
2025-05-17,5/15/2025,2025,KFM,Carrot Bulk - lb,$3.50,90,48,42,$147.00,,actual
2025-05-17,5/15/2025,2025,KFM,Dandelion - bu,$5.00,22,0,22,$110.00,,actual
2025-05-17,5/15/2025,2025,KFM,Radish Purple - bu,$4.00,13,0,13,$52.00,,actual
2025-05-17,5/15/2025,2025,KFM,Salad Mix - 1/3 lb,$7.00,24,0,24,$168.00,,actual
2025-05-17,5/15/2025,2025,KFM,Turnip Bulk - lb,$3.50,24.5,12,12.5,$43.75,,actual
2025-05-17,5/15/2025,2025,KFM,Winter Squash Kabocha - lb,$2.50,54,37.1,16.9,$42.18,,actual
2025-05-17,5/15/2025,2025,BFM,Arugula - 1/3 lb,$7.00,16,0,16,$112.00,,actual
2025-05-17,5/15/2025,2025,BFM,Asparagus - bu,$6.00,19,0,19,$114.00,,actual
2025-05-17,5/15/2025,2025,BFM,Carrot - bu,$6.00,52,0,52,$312.00,,actual
2025-05-17,5/15/2025,2025,BFM,Carrot Bulk - lb,$3.50,75,60,15,$52.50,,actual
2025-05-17,5/15/2025,2025,BFM,Dandelion - bu,$5.00,16,0,16,$80.00,,actual
2025-05-17,5/15/2025,2025,BFM,Radish Purple - bu,$4.00,12,0,12,$48.00,,actual
2025-05-17,5/15/2025,2025,BFM,Salad Mix - 1/3 lb,$7.00,24,0,24,$168.00,,actual
2025-05-17,5/15/2025,2025,BFM,Turnip Bulk - lb,$3.50,22.75,18,4.75,$16.63,,actual
2025-05-17,5/15/2025,2025,BFM,Winter Squash Kabocha - lb,$2.50,45,39,6,$14.98,,actual
2025-05-17,5/15/2025,2025,KFM,Braising Mix - 1 lb,$7.00,13,0,13,$91.03,Variety: 3/4 lb bag,actual
2025-05-24,5/22/2025,2025,BFM,Asparagus - bu,$6.00,18,0,18,$108.00,,actual
2025-05-24,5/22/2025,2025,BFM,Bok Choy - lb,$5.00,10,0,10,$50.00,Variety: 1/2 lb bag,actual
2025-05-24,5/22/2025,2025,BFM,Carrot Bulk - lb,$3.50,118,2,116,$406.00,,actual
2025-05-24,5/22/2025,2025,BFM,Dandelion - bu,$5.00,16,0,16,$80.00,,actual
2025-05-24,5/22/2025,2025,BFM,Kale Lacinato - bu,$5.00,12,0,12,$60.00,Variety: 1/2 lb bag,actual
2025-05-24,5/22/2025,2025,BFM,Lettuce Mini Gem - ea,$3.00,18,0,18,$54.00,,actual
2025-05-24,5/22/2025,2025,BFM,Radish French Breakfast - bu,$4.00,3,0,3,$12.00,,actual
2025-05-24,5/22/2025,2025,BFM,Radish Purple - bu,$4.00,13,0,13,$52.00,,actual
2025-05-24,5/22/2025,2025,BFM,Radish Red - bu,$4.00,2,0,2,$8.00,,actual
2025-05-24,5/22/2025,2025,BFM,Salad Mix - 1/3 lb,$7.00,18,0,18,$126.00,,actual
2025-05-24,5/22/2025,2025,BFM,Salad Mix - 2/3 lb ,$14.00,15,0,15,$210.00,,actual
2025-05-24,5/22/2025,2025,BFM,Turnip Bulk - lb,$3.50,11.75,1,10.75,$37.63,,actual
2025-05-24,5/22/2025,2025,BFM,Winter Squash Kabocha - lb,$2.50,41.8,12,29.8,$74.38,,actual
2025-05-24,5/22/2025,2025,KFM,Asparagus - bu,$6.00,19,0,19,$114.00,,actual
2025-05-24,5/22/2025,2025,KFM,Bok Choy - lb,$5.00,10,0,10,$50.00,Variety: 1/2 lb bag,actual
2025-05-24,5/22/2025,2025,KFM,Carrot Bulk - lb,$3.50,145,46,99,$346.50,,actual
2025-05-24,5/22/2025,2025,KFM,Dandelion - bu,$5.00,22,0,22,$110.00,,actual
2025-05-24,5/22/2025,2025,KFM,Kale Lacinato - bu,$5.00,12,0,12,$60.00,Variety: 1/2 lb bag,actual
2025-05-24,5/22/2025,2025,KFM,Lettuce Mini Gem - ea,$3.00,18,0,18,$54.00,,actual
2025-05-24,5/22/2025,2025,KFM,Radish French Breakfast - bu,$4.00,2,0,2,$8.00,,actual
2025-05-24,5/22/2025,2025,KFM,Radish Purple - bu,$4.00,14,0,14,$56.00,,actual
2025-05-24,5/22/2025,2025,KFM,Radish Red - bu,$4.00,2,0,2,$8.00,,actual
2025-05-24,5/22/2025,2025,KFM,Salad Mix - 1/3 lb,$7.00,17,0,17,$119.00,,actual
2025-05-24,5/22/2025,2025,KFM,Salad Mix - 2/3 lb ,$14.00,16,0,16,$224.00,,actual
2025-05-24,5/22/2025,2025,KFM,Turnip Bulk - lb,$3.50,13.75,8.1,5.65,$19.78,,actual
2025-05-24,5/22/2025,2025,KFM,Winter Squash Kabocha - lb,$2.50,45.6,7.7,37.9,$94.60,,actual
2025-05-31,5/29/2025,2025,BFM,Asparagus - bu,$6.00,18,0,18,$108.00,,actual
2025-05-31,5/29/2025,2025,BFM,Bok Choy - lb,$5.00,9,0,9,$45.00,Variety: 1/2 lb bag,actual
2025-05-31,5/29/2025,2025,BFM,Carrot Bulk - lb,$3.50,125,40,85,$297.50,,actual
2025-05-31,5/29/2025,2025,BFM,Collards - bu,$5.00,20,0,20,$100.00,,actual
2025-05-31,5/29/2025,2025,BFM,Dandelion - bu,$5.00,17,0,17,$85.00,,actual
2025-05-31,5/29/2025,2025,BFM,Kale Curly - bu,$5.00,19,0,19,$95.00,,actual
2025-05-31,5/29/2025,2025,BFM,Kale Lacinato - bu,$5.00,16,0,16,$80.00,,actual
2025-05-31,5/29/2025,2025,BFM,Lettuce Mini Gem - ea,$3.00,40,0,40,$120.00,,actual
2025-05-31,5/29/2025,2025,BFM,Pea Snap - Qt,$11.00,4.1,0,4.1,$45.10,,actual
2025-05-31,5/29/2025,2025,BFM,Radish French Breakfast - bu,$4.00,8,0,8,$32.00,,actual
2025-05-31,5/29/2025,2025,BFM,Radish Purple - bu,$4.00,15,0,15,$60.00,,actual
2025-05-31,5/29/2025,2025,BFM,Radish Red - bu,$4.00,9,0,9,$36.00,,actual
2025-05-31,5/29/2025,2025,BFM,Salad Mix - 1/3 lb,$7.00,16,0,16,$112.00,,actual
2025-05-31,5/29/2025,2025,BFM,Salad Mix - 2/3 lb ,$14.00,24,0,24,$336.00,,actual
2025-05-31,5/29/2025,2025,BFM,Bok Choy - ea,$2.50,46,0,46,$115.00,,actual
2025-06-04,6/3/2025,2025,EFM,Arugula - 1/3 lb,$7.00,0,0,0,$0.00,,actual
2025-06-04,6/3/2025,2025,EFM,Asparagus - bu,$6.00,10,0,10,$60.00,,actual
2025-06-04,6/3/2025,2025,EFM,Bok Choy - lb,$10.00,0,0,0,$0.00,,actual
2025-06-04,6/3/2025,2025,EFM,Carrot Bulk - lb,$3.50,40,7,33,$115.50,,actual
2025-06-04,6/3/2025,2025,EFM,Cilantro - bu,$4.00,17,6,11,$44.00,,actual
2025-06-04,6/3/2025,2025,EFM,Collards - bu,$5.00,8,1,7,$35.00,,actual
2025-06-04,6/3/2025,2025,EFM,Garlic Scape - bu,$3.50,9,0,9,$31.50,,actual
2025-06-04,6/3/2025,2025,EFM,Kale Curly - bu,$5.00,18,8,10,$50.00,,actual
2025-06-04,6/3/2025,2025,EFM,Kale Lacinato - bu,$5.00,16,0,16,$80.00,,actual
2025-06-04,6/3/2025,2025,EFM,Lettuce Mini Gem - ea,$3.00,22,7,15,$45.00,,actual
2025-06-04,6/3/2025,2025,EFM,Pea Snap - Qt,$11.00,19,2.9,16.1,$177.10,,actual
2025-06-04,6/3/2025,2025,EFM,Radish French Breakfast - bu,$4.00,3,0,3,$12.00,,actual
2025-06-04,6/3/2025,2025,EFM,Radish Purple - bu,$4.00,13,6,7,$28.00,,actual
2025-06-04,6/3/2025,2025,EFM,Radish Red - bu,$4.00,9,0,9,$36.00,,actual
2025-06-04,6/3/2025,2025,EFM,Salad Mix - 1/3 lb,$7.00,21,5,16,$112.00,,actual
2025-06-04,6/3/2025,2025,EFM,Salad Mix - 2/3 lb ,$14.00,8,3,5,$70.00,,actual
2025-06-04,6/3/2025,2025,EFM,Scallion - bu,$4.00,10,1,9,$36.00,,actual
2025-06-04,6/3/2025,2025,EFM,Zucchini Green - lb,$3.50,5.25,1,4.25,$14.88,,actual
2025-06-04,6/3/2025,2025,EFM,Dandelion - bu,$5.00,5,1,4,$20.00,,actual
2025-06-04,6/3/2025,2025,EFM,Chard - bu,$5.00,5,0,5,$25.00,,actual
2025-05-31,5/29/2025,2025,KFM,Asparagus - bu,$6.00,18,0,18,$108.00,,actual
2025-05-31,5/29/2025,2025,KFM,Bok Choy - lb,$5.00,10,0,10,$50.00,Variety: 1/2 lb bag,actual
2025-05-31,5/29/2025,2025,KFM,Carrot Bulk - lb,$3.50,125,58.1,66.9,$234.15,,actual
2025-05-31,5/29/2025,2025,KFM,Collards - bu,$5.00,21,0,21,$105.00,,actual
2025-05-31,5/29/2025,2025,KFM,Dandelion - bu,$5.00,16,0,16,$80.00,,actual
2025-05-31,5/29/2025,2025,KFM,Kale Curly - bu,$5.00,18,0,18,$90.00,,actual
2025-05-31,5/29/2025,2025,KFM,Kale Lacinato - bu,$5.00,17,0,17,$85.00,,actual
2025-05-31,5/29/2025,2025,KFM,Lettuce Mini Gem - ea,$3.00,41,0,41,$123.00,,actual
2025-05-31,5/29/2025,2025,KFM,Pea Snap - Qt,$11.00,4.1,0,4.1,$45.10,,actual
2025-05-31,5/29/2025,2025,KFM,Radish French Breakfast - bu,$4.00,7,0,7,$28.00,,actual
2025-05-31,5/29/2025,2025,KFM,Radish Purple - bu,$4.00,16,0,16,$64.00,,actual
2025-05-31,5/29/2025,2025,KFM,Radish Red - bu,$4.00,9,0,9,$36.00,,actual
2025-05-31,5/29/2025,2025,KFM,Salad Mix - 1/3 lb,$7.00,17,0,17,$119.00,,actual
2025-05-31,5/29/2025,2025,KFM,Salad Mix - 2/3 lb ,$14.00,25,0,25,$350.00,,actual
2025-05-31,5/29/2025,2025,KFM,Winter Squash Kabocha - lb,$2.50,13,7.8,5.2,$12.98,,actual
2025-05-31,5/29/2025,2025,KFM,Bok Choy - ea,$2.50,46,2,44,$110.00,,actual
2025-06-07,6/5/2025,2025,BFM,Asparagus - bu,$6.00,11,0,11,$66.00,,actual
2025-06-07,6/5/2025,2025,BFM,Bok Choy - lb,$5.00,25,-3,28,$140.00,Variety: 1/2 lb bags,actual
2025-06-07,6/5/2025,2025,BFM,Carrot Bulk - lb,$3.50,100,6.3,93.7,$327.95,,actual
2025-06-07,6/5/2025,2025,BFM,Chard - bu,$5.00,10,0,10,$50.00,,actual
2025-06-07,6/5/2025,2025,BFM,Cilantro - bu,$4.00,24,0,24,$96.00,,actual
2025-06-07,6/5/2025,2025,BFM,Collards - bu,$5.00,17,0,17,$85.00,,actual
2025-06-07,6/5/2025,2025,BFM,Dandelion - bu,$5.00,11,0,11,$55.00,,actual
2025-06-07,6/5/2025,2025,BFM,Escarole - ea,$5.00,0,0,0,$0.00,,actual
2025-06-07,6/5/2025,2025,BFM,Garlic Scape - bu,$3.50,23,0,23,$80.50,,actual
2025-06-07,6/5/2025,2025,BFM,Kale Curly - bu,$5.00,26,-7,33,$165.00,,actual
2025-06-07,6/5/2025,2025,BFM,Kale Lacinato - bu,$5.00,35,0,35,$175.00,,actual
2025-06-07,6/5/2025,2025,BFM,Lettuce Mini Gem - ea,$3.00,114,-10,124,$372.00,,actual
2025-06-07,6/5/2025,2025,BFM,Pea Snap - Qt,$11.00,45,0,45,$495.00,,actual
2025-06-07,6/5/2025,2025,BFM,Radish French Breakfast - bu,$4.00,2,0,2,$8.00,,actual
2025-06-07,6/5/2025,2025,BFM,Radish Purple - bu,$4.00,17,0,17,$68.00,,actual
2025-06-07,6/5/2025,2025,BFM,Radish Red - bu,$4.00,16,0,16,$64.00,,actual
2025-06-07,6/5/2025,2025,BFM,Salad Mix - 1/3 lb,$7.00,23,-5,28,$196.00,,actual
2025-06-07,6/5/2025,2025,BFM,Salad Mix - 2/3 lb ,$14.00,33,-4,37,$518.00,,actual
2025-06-07,6/5/2025,2025,BFM,Scallion - bu,$4.00,40,0,40,$160.00,,actual
2025-06-07,6/5/2025,2025,BFM,Zucchini Green - lb,$3.50,17,0,17,$59.50,,actual
2025-06-07,6/5/2025,2025,BFM,Zucchini Striped - lb,$3.50,3,0,3,$10.50,,actual
2025-06-07,6/5/2025,2025,BFM,Zucchini Yellow - lb,$3.50,5,0,5,$17.50,,actual
2025-06-07,6/5/2025,2025,KFM,Asparagus - bu,$6.00,10,0,10,$60.00,,actual
2025-06-07,6/5/2025,2025,KFM,Bok Choy - lb,$5.00,24,3,21,$105.00,Variety: 1/2 lb bags,actual
2025-06-07,6/5/2025,2025,KFM,Carrot Bulk - lb,$3.50,100,41,59,$206.50,,actual
2025-06-07,6/5/2025,2025,KFM,Chard - bu,$5.00,9,0,9,$45.00,,actual
2025-06-07,6/5/2025,2025,KFM,Cilantro - bu,$4.00,25,0,25,$100.00,,actual
2025-06-07,6/5/2025,2025,KFM,Collards - bu,$5.00,17,0,17,$85.00,,actual
2025-06-07,6/5/2025,2025,KFM,Dandelion - bu,$5.00,12,0,12,$60.00,,actual
2025-06-07,6/5/2025,2025,KFM,Escarole - ea,$4.00,7,0,7,$28.00,,actual
2025-06-07,6/5/2025,2025,KFM,Garlic Scape - bu,$3.50,23,0,23,$80.50,,actual
2025-06-07,6/5/2025,2025,KFM,Kale Curly - bu,$5.00,25,7,18,$90.00,,actual
2025-06-07,6/5/2025,2025,KFM,Kale Lacinato - bu,$5.00,36,0,36,$180.00,,actual
2025-06-07,6/5/2025,2025,KFM,Lettuce Mini Gem - ea,$3.00,115,10,105,$315.00,,actual
2025-06-07,6/5/2025,2025,KFM,Pea Snap - Qt,$11.00,45,0,45,$495.00,,actual
2025-06-07,6/5/2025,2025,KFM,Radish French Breakfast - bu,$4.00,2,0,2,$8.00,,actual
2025-06-07,6/5/2025,2025,KFM,Radish Purple - bu,$4.00,18,0,18,$72.00,,actual
2025-06-07,6/5/2025,2025,KFM,Radish Red - bu,$4.00,15,0,15,$60.00,,actual
2025-06-07,6/5/2025,2025,KFM,Salad Mix - 1/3 lb,$7.00,23,5,18,$126.00,,actual
2025-06-07,6/5/2025,2025,KFM,Salad Mix - 2/3 lb ,$14.00,34,4,30,$420.00,,actual
2025-06-07,6/5/2025,2025,KFM,Scallion - bu,$4.00,40,0,40,$160.00,,actual
2025-06-07,6/5/2025,2025,KFM,Zucchini Green - lb,$3.50,13,0,13,$45.50,,actual
2025-06-07,6/5/2025,2025,KFM,Zucchini Striped - lb,$3.50,3.75,0,3.75,$13.13,,actual
2025-06-07,6/5/2025,2025,KFM,Zucchini Yellow - lb,$3.50,0,0,0,$0.00,,actual
2025-06-07,6/5/2025,2025,KFM,Pea Snap - Pt,$6.00,0,0,0,$0.00,,actual
2025-06-11,6/10/2025,2025,EFM,Arugula - 1/3 lb,$7.00,7,0,7,$49.00,,actual
2025-06-11,6/10/2025,2025,EFM,Asparagus - bu,$6.00,10,0,10,$60.00,,actual
2025-06-11,6/10/2025,2025,EFM,Bok Choy - ea,$2.50,11,5,6,$15.00,,actual
2025-06-11,6/10/2025,2025,EFM,Broccolini - bu,$6.00,0,0,0,$0.00,,actual
2025-06-11,6/10/2025,2025,EFM,Carrot Bulk - lb,$3.50,35,12,23,$80.50,,actual
2025-06-11,6/10/2025,2025,EFM,Chard - bu,$5.00,6,1,5,$25.00,,actual
2025-06-11,6/10/2025,2025,EFM,Cilantro - bu,$4.00,12,8,4,$16.00,,actual
2025-06-11,6/10/2025,2025,EFM,Collards - bu,$5.00,6,0,6,$30.00,,actual
2025-06-11,6/10/2025,2025,EFM,Cucumber Persian - lb,$0.00,7,0,7,$0.00,,actual
2025-06-11,6/10/2025,2025,EFM,Dandelion - bu,$5.00,4,2,2,$10.00,,actual
2025-06-11,6/10/2025,2025,EFM,Escarole - ea,$4.00,4,4,0,$0.00,,actual
2025-06-11,6/10/2025,2025,EFM,Garlic Scape - bu,$3.50,15,6,9,$31.50,,actual
2025-06-11,6/10/2025,2025,EFM,Kale Curly - bu,$5.00,10,8,2,$10.00,,actual
2025-06-11,6/10/2025,2025,EFM,Kale Lacinato - bu,$5.00,16,6,10,$50.00,,actual
2025-06-11,6/10/2025,2025,EFM,Lettuce Mini Gem - ea,$3.00,16,4,12,$36.00,,actual
2025-06-11,6/10/2025,2025,EFM,Pea Snap - Pt,$6.00,0,0,0,$0.00,,actual
2025-06-11,6/10/2025,2025,EFM,Pea Snap - Qt,$11.00,19,1,18,$198.00,,actual
2025-06-11,6/10/2025,2025,EFM,Radish French Breakfast - bu,$4.00,0,0,0,$0.00,,actual
2025-06-11,6/10/2025,2025,EFM,Radish Purple - bu,$4.00,8,1,7,$28.00,,actual
2025-06-11,6/10/2025,2025,EFM,Radish Red - bu,$4.00,7,3,4,$16.00,,actual
2025-06-11,6/10/2025,2025,EFM,Salad Mix - 1/3 lb,$7.00,14,4,10,$70.00,,actual
2025-06-11,6/10/2025,2025,EFM,Salad Mix - 2/3 lb ,$14.00,5,0,5,$70.00,,actual
2025-06-11,6/10/2025,2025,EFM,Salad Mix - 1 1/4 lb,$0.00,0,0,0,$0.00,,actual
2025-06-11,6/10/2025,2025,EFM,Scallion - bu,$4.00,10,5,5,$20.00,,actual
2025-06-11,6/10/2025,2025,EFM,Zucchini Green - lb,$3.50,5.25,0,5.25,$18.38,,actual
2025-06-11,6/10/2025,2025,EFM,Zucchini Striped - lb,$3.50,4.8,0,4.8,$16.80,,actual
2025-06-11,6/10/2025,2025,EFM,Zucchini Yellow - lb,$3.50,2.2,0,2.2,$7.70,,actual
2025-06-13,6/12/2025,2025,KFM,Arugula - 1/3 lb,$7.00,18,0,18,$126.00,,actual
2025-06-13,6/12/2025,2025,KFM,Arugula - 2/3 lb ,$14.00,0,0,0,$0.00,,actual
2025-06-13,6/12/2025,2025,KFM,Asparagus - bu,$6.00,24,0,24,$144.00,,actual
2025-06-13,6/12/2025,2025,KFM,Bok Choy - ea,$2.50,60,23,37,$92.50,,actual
2025-06-13,6/12/2025,2025,KFM,Bok Choy - lb,$5.00,16,0,16,$80.00,Variety: 1/2 lb bags,actual
2025-06-13,6/12/2025,2025,KFM,Carrot Bulk - lb,$3.50,75,0.75,74.25,$259.88,,actual
2025-06-13,6/12/2025,2025,KFM,Chard - bu,$5.00,12,0,12,$60.00,,actual
2025-06-13,6/12/2025,2025,KFM,Cilantro - bu,$4.00,32,0,32,$128.00,,actual
2025-06-13,6/12/2025,2025,KFM,Collards - bu,$5.00,20,0,20,$100.00,,actual
2025-06-13,6/12/2025,2025,KFM,Cucumber Persian - lb,$0.00,51.4,0,51.4,$0.00,,actual
2025-06-13,6/12/2025,2025,KFM,Dandelion - bu,$5.00,13,1,12,$60.00,,actual
2025-06-13,6/12/2025,2025,KFM,Escarole - ea,$5.00,18,8,10,$50.00,,actual
2025-06-13,6/12/2025,2025,KFM,Garlic Scape - bu,$3.50,68,9,59,$206.50,,actual
2025-06-13,6/12/2025,2025,KFM,Kale Curly - bu,$5.00,18,4,14,$70.00,,actual
2025-06-13,6/12/2025,2025,KFM,Kale Lacinato - bu,$5.00,55,9,46,$230.00,,actual
2025-06-13,6/12/2025,2025,KFM,Lettuce Mini Gem - ea,$3.00,103,34,69,$207.00,,actual
2025-06-13,6/12/2025,2025,KFM,Pea Snap - Pt,$6.00,0,0,0,$0.00,,actual
2025-06-13,6/12/2025,2025,KFM,Pea Snap - Qt,$11.00,80,0,80,$880.00,,actual
2025-06-13,6/12/2025,2025,KFM,Radish French Breakfast - bu,$4.00,0,0,0,$0.00,,actual
2025-06-13,6/12/2025,2025,KFM,Radish Purple - bu,$4.00,7,0,7,$28.00,,actual
2025-06-13,6/12/2025,2025,KFM,Radish Red - bu,$4.00,9,0,9,$36.00,,actual
2025-06-13,6/12/2025,2025,KFM,Salad Mix - 1/3 lb,$7.00,22,0,22,$154.00,,actual
2025-06-13,6/12/2025,2025,KFM,Salad Mix - 2/3 lb ,$14.00,32,3,29,$406.00,,actual
2025-06-13,6/12/2025,2025,KFM,Salad Mix - 1 1/4 lb,$0.00,5,0,5,$0.00,,actual
2025-06-13,6/12/2025,2025,KFM,Scallion - bu,$4.00,48,7,41,$164.00,,actual
2025-06-13,6/12/2025,2025,KFM,Zucchini Green - lb,$3.50,105.6,10,95.6,$334.60,,actual
2025-06-13,6/12/2025,2025,KFM,Zucchini Striped - lb,$3.50,36.5,0,36.5,$127.75,,actual
2025-06-13,6/12/2025,2025,KFM,Zucchini Yellow - lb,$3.50,16.4,0,16.4,$57.40,,actual
2025-06-13,6/12/2025,2025,BFM,Arugula - 1/3 lb,$7.00,19,0,19,$133.00,,actual
2025-06-13,6/12/2025,2025,BFM,Arugula - 2/3 lb ,$14.00,0,0,0,$0.00,,actual
2025-06-13,6/12/2025,2025,BFM,Asparagus - bu,$6.00,23,0,23,$138.00,,actual
2025-06-13,6/12/2025,2025,BFM,Bok Choy - ea,$5.00,15,0,15,$75.00,Variety: 1/2 lb bag,actual
2025-06-13,6/12/2025,2025,BFM,Bok Choy - lb,$8.00,11,0,11,$88.00,,actual
2025-06-13,6/12/2025,2025,BFM,Broccolini - bu,$6.00,10,0,10,$60.00,,actual
2025-06-13,6/12/2025,2025,BFM,Carrot Bulk - lb,$3.50,100,55,45,$157.50,,actual
2025-06-13,6/12/2025,2025,BFM,Chard - bu,$5.00,12,0,12,$60.00,,actual
2025-06-13,6/12/2025,2025,BFM,Cilantro - bu,$4.00,32,2,30,$120.00,,actual
2025-06-13,6/12/2025,2025,BFM,Collards - bu,$5.00,18,6,12,$60.00,,actual
2025-06-13,6/12/2025,2025,BFM,Cucumber - lb,$3.50,13,0,13,$45.50,,actual
2025-06-13,6/12/2025,2025,BFM,Cucumber Persian - lb,$0.00,26,0,26,$0.00,,actual
2025-06-13,6/12/2025,2025,BFM,Dandelion - bu,$5.00,12,0,12,$60.00,,actual
2025-06-13,6/12/2025,2025,BFM,Escarole - ea,$5.00,12,3,9,$45.00,,actual
2025-06-13,6/12/2025,2025,BFM,Garlic Scape - bu,$3.50,68,-9,77,$269.50,,actual
2025-06-13,6/12/2025,2025,BFM,Kale Curly - bu,$5.00,30,12,18,$90.00,,actual
2025-06-13,6/12/2025,2025,BFM,Kale Lacinato - bu,$5.00,51,3,48,$240.00,,actual
2025-06-13,6/12/2025,2025,BFM,Lettuce Mini Gem - ea,$3.00,110,36,74,$222.00,,actual
2025-06-13,6/12/2025,2025,BFM,Parsley - bu,$4.00,33,0,33,$132.00,,actual
2025-06-13,6/12/2025,2025,BFM,Pea Snap - Pt,$6.00,0,0,0,$0.00,,actual
2025-06-13,6/12/2025,2025,BFM,Pea Snap - Qt,$11.00,77.5,0,77.5,$852.50,,actual
2025-06-13,6/12/2025,2025,BFM,Radish French Breakfast - bu,$4.00,0,0,0,$0.00,,actual
2025-06-13,6/12/2025,2025,BFM,Radish Purple - bu,$4.00,6,0,6,$24.00,,actual
2025-06-13,6/12/2025,2025,BFM,Radish Red - bu,$4.00,11,0,11,$44.00,,actual
2025-06-13,6/12/2025,2025,BFM,Salad Mix - 1 1/4 lb,$0.00,4,0,4,$0.00,,actual
2025-06-13,6/12/2025,2025,BFM,Salad Mix - 1/3 lb,$7.00,26,7,19,$133.00,,actual
2025-06-13,6/12/2025,2025,BFM,Salad Mix - 2/3 lb ,$14.00,35,7,28,$392.00,,actual
2025-06-13,6/12/2025,2025,BFM,Scallion - bu,$4.00,48,-7,55,$220.00,,actual
2025-06-13,6/12/2025,2025,BFM,Zucchini Green - lb,$3.50,97.4,20,77.4,$270.90,,actual
2025-06-13,6/12/2025,2025,BFM,Zucchini Striped - lb,$3.50,34.4,0,34.4,$120.40,,actual
2025-06-13,6/12/2025,2025,KFM,Parsley - bu,$4.00,33,0,33,$132.00,,actual
2025-06-13,6/12/2025,2025,BFM,Zucchini Yellow - lb,$3.50,16.8,0,16.8,$58.80,,actual
2025-06-18,6/17/2025,2025,EFM,Arugula - 1/3 lb,$7.00,6,0,6,$42.00,,actual
2025-06-18,6/17/2025,2025,EFM,Bok Choy - ea,$5.00,0,0,0,$0.00,Variety: 1/2 lb bag,actual
2025-06-18,6/17/2025,2025,EFM,Bok Choy - lb,$10.00,0,0,0,$0.00,,actual
2025-06-18,6/17/2025,2025,EFM,Broccolini - bu,$6.00,18,2,16,$96.00,,actual
2025-06-18,6/17/2025,2025,EFM,Cabbage Chinese - lb,$4.00,0,0,0,$0.00,,actual
2025-06-18,6/17/2025,2025,EFM,Carrot Bulk - lb,$3.50,25,15,10,$35.00,,actual
2025-06-18,6/17/2025,2025,EFM,Chard - bu,$5.00,5,1,4,$20.00,,actual
2025-06-18,6/17/2025,2025,EFM,Cilantro - bu,$4.00,4,1,3,$12.00,,actual
2025-06-18,6/17/2025,2025,EFM,Collards - bu,$5.00,6,3,3,$15.00,,actual
2025-06-18,6/17/2025,2025,EFM,Cucumber - lb,$3.50,5,0,5,$17.50,,actual
2025-06-18,6/17/2025,2025,EFM,Cucumber Persian - lb,$0.00,10,0,10,$0.00,,actual
2025-06-18,6/17/2025,2025,EFM,Dandelion - bu,$5.00,3,0,3,$15.00,,actual
2025-06-18,6/17/2025,2025,EFM,Escarole - ea,$5.00,4,1,3,$15.00,,actual
2025-06-18,6/17/2025,2025,EFM,Garlic Scape - bu,$3.50,10,6,4,$14.00,,actual
2025-06-18,6/17/2025,2025,EFM,Kale Curly - bu,$5.00,4,1,3,$15.00,,actual
2025-06-18,6/17/2025,2025,EFM,Kale Lacinato - bu,$5.00,10,3,7,$35.00,,actual
2025-06-18,6/17/2025,2025,EFM,Lettuce Mini Gem - ea,$3.00,18,11,7,$21.00,,actual
2025-06-18,6/17/2025,2025,EFM,Parsley - bu,$4.00,4,0,4,$16.00,,actual
2025-06-18,6/17/2025,2025,EFM,Pea Snap - Pt,$6.00,0,0,0,$0.00,,actual
2025-06-18,6/17/2025,2025,EFM,Pea Snap - Qt,$11.00,15,3.3,11.7,$128.70,,actual
2025-06-18,6/17/2025,2025,EFM,Radicchio Variegated - lb,$9.00,0,0,0,$0.00,,actual
2025-06-18,6/17/2025,2025,EFM,Radish Purple - bu,$4.00,2,0,2,$8.00,,actual
2025-06-18,6/17/2025,2025,EFM,Radish Red - bu,$4.00,4,1,3,$12.00,,actual
2025-06-18,6/17/2025,2025,EFM,Radish French Breakfast - bu,$4.00,3,0,3,$12.00,,actual
2025-06-18,6/17/2025,2025,EFM,Salad Mix - 1/3 lb,$7.00,10,6,4,$28.00,,actual
2025-06-18,6/17/2025,2025,EFM,Salad Mix - 2/3 lb ,$14.00,8,1,7,$98.00,,actual
2025-06-18,6/17/2025,2025,EFM,Scallion - bu,$4.00,6,2,4,$16.00,,actual
2025-06-18,6/17/2025,2025,EFM,Zucchini Green - lb,$3.50,7,0,7,$24.50,,actual
2025-06-18,6/17/2025,2025,EFM,Zucchini Striped - lb,$3.50,3,0,3,$10.50,,actual
2025-06-18,6/17/2025,2025,EFM,Zucchini Yellow - lb,$3.50,5,0,5,$17.50,,actual
2025-06-21,6/19/2025,2025,KFM,Bok Choy - ea,$5.00,19,0,19,$95.00,Variety: 1/2 lb bag,actual
2025-06-21,6/19/2025,2025,KFM,Bok Choy - lb,$5.00,12,0,12,$60.00,Variety: bunches,actual
2025-06-21,6/19/2025,2025,KFM,Broccolini - bu,$6.00,29,0,29,$174.00,,actual
2025-06-21,6/19/2025,2025,KFM,Cabbage Chinese - lb,$4.00,44,0,44,$176.00,,actual
2025-06-21,6/19/2025,2025,KFM,Carrot Bulk - lb,$3.50,80,40,40,$140.00,,actual
2025-06-21,6/19/2025,2025,KFM,Chard - bu,$5.00,15,2,13,$65.00,,actual
2025-06-21,6/19/2025,2025,KFM,Cilantro - bu,$4.00,46,0,46,$184.00,,actual
2025-06-21,6/19/2025,2025,KFM,Collards - bu,$5.00,16,2,14,$70.00,,actual
2025-06-21,6/19/2025,2025,KFM,Cucumber - lb,$3.50,21,0,21,$73.50,,actual
2025-06-21,6/19/2025,2025,KFM,Cucumber Persian - lb,$0.00,23.25,0,23.25,$0.00,,actual
2025-06-21,6/19/2025,2025,KFM,Dandelion - bu,$5.00,12,1,11,$55.00,,actual
2025-06-21,6/19/2025,2025,KFM,Escarole - ea,$5.00,12,3,9,$45.00,,actual
2025-06-21,6/19/2025,2025,KFM,Garlic Scape - bu,$3.50,60,0,60,$210.00,,actual
2025-06-21,6/19/2025,2025,KFM,Kale Curly - bu,$5.00,15,4,11,$55.00,,actual
2025-06-21,6/19/2025,2025,KFM,Kale Lacinato - bu,$5.00,50,3,47,$235.00,,actual
2025-06-21,6/19/2025,2025,KFM,Lettuce Mini Gem - ea,$3.00,108,0,108,$324.00,,actual
2025-06-21,6/19/2025,2025,KFM,Parsley - bu,$4.00,45,6,39,$156.00,,actual
2025-06-21,6/19/2025,2025,KFM,Pea Snap - Pt,$6.00,0,0,0,$0.00,,actual
2025-06-21,6/19/2025,2025,KFM,Pea Snap - Qt,$11.00,22,0,22,$242.00,,actual
2025-06-21,6/19/2025,2025,KFM,Radish French Breakfast - bu,$4.00,4,0,4,$16.00,,actual
2025-06-21,6/19/2025,2025,KFM,Radish Red - bu,$4.00,8,0,8,$32.00,,actual
2025-06-21,6/19/2025,2025,KFM,Salad Mix - 1 1/4 lb,$0.00,5,0,5,$0.00,,actual
2025-06-21,6/19/2025,2025,KFM,Salad Mix - 1/3 lb,$7.00,30,5,25,$175.00,,actual
2025-06-21,6/19/2025,2025,KFM,Salad Mix - 2/3 lb ,$14.00,40,2,38,$532.00,,actual
2025-06-21,6/19/2025,2025,KFM,Scallion - bu,$4.00,50,0,50,$200.00,,actual
2025-06-21,6/19/2025,2025,KFM,Zucchini Green - lb,$3.50,82.45,0,82.45,$288.58,,actual
2025-06-21,6/19/2025,2025,KFM,Zucchini Striped - lb,$3.50,38.75,0,38.75,$135.63,,actual
2025-06-21,6/19/2025,2025,KFM,Zucchini Yellow - lb,$3.50,33.4,0,33.4,$116.90,,actual
2025-06-21,6/19/2025,2025,BFM,Bok Choy - ea,$5.00,18,0,18,$90.00,Variety: 1/2 lb bag,actual
2025-06-21,6/19/2025,2025,BFM,Bok Choy - lb,$5.00,13,0,13,$65.00,Variety: bunches,actual
2025-06-21,6/19/2025,2025,BFM,Broccolini - bu,$6.00,29,0,29,$174.00,,actual
2025-06-21,6/19/2025,2025,BFM,Cabbage Chinese - lb,$4.00,34.3,0,34.3,$137.20,,actual
2025-06-21,6/19/2025,2025,BFM,Carrot Bulk - lb,$3.50,80,0,80,$280.00,,actual
2025-06-21,6/19/2025,2025,BFM,Cauliflower Sprouting - lb,$6.00,3,0,3,$18.00,,actual
2025-06-21,6/19/2025,2025,BFM,Chard - bu,$5.00,15,0,15,$75.00,,actual
2025-06-21,6/19/2025,2025,BFM,Cilantro - bu,$4.00,30,0,30,$120.00,,actual
2025-06-21,6/19/2025,2025,BFM,Collards - bu,$5.00,12,1,11,$55.00,,actual
2025-06-21,6/19/2025,2025,BFM,Cucumber - lb,$3.50,17.4,0,17.4,$60.90,,actual
2025-06-21,6/19/2025,2025,BFM,Cucumber Persian - lb,$0.00,20.25,0,20.25,$0.00,,actual
2025-06-21,6/19/2025,2025,BFM,Cucumber Pickling - lb,$3.50,3.2,0,3.2,$11.20,,actual
2025-06-21,6/19/2025,2025,BFM,Dandelion - bu,$5.00,15,0,15,$75.00,,actual
2025-06-21,6/19/2025,2025,BFM,Escarole - ea,$5.00,10,0,10,$50.00,,actual
2025-06-21,6/19/2025,2025,BFM,Garlic Scape - bu,$3.50,75,13,62,$217.00,,actual
2025-06-21,6/19/2025,2025,BFM,Kale Curly - bu,$5.00,18,0,18,$90.00,,actual
2025-06-21,6/19/2025,2025,BFM,Kale Lacinato - bu,$5.00,51,0,51,$255.00,,actual
2025-06-21,6/19/2025,2025,BFM,Lettuce Mini Gem - ea,$3.00,108,0,108,$324.00,,actual
2025-06-21,6/19/2025,2025,BFM,Parsley - bu,$4.00,30,0,30,$120.00,,actual
2025-06-21,6/19/2025,2025,BFM,Pea Snap - Pt,$6.00,0,0,0,$0.00,,actual
2025-06-21,6/19/2025,2025,BFM,Pea Snap - Qt,$11.00,22,0,22,$242.00,,actual
2025-06-21,6/19/2025,2025,BFM,Radish French Breakfast - bu,$4.00,5,0,5,$20.00,,actual
2025-06-21,6/19/2025,2025,BFM,Radish Red - bu,$4.00,7,0,7,$28.00,,actual
2025-06-21,6/19/2025,2025,BFM,Salad Mix - 1 1/4 lb,$0.00,5,0,5,$0.00,,actual
2025-06-21,6/19/2025,2025,BFM,Salad Mix - 1/3 lb,$7.00,25,0,25,$175.00,,actual
2025-06-21,6/19/2025,2025,BFM,Salad Mix - 2/3 lb ,$14.00,40,1,39,$546.00,,actual
2025-06-21,6/19/2025,2025,BFM,Scallion - bu,$4.00,51,2,49,$196.00,,actual
2025-06-21,6/19/2025,2025,BFM,Zucchini Green - lb,$3.50,50.75,3.5,47.25,$165.38,,actual
2025-06-21,6/19/2025,2025,KFM,Cucumber Pickling - lb,$3.50,3.2,0,3.2,$11.20,,actual
2025-06-21,6/19/2025,2025,BFM,Zucchini Striped - lb,$3.50,56.25,1,55.25,$193.38,,actual
2025-06-21,6/19/2025,2025,BFM,Zucchini Yellow - lb,$3.50,33.3,0,33.3,$116.55,,actual
2025-06-25,6/24/2025,2025,EFM,Bok Choy - ea,$5.00,4,0,4,$20.00,Variety: bunches,actual
2025-06-25,6/24/2025,2025,EFM,Broccolini - bu,$6.00,16,2,14,$84.00,,actual
2025-06-25,6/24/2025,2025,EFM,Cabbage Chinese - lb,$4.00,4.65,0,4.65,$18.60,,actual
2025-06-25,6/24/2025,2025,EFM,Carrot Bulk - lb,$3.50,15,0,15,$52.50,,actual
2025-06-25,6/24/2025,2025,EFM,Chard - bu,$5.00,4,0,4,$20.00,,actual
2025-06-25,6/24/2025,2025,EFM,Cilantro - bu,$4.00,4,0,4,$16.00,,actual
2025-06-25,6/24/2025,2025,EFM,Collards - bu,$5.00,4,0,4,$20.00,,actual
2025-06-25,6/24/2025,2025,EFM,Cucumber - lb,$3.50,10,3.3,6.7,$23.45,,actual
2025-06-25,6/24/2025,2025,EFM,Cucumber Katrina - lb,$4.50,10,0.78,9.22,$41.49,,actual
2025-06-25,6/24/2025,2025,EFM,Cucumber Pickling - lb,$3.50,5,1.6,3.4,$11.90,,actual
2025-06-25,6/24/2025,2025,EFM,Dandelion - bu,$5.00,4,0,4,$20.00,,actual
2025-06-25,6/24/2025,2025,EFM,Escarole - ea,$5.00,4,2,2,$10.00,,actual
2025-06-25,6/24/2025,2025,EFM,Garlic Scape - bu,$3.50,4,0,4,$14.00,,actual
2025-06-25,6/24/2025,2025,EFM,Kale Curly - bu,$5.00,4,0,4,$20.00,,actual
2025-06-25,6/24/2025,2025,EFM,Kale Lacinato - bu,$5.00,8,0,8,$40.00,,actual
2025-06-25,6/24/2025,2025,EFM,Lettuce Mini Gem - ea,$3.00,15,0,15,$45.00,,actual
2025-06-25,6/24/2025,2025,EFM,Parsley - bu,$4.00,4,1,3,$12.00,,actual
2025-06-25,6/24/2025,2025,EFM,Pea Snap - Pt,$6.00,0,0,0,$0.00,,actual
2025-06-25,6/24/2025,2025,EFM,Pea Snap - Qt,$11.00,10,0,10,$110.00,,actual
2025-06-25,6/24/2025,2025,EFM,Salad Mix - 1/3 lb,$7.00,7,3,4,$28.00,,actual
2025-06-25,6/24/2025,2025,EFM,Salad Mix - 2/3 lb ,$14.00,9,4,5,$70.00,,actual
2025-06-25,6/24/2025,2025,EFM,Scallion - bu,$4.00,5,0,5,$20.00,,actual
2025-06-25,6/24/2025,2025,EFM,Zucchini Green - lb,$3.50,12,1.63,10.37,$36.30,,actual
2025-06-25,6/24/2025,2025,EFM,Zucchini Striped - lb,$3.50,6,0,6,$21.00,,actual
2025-06-25,6/24/2025,2025,EFM,Zucchini Yellow - lb,$3.50,6,0,6,$21.00,,actual
2025-06-28,6/26/2025,2025,KFM,Bok Choy - ea,$5.00,15,0,15,$75.00,Variety: bunches,actual
2025-06-28,6/26/2025,2025,KFM,Broccolini - bu,$6.00,57,0,57,$342.00,,actual
2025-06-28,6/26/2025,2025,KFM,Cabbage Chinese - lb,$4.00,29.2,0,29.2,$116.80,,actual
2025-06-28,6/26/2025,2025,KFM,Carrot Bulk - lb,$3.50,75,30,45,$157.50,,actual
2025-06-28,6/26/2025,2025,KFM,Cauliflower Sprouting - lb,$6.00,16.1,0,16.1,$96.60,,actual
2025-06-28,6/26/2025,2025,KFM,Chard - bu,$5.00,15,1,14,$70.00,,actual
2025-06-28,6/26/2025,2025,KFM,Cilantro - bu,$4.00,45,0,45,$180.00,,actual
2025-06-28,6/26/2025,2025,KFM,Collards - bu,$5.00,16,0,16,$80.00,,actual
2025-06-28,6/26/2025,2025,KFM,Cucumber - lb,$3.50,111.75,0,111.75,$391.13,,actual
2025-06-28,6/26/2025,2025,KFM,Cucumber Katrina - lb,$4.50,82,0,82,$369.00,,actual
2025-06-28,6/26/2025,2025,KFM,Cucumber Pickling - lb,$3.50,40.25,0,40.25,$140.88,,actual
2025-06-28,6/26/2025,2025,KFM,Dandelion - bu,$5.00,12,0,12,$60.00,,actual
2025-06-28,6/26/2025,2025,KFM,Escarole - ea,$5.00,20,0,20,$100.00,,actual
2025-06-28,6/26/2025,2025,KFM,Garlic Scape - bu,$3.50,26,0,26,$91.00,,actual
2025-06-28,6/26/2025,2025,KFM,Kale Curly - bu,$5.00,12,3,9,$45.00,,actual
2025-06-28,6/26/2025,2025,KFM,Kale Lacinato - bu,$5.00,50,6,44,$220.00,,actual
2025-06-28,6/26/2025,2025,KFM,Lettuce Mini Gem - ea,$3.00,137,15,122,$366.00,,actual
2025-06-28,6/26/2025,2025,KFM,Parsley - bu,$4.00,40,0,40,$160.00,,actual
2025-06-28,6/26/2025,2025,KFM,Salad Mix - 1 1/3 lb,$25.00,7,2,5,$125.00,,actual
2025-06-28,6/26/2025,2025,KFM,Salad Mix - 1/3 lb,$7.00,32,6,26,$182.00,,actual
2025-06-28,6/26/2025,2025,KFM,Salad Mix - 2/3 lb ,$14.00,40,15,25,$350.00,,actual
2025-06-28,6/26/2025,2025,KFM,Scallion - bu,$4.00,51,0,51,$204.00,,actual
2025-06-28,6/26/2025,2025,KFM,Zucchini Green - lb,$3.50,120.9,27,93.9,$328.65,,actual
2025-06-28,6/26/2025,2025,KFM,Zucchini Striped - lb,$3.50,46.2,8,38.2,$133.70,,actual
2025-06-28,6/26/2025,2025,KFM,Zucchini Yellow - lb,$3.50,41.75,0,41.75,$146.13,,actual
2025-06-28,6/26/2025,2025,BFM,Basil - bu,$4.00,38,0,38,$152.00,,actual
2025-06-28,6/26/2025,2025,BFM,Bok Choy - ea,$5.00,15,0,15,$75.00,Variety: bunches,actual
2025-06-28,6/26/2025,2025,BFM,Broccolini - bu,$6.00,56,0,56,$336.00,,actual
2025-06-28,6/26/2025,2025,BFM,Cabbage Chinese - lb,$4.00,23.1,0,23.1,$92.40,,actual
2025-06-28,6/26/2025,2025,BFM,Carrot Bulk - lb,$3.50,75,28,47,$164.50,,actual
2025-06-28,6/26/2025,2025,BFM,Cauliflower Sprouting - lb,$6.00,16.1,0,16.1,$96.60,,actual
2025-06-28,6/26/2025,2025,BFM,Chard - bu,$5.00,20,0,20,$100.00,,actual
2025-06-28,6/26/2025,2025,BFM,Cilantro - bu,$4.00,31,0,31,$124.00,,actual
2025-06-28,6/26/2025,2025,BFM,Collards - bu,$5.00,12,4,8,$40.00,,actual
2025-06-28,6/26/2025,2025,BFM,Cucumber - lb,$3.50,106,17,89,$311.50,,actual
2025-06-28,6/26/2025,2025,BFM,Cucumber Katrina - lb,$4.50,91,11,80,$360.00,,actual
2025-06-28,6/26/2025,2025,BFM,Cucumber Pickling - lb,$3.50,31.8,0,31.8,$111.30,,actual
2025-06-28,6/26/2025,2025,BFM,Dandelion - bu,$5.00,15,0,15,$75.00,,actual
2025-06-28,6/26/2025,2025,BFM,Dill - bu,$4.00,9,0,9,$36.00,,actual
2025-06-28,6/26/2025,2025,BFM,Escarole - ea,$5.00,15,0,15,$75.00,,actual
2025-06-28,6/26/2025,2025,BFM,Fennel - ea,$4.00,15,0,15,$60.00,,actual
2025-06-28,6/26/2025,2025,BFM,Garlic Scape - bu,$3.50,27,0,27,$94.50,,actual
2025-06-28,6/26/2025,2025,BFM,Kale Curly - bu,$5.00,20,7,13,$65.00,,actual
2025-06-28,6/26/2025,2025,BFM,Kale Lacinato - bu,$5.00,50,3,47,$235.00,,actual
2025-06-28,6/26/2025,2025,BFM,Lettuce Mini Gem - ea,$3.00,127,16,111,$333.00,,actual
2025-06-28,6/26/2025,2025,BFM,Parsley - bu,$4.00,29,0,29,$116.00,,actual
2025-06-28,6/26/2025,2025,BFM,Salad Mix - 1 1/3 lb,$25.00,7,0,7,$175.00,,actual
2025-06-28,6/26/2025,2025,BFM,Salad Mix - 1/3 lb,$7.00,32,8,24,$168.00,,actual
2025-06-28,6/26/2025,2025,BFM,Salad Mix - 2/3 lb ,$14.00,40,3,37,$518.00,,actual
2025-06-28,6/26/2025,2025,BFM,Scallion - bu,$4.00,50,5,45,$180.00,,actual
2025-06-28,6/26/2025,2025,KFM,Fennel - ea,$4.00,15,0,15,$60.00,,actual
2025-06-28,6/26/2025,2025,KFM,Basil - bu,$4.00,37,0,37,$148.00,,actual
2025-06-28,6/26/2025,2025,KFM,Dill - bu,$4.00,9,0,9,$36.00,,actual
2025-06-28,6/26/2025,2025,BFM,Zucchini Green - lb,$3.50,102.6,30,72.6,$254.10,,actual
2025-06-28,6/26/2025,2025,BFM,Zucchini Striped - lb,$3.50,28,5,23,$80.50,,actual
2025-06-28,6/26/2025,2025,BFM,Zucchini Yellow - lb,$3.50,56.8,0,56.8,$198.80,,actual
2025-07-02,7/1/2025,2025,EFM,Broccolini - bu,$6.00,15,1,14,$84.00,,actual
2025-07-02,7/1/2025,2025,EFM,Cabbage Chinese - lb,$4.00,10.85,2.14,8.71,$34.84,,actual
2025-07-02,7/1/2025,2025,EFM,Carrot Bulk - lb,$3.50,23.3,6,17.3,$60.55,,actual
2025-07-02,7/1/2025,2025,EFM,Cauliflower Sprouting - lb,$6.00,4,1,3,$18.00,,actual
2025-07-02,7/1/2025,2025,EFM,Chard - bu,$5.00,6,4,2,$10.00,,actual
2025-07-02,7/1/2025,2025,EFM,Cilantro - bu,$4.00,5,2,3,$12.00,,actual
2025-07-02,7/1/2025,2025,EFM,Collards - bu,$5.00,6,5,1,$5.00,,actual
2025-07-02,7/1/2025,2025,EFM,Cucumber - lb,$3.50,10,2.4,7.6,$26.60,,actual
2025-07-02,7/1/2025,2025,EFM,Cucumber Katrina - lb,$4.50,12,0,12,$54.00,,actual
2025-07-02,7/1/2025,2025,EFM,Cucumber Pickling - lb,$3.50,4,0,4,$14.00,,actual
2025-07-02,7/1/2025,2025,EFM,Dandelion - bu,$5.00,6,5,1,$5.00,,actual
2025-07-02,7/1/2025,2025,EFM,Dill - bu,$4.00,5,0,5,$20.00,,actual
2025-07-02,7/1/2025,2025,EFM,Escarole - ea,$5.00,4,2,2,$10.00,,actual
2025-07-02,7/1/2025,2025,EFM,Fennel - ea,$4.00,4,0,4,$16.00,,actual
2025-07-02,7/1/2025,2025,EFM,Kale Curly - bu,$5.00,6,4,2,$10.00,,actual
2025-07-02,7/1/2025,2025,EFM,Kale Lacinato - bu,$5.00,12,3,9,$45.00,,actual
2025-07-02,7/1/2025,2025,EFM,Lettuce Mini Gem - ea,$3.00,18,10,8,$24.00,,actual
2025-07-02,7/1/2025,2025,EFM,Parsley - bu,$4.00,5,2,3,$12.00,,actual
2025-07-02,7/1/2025,2025,EFM,Salad Mix - 1/3 lb,$7.00,7,2,5,$35.00,,actual
2025-07-02,7/1/2025,2025,EFM,Salad Mix - 2/3 lb ,$14.00,10,0,10,$140.00,,actual
2025-07-02,7/1/2025,2025,EFM,Scallion - bu,$4.00,9,0,9,$36.00,,actual
2025-07-02,7/1/2025,2025,EFM,Zucchini Green - lb,$3.50,10,2.2,7.8,$27.30,,actual
2025-07-02,7/1/2025,2025,EFM,Zucchini Striped - lb,$3.50,8,3,5,$17.50,,actual
2025-07-02,7/1/2025,2025,EFM,Zucchini Yellow - lb,$3.50,10,5.2,4.8,$16.80,,actual
2025-07-05,7/3/2025,2025,KFM,Basil - bu,$4.00,28,0,28,$112.00,,actual
2025-07-05,7/3/2025,2025,KFM,Beets Golden - bu,$5.00,18,0,18,$90.00,,actual
2025-07-05,7/3/2025,2025,KFM,Beets Red - bu,$5.00,19,0,19,$95.00,,actual
2025-07-05,7/3/2025,2025,KFM,Broccolini - bu,$6.00,58,0,58,$348.00,,actual
2025-07-05,7/3/2025,2025,KFM,Cabbage Chinese - lb,$4.00,34.6,2.3,32.3,$129.20,,actual
2025-07-05,7/3/2025,2025,KFM,Carrot Bulk - lb,$3.50,70,25,45,$157.50,,actual
2025-07-05,7/3/2025,2025,KFM,Cauliflower Sprouting - lb,$6.00,62.4,0,62.4,$374.40,,actual
2025-07-05,7/3/2025,2025,KFM,Chard - bu,$5.00,18,0,18,$90.00,,actual
2025-07-05,7/3/2025,2025,KFM,Cilantro - bu,$4.00,60,0,60,$240.00,,actual
2025-07-05,7/3/2025,2025,KFM,Collards - bu,$5.00,20,0,20,$100.00,,actual
2025-07-05,7/3/2025,2025,KFM,Cucumber - lb,$3.50,170.8,70,100.8,$352.80,,actual
2025-07-05,7/3/2025,2025,KFM,Cucumber Katrina - lb,$4.50,66.1,0,66.1,$297.45,,actual
2025-07-05,7/3/2025,2025,KFM,Cucumber Pickling - lb,$3.50,34.9,0,34.9,$122.15,,actual
2025-07-05,7/3/2025,2025,KFM,Dandelion - bu,$5.00,15,0,15,$75.00,,actual
2025-07-05,7/3/2025,2025,KFM,Dill - bu,$4.00,8,0,8,$32.00,,actual
2025-07-05,7/3/2025,2025,KFM,Escarole - ea,$5.00,25,3,22,$110.00,,actual
2025-07-05,7/3/2025,2025,KFM,Fennel - ea,$4.00,25,0,25,$100.00,,actual
2025-07-05,7/3/2025,2025,KFM,Kale Curly - bu,$5.00,15,0,15,$75.00,,actual
2025-07-05,7/3/2025,2025,KFM,Kale Lacinato - bu,$5.00,55,0,55,$275.00,,actual
2025-07-05,7/3/2025,2025,KFM,Lettuce Mini Gem - ea,$3.00,144,27,117,$351.00,,actual
2025-07-05,7/3/2025,2025,KFM,Onion Spring - bu,$5.00,0,0,0,$0.00,,actual
2025-07-05,7/3/2025,2025,KFM,Parsley - bu,$4.00,44,0,44,$176.00,,actual
2025-07-05,7/3/2025,2025,KFM,Radicchio Round - lb,$9.00,0,0,0,$0.00,,actual
2025-07-05,7/3/2025,2025,KFM,Radicchio Variegated - lb,$9.00,0,0,0,$0.00,,actual
2025-07-05,7/3/2025,2025,KFM,Salad Mix - 1 1/3 lb,$25.00,9,0,9,$225.00,,actual
2025-07-05,7/3/2025,2025,KFM,Salad Mix - 1/3 lb,$7.00,31,2,29,$203.00,,actual
2025-07-05,7/3/2025,2025,KFM,Salad Mix - 2/3 lb ,$14.00,31,0,31,$434.00,,actual
2025-07-05,7/3/2025,2025,KFM,Scallion - bu,$4.00,65,12,53,$212.00,,actual
2025-07-05,7/3/2025,2025,KFM,Zucchini Green - lb,$3.50,85.1,25,60.1,$210.35,,actual
2025-07-05,7/3/2025,2025,KFM,Zucchini Striped - lb,$3.50,61.5,18,43.5,$152.25,,actual
2025-07-05,7/3/2025,2025,KFM,Zucchini Yellow - lb,$3.50,122.5,38,84.5,$295.75,,actual
2025-07-05,7/3/2025,2025,BFM,Basil - bu,$4.00,28,0,28,$112.00,,actual
2025-07-05,7/3/2025,2025,BFM,Beets Golden - bu,$5.00,19,0,19,$95.00,,actual
2025-07-05,7/3/2025,2025,BFM,Beets Red - bu,$5.00,18,0,18,$90.00,,actual
2025-07-05,7/3/2025,2025,BFM,Broccolini - bu,$6.00,58,0,58,$348.00,,actual
2025-07-05,7/3/2025,2025,BFM,Cabbage Chinese - lb,$4.00,28.1,2.2,25.9,$103.60,,actual
2025-07-05,7/3/2025,2025,BFM,Carrot Bulk - lb,$3.50,60,2,58,$203.00,,actual
2025-07-05,7/3/2025,2025,BFM,Cauliflower Sprouting - lb,$6.00,64.1,0,64.1,$384.60,,actual
2025-07-05,7/3/2025,2025,BFM,Chard - bu,$5.00,25,0,25,$125.00,,actual
2025-07-05,7/3/2025,2025,BFM,Cilantro - bu,$4.00,35,0,35,$140.00,,actual
2025-07-05,7/3/2025,2025,BFM,Collards - bu,$5.00,15,0,15,$75.00,,actual
2025-07-05,7/3/2025,2025,BFM,Cucumber - lb,$3.50,90,0,90,$315.00,,actual
2025-07-05,7/3/2025,2025,BFM,Cucumber Katrina - lb,$4.50,65,0,65,$292.50,,actual
2025-07-05,7/3/2025,2025,BFM,Cucumber Pickling - lb,$3.50,25,0,25,$87.50,,actual
2025-07-05,7/3/2025,2025,BFM,Dandelion - bu,$5.00,20,1,19,$95.00,,actual
2025-07-05,7/3/2025,2025,BFM,Dill - bu,$4.00,8,0,8,$32.00,,actual
2025-07-05,7/3/2025,2025,BFM,Escarole - ea,$5.00,18,3,15,$75.00,,actual
2025-07-05,7/3/2025,2025,BFM,Fennel - ea,$4.00,25,0,25,$100.00,,actual
2025-07-05,7/3/2025,2025,BFM,Kale Curly - bu,$5.00,18,0,18,$90.00,,actual
2025-07-05,7/3/2025,2025,BFM,Kale Lacinato - bu,$5.00,55,0,55,$275.00,,actual
2025-07-05,7/3/2025,2025,BFM,Lettuce Mini Gem - ea,$3.00,132,1,131,$393.00,,actual
2025-07-05,7/3/2025,2025,BFM,Onion Spring - bu,$5.00,0,0,0,$0.00,,actual
2025-07-05,7/3/2025,2025,BFM,Parsley - bu,$4.00,35,0,35,$140.00,,actual
2025-07-05,7/3/2025,2025,BFM,Radicchio Round - lb,$9.00,0,0,0,$0.00,,actual
2025-07-05,7/3/2025,2025,BFM,Radicchio Variegated - lb,$9.00,0,0,0,$0.00,,actual
2025-07-05,7/3/2025,2025,BFM,Salad Mix - 1 1/3 lb,$25.00,8,0,8,$200.00,,actual
2025-07-05,7/3/2025,2025,BFM,Salad Mix - 1/3 lb,$7.00,25,0,25,$175.00,,actual
2025-07-05,7/3/2025,2025,BFM,Salad Mix - 2/3 lb ,$14.00,40,0,40,$560.00,,actual
2025-07-05,7/3/2025,2025,BFM,Scallion - bu,$4.00,51,0,51,$204.00,,actual
2025-07-05,7/3/2025,2025,BFM,Zucchini Green - lb,$3.50,59,2,57,$199.50,,actual
2025-07-05,7/3/2025,2025,BFM,Zucchini Striped - lb,$3.50,45,7,38,$133.00,,actual
2025-07-05,7/3/2025,2025,BFM,Zucchini Yellow - lb,$3.50,101.4,15,86.4,$302.40,,actual
2025-07-05,7/3/2025,2025,KFM,Tomato Cherry Sungold - pt,$7.00,14,0,14,$98.00,,actual
2025-07-09,7/8/2025,2025,EFM,Basil - bu,$4.00,12,0,12,$48.00,,actual
2025-07-09,7/8/2025,2025,EFM,Beets Golden - bu,$5.00,4,0,4,$20.00,,actual
2025-07-09,7/8/2025,2025,EFM,Beets Red - bu,$5.00,4,0,4,$20.00,,actual
2025-07-09,7/8/2025,2025,EFM,Broccolini - bu,$6.00,12,0,12,$72.00,,actual
2025-07-09,7/8/2025,2025,EFM,Cabbage Chinese - lb,$4.00,8.6,0.75,7.85,$31.40,,actual
2025-07-09,7/8/2025,2025,EFM,Cabbage Cone - lb,$2.50,0,0,0,$0.00,,actual
2025-07-09,7/8/2025,2025,EFM,Carrot Bulk - lb,$3.50,20,1.5,18.5,$64.75,,actual
2025-07-09,7/8/2025,2025,EFM,Chard - bu,$5.00,3,0,3,$15.00,,actual
2025-07-09,7/8/2025,2025,EFM,Cilantro - bu,$4.00,4,0,4,$16.00,,actual
2025-07-09,7/8/2025,2025,EFM,Collards - bu,$5.00,3,0,3,$15.00,,actual
2025-07-09,7/8/2025,2025,EFM,Cucumber - lb,$3.50,5,0,5,$17.50,,actual
2025-07-09,7/8/2025,2025,EFM,Cucumber Katrina - lb,$4.50,14,0,14,$63.00,,actual
2025-07-09,7/8/2025,2025,EFM,Cucumber Pickling - lb,$3.50,6,0,6,$21.00,,actual
2025-07-09,7/8/2025,2025,EFM,Dandelion - bu,$5.00,3,0,3,$15.00,,actual
2025-07-09,7/8/2025,2025,EFM,Dill - bu,$4.00,0,0,0,$0.00,,actual
2025-07-09,7/8/2025,2025,EFM,Escarole - ea,$5.00,4,1,3,$15.00,,actual
2025-07-09,7/8/2025,2025,EFM,Fennel - ea,$4.00,6,0,6,$24.00,,actual
2025-07-09,7/8/2025,2025,EFM,Kale Curly - bu,$5.00,3,0,3,$15.00,,actual
2025-07-09,7/8/2025,2025,EFM,Kale Lacinato - bu,$5.00,10,0,10,$50.00,,actual
2025-07-09,7/8/2025,2025,EFM,Lettuce Mini Gem - ea,$3.00,12,0,12,$36.00,,actual
2025-07-09,7/8/2025,2025,EFM,Onion Spring - bu,$5.00,7,0,7,$35.00,Variety: yellow,actual
2025-07-09,7/8/2025,2025,EFM,Onion Spring - bu,$5.00,8,0,8,$40.00,Variety: red,actual
2025-07-09,7/8/2025,2025,EFM,Parsley - bu,$4.00,4,0,4,$16.00,,actual
2025-07-09,7/8/2025,2025,EFM,Salad Mix - 1/3 lb,$7.00,7,0,7,$49.00,,actual
2025-07-09,7/8/2025,2025,EFM,Salad Mix - 2/3 lb ,$14.00,12,0,12,$168.00,,actual
2025-07-09,7/8/2025,2025,EFM,Scallion - bu,$4.00,10,0,10,$40.00,,actual
2025-07-09,7/8/2025,2025,EFM,Tomato Cherry Mix - Pt,$7.00,3,0,3,$21.00,,actual
2025-07-09,7/8/2025,2025,EFM,Tomato Cherry Sungold - pt,$7.00,13,0,13,$91.00,,actual
2025-07-09,7/8/2025,2025,EFM,Zucchini Green - lb,$3.50,8,1,7,$24.50,,actual
2025-07-09,7/8/2025,2025,EFM,Zucchini Striped - lb,$3.50,6,0,6,$21.00,,actual
2025-07-09,7/8/2025,2025,EFM,Zucchini Yellow - lb,$3.50,6,1,5,$17.50,,actual
2025-07-12,7/10/2025,2025,KFM,Basil - bu,$4.00,50,3,47,$188.00,,actual
2025-07-12,7/10/2025,2025,KFM,Beets Golden - bu,$5.00,25,0,25,$125.00,,actual
2025-07-12,7/10/2025,2025,KFM,Beets Red - bu,$5.00,20,0,20,$100.00,,actual
2025-07-12,7/10/2025,2025,KFM,Broccolini - bu,$6.00,53,0,53,$318.00,,actual
2025-07-12,7/10/2025,2025,KFM,Cabbage Chinese - lb,$4.00,29.6,1,28.6,$114.40,,actual
2025-07-12,7/10/2025,2025,KFM,Cabbage Cone - lb,$2.50,7.4,0,7.4,$18.50,,actual
2025-07-12,7/10/2025,2025,KFM,Cabbage Red - lb,$2.50,1.25,0,1.25,$3.13,,actual
2025-07-12,7/10/2025,2025,KFM,Carrot Bulk - lb,$3.50,60,10,50,$175.00,,actual
2025-07-12,7/10/2025,2025,KFM,Cauliflower Sprouting - lb,$6.00,8.7,0,8.7,$52.20,,actual
2025-07-12,7/10/2025,2025,KFM,Celery - bu,$5.00,35,3,32,$160.00,,actual
2025-07-12,7/10/2025,2025,KFM,Chard - bu,$5.00,21,4,17,$85.00,,actual
2025-07-12,7/10/2025,2025,KFM,Cilantro - bu,$4.00,70,32,38,$152.00,,actual
2025-07-12,7/10/2025,2025,KFM,Collards - bu,$5.00,20,13,7,$35.00,,actual
2025-07-12,7/10/2025,2025,KFM,Cucumber - lb,$3.50,119,40,79,$276.50,,actual
2025-07-12,7/10/2025,2025,KFM,Cucumber Katrina - lb,$4.50,93,0,93,$418.50,,actual
2025-07-12,7/10/2025,2025,KFM,Cucumber Pickling - lb,$3.50,94.25,40,54.25,$189.88,,actual
2025-07-12,7/10/2025,2025,KFM,Dandelion - bu,$5.00,16,9,7,$35.00,,actual
2025-07-12,7/10/2025,2025,KFM,Dill - bu,$4.00,0,0,0,$0.00,,actual
2025-07-12,7/10/2025,2025,KFM,Eggplant Asian - lb,$5.00,0,0,0,$0.00,,actual
2025-07-12,7/10/2025,2025,KFM,Escarole - ea,$5.00,23,4,19,$95.00,,actual
2025-07-12,7/10/2025,2025,KFM,Fennel - ea,$4.00,43,1,42,$168.00,,actual
2025-07-12,7/10/2025,2025,KFM,Kale Curly - bu,$5.00,16,3,13,$65.00,,actual
2025-07-12,7/10/2025,2025,KFM,Kale Lacinato - bu,$5.00,60,9,51,$255.00,,actual
2025-07-12,7/10/2025,2025,KFM,Lettuce Mini Gem - ea,$3.00,51,0,51,$153.00,,actual
2025-07-12,7/10/2025,2025,KFM,Onion Spring - bu,$5.00,18,0,18,$90.00,Variety: yellow,actual
2025-07-12,7/10/2025,2025,KFM,Onion Spring - bu,$5.00,15,0,15,$75.00,Variety: red,actual
2025-07-12,7/10/2025,2025,KFM,Parsley - bu,$4.00,50,5,45,$180.00,,actual
2025-07-12,7/10/2025,2025,KFM,Radicchio Round - lb,$9.00,0,0,0,$0.00,,actual
2025-07-12,7/10/2025,2025,KFM,Radicchio Variegated - lb,$9.00,0,0,0,$0.00,,actual
2025-07-12,7/10/2025,2025,KFM,Salad Mix - 1 1/3 lb,$25.00,7,0,7,$175.00,,actual
2025-07-12,7/10/2025,2025,KFM,Salad Mix - 1/3 lb,$7.00,30,0,30,$210.00,,actual
2025-07-12,7/10/2025,2025,KFM,Salad Mix - 2/3 lb ,$14.00,32,0,32,$448.00,,actual
2025-07-12,7/10/2025,2025,KFM,Scallion - bu,$4.00,60,1,59,$236.00,,actual
2025-07-12,7/10/2025,2025,KFM,Tomato Cherry Mix - Pt,$7.00,11,0,11,$77.00,,actual
2025-07-12,7/10/2025,2025,KFM,Tomato Cherry Sungold - pt,$7.00,33,0,33,$231.00,,actual
2025-07-12,7/10/2025,2025,BFM,Basil - bu,$4.00,50,0,50,$200.00,,actual
2025-07-12,7/10/2025,2025,BFM,Beets Golden - bu,$5.00,22,0,22,$110.00,,actual
2025-07-12,7/10/2025,2025,BFM,Beets Red - bu,$5.00,20,0,20,$100.00,,actual
2025-07-12,7/10/2025,2025,BFM,Broccolini - bu,$6.00,52,0,52,$312.00,,actual
2025-07-12,7/10/2025,2025,BFM,Cabbage Chinese - lb,$4.00,25.6,2.7,22.9,$91.60,,actual
2025-07-12,7/10/2025,2025,BFM,Cabbage Cone - lb,$2.50,8.3,0,8.3,$20.75,,actual
2025-07-12,7/10/2025,2025,BFM,Carrot Bulk - lb,$3.50,60,0.5,59.5,$208.25,,actual
2025-07-12,7/10/2025,2025,BFM,Chard - bu,$5.00,26,1,25,$125.00,,actual
2025-07-12,7/10/2025,2025,BFM,Cilantro - bu,$4.00,34,14,20,$80.00,,actual
2025-07-12,7/10/2025,2025,BFM,Collards - bu,$5.00,15,6,9,$45.00,,actual
2025-07-12,7/10/2025,2025,BFM,Cucumber - lb,$3.50,100,12.4,87.6,$306.60,,actual
2025-07-12,7/10/2025,2025,BFM,Cucumber Katrina - lb,$4.50,85,5.4,79.6,$358.20,,actual
2025-07-12,7/10/2025,2025,BFM,Cucumber Pickling - lb,$3.50,80,9.9,70.1,$245.35,,actual
2025-07-12,7/10/2025,2025,BFM,Dandelion - bu,$5.00,20,0,20,$100.00,,actual
2025-07-12,7/10/2025,2025,BFM,Dill - bu,$4.00,0,0,0,$0.00,,actual
2025-07-12,7/10/2025,2025,BFM,Escarole - ea,$5.00,15,-2,17,$85.00,,actual
2025-07-12,7/10/2025,2025,BFM,Fennel - ea,$4.00,42,0,42,$168.00,,actual
2025-07-12,7/10/2025,2025,BFM,Kale Curly - bu,$5.00,22,-3,25,$125.00,,actual
2025-07-12,7/10/2025,2025,BFM,Kale Lacinato - bu,$5.00,60,15,45,$225.00,,actual
2025-07-12,7/10/2025,2025,BFM,Lettuce Mini Gem - ea,$3.00,51,0,51,$153.00,,actual
2025-07-12,7/10/2025,2025,BFM,Onion Spring - bu,$5.00,18,0,18,$90.00,Variety: yellow,actual
2025-07-12,7/10/2025,2025,BFM,Onion Spring - bu,$5.00,15,0,15,$75.00,Variety: red,actual
2025-07-12,7/10/2025,2025,BFM,Parsley - bu,$4.00,45,6,39,$156.00,,actual
2025-07-12,7/10/2025,2025,BFM,Radicchio Round - lb,$9.00,0,0,0,$0.00,,actual
2025-07-12,7/10/2025,2025,BFM,Radicchio Variegated - lb,$9.00,0,0,0,$0.00,,actual
2025-07-12,7/10/2025,2025,BFM,Salad Mix - 1 1/3 lb,$25.00,7,0,7,$175.00,,actual
2025-07-12,7/10/2025,2025,BFM,Salad Mix - 1/3 lb,$7.00,30,1,29,$203.00,,actual
2025-07-12,7/10/2025,2025,BFM,Salad Mix - 2/3 lb ,$14.00,45,2,43,$602.00,,actual
2025-07-12,7/10/2025,2025,BFM,Scallion - bu,$4.00,55,1,54,$216.00,,actual
2025-07-12,7/10/2025,2025,BFM,Tomato Cherry Mix - Pt,$7.00,11,0,11,$77.00,,actual
2025-07-12,7/10/2025,2025,BFM,Tomato Cherry Sungold - pt,$7.00,33,0,33,$231.00,,actual
2025-07-12,7/10/2025,2025,BFM,Zucchini Green - lb,$3.50,75,1.3,73.7,$257.95,,actual
2025-07-12,7/10/2025,2025,BFM,Zucchini Striped - lb,$3.50,45,0.5,44.5,$155.75,,actual
2025-07-12,7/10/2025,2025,BFM,Zucchini Yellow - lb,$3.50,90,2,88,$308.00,,actual
2025-07-12,7/10/2025,2025,KFM,Zucchini Green - lb,$3.50,67.5,15,52.5,$183.75,,actual
2025-07-12,7/10/2025,2025,BFM,Celery - bu,$5.00,25,1,24,$120.00,,actual
2025-07-12,7/10/2025,2025,KFM,Zucchini Striped - lb,$3.50,53.75,53.75,0,$0.00,,actual
2025-07-12,7/10/2025,2025,BFM,Cabbage Savoy - lb,$2.50,0,0,0,$0.00,,actual
2025-07-12,7/10/2025,2025,KFM,Zucchini Yellow - lb,$3.50,93,60,33,$115.50,,actual
2025-07-16,7/15/2025,2025,EFM,Basil - bu,$4.00,15,7,8,$32.00,,actual
2025-07-16,7/15/2025,2025,EFM,Beets Golden - bu,$5.00,5,1,4,$20.00,,actual
2025-07-16,7/15/2025,2025,EFM,Beets Red - bu,$5.00,6,0,6,$30.00,,actual
2025-07-16,7/15/2025,2025,EFM,Broccolini - bu,$6.00,12,0,12,$72.00,,actual
2025-07-16,7/15/2025,2025,EFM,Cabbage Chinese - lb,$4.00,2.45,0.7,1.75,$7.00,,actual
2025-07-16,7/15/2025,2025,EFM,Cabbage Cone - lb,$2.50,4.25,4.25,0,$0.00,,actual
2025-07-16,7/15/2025,2025,EFM,Cabbage Flat - lb,$2.50,0,0,0,$0.00,,actual
2025-07-16,7/15/2025,2025,EFM,Cabbage Red - lb,$2.50,3.85,0,3.85,$9.63,,actual
2025-07-16,7/15/2025,2025,EFM,Cabbage Savoy - lb,$2.50,2.3,0,2.3,$5.75,,actual
2025-07-16,7/15/2025,2025,EFM,Carrot Bulk - lb,$3.50,20,14.3,5.7,$19.95,,actual
2025-07-16,7/15/2025,2025,EFM,Celery - bu,$5.00,6,0,6,$30.00,,actual
2025-07-16,7/15/2025,2025,EFM,Chard - bu,$5.00,5,0,5,$25.00,,actual
2025-07-16,7/15/2025,2025,EFM,Cilantro - bu,$4.00,5,1,4,$16.00,,actual
2025-07-16,7/15/2025,2025,EFM,Collards - bu,$5.00,5,3,2,$10.00,,actual
2025-07-16,7/15/2025,2025,EFM,Cucumber - lb,$3.50,8,2,6,$21.00,,actual
2025-07-16,7/15/2025,2025,EFM,Cucumber Katrina - lb,$4.50,15,0.45,14.55,$65.48,,actual
2025-07-16,7/15/2025,2025,EFM,Cucumber Pickling - lb,$3.50,7,1,6,$21.00,,actual
2025-07-16,7/15/2025,2025,EFM,Dandelion - bu,$5.00,5,1,4,$20.00,,actual
2025-07-16,7/15/2025,2025,EFM,Dill - bu,$4.00,5,1,4,$16.00,,actual
2025-07-16,7/15/2025,2025,EFM,Eggplant Asian - lb,$5.00,0,0,0,$0.00,,actual
2025-07-16,7/15/2025,2025,EFM,Eggplant Italian Black - lb,$5.00,5,0,5,$25.00,,actual
2025-07-16,7/15/2025,2025,EFM,Eggplant Italian Striped - lb,$5.00,5,0,5,$25.00,,actual
2025-07-16,7/15/2025,2025,EFM,Eggplant Mini - Pt,$6.00,0,0,0,$0.00,,actual
2025-07-16,7/15/2025,2025,EFM,Escarole - ea,$5.00,4,2,2,$10.00,,actual
2025-07-16,7/15/2025,2025,EFM,Fennel - ea,$4.00,6,0,6,$24.00,,actual
2025-07-16,7/15/2025,2025,EFM,Kale Curly - bu,$5.00,5,3,2,$10.00,,actual
2025-07-16,7/15/2025,2025,EFM,Kale Lacinato - bu,$5.00,12,3,9,$45.00,,actual
2025-07-16,7/15/2025,2025,EFM,Lettuce Mini Gem - ea,$3.00,12,4,8,$24.00,,actual
2025-07-16,7/15/2025,2025,EFM,Onion Spring - bu,$5.00,8,4,4,$20.00,Variety: yellow,actual
2025-07-16,7/15/2025,2025,EFM,Onion Spring - bu,$5.00,8,4,4,$20.00,Variety: red,actual
2025-07-16,7/15/2025,2025,EFM,Parsley - bu,$4.00,5,4,1,$4.00,,actual
2025-07-16,7/15/2025,2025,EFM,Radicchio Round - lb,$9.00,0,0,0,$0.00,,actual
2025-07-16,7/15/2025,2025,EFM,Radicchio Variegated - lb,$9.00,0,0,0,$0.00,,actual
2025-07-16,7/15/2025,2025,EFM,Salad Mix - 1 1/3 lb,$25.00,2,0,2,$50.00,,actual
2025-07-16,7/15/2025,2025,EFM,Salad Mix - 1/3 lb,$7.00,8,2,6,$42.00,,actual
2025-07-16,7/15/2025,2025,EFM,Salad Mix - 2/3 lb ,$14.00,11,3,8,$112.00,,actual
2025-07-16,7/15/2025,2025,EFM,Scallion - bu,$4.00,12,2,10,$40.00,,actual
2025-07-16,7/15/2025,2025,EFM,Tomato Cherry Mix - Pt,$7.00,10,0,10,$70.00,,actual
2025-07-16,7/15/2025,2025,EFM,Tomato Cherry Sungold - pt,$7.00,12,0,12,$84.00,,actual
2025-07-16,7/15/2025,2025,EFM,Zucchini Green - lb,$3.50,8.25,0.5,7.75,$27.13,,actual
2025-07-16,7/15/2025,2025,EFM,Zucchini Striped - lb,$3.50,7,2,5,$17.50,,actual
2025-07-16,7/15/2025,2025,EFM,Zucchini Yellow - lb,$3.50,6,0.7,5.3,$18.55,,actual
2025-07-19,7/17/2025,2025,KFM,Basil - bu,$4.00,50,11,39,$156.00,,actual
2025-07-19,7/17/2025,2025,KFM,Beets Golden - bu,$5.00,35,4,31,$155.00,,actual
2025-07-19,7/17/2025,2025,KFM,Beets Red - bu,$5.00,25,5,20,$100.00,,actual
2025-07-19,7/17/2025,2025,KFM,Broccolini - bu,$6.00,0,0,0,$0.00,,actual
2025-07-19,7/17/2025,2025,KFM,Cabbage Chinese - lb,$4.00,11.9,1.5,10.4,$41.60,,actual
2025-07-19,7/17/2025,2025,KFM,Cabbage Cone - lb,$3.00,32.7,1.5,31.2,$93.60,,actual
2025-07-19,7/17/2025,2025,KFM,Cabbage Flat - lb,$3.00,21.5,0,21.5,$64.50,,actual
2025-07-19,7/17/2025,2025,KFM,Cabbage Red - lb,$3.00,43.4,11.6,31.8,$95.40,,actual
2025-07-19,7/17/2025,2025,KFM,Cabbage Savoy - lb,$3.00,9.7,6,3.7,$11.10,,actual
2025-07-19,7/17/2025,2025,KFM,Carrot Bulk - lb,$3.50,60,20,40,$140.00,,actual
2025-07-19,7/17/2025,2025,KFM,Celery - bu,$5.00,32,11,21,$105.00,,actual
2025-07-19,7/17/2025,2025,KFM,Chard - bu,$5.00,19,4,15,$75.00,,actual
2025-07-19,7/17/2025,2025,KFM,Cilantro - bu,$4.00,25,0,25,$100.00,,actual
2025-07-19,7/17/2025,2025,KFM,Collards - bu,$5.00,12,2,10,$50.00,,actual
2025-07-19,7/17/2025,2025,KFM,Cucumber - lb,$3.50,95.7,65,30.7,$107.45,,actual
2025-07-19,7/17/2025,2025,KFM,Cucumber Katrina - lb,$4.50,69.75,4,65.75,$295.88,,actual
2025-07-19,7/17/2025,2025,KFM,Cucumber Pickling - lb,$3.50,104.25,25,79.25,$277.38,,actual
2025-07-19,7/17/2025,2025,KFM,Dandelion - bu,$5.00,10,0,10,$50.00,,actual
2025-07-19,7/17/2025,2025,KFM,Dill - bu,$4.00,7,0,7,$28.00,,actual
2025-07-19,7/17/2025,2025,KFM,Eggplant Asian - lb,$5.00,13.5,0,13.5,$67.50,,actual
2025-07-19,7/17/2025,2025,KFM,Eggplant Italian Black - lb,$5.00,12.4,0,12.4,$62.00,,actual
2025-07-19,7/17/2025,2025,KFM,Eggplant Italian Striped - lb,$5.00,9.4,0,9.4,$47.00,,actual
2025-07-19,7/17/2025,2025,KFM,Eggplant Mini - Qt,$11.00,18.9,0,18.9,$207.90,,actual
2025-07-19,7/17/2025,2025,KFM,Escarole - ea,$5.00,27,3,24,$120.00,,actual
2025-07-19,7/17/2025,2025,KFM,Fennel - ea,$4.00,43,2,41,$164.00,,actual
2025-07-19,7/17/2025,2025,KFM,Kale Curly - bu,$5.00,15,0,15,$75.00,,actual
2025-07-19,7/17/2025,2025,KFM,Kale Lacinato - bu,$5.00,74,37,37,$185.00,,actual
2025-07-19,7/17/2025,2025,KFM,Lettuce Mini Gem - ea,$3.00,17,0,17,$51.00,,actual
2025-07-19,7/17/2025,2025,KFM,Onion Spring - bu,$5.00,25,0,25,$125.00,Variety: yellow,actual
2025-07-19,7/17/2025,2025,KFM,Onion Spring - bu,$5.00,25,0,25,$125.00,Variety: red,actual
2025-07-19,7/17/2025,2025,KFM,Parsley - bu,$4.00,45,3,42,$168.00,,actual
2025-07-19,7/17/2025,2025,KFM,Radicchio Round - lb,$9.00,8.5,0,8.5,$76.50,,actual
2025-07-19,7/17/2025,2025,KFM,Radicchio Variegated - lb,$9.00,0,0,0,$0.00,,actual
2025-07-19,7/17/2025,2025,KFM,Salad Mix - 1 1/3 lb,$25.00,5,0,5,$125.00,,actual
2025-07-19,7/17/2025,2025,KFM,Salad Mix - 1/3 lb,$7.00,32,0,32,$224.00,,actual
2025-07-19,7/17/2025,2025,KFM,Salad Mix - 2/3 lb ,$14.00,32,0,32,$448.00,,actual
2025-07-19,7/17/2025,2025,KFM,Scallion - bu,$4.00,52,5,47,$188.00,,actual
2025-07-19,7/17/2025,2025,KFM,Tomato Cherry Mix - Pt,$6.00,83,0,83,$497.92,,actual
2025-07-19,7/17/2025,2025,KFM,Tomato Cherry Sungold - pt,$6.00,86,0,86,$515.91,,actual
2025-07-19,7/17/2025,2025,KFM,Zucchini Green - lb,$3.50,64,35,29,$101.50,,actual
2025-07-19,7/17/2025,2025,KFM,Zucchini Striped - lb,$3.50,30,8,22,$77.00,,actual
2025-07-19,7/17/2025,2025,KFM,Zucchini Yellow - lb,$3.50,100,55,45,$157.50,,actual
2025-07-19,7/17/2025,2025,BFM,Basil - bu,$4.00,60,11,49,$196.00,,actual
2025-07-19,7/17/2025,2025,BFM,Beets Golden - bu,$5.00,35,0,35,$175.00,,actual
2025-07-19,7/17/2025,2025,BFM,Beets Red - bu,$5.00,25,0,25,$125.00,,actual
2025-07-19,7/17/2025,2025,BFM,Broccolini - bu,$6.00,26,0,26,$156.00,,actual
2025-07-19,7/17/2025,2025,BFM,Cabbage Chinese - lb,$4.00,11.9,5.5,6.4,$25.60,,actual
2025-07-19,7/17/2025,2025,BFM,Cabbage Cone - lb,$3.00,35.2,14.1,21.1,$63.30,,actual
2025-07-19,7/17/2025,2025,BFM,Cabbage Flat - lb,$3.00,22.6,0,22.6,$67.80,,actual
2025-07-19,7/17/2025,2025,BFM,Cabbage Red - lb,$3.00,43.3,15.8,27.5,$82.50,,actual
2025-07-19,7/17/2025,2025,BFM,Cabbage Savoy - lb,$3.00,8.8,0,8.8,$26.40,,actual
2025-07-19,7/17/2025,2025,BFM,Carrot Bulk - lb,$3.50,70,2,68,$238.00,,actual
2025-07-19,7/17/2025,2025,BFM,Celery - bu,$5.00,25,8,17,$85.00,,actual
2025-07-19,7/17/2025,2025,BFM,Chard - bu,$5.00,25,0,25,$125.00,,actual
2025-07-19,7/17/2025,2025,BFM,Cilantro - bu,$4.00,0,0,0,$0.00,,actual
2025-07-19,7/17/2025,2025,BFM,Collards - bu,$5.00,12,6,6,$30.00,,actual
2025-07-19,7/17/2025,2025,BFM,Cucumber - lb,$3.50,100,32.2,67.8,$237.30,,actual
2025-07-19,7/17/2025,2025,BFM,Cucumber Katrina - lb,$4.50,65.5,0.7,64.8,$291.60,,actual
2025-07-19,7/17/2025,2025,BFM,Cucumber Pickling - lb,$3.50,100.5,30.3,70.2,$245.70,,actual
2025-07-19,7/17/2025,2025,BFM,Dandelion - bu,$5.00,20,7,13,$65.00,,actual
2025-07-19,7/17/2025,2025,BFM,Dill - bu,$4.00,0,0,0,$0.00,,actual
2025-07-19,7/17/2025,2025,BFM,Eggplant Asian - lb,$5.00,0,0,0,$0.00,,actual
2025-07-19,7/17/2025,2025,BFM,Eggplant Italian Black - lb,$5.00,0,0,0,$0.00,,actual
2025-07-19,7/17/2025,2025,BFM,Eggplant Italian Striped - lb,$5.00,0,0,0,$0.00,,actual
2025-07-19,7/17/2025,2025,BFM,Eggplant Mini - Qt,$11.00,0,0,0,$0.00,,actual
2025-07-19,7/17/2025,2025,BFM,Escarole - ea,$5.00,18,7,11,$55.00,,actual
2025-07-19,7/17/2025,2025,BFM,Fennel - ea,$4.00,40,3,37,$148.00,,actual
2025-07-19,7/17/2025,2025,BFM,Kale Curly - bu,$5.00,25,0,25,$125.00,,actual
2025-07-19,7/17/2025,2025,BFM,Kale Lacinato - bu,$5.00,45,0,45,$225.00,,actual
2025-07-19,7/17/2025,2025,BFM,Lettuce Mini Gem - ea,$3.00,17,0,17,$51.00,,actual
2025-07-19,7/17/2025,2025,BFM,Onion Spring - bu,$5.00,25,0,25,$125.00,Variety: yellow,actual
2025-07-19,7/17/2025,2025,BFM,Onion Spring - bu,$5.00,25,0,25,$125.00,Variety: red,actual
2025-07-19,7/17/2025,2025,BFM,Parsley - bu,$4.00,40,3,37,$148.00,,actual
2025-07-19,7/17/2025,2025,BFM,Radicchio Round - lb,$9.00,9.3,1.3,8,$72.00,,actual
2025-07-19,7/17/2025,2025,BFM,Radicchio Variegated - lb,$9.00,0,0,0,$0.00,,actual
2025-07-19,7/17/2025,2025,BFM,Salad Mix - 1 1/3 lb,$25.00,7,0,7,$175.00,,actual
2025-07-19,7/17/2025,2025,BFM,Salad Mix - 1/3 lb,$7.00,30,0,30,$210.00,,actual
2025-07-19,7/17/2025,2025,BFM,Salad Mix - 2/3 lb ,$14.00,38,0,38,$532.00,,actual
2025-07-19,7/17/2025,2025,BFM,Scallion - bu,$4.00,49,7,42,$168.00,,actual
2025-07-19,7/17/2025,2025,BFM,Tomato Cherry Mix - Pt,$6.00,90,0,90,$539.91,,actual
2025-07-19,7/17/2025,2025,BFM,Tomato Cherry Sungold - pt,$6.00,90,0,90,$539.91,,actual
2025-07-19,7/17/2025,2025,BFM,Zucchini Green - lb,$3.50,45,-15,60,$210.00,,actual
2025-07-19,7/17/2025,2025,BFM,Zucchini Striped - lb,$3.50,31,0.7,30.3,$106.05,,actual
2025-07-19,7/17/2025,2025,BFM,Zucchini Yellow - lb,$3.50,100,40,60,$210.00,,actual
2025-07-19,7/17/2025,2025,KFM,Tomato Heirloom - lb,$5.00,18,0,18,$90.00,,actual
2025-07-19,7/17/2025,2025,BFM,Tomato Heirloom - lb,$5.00,15,0,15,$75.00,,actual
2025-07-23,7/22/2025,2025,EFM,Basil - bu,$4.00,8,7,1,$4.00,,actual
2025-07-23,7/22/2025,2025,EFM,Beets Golden - bu,$5.00,5,2,3,$15.00,,actual
2025-07-23,7/22/2025,2025,EFM,Beets Red - bu,$5.00,5,0,5,$25.00,,actual
2025-07-23,7/22/2025,2025,EFM,Cabbage Chinese - lb,$4.00,2.1,0,2.1,$8.40,,actual
2025-07-23,7/22/2025,2025,EFM,Cabbage Cone - lb,$3.00,4.1,2.5,1.6,$4.80,,actual
2025-07-23,7/22/2025,2025,EFM,Cabbage Flat - lb,$3.00,4.6,4.6,0,$0.00,,actual
2025-07-23,7/22/2025,2025,EFM,Cabbage Red - lb,$3.00,5,1,4,$12.00,,actual
2025-07-23,7/22/2025,2025,EFM,Cabbage Savoy - lb,$3.00,3.8,2.4,1.4,$4.20,,actual
2025-07-23,7/22/2025,2025,EFM,Carrot Bulk - lb,$3.50,15,5.7,9.3,$32.55,,actual
2025-07-23,7/22/2025,2025,EFM,Celery - bu,$5.00,6,2,4,$20.00,,actual
2025-07-23,7/22/2025,2025,EFM,Chard - bu,$5.00,5,1,4,$20.00,,actual
2025-07-23,7/22/2025,2025,EFM,Cilantro - bu,$4.00,5,3,2,$8.00,,actual
2025-07-23,7/22/2025,2025,EFM,Collards - bu,$5.00,3,1,2,$10.00,,actual
2025-07-23,7/22/2025,2025,EFM,Cucumber - lb,$3.50,8,0,8,$28.00,,actual
2025-07-23,7/22/2025,2025,EFM,Cucumber Katrina - lb,$4.50,15,9,6,$27.00,,actual
2025-07-23,7/22/2025,2025,EFM,Cucumber Pickling - lb,$3.50,7,2.2,4.8,$16.80,,actual
2025-07-23,7/22/2025,2025,EFM,Dandelion - bu,$5.00,5,2,3,$15.00,,actual
2025-07-23,7/22/2025,2025,EFM,Dill - bu,$4.00,5,2,3,$12.00,,actual
2025-07-23,7/22/2025,2025,EFM,Eggplant Asian - lb,$5.00,0,0,0,$0.00,,actual
2025-07-23,7/22/2025,2025,EFM,Eggplant Italian Black - lb,$5.00,8,3,5,$25.00,,actual
2025-07-23,7/22/2025,2025,EFM,Eggplant Italian Striped - lb,$5.00,8,6,2,$10.00,,actual
2025-07-23,7/22/2025,2025,EFM,Eggplant Mini - Qt,$11.00,6,0.6,5.4,$59.40,,actual
2025-07-23,7/22/2025,2025,EFM,Escarole - ea,$5.00,3,1,2,$10.00,,actual
2025-07-23,7/22/2025,2025,EFM,Fennel - ea,$4.00,7,0,7,$28.00,Variety: bunches,actual
2025-07-23,7/22/2025,2025,EFM,Kale Curly - bu,$5.00,4,4,0,$0.00,,actual
2025-07-23,7/22/2025,2025,EFM,Kale Lacinato - bu,$5.00,11,3,8,$40.00,,actual
2025-07-23,7/22/2025,2025,EFM,Lettuce Mini Gem - ea,$3.00,10,3,7,$21.00,,actual
2025-07-23,7/22/2025,2025,EFM,Onion Spring - bu,$5.00,8,4,4,$20.00,Variety: yellow,actual
2025-07-23,7/22/2025,2025,EFM,Onion Spring - bu,$5.00,8,4,4,$20.00,Variety: red,actual
2025-07-23,7/22/2025,2025,EFM,Parsley - bu,$4.00,5,0,5,$20.00,,actual
2025-07-23,7/22/2025,2025,EFM,Radicchio Round - lb,$9.00,0,0,0,$0.00,,actual
2025-07-23,7/22/2025,2025,EFM,Radicchio Variegated - lb,$9.00,0,0,0,$0.00,,actual
2025-07-23,7/22/2025,2025,EFM,Salad Mix - 1 1/3 lb,$25.00,4,1,3,$75.00,,actual
2025-07-23,7/22/2025,2025,EFM,Salad Mix - 1/3 lb,$7.00,8,4,4,$28.00,,actual
2025-07-23,7/22/2025,2025,EFM,Salad Mix - 2/3 lb ,$14.00,10,8,2,$28.00,,actual
2025-07-23,7/22/2025,2025,EFM,Scallion - bu,$4.00,12,2,10,$40.00,,actual
2025-07-23,7/22/2025,2025,EFM,Tomato Cherry Mix - Pt,$6.00,15,0,15,$89.99,,actual
2025-07-23,7/22/2025,2025,EFM,Tomato Cherry Sungold - pt,$6.00,15,0,15,$89.99,,actual
2025-07-23,7/22/2025,2025,EFM,Tomato Heirloom - lb,$5.00,10,0,10,$50.00,,actual
2025-07-23,7/22/2025,2025,EFM,Zucchini Green - lb,$3.50,9,3.3,5.7,$19.95,,actual
2025-07-23,7/22/2025,2025,EFM,Zucchini Striped - lb,$3.50,6,2.9,3.1,$10.85,,actual
2025-07-23,7/22/2025,2025,EFM,Zucchini Yellow - lb,$3.50,7,0,7,$24.50,,actual
2025-07-26,7/24/2025,2025,KFM,Basil - bu,$4.00,40,5,35,$140.00,,actual
2025-07-26,7/24/2025,2025,KFM,Beets Golden - bu,$5.00,24,0,24,$120.00,,actual
2025-07-26,7/24/2025,2025,KFM,Beets Red - bu,$5.00,20,0,20,$100.00,,actual
2025-07-26,7/24/2025,2025,KFM,Cabbage Chinese - lb,$4.00,5.6,0,5.6,$22.40,,actual
2025-07-26,7/24/2025,2025,KFM,Cabbage Cone - lb,$3.00,26.4,3.9,22.5,$67.50,,actual
2025-07-26,7/24/2025,2025,KFM,Cabbage Flat - lb,$3.00,39,15.6,23.4,$70.20,,actual
2025-07-26,7/24/2025,2025,KFM,Cabbage Red - lb,$3.00,33.6,6.7,26.9,$80.70,,actual
2025-07-26,7/24/2025,2025,KFM,Cabbage Savoy - lb,$3.00,5,0,5,$15.00,,actual
2025-07-26,7/24/2025,2025,KFM,Carrot Bulk - lb,$3.50,50,5,45,$157.50,,actual
2025-07-26,7/24/2025,2025,KFM,Celery - bu,$5.00,21,0,21,$105.00,,actual
2025-07-26,7/24/2025,2025,KFM,Chard - bu,$5.00,15,1,14,$70.00,,actual
2025-07-26,7/24/2025,2025,KFM,Cilantro - bu,$4.00,0,0,0,$0.00,,actual
2025-07-26,7/24/2025,2025,KFM,Collards - bu,$5.00,10,1,9,$45.00,,actual
2025-07-26,7/24/2025,2025,KFM,Cucumber - lb,$3.50,73.7,8,65.7,$229.95,,actual
2025-07-26,7/24/2025,2025,KFM,Cucumber Katrina - lb,$4.50,34.75,0,34.75,$156.38,,actual
2025-07-26,7/24/2025,2025,KFM,Cucumber Pickling - lb,$3.50,90.5,35,55.5,$194.25,,actual
2025-07-26,7/24/2025,2025,KFM,Dandelion - bu,$5.00,10,1,9,$45.00,,actual
2025-07-26,7/24/2025,2025,KFM,Dill - bu,$4.00,0,0,0,$0.00,,actual
2025-07-26,7/24/2025,2025,KFM,Eggplant Asian - lb,$5.00,2.5,0,2.5,$12.50,,actual
2025-07-26,7/24/2025,2025,KFM,Eggplant Italian Black - lb,$5.00,7.5,0,7.5,$37.50,,actual
2025-07-26,7/24/2025,2025,KFM,Eggplant Italian Striped - lb,$5.00,9,0,9,$45.00,,actual
2025-07-26,7/24/2025,2025,KFM,Eggplant Mini - Qt,$11.00,8.5,0,8.5,$93.50,,actual
2025-07-26,7/24/2025,2025,KFM,Escarole - ea,$5.00,25,6,19,$95.00,,actual
2025-07-26,7/24/2025,2025,KFM,Fennel - ea,$4.00,36,1,35,$140.00,Variety: bunches,actual
2025-07-26,7/24/2025,2025,KFM,Kale Curly - bu,$5.00,15,0,15,$75.00,,actual
2025-07-26,7/24/2025,2025,KFM,Kale Lacinato - bu,$5.00,40,0,40,$200.00,,actual
2025-07-26,7/24/2025,2025,KFM,Lettuce Mini Gem - ea,$3.00,36,0,36,$108.00,,actual
2025-07-26,7/24/2025,2025,KFM,Onion Spring - bu,$5.00,32,0,32,$160.00,Variety: yellow,actual
2025-07-26,7/24/2025,2025,KFM,Onion Spring - bu,$5.00,32,0,32,$160.00,Variety: red,actual
2025-07-26,7/24/2025,2025,KFM,Parsley - bu,$4.00,45,2,43,$172.00,,actual
2025-07-26,7/24/2025,2025,KFM,Radicchio Round - lb,$9.00,10,0,10,$90.00,,actual
2025-07-26,7/24/2025,2025,KFM,Radicchio Variegated - lb,$9.00,0,0,0,$0.00,,actual
2025-07-26,7/24/2025,2025,KFM,Salad Mix - 1 1/3 lb,$25.00,0,0,0,$0.00,,actual
2025-07-26,7/24/2025,2025,KFM,Salad Mix - 1/3 lb,$7.00,30,0,30,$210.00,,actual
2025-07-26,7/24/2025,2025,KFM,Salad Mix - 2/3 lb ,$14.00,34,0,34,$476.00,,actual
2025-07-26,7/24/2025,2025,KFM,Scallion - bu,$4.00,50,5,45,$180.00,,actual
2025-07-26,7/24/2025,2025,KFM,Tomato Cherry Mix - Pt,$6.00,73,0,73,$437.93,,actual
2025-07-26,7/24/2025,2025,KFM,Tomato Cherry Sungold - pt,$6.00,41,0,41,$245.96,,actual
2025-07-26,7/24/2025,2025,KFM,Tomato Heirloom - lb,$5.00,55,0,55,$275.00,,actual
2025-07-26,7/24/2025,2025,KFM,Zucchini Green - lb,$3.50,40,5,35,$122.50,,actual
2025-07-26,7/24/2025,2025,KFM,Zucchini Striped - lb,$3.50,25.75,3,22.75,$79.63,,actual
2025-07-26,7/24/2025,2025,KFM,Zucchini Yellow - lb,$3.50,62.5,26,36.5,$127.75,,actual
2025-07-26,7/24/2025,2025,BFM,Basil - bu,$4.00,50,7,43,$172.00,,actual
2025-07-26,7/24/2025,2025,BFM,Beets Golden - bu,$5.00,29,0,29,$145.00,,actual
2025-07-26,7/24/2025,2025,BFM,Beets Red - bu,$5.00,29,2,27,$135.00,,actual
2025-07-26,7/24/2025,2025,BFM,Cabbage Chinese - lb,$4.00,6.3,0,6.3,$25.20,,actual
2025-07-26,7/24/2025,2025,BFM,Cabbage Cone - lb,$3.00,16.8,0,16.8,$50.40,,actual
2025-07-26,7/24/2025,2025,BFM,Cabbage Flat - lb,$3.00,38.5,15.4,23.1,$69.30,,actual
2025-07-26,7/24/2025,2025,BFM,Cabbage Red - lb,$3.00,26,4.3,21.7,$65.10,,actual
2025-07-26,7/24/2025,2025,BFM,Cabbage Savoy - lb,$3.00,10.5,1.3,9.2,$27.60,,actual
2025-07-26,7/24/2025,2025,BFM,Carrot Bulk - lb,$3.50,75,15,60,$210.00,,actual
2025-07-26,7/24/2025,2025,BFM,Celery - bu,$5.00,18,0,18,$90.00,,actual
2025-07-26,7/24/2025,2025,BFM,Chard - bu,$5.00,25,5,20,$100.00,,actual
2025-07-26,7/24/2025,2025,BFM,Cilantro - bu,$4.00,0,0,0,$0.00,,actual
2025-07-26,7/24/2025,2025,BFM,Collards - bu,$5.00,10,1,9,$45.00,,actual
2025-07-26,7/24/2025,2025,BFM,Cucumber - lb,$3.50,85,0,85,$297.50,,actual
2025-07-26,7/24/2025,2025,BFM,Cucumber Katrina - lb,$4.50,35,0,35,$157.50,,actual
2025-07-26,7/24/2025,2025,BFM,Cucumber Pickling - lb,$3.50,90,30,60,$210.00,,actual
2025-07-26,7/24/2025,2025,BFM,Dandelion - bu,$5.00,15,5,10,$50.00,,actual
2025-07-26,7/24/2025,2025,BFM,Dill - bu,$4.00,0,0,0,$0.00,,actual
2025-07-26,7/24/2025,2025,BFM,Eggplant Asian - lb,$5.00,2.5,0,2.5,$12.50,,actual
2025-07-26,7/24/2025,2025,BFM,Eggplant Italian Black - lb,$5.00,7.5,0,7.5,$37.50,,actual
2025-07-26,7/24/2025,2025,BFM,Eggplant Italian Striped - lb,$5.00,9,0,9,$45.00,,actual
2025-07-26,7/24/2025,2025,BFM,Eggplant Mini - Qt,$11.00,0,0,0,$0.00,,actual
2025-07-26,7/24/2025,2025,BFM,Escarole - ea,$5.00,12,0,12,$60.00,,actual
2025-07-26,7/24/2025,2025,BFM,Fennel - ea,$4.00,36,13,23,$92.00,Variety: bunches,actual
2025-07-26,7/24/2025,2025,BFM,Kale Curly - bu,$5.00,25,3,22,$110.00,,actual
2025-07-26,7/24/2025,2025,BFM,Kale Lacinato - bu,$5.00,43,0,43,$215.00,,actual
2025-07-26,7/24/2025,2025,BFM,Lettuce Mini Gem - ea,$3.00,36,0,36,$108.00,,actual
2025-07-26,7/24/2025,2025,BFM,Onion Spring - bu,$5.00,32,0,32,$160.00,Variety: yellow,actual
2025-07-26,7/24/2025,2025,BFM,Onion Spring - bu,$5.00,32,6,26,$130.00,Variety: red,actual
2025-07-26,7/24/2025,2025,BFM,Parsley - bu,$4.00,39,0,39,$156.00,,actual
2025-07-26,7/24/2025,2025,BFM,Radicchio Round - lb,$9.00,6.2,0,6.2,$55.80,,actual
2025-07-26,7/24/2025,2025,BFM,Radicchio Variegated - lb,$9.00,0,0,0,$0.00,,actual
2025-07-26,7/24/2025,2025,BFM,Salad Mix - 1 1/3 lb,$25.00,0,0,0,$0.00,,actual
2025-07-26,7/24/2025,2025,BFM,Salad Mix - 1/3 lb,$7.00,30,0,30,$210.00,,actual
2025-07-26,7/24/2025,2025,BFM,Salad Mix - 2/3 lb ,$14.00,35,0,35,$490.00,,actual
2025-07-26,7/24/2025,2025,BFM,Scallion - bu,$4.00,45,1,44,$176.00,,actual
2025-07-26,7/24/2025,2025,BFM,Tomato Cherry Mix - Pt,$6.00,74,0,74,$443.93,,actual
2025-07-26,7/24/2025,2025,BFM,Tomato Cherry Sungold - pt,$6.00,44,0,44,$263.96,,actual
2025-07-26,7/24/2025,2025,BFM,Tomato Heirloom - lb,$5.00,55,0,55,$275.00,,actual
2025-07-26,7/24/2025,2025,BFM,Zucchini Green - lb,$3.50,55,3,52,$182.00,,actual
2025-07-26,7/24/2025,2025,BFM,Zucchini Striped - lb,$3.50,25,0,25,$87.50,,actual
2025-07-26,7/24/2025,2025,BFM,Zucchini Yellow - lb,$3.50,60,6,54,$189.00,,actual
2025-07-30,7/29/2025,2025,EFM,Basil - bu,$4.00,5,1,4,$16.00,,actual
2025-07-30,7/29/2025,2025,EFM,Beets Golden - bu,$5.00,4,2,2,$10.00,,actual
2025-07-30,7/29/2025,2025,EFM,Beets Red - bu,$5.00,4,0,4,$20.00,,actual
2025-07-30,7/29/2025,2025,EFM,Cabbage Cone - lb,$3.00,3.5,1.15,2.35,$7.05,,actual
2025-07-30,7/29/2025,2025,EFM,Cabbage Flat - lb,$3.00,2.4,0,2.4,$7.20,,actual
2025-07-30,7/29/2025,2025,EFM,Cabbage Red - lb,$3.00,4.4,1.5,2.9,$8.70,,actual
2025-07-30,7/29/2025,2025,EFM,Cabbage Savoy - lb,$3.00,1.2,0,1.2,$3.60,,actual
2025-07-30,7/29/2025,2025,EFM,Carrot Bulk - lb,$3.50,12,7,5,$17.50,,actual
2025-07-30,7/29/2025,2025,EFM,Celery - bu,$5.00,4,0,4,$20.00,,actual
2025-07-30,7/29/2025,2025,EFM,Chard - bu,$5.00,4,1,3,$15.00,,actual
2025-07-30,7/29/2025,2025,EFM,Collards - bu,$5.00,3,0,3,$15.00,,actual
2025-07-30,7/29/2025,2025,EFM,Cucumber - lb,$3.50,12,0.5,11.5,$40.25,,actual
2025-07-30,7/29/2025,2025,EFM,Cucumber Katrina - lb,$4.50,6,0.5,5.5,$24.75,,actual
2025-07-30,7/29/2025,2025,EFM,Cucumber Pickling - lb,$3.50,5,0.7,4.3,$15.05,,actual
2025-07-30,7/29/2025,2025,EFM,Dandelion - bu,$5.00,4,1,3,$15.00,,actual
2025-07-30,7/29/2025,2025,EFM,Eggplant Asian - lb,$5.00,0,0,0,$0.00,,actual
2025-07-30,7/29/2025,2025,EFM,Eggplant Italian Black - lb,$5.00,1.6,0.35,1.25,$6.25,,actual
2025-07-30,7/29/2025,2025,EFM,Eggplant Italian Striped - lb,$5.00,6.8,3.1,3.7,$18.50,,actual
2025-07-30,7/29/2025,2025,EFM,Eggplant Mini - Qt,$11.00,6,2.7,3.3,$36.30,,actual
2025-07-30,7/29/2025,2025,EFM,Garlic - lb,$16.00,2.65,0,2.65,$42.40,,actual
2025-07-30,7/29/2025,2025,EFM,Kale Curly - bu,$5.00,4,0,4,$20.00,,actual
2025-07-30,7/29/2025,2025,EFM,Kale Lacinato - bu,$5.00,10,0,10,$50.00,,actual
2025-07-30,7/29/2025,2025,EFM,Lettuce Mini Gem - ea,$3.00,8,0,8,$24.00,,actual
2025-07-30,7/29/2025,2025,EFM,Onion Spring - bu,$5.00,4,1,3,$15.00,Variety: yellow,actual
2025-07-30,7/29/2025,2025,EFM,Onion Spring - bu,$5.00,4,2,2,$10.00,Variety: red,actual
2025-07-30,7/29/2025,2025,EFM,Parsley - bu,$4.00,6,1,5,$20.00,,actual
2025-07-30,7/29/2025,2025,EFM,Pepper Shishito - Qt,$11.00,0,0,0,$0.00,,actual
2025-07-30,7/29/2025,2025,EFM,Radicchio Round - lb,$9.00,0,0,0,$0.00,,actual
2025-07-30,7/29/2025,2025,EFM,Salad Mix - 1/3 lb,$7.00,8,2,6,$42.00,,actual
2025-07-30,7/29/2025,2025,EFM,Salad Mix - 2/3 lb ,$14.00,10,3,7,$98.00,,actual
2025-07-30,7/29/2025,2025,EFM,Scallion - bu,$4.00,10,4,6,$24.00,,actual
2025-07-30,7/29/2025,2025,EFM,Tomato Cherry Mix - Pt,$6.00,22,9,13,$77.99,,actual
2025-07-30,7/29/2025,2025,EFM,Tomato Cherry Sungold - pt,$6.00,23,0,23,$137.98,,actual
2025-07-30,7/29/2025,2025,EFM,Tomato Heirloom - lb,$5.00,23,3.61,19.39,$96.95,,actual
2025-07-30,7/29/2025,2025,EFM,Zucchini Green - lb,$3.50,8,1.8,6.2,$21.70,,actual
2025-07-30,7/29/2025,2025,EFM,Zucchini Striped - lb,$3.50,5,2.3,2.7,$9.45,,actual
2025-07-30,7/29/2025,2025,EFM,Zucchini Yellow - lb,$3.50,7,2.1,4.9,$17.15,,actual
2025-08-02,7/31/2025,2025,KFM,Basil - bu,$4.00,35,1,34,$136.00,,actual
2025-08-02,7/31/2025,2025,KFM,Beets Golden - bu,$5.00,23,0,23,$115.00,,actual
2025-08-02,7/31/2025,2025,KFM,Beets Red - bu,$5.00,18,0,18,$90.00,,actual
2025-08-02,7/31/2025,2025,KFM,Cabbage Cone - lb,$3.00,40.25,0,40.25,$120.75,,actual
2025-08-02,7/31/2025,2025,KFM,Cabbage Flat - lb,$3.00,32.1,0,32.1,$96.30,,actual
2025-08-02,7/31/2025,2025,KFM,Cabbage Red - lb,$3.00,13.4,0,13.4,$40.20,,actual
2025-08-02,7/31/2025,2025,KFM,Cabbage Savoy - lb,$3.00,6.6,0,6.6,$19.80,,actual
2025-08-02,7/31/2025,2025,KFM,Carrot Bulk - lb,$3.50,50,35,15,$52.50,,actual
2025-08-02,7/31/2025,2025,KFM,Celery - bu,$5.00,19,0,19,$95.00,,actual
2025-08-02,7/31/2025,2025,KFM,Chard - bu,$5.00,15,0,15,$75.00,,actual
2025-08-02,7/31/2025,2025,KFM,Collards - bu,$5.00,10,0,10,$50.00,,actual
2025-08-02,7/31/2025,2025,KFM,Cucumber - lb,$3.50,53.2,20,33.2,$116.20,,actual
2025-08-02,7/31/2025,2025,KFM,Cucumber Katrina - lb,$4.50,78.2,20,58.2,$261.90,,actual
2025-08-02,7/31/2025,2025,KFM,Cucumber Pickling - lb,$3.50,147.1,40,107.1,$374.85,,actual
2025-08-02,7/31/2025,2025,KFM,Dandelion - bu,$5.00,10,0,10,$50.00,,actual
2025-08-02,7/31/2025,2025,KFM,Eggplant Asian - lb,$5.00,2.8,0,2.8,$14.00,,actual
2025-08-02,7/31/2025,2025,KFM,Eggplant Italian Black - lb,$5.00,0,0,0,$0.00,,actual
2025-08-02,7/31/2025,2025,KFM,Eggplant Italian Striped - lb,$5.00,4.7,0,4.7,$23.50,,actual
2025-08-02,7/31/2025,2025,KFM,Eggplant Mini - Qt,$11.00,6,0,6,$66.00,,actual
2025-08-02,7/31/2025,2025,KFM,Garlic - lb,$16.00,13.9,0,13.9,$222.40,,actual
2025-08-02,7/31/2025,2025,KFM,Kale Curly - bu,$5.00,15,0,15,$75.00,,actual
2025-08-02,7/31/2025,2025,KFM,Kale Lacinato - bu,$5.00,40,4,36,$180.00,,actual
2025-08-02,7/31/2025,2025,KFM,Lettuce Mini Gem - ea,$3.00,0,0,0,$0.00,,actual
2025-08-02,7/31/2025,2025,KFM,Onion Spring - bu,$5.00,39,0,39,$195.00,Variety: yellow,actual
2025-08-02,7/31/2025,2025,KFM,Onion Spring - bu,$5.00,37,0,37,$185.00,Variety: red,actual
2025-08-02,7/31/2025,2025,KFM,Parsley - bu,$4.00,45,0,45,$180.00,,actual
2025-08-02,7/31/2025,2025,KFM,Pepper Shishito - Qt,$11.00,0,0,0,$0.00,,actual
2025-08-02,7/31/2025,2025,KFM,Radicchio Round - lb,$9.00,7.8,0,7.8,$70.20,,actual
2025-08-02,7/31/2025,2025,KFM,Salad Mix - 1/3 lb,$7.00,10,0,10,$70.00,,actual
2025-08-02,7/31/2025,2025,KFM,Salad Mix - 2/3 lb ,$14.00,18,0,18,$252.00,,actual
2025-08-02,7/31/2025,2025,KFM,Scallion - bu,$4.00,45,0,45,$180.00,,actual
2025-08-02,7/31/2025,2025,KFM,Tomato Cherry Mix - Pt,$6.00,68,0,68,$407.93,,actual
2025-08-02,7/31/2025,2025,KFM,Tomato Cherry Sungold - pt,$6.00,30,0,30,$179.97,,actual
2025-08-02,7/31/2025,2025,KFM,Tomato Heirloom - lb,$5.00,80,1,79,$395.00,,actual
2025-08-02,7/31/2025,2025,KFM,Zucchini Green - lb,$3.50,76.5,20,56.5,$197.75,,actual
2025-08-02,7/31/2025,2025,KFM,Zucchini Striped - lb,$3.50,28.7,8,20.7,$72.45,,actual
2025-08-02,7/31/2025,2025,KFM,Zucchini Yellow - lb,$3.50,45,3,42,$147.00,,actual
2025-08-02,7/31/2025,2025,BFM,Basil - bu,$4.00,45,0,45,$180.00,,actual
2025-08-02,7/31/2025,2025,BFM,Beets Golden - bu,$5.00,25,0,25,$125.00,,actual
2025-08-02,7/31/2025,2025,BFM,Beets Red - bu,$5.00,25,0,25,$125.00,,actual
2025-08-02,7/31/2025,2025,BFM,Cabbage Cone - lb,$3.00,35.8,0,35.8,$107.40,,actual
2025-08-02,7/31/2025,2025,BFM,Cabbage Flat - lb,$3.00,34.7,6.9,27.8,$83.40,,actual
2025-08-02,7/31/2025,2025,BFM,Cabbage Red - lb,$3.00,14.5,0,14.5,$43.50,,actual
2025-08-02,7/31/2025,2025,BFM,Cabbage Savoy - lb,$3.00,7.6,0,7.6,$22.80,,actual
2025-08-02,7/31/2025,2025,BFM,Carrot Bulk - lb,$3.50,75,6,69,$241.50,,actual
2025-08-02,7/31/2025,2025,BFM,Celery - bu,$5.00,18,0,18,$90.00,,actual
2025-08-02,7/31/2025,2025,BFM,Chard - bu,$5.00,20,0,20,$100.00,,actual
2025-08-02,7/31/2025,2025,BFM,Collards - bu,$5.00,10,0,10,$50.00,,actual
2025-08-02,7/31/2025,2025,BFM,Cucumber - lb,$3.50,47.9,0,47.9,$167.65,,actual
2025-08-02,7/31/2025,2025,BFM,Cucumber Katrina - lb,$4.50,76.25,0,76.25,$343.13,,actual
2025-08-02,7/31/2025,2025,BFM,Cucumber Pickling - lb,$3.50,119,4,115,$402.50,,actual
2025-08-02,7/31/2025,2025,BFM,Dandelion - bu,$5.00,11,0,11,$55.00,,actual
2025-08-02,7/31/2025,2025,BFM,Eggplant Asian - lb,$5.00,0,0,0,$0.00,,actual
2025-08-02,7/31/2025,2025,BFM,Eggplant Italian Black - lb,$5.00,0,0,0,$0.00,,actual
2025-08-02,7/31/2025,2025,BFM,Eggplant Italian Striped - lb,$5.00,0,0,0,$0.00,,actual
2025-08-02,7/31/2025,2025,BFM,Eggplant Mini - Qt,$11.00,0,0,0,$0.00,,actual
2025-08-02,7/31/2025,2025,BFM,Garlic - lb,$16.00,16.9,0,16.9,$270.40,,actual
2025-08-02,7/31/2025,2025,BFM,Kale Curly - bu,$5.00,22,0,22,$110.00,,actual
2025-08-02,7/31/2025,2025,BFM,Kale Lacinato - bu,$5.00,45,0,45,$225.00,,actual
2025-08-02,7/31/2025,2025,BFM,Lettuce Mini Gem - ea,$3.00,19,0,19,$57.00,,actual
2025-08-02,7/31/2025,2025,BFM,Onion Spring - bu,$5.00,33,0,33,$165.00,Variety: yellow,actual
2025-08-02,7/31/2025,2025,BFM,Onion Spring - bu,$5.00,31,0,31,$155.00,Variety: red,actual
2025-08-02,7/31/2025,2025,BFM,Parsley - bu,$4.00,40,0,40,$160.00,,actual
2025-08-02,7/31/2025,2025,BFM,Pepper Shishito - Qt,$11.00,0,0,0,$0.00,,actual
2025-08-02,7/31/2025,2025,BFM,Radicchio Round - lb,$9.00,4.4,0,4.4,$39.60,,actual
2025-08-02,7/31/2025,2025,BFM,Salad Mix - 1/3 lb,$7.00,10,0,10,$70.00,,actual
2025-08-02,7/31/2025,2025,BFM,Salad Mix - 2/3 lb ,$14.00,18,0,18,$252.00,,actual
2025-08-02,7/31/2025,2025,BFM,Scallion - bu,$4.00,45,0,45,$180.00,,actual
2025-08-02,7/31/2025,2025,BFM,Tomato Cherry Mix - Pt,$6.00,67,0,67,$401.93,,actual
2025-08-02,7/31/2025,2025,BFM,Tomato Cherry Sungold - pt,$6.00,38,0,38,$227.96,,actual
2025-08-02,7/31/2025,2025,BFM,Tomato Heirloom - lb,$5.00,84,0,84,$420.00,,actual
2025-08-02,7/31/2025,2025,BFM,Zucchini Green - lb,$3.50,66.6,0,66.6,$233.10,,actual
2025-08-02,7/31/2025,2025,BFM,Zucchini Striped - lb,$3.50,31,7,24,$84.00,,actual
2025-08-02,7/31/2025,2025,BFM,Zucchini Yellow - lb,$3.50,68,10,58,$203.00,,actual
2025-08-06,8/5/2025,2025,EFM,Basil - bu,$4.00,8,3,5,$20.00,,actual
2025-08-06,8/5/2025,2025,EFM,Beets Golden - bu,$5.00,3,0,3,$15.00,,actual
2025-08-06,8/5/2025,2025,EFM,Beets Red - bu,$5.00,7,0,7,$35.00,,actual
2025-08-06,8/5/2025,2025,EFM,Cabbage Cone - lb,$3.00,4.3,1.1,3.2,$9.60,,actual
2025-08-06,8/5/2025,2025,EFM,Cabbage Flat - lb,$3.00,5.7,0,5.7,$17.10,,actual
2025-08-06,8/5/2025,2025,EFM,Cabbage Red - lb,$3.00,5.1,0,5.1,$15.30,,actual
2025-08-06,8/5/2025,2025,EFM,Cabbage Savoy - lb,$3.00,4,3.1,0.9,$2.70,,actual
2025-08-06,8/5/2025,2025,EFM,Carrot Bulk - lb,$3.50,12,1.5,10.5,$36.75,,actual
2025-08-06,8/5/2025,2025,EFM,Celery - bu,$5.00,6,0,6,$30.00,,actual
2025-08-06,8/5/2025,2025,EFM,Chard - bu,$5.00,5,0,5,$25.00,,actual
2025-08-06,8/5/2025,2025,EFM,Collards - bu,$5.00,5,3,2,$10.00,,actual
2025-08-06,8/5/2025,2025,EFM,Cucumber - lb,$3.50,10,4,6,$21.00,,actual
2025-08-06,8/5/2025,2025,EFM,Cucumber Katrina - lb,$4.50,10,0.6,9.4,$42.30,,actual
2025-08-06,8/5/2025,2025,EFM,Cucumber Pickling - lb,$3.50,5,0,5,$17.50,,actual
2025-08-06,8/5/2025,2025,EFM,Dandelion - bu,$5.00,5,1,4,$20.00,,actual
2025-08-06,8/5/2025,2025,EFM,Eggplant Asian - lb,$5.00,0,0,0,$0.00,,actual
2025-08-06,8/5/2025,2025,EFM,Eggplant Italian Black - lb,$5.00,5,2.4,2.6,$13.00,,actual
2025-08-06,8/5/2025,2025,EFM,Eggplant Italian Striped - lb,$5.00,3,1.2,1.8,$9.00,,actual
2025-08-06,8/5/2025,2025,EFM,Eggplant Mini - Qt,$11.00,0,0,0,$0.00,,actual
2025-08-06,8/5/2025,2025,EFM,Eggplant Mini - Pt,$6.00,6,2,4,$24.00,,actual
2025-08-06,8/5/2025,2025,EFM,Garlic - lb,$16.00,2.2,0,2.2,$35.20,,actual
2025-08-06,8/5/2025,2025,EFM,Kale Curly - bu,$5.00,6,1,5,$25.00,,actual
2025-08-06,8/5/2025,2025,EFM,Kale Lacinato - bu,$5.00,12,2,10,$50.00,,actual
2025-08-06,8/5/2025,2025,EFM,Onion Spring - bu,$5.00,5,0,5,$25.00,Variety: yellow,actual
2025-08-06,8/5/2025,2025,EFM,Onion Spring - bu,$5.00,4,0,4,$20.00,Variety: red,actual
2025-08-06,8/5/2025,2025,EFM,Parsley - bu,$4.00,6,1,5,$20.00,,actual
2025-08-06,8/5/2025,2025,EFM,Pepper Shishito - Pt,$6.00,6,0,6,$36.00,,actual
2025-08-06,8/5/2025,2025,EFM,Radicchio Round - lb,$9.00,2,0,2,$18.00,,actual
2025-08-06,8/5/2025,2025,EFM,Scallion - bu,$4.00,10,5,5,$20.00,,actual
2025-08-06,8/5/2025,2025,EFM,Tomato Cherry Mix - Pt,$6.00,15,0,15,$89.99,,actual
2025-08-06,8/5/2025,2025,EFM,Tomato Cherry Sungold - pt,$6.00,25,3,22,$131.98,,actual
2025-08-06,8/5/2025,2025,EFM,Tomato Heirloom - lb,$5.00,22,2,20,$100.00,,actual
2025-08-06,8/5/2025,2025,EFM,Zucchini Green - lb,$3.50,10.5,4.7,5.8,$20.30,,actual
2025-08-06,8/5/2025,2025,EFM,Zucchini Striped - lb,$3.50,2.75,1.7,1.05,$3.68,,actual
2025-08-06,8/5/2025,2025,EFM,Zucchini Yellow - lb,$3.50,6.8,3.5,3.3,$11.55,,actual
2025-08-09,8/7/2025,2025,KFM,Basil - bu,$4.00,40,0,40,$160.00,,actual
2025-08-09,8/7/2025,2025,KFM,Beets Golden - bu,$5.00,25,0,25,$125.00,,actual
2025-08-09,8/7/2025,2025,KFM,Beets Red - bu,$5.00,20,1,19,$95.00,,actual
2025-08-09,8/7/2025,2025,KFM,Cabbage Cone - lb,$3.00,30.2,0,30.2,$90.60,,actual
2025-08-09,8/7/2025,2025,KFM,Cabbage Flat - lb,$3.00,26.9,15.6,11.3,$33.90,,actual
2025-08-09,8/7/2025,2025,KFM,Cabbage Red - lb,$3.00,38.5,7.7,30.8,$92.40,,actual
2025-08-09,8/7/2025,2025,KFM,Cabbage Savoy - lb,$3.00,13.7,3.4,10.3,$30.90,,actual
2025-08-09,8/7/2025,2025,KFM,Carrot Bulk - lb,$3.50,45,18,27,$94.50,,actual
2025-08-09,8/7/2025,2025,KFM,Celery - bu,$5.00,22,1,21,$105.00,,actual
2025-08-09,8/7/2025,2025,KFM,Chard - bu,$5.00,18,0,18,$90.00,,actual
2025-08-09,8/7/2025,2025,KFM,Collards - bu,$5.00,15,2,13,$65.00,,actual
2025-08-09,8/7/2025,2025,KFM,Cucumber - lb,$3.50,36.7,3,33.7,$117.95,,actual
2025-08-09,8/7/2025,2025,KFM,Cucumber Katrina - lb,$4.50,28.75,0,28.75,$129.38,,actual
2025-08-09,8/7/2025,2025,KFM,Cucumber Pickling - lb,$3.50,46.25,2,44.25,$154.88,,actual
2025-08-09,8/7/2025,2025,KFM,Dandelion - bu,$5.00,12,0,12,$60.00,,actual
2025-08-09,8/7/2025,2025,KFM,Eggplant Asian - lb,$5.00,7.25,0.7,6.55,$32.75,,actual
2025-08-09,8/7/2025,2025,KFM,Eggplant Italian Black - lb,$5.00,9.4,0,9.4,$47.00,,actual
2025-08-09,8/7/2025,2025,KFM,Eggplant Italian Striped - lb,$5.00,16.5,0,16.5,$82.50,,actual
2025-08-09,8/7/2025,2025,KFM,Eggplant Mini - Qt,$11.00,12,0,12,$132.00,,actual
2025-08-09,8/7/2025,2025,KFM,Eggplant Mini - Pt,$6.00,18,0,18,$108.00,,actual
2025-08-09,8/7/2025,2025,KFM,Garlic - lb,$16.00,8.1,0,8.1,$129.60,,actual
2025-08-09,8/7/2025,2025,KFM,Kale Curly - bu,$5.00,18,0,18,$90.00,,actual
2025-08-09,8/7/2025,2025,KFM,Kale Lacinato - bu,$5.00,40,0,40,$200.00,,actual
2025-08-09,8/7/2025,2025,KFM,Onion Spring - bu,$5.00,33,8,25,$125.00,Variety: yellow,actual
2025-08-09,8/7/2025,2025,KFM,Onion Spring - bu,$5.00,38,2,36,$180.00,Variety: red,actual
2025-08-09,8/7/2025,2025,KFM,Parsley - bu,$4.00,18,0,18,$72.00,,actual
2025-08-09,8/7/2025,2025,KFM,Pepper Shishito - Qt,$11.00,12,0,12,$132.00,,actual
2025-08-09,8/7/2025,2025,KFM,Pepper Shishito - Pt,$6.00,11,0,11,$66.00,,actual
2025-08-09,8/7/2025,2025,KFM,Salad Mix - 1/3 lb,$7.00,11,0,11,$77.00,,actual
2025-08-09,8/7/2025,2025,KFM,Salad Mix - 2/3 lb ,$14.00,20,0,20,$280.00,,actual
2025-08-09,8/7/2025,2025,KFM,Scallion - bu,$4.00,50,5,45,$180.00,,actual
2025-08-09,8/7/2025,2025,KFM,Tomato Cherry Mix - Pt,$6.00,58,0,58,$347.94,,actual
2025-08-09,8/7/2025,2025,KFM,Tomato Cherry Sungold - pt,$6.00,44,0,44,$263.96,,actual
2025-08-09,8/7/2025,2025,KFM,Tomato Heirloom - lb,$5.00,94,5,89,$445.00,,actual
2025-08-09,8/7/2025,2025,KFM,Zucchini Green - lb,$3.50,81,20,61,$213.50,,actual
2025-08-09,8/7/2025,2025,KFM,Zucchini Striped - lb,$3.50,8.3,0,8.3,$29.05,,actual
2025-08-09,8/7/2025,2025,KFM,Zucchini Yellow - lb,$3.50,24.4,0,24.4,$85.40,,actual
2025-08-09,8/7/2025,2025,BFM,Basil - bu,$4.00,55,9,46,$184.00,,actual
2025-08-09,8/7/2025,2025,BFM,Beets Golden - bu,$5.00,30,3,27,$135.00,,actual
2025-08-09,8/7/2025,2025,BFM,Beets Red - bu,$5.00,30,2,28,$140.00,,actual
2025-08-09,8/7/2025,2025,BFM,Cabbage Cone - lb,$3.00,26.4,7,19.4,$58.20,,actual
2025-08-09,8/7/2025,2025,BFM,Cabbage Flat - lb,$3.00,34.25,16.9,17.35,$52.05,,actual
2025-08-09,8/7/2025,2025,BFM,Cabbage Red - lb,$3.00,39.4,0,39.4,$118.20,,actual
2025-08-09,8/7/2025,2025,BFM,Cabbage Savoy - lb,$3.00,12.8,1.1,11.7,$35.10,,actual
2025-08-09,8/7/2025,2025,BFM,Carrot Bulk - lb,$3.50,60,20.8,39.2,$137.20,,actual
2025-08-09,8/7/2025,2025,BFM,Celery - bu,$5.00,22,7,15,$75.00,,actual
2025-08-09,8/7/2025,2025,BFM,Chard - bu,$5.00,25,6,19,$95.00,,actual
2025-08-09,8/7/2025,2025,BFM,Collards - bu,$5.00,15,1,14,$70.00,,actual
2025-08-09,8/7/2025,2025,BFM,Cucumber - lb,$3.50,56,0,56,$196.00,,actual
2025-08-09,8/7/2025,2025,BFM,Cucumber Katrina - lb,$4.50,26.5,0,26.5,$119.25,,actual
2025-08-09,8/7/2025,2025,BFM,Cucumber Pickling - lb,$3.50,46,7.8,38.2,$133.70,,actual
2025-08-09,8/7/2025,2025,BFM,Dandelion - bu,$5.00,15,1,14,$70.00,,actual
2025-08-09,8/7/2025,2025,BFM,Eggplant Asian - lb,$5.00,6.1,0.8,5.3,$26.50,,actual
2025-08-09,8/7/2025,2025,BFM,Eggplant Italian Black - lb,$5.00,9.6,1.1,8.5,$42.50,,actual
2025-08-09,8/7/2025,2025,BFM,Eggplant Italian Striped - lb,$5.00,16,0.9,15.1,$75.50,,actual
2025-08-09,8/7/2025,2025,BFM,Eggplant Mini - Qt,$11.00,14,0,14,$154.00,,actual
2025-08-09,8/7/2025,2025,BFM,Eggplant Mini - Pt,$6.00,22,1,21,$126.00,,actual
2025-08-09,8/7/2025,2025,BFM,Garlic - lb,$16.00,7.3,0,7.3,$116.80,,actual
2025-08-09,8/7/2025,2025,BFM,Kale Curly - bu,$5.00,30,0,30,$150.00,,actual
2025-08-09,8/7/2025,2025,BFM,Kale Lacinato - bu,$5.00,45,0,45,$225.00,,actual
2025-08-09,8/7/2025,2025,BFM,Onion Spring - bu,$5.00,47,21,26,$130.00,Variety: yellow,actual
2025-08-09,8/7/2025,2025,BFM,Onion Spring - bu,$5.00,36,2,34,$170.00,Variety: red,actual
2025-08-09,8/7/2025,2025,BFM,Pepper Shishito - Qt,$11.00,10,0,10,$110.00,,actual
2025-08-09,8/7/2025,2025,BFM,Pepper Shishito - Pt,$6.00,17,0,17,$102.00,,actual
2025-08-09,8/7/2025,2025,BFM,Salad Mix - 1/3 lb,$7.00,11,0,11,$77.00,,actual
2025-08-09,8/7/2025,2025,BFM,Salad Mix - 2/3 lb ,$14.00,20,0,20,$280.00,,actual
2025-08-09,8/7/2025,2025,BFM,Scallion - bu,$4.00,45,0,45,$180.00,,actual
2025-08-09,8/7/2025,2025,BFM,Tomato Cherry Mix - Pt,$6.00,70,1,69,$413.93,,actual
2025-08-09,8/7/2025,2025,BFM,Tomato Cherry Sungold - pt,$6.00,50,0,50,$299.95,,actual
2025-08-09,8/7/2025,2025,BFM,Tomato Heirloom - lb,$5.00,55,-4,59,$295.00,,actual
2025-08-09,8/7/2025,2025,BFM,Zucchini Green - lb,$3.50,95,-4,99,$346.50,,actual
2025-08-13,8/12/2025,2025,EFM,Basil - bu,$4.00,8,6,2,$8.00,,actual
2025-08-13,8/12/2025,2025,EFM,Beets Golden - bu,$5.00,7,3,4,$20.00,,actual
2025-08-13,8/12/2025,2025,EFM,Beets Red - bu,$5.00,8,5,3,$15.00,,actual
2025-08-13,8/12/2025,2025,EFM,Cabbage Cone - lb,$3.00,9.2,6.75,2.45,$7.35,,actual
2025-08-13,8/12/2025,2025,EFM,Cabbage Flat - lb,$3.00,11,8.7,2.3,$6.90,,actual
2025-08-13,8/12/2025,2025,EFM,Cabbage Red - lb,$3.00,11.7,8,3.7,$11.10,,actual
2025-08-13,8/12/2025,2025,EFM,Cabbage Savoy - lb,$3.00,4.8,0,4.8,$14.40,,actual
2025-08-13,8/12/2025,2025,EFM,Carrot Bulk - lb,$3.50,15,9,6,$21.00,,actual
2025-08-13,8/12/2025,2025,EFM,Celery - bu,$5.00,8,5,3,$15.00,,actual
2025-08-13,8/12/2025,2025,EFM,Chard - bu,$5.00,7,4,3,$15.00,,actual
2025-08-13,8/12/2025,2025,EFM,Collards - bu,$5.00,5,4,1,$5.00,,actual
2025-08-13,8/12/2025,2025,EFM,Cucumber - lb,$3.50,8,4.3,3.7,$12.95,,actual
2025-08-13,8/12/2025,2025,EFM,Cucumber Katrina - lb,$4.50,10,5,5,$22.50,,actual
2025-08-13,8/12/2025,2025,EFM,Cucumber Pickling - lb,$3.50,7,4.5,2.5,$8.75,,actual
2025-08-13,8/12/2025,2025,EFM,Dandelion - bu,$5.00,5,2,3,$15.00,,actual
2025-08-13,8/12/2025,2025,EFM,Eggplant Italian Black - lb,$5.00,4,3.5,0.5,$2.50,,actual
2025-08-13,8/12/2025,2025,EFM,Eggplant Italian Striped - lb,$5.00,3,3,0,$0.00,,actual
2025-08-13,8/12/2025,2025,EFM,Eggplant Mini - Pt,$6.00,6,4,2,$12.00,,actual
2025-08-13,8/12/2025,2025,EFM,Garlic - lb,$16.00,1.1,1.1,0,$0.00,,actual
2025-08-13,8/12/2025,2025,EFM,Kale Curly - bu,$5.00,6,2,4,$20.00,,actual
2025-08-13,8/12/2025,2025,EFM,Kale Lacinato - bu,$5.00,12,8,4,$20.00,,actual
2025-08-13,8/12/2025,2025,EFM,Onion Spring - bu,$5.00,16,13,3,$15.00,Variety: yellow,actual
2025-08-13,8/12/2025,2025,EFM,Onion Spring - bu,$5.00,0,0,0,$0.00,Variety: red,actual
2025-08-13,8/12/2025,2025,EFM,Pepper Hot - ea,$1.00,15,5,10,$10.00,,actual
2025-08-13,8/12/2025,2025,EFM,Pepper Shishito - Pt,$6.00,8,3,5,$30.00,,actual
2025-08-13,8/12/2025,2025,EFM,Scallion - bu,$4.00,8,2,6,$24.00,,actual
2025-08-13,8/12/2025,2025,EFM,Tomato Cherry Mix - Pt,$6.00,18,11,7,$41.99,,actual
2025-08-13,8/12/2025,2025,EFM,Tomato Cherry Sungold - pt,$6.00,22,10,12,$71.99,,actual
2025-08-13,8/12/2025,2025,EFM,Tomato Heirloom - lb,$5.00,22,6,16,$80.00,,actual
2025-08-13,8/12/2025,2025,EFM,Zucchini Green - lb,$3.50,20,11.5,8.5,$29.75,,actual
2025-08-16,8/14/2025,2025,KFM,Basil - bu,$4.00,50,2,48,$192.00,,actual
2025-08-16,8/14/2025,2025,KFM,Beets Golden - bu,$5.00,25,0,25,$125.00,,actual
2025-08-16,8/14/2025,2025,KFM,Beets Red - bu,$5.00,20,3,17,$85.00,,actual
2025-08-16,8/14/2025,2025,KFM,Cabbage Cone - lb,$3.00,36.2,19.9,16.3,$48.90,,actual
2025-08-16,8/14/2025,2025,KFM,Cabbage Flat - lb,$3.00,27,11.25,15.75,$47.25,,actual
2025-08-16,8/14/2025,2025,KFM,Cabbage Red - lb,$3.00,18.9,2.8,16.1,$48.30,,actual
2025-08-16,8/14/2025,2025,KFM,Cabbage Savoy - lb,$3.00,14.2,7.1,7.1,$21.30,,actual
2025-08-16,8/14/2025,2025,KFM,Carrot Bulk - lb,$3.50,45,18,27,$94.50,,actual
2025-08-16,8/14/2025,2025,KFM,Celery - bu,$5.00,22,0,22,$110.00,,actual
2025-08-16,8/14/2025,2025,KFM,Chard - bu,$5.00,20,4,16,$80.00,,actual
2025-08-16,8/14/2025,2025,KFM,Collards - bu,$5.00,15,3,12,$60.00,,actual
2025-08-16,8/14/2025,2025,KFM,Cucumber - lb,$3.50,60.7,5,55.7,$194.95,,actual
2025-08-16,8/14/2025,2025,KFM,Cucumber Katrina - lb,$4.50,49.5,0,49.5,$222.75,,actual
2025-08-16,8/14/2025,2025,KFM,Cucumber Pickling - lb,$3.50,80.9,8,72.9,$255.15,,actual
2025-08-16,8/14/2025,2025,KFM,Dandelion - bu,$5.00,12,0,12,$60.00,,actual
2025-08-16,8/14/2025,2025,KFM,Eggplant Asian - lb,$5.00,7.9,1,6.9,$34.50,,actual
2025-08-16,8/14/2025,2025,KFM,Eggplant Italian Black - lb,$5.00,7.7,1,6.7,$33.50,,actual
2025-08-16,8/14/2025,2025,KFM,Eggplant Italian Striped - lb,$5.00,23,2,21,$105.00,,actual
2025-08-16,8/14/2025,2025,KFM,Eggplant Mini - Pt,$6.00,8,0,8,$48.00,,actual
2025-08-16,8/14/2025,2025,KFM,Eggplant Mini - Qt,$11.00,10,0,10,$110.00,,actual
2025-08-16,8/14/2025,2025,KFM,Garlic - lb,$16.00,8.1,0,8.1,$129.60,,actual
2025-08-16,8/14/2025,2025,KFM,Kale Curly - bu,$5.00,18,2,16,$80.00,,actual
2025-08-16,8/14/2025,2025,KFM,Kale Lacinato - bu,$5.00,45,1,44,$220.00,,actual
2025-08-16,8/14/2025,2025,KFM,Lettuce Mini Gem - ea,$3.00,48,0,48,$144.00,,actual
2025-08-16,8/14/2025,2025,KFM,Onion Spring - bu,$5.00,13,0,13,$65.00,Variety: yellow,actual
2025-08-16,8/14/2025,2025,KFM,Onion Spring - bu,$5.00,20,0,20,$100.00,Variety: red,actual
2025-08-16,8/14/2025,2025,KFM,Pepper Shishito - Pt,$6.00,16,0,16,$96.00,,actual
2025-08-16,8/14/2025,2025,KFM,Pepper Shishito - Qt,$11.00,15,0,15,$165.00,,actual
2025-08-16,8/14/2025,2025,KFM,Salad Mix - 1/3 lb,$7.00,15,0,15,$105.00,,actual
2025-08-16,8/14/2025,2025,KFM,Salad Mix - 2/3 lb ,$14.00,26,0,26,$364.00,,actual
2025-08-16,8/14/2025,2025,KFM,Scallion - bu,$4.00,50,7,43,$172.00,,actual
2025-08-16,8/14/2025,2025,KFM,Tomato Cherry Mix - Pt,$6.00,101,27,74,$443.93,,actual
2025-08-16,8/14/2025,2025,KFM,Tomato Cherry Sungold - pt,$6.00,70,3,67,$401.93,,actual
2025-08-16,8/14/2025,2025,KFM,Tomato Heirloom - lb,$5.00,75,0.5,74.5,$372.50,,actual
2025-08-16,8/14/2025,2025,KFM,Zucchini Green - lb,$3.50,45,0,45,$157.50,,actual
2025-08-16,8/14/2025,2025,BFM,Basil - bu,$4.00,50,3,47,$188.00,,actual
2025-08-16,8/14/2025,2025,BFM,Beets Golden - bu,$5.00,25,2,23,$115.00,,actual
2025-08-16,8/14/2025,2025,BFM,Beets Red - bu,$5.00,30,10,20,$100.00,,actual
2025-08-16,8/14/2025,2025,BFM,Cabbage Cone - lb,$3.00,39.4,11.3,28.1,$84.30,,actual
2025-08-16,8/14/2025,2025,BFM,Cabbage Flat - lb,$3.00,19.8,6,13.8,$41.40,,actual
2025-08-16,8/14/2025,2025,BFM,Cabbage Red - lb,$3.00,17.6,0,17.6,$52.80,,actual
2025-08-16,8/14/2025,2025,BFM,Cabbage Savoy - lb,$3.00,14.3,6.4,7.9,$23.70,,actual
2025-08-16,8/14/2025,2025,BFM,Carrot Bulk - lb,$3.50,90,43.2,46.8,$163.80,,actual
2025-08-16,8/14/2025,2025,BFM,Celery - bu,$5.00,18,0,18,$90.00,,actual
2025-08-16,8/14/2025,2025,BFM,Chard - bu,$5.00,20,0,20,$100.00,,actual
2025-08-16,8/14/2025,2025,BFM,Collards - bu,$5.00,15,3,12,$60.00,,actual
2025-08-16,8/14/2025,2025,BFM,Cucumber - lb,$3.50,67,-5,72,$252.00,,actual
2025-08-16,8/14/2025,2025,BFM,Cucumber Katrina - lb,$4.50,46,0,46,$207.00,,actual
2025-08-16,8/14/2025,2025,BFM,Cucumber Pickling - lb,$3.50,75,18,57,$199.50,,actual
2025-08-16,8/14/2025,2025,BFM,Dandelion - bu,$5.00,15,0,15,$75.00,,actual
2025-08-16,8/14/2025,2025,BFM,Eggplant Asian - lb,$5.00,7.6,0.9,6.7,$33.50,,actual
2025-08-16,8/14/2025,2025,BFM,Eggplant Italian Black - lb,$5.00,6.5,0,6.5,$32.50,,actual
2025-08-16,8/14/2025,2025,BFM,Eggplant Italian Striped - lb,$5.00,22,0,22,$110.00,,actual
2025-08-16,8/14/2025,2025,BFM,Eggplant Mini - Pt,$6.00,15,0,15,$90.00,,actual
2025-08-16,8/14/2025,2025,BFM,Eggplant Mini - Qt,$11.00,6,0,6,$66.00,,actual
2025-08-16,8/14/2025,2025,BFM,Garlic - lb,$16.00,7.6,0,7.6,$121.60,,actual
2025-08-16,8/14/2025,2025,BFM,Kale Curly - bu,$5.00,32,1,31,$155.00,,actual
2025-08-16,8/14/2025,2025,BFM,Kale Lacinato - bu,$5.00,48,0,48,$240.00,,actual
2025-08-16,8/14/2025,2025,BFM,Lettuce Mini Gem - ea,$3.00,48,0,48,$144.00,,actual
2025-08-16,8/14/2025,2025,BFM,Onion Spring - bu,$5.00,24,0,24,$120.00,Variety: yellow,actual
2025-08-16,8/14/2025,2025,BFM,Onion Spring - bu,$5.00,25,0,25,$125.00,Variety: red,actual
2025-08-16,8/14/2025,2025,BFM,Parsley - bu,$4.00,40,2,38,$152.00,,actual
2025-08-16,8/14/2025,2025,BFM,Pepper Shishito - Pt,$6.00,19,0,19,$114.00,,actual
2025-08-16,8/14/2025,2025,BFM,Pepper Shishito - Qt,$11.00,14,0,14,$154.00,,actual
2025-08-16,8/14/2025,2025,BFM,Salad Mix - 1/3 lb,$7.00,16,0,16,$112.00,,actual
2025-08-16,8/14/2025,2025,BFM,Salad Mix - 2/3 lb ,$14.00,25,0,25,$350.00,,actual
2025-08-16,8/14/2025,2025,BFM,Scallion - bu,$4.00,50,5,45,$180.00,,actual
2025-08-16,8/14/2025,2025,BFM,Tomato Cherry Mix - Pt,$6.00,64,-17,81,$485.92,,actual
2025-08-16,8/14/2025,2025,BFM,Tomato Cherry Sungold - pt,$6.00,64,-1,65,$389.94,,actual
2025-08-16,8/14/2025,2025,BFM,Tomato Heirloom - lb,$5.00,50,0,50,$250.00,,actual
2025-08-16,8/14/2025,2025,BFM,Zucchini Green - lb,$3.50,49,2.1,46.9,$164.15,,actual
2025-08-16,8/14/2025,2025,KFM,Parsley - bu,$4.00,45,0,45,$180.00,,actual
2025-08-16,8/14/2025,2025,KFM,Zucchini Yellow - lb,$3.50,29.5,0,29.5,$103.25,,actual
2025-08-16,8/14/2025,2025,BFM,Zucchini Striped - lb,$3.50,4.3,0.3,4,$14.00,,actual
2025-08-16,8/14/2025,2025,KFM,Zucchini Striped - lb,$3.50,4.9,0,4.9,$17.15,,actual
2025-08-16,8/14/2025,2025,BFM,Zucchini Yellow - lb,$3.50,28.8,0,28.8,$100.80,,actual
2025-08-20,8/19/2025,2025,EFM,Basil - bu,$4.00,6,0,6,$24.00,,actual
2025-08-20,8/19/2025,2025,EFM,Beets Golden - bu,$5.00,5,4,1,$5.00,,actual
2025-08-20,8/19/2025,2025,EFM,Beets Red - bu,$5.00,5,0,5,$25.00,,actual
2025-08-20,8/19/2025,2025,EFM,Cabbage Cone - lb,$3.00,6.7,6.7,0,$0.00,,actual
2025-08-20,8/19/2025,2025,EFM,Cabbage Flat - lb,$3.00,4,4,0,$0.00,,actual
2025-08-20,8/19/2025,2025,EFM,Cabbage Red - lb,$3.00,4,3.2,0.8,$2.40,,actual
2025-08-20,8/19/2025,2025,EFM,Cabbage Savoy - lb,$3.00,2.4,2.4,0,$0.00,,actual
2025-08-20,8/19/2025,2025,EFM,Carrot Bulk - lb,$3.50,10.25,4.5,5.75,$20.13,,actual
2025-08-20,8/19/2025,2025,EFM,Celery - bu,$5.00,3,1,2,$10.00,,actual
2025-08-20,8/19/2025,2025,EFM,Chard - bu,$5.00,4,2,2,$10.00,,actual
2025-08-20,8/19/2025,2025,EFM,Collards - bu,$5.00,3,0,3,$15.00,,actual
2025-08-20,8/19/2025,2025,EFM,Cucumber - lb,$3.50,5,1,4,$14.00,,actual
2025-08-20,8/19/2025,2025,EFM,Cucumber Katrina - lb,$4.50,5,1,4,$18.00,,actual
2025-08-20,8/19/2025,2025,EFM,Cucumber Pickling - lb,$3.50,5,3,2,$7.00,,actual
2025-08-20,8/19/2025,2025,EFM,Dandelion - bu,$5.00,4,3,1,$5.00,,actual
2025-08-20,8/19/2025,2025,EFM,Eggplant Asian - lb,$5.00,0,0,0,$0.00,,actual
2025-08-20,8/19/2025,2025,EFM,Eggplant Italian Black - lb,$5.00,5,2.2,2.8,$14.00,,actual
2025-08-20,8/19/2025,2025,EFM,Eggplant Italian Striped - lb,$5.00,0,0,0,$0.00,,actual
2025-08-20,8/19/2025,2025,EFM,Eggplant Mini - Pt,$6.00,7,2,5,$30.00,,actual
2025-08-20,8/19/2025,2025,EFM,Eggplant Mini - Qt,$11.00,0,0,0,$0.00,,actual
2025-08-20,8/19/2025,2025,EFM,Garlic - lb,$16.00,1.8,0,1.8,$28.80,,actual
2025-08-20,8/19/2025,2025,EFM,Kale Curly - bu,$5.00,5,0,5,$25.00,,actual
2025-08-20,8/19/2025,2025,EFM,Kale Lacinato - bu,$5.00,10,0,10,$50.00,,actual
2025-08-20,8/19/2025,2025,EFM,Onion Spring - bu,$5.00,4,1,3,$15.00,Variety: yellow,actual
2025-08-20,8/19/2025,2025,EFM,Onion Spring - bu,$5.00,4,1,3,$15.00,Variety: red,actual
2025-08-20,8/19/2025,2025,EFM,Parsley - bu,$4.00,5,0,5,$20.00,,actual
2025-08-20,8/19/2025,2025,EFM,Pepper Carmen - lb,$5.00,0,0,0,$0.00,,actual
2025-08-20,8/19/2025,2025,EFM,Pepper Hot - ea,$1.00,10,5,5,$5.00,,actual
2025-08-20,8/19/2025,2025,EFM,Pepper Shishito - Pt,$6.00,6,0,6,$36.00,,actual
2025-08-20,8/19/2025,2025,EFM,Pepper Shishito - Qt,$11.00,0,0,0,$0.00,,actual
2025-08-20,8/19/2025,2025,EFM,Potato Red - lb,$3.50,0,0,0,$0.00,,actual
2025-08-20,8/19/2025,2025,EFM,Scallion - bu,$4.00,8,5,3,$12.00,,actual
2025-08-20,8/19/2025,2025,EFM,Tomato Cherry Mix - Pt,$6.00,17,12,5,$30.00,,actual
2025-08-20,8/19/2025,2025,EFM,Tomato Cherry Sungold - pt,$6.00,6,1,5,$30.00,,actual
2025-08-20,8/19/2025,2025,EFM,Tomato Heirloom - lb,$5.00,22,14,8,$40.00,,actual
2025-08-23,8/21/2025,2025,KFM,Basil - bu,$4.00,50,7,43,$172.00,,actual
2025-08-23,8/21/2025,2025,KFM,Beets Bulk Golden - lb,$3.50,25,10,15,$52.50,,actual
2025-08-23,8/21/2025,2025,KFM,Beets Red - bu,$5.00,20,0,20,$100.00,,actual
2025-08-23,8/21/2025,2025,KFM,Cabbage Cone - lb,$3.00,21,0,21,$63.00,,actual
2025-08-23,8/21/2025,2025,KFM,Cabbage Flat - lb,$3.00,23.8,9,14.8,$44.40,,actual
2025-08-23,8/21/2025,2025,KFM,Cabbage Red - lb,$3.00,20.9,0,20.9,$62.70,,actual
2025-08-23,8/21/2025,2025,KFM,Cabbage Savoy - lb,$3.00,9.2,0,9.2,$27.60,,actual
2025-08-23,8/21/2025,2025,KFM,Celery - bu,$5.00,14,0,14,$70.00,,actual
2025-08-23,8/21/2025,2025,KFM,Chard - bu,$5.00,18,4,14,$70.00,,actual
2025-08-23,8/21/2025,2025,KFM,Collards - bu,$5.00,4,0,4,$20.00,,actual
2025-08-23,8/21/2025,2025,KFM,Cucumber - lb,$3.50,75.2,9,66.2,$231.70,,actual
2025-08-23,8/21/2025,2025,KFM,Cucumber Katrina - lb,$4.50,19.5,0,19.5,$87.75,,actual
2025-08-23,8/21/2025,2025,KFM,Cucumber Pickling - lb,$3.50,75.8,30,45.8,$160.30,,actual
2025-08-23,8/21/2025,2025,KFM,Dandelion - bu,$5.00,12,0,12,$60.00,,actual
2025-08-23,8/21/2025,2025,KFM,Eggplant Asian - lb,$5.00,7.2,3,4.2,$21.00,,actual
2025-08-23,8/21/2025,2025,KFM,Eggplant Italian Black - lb,$5.00,16.5,4,12.5,$62.50,,actual
2025-08-23,8/21/2025,2025,KFM,Eggplant Italian Striped - lb,$5.00,40.4,6,34.4,$172.00,,actual
2025-08-23,8/21/2025,2025,KFM,Eggplant Mini - Pt,$6.00,30,3,27,$162.00,,actual
2025-08-23,8/21/2025,2025,KFM,Eggplant Mini - Qt,$11.00,10,0,10,$110.00,,actual
2025-08-23,8/21/2025,2025,KFM,Garlic - lb,$16.00,9.6,0,9.6,$153.60,,actual
2025-08-23,8/21/2025,2025,KFM,Kale Curly - bu,$5.00,18,0,18,$90.00,,actual
2025-08-23,8/21/2025,2025,KFM,Kale Lacinato - bu,$5.00,40,0,40,$200.00,,actual
2025-08-23,8/21/2025,2025,KFM,Lettuce Mini Gem - ea,$3.00,11,0,11,$33.00,,actual
2025-08-23,8/21/2025,2025,KFM,Onion Spring - bu,$5.00,25,0,25,$125.00,,actual
2025-08-23,8/21/2025,2025,KFM,Parsley - bu,$4.00,50,0,50,$200.00,,actual
2025-08-23,8/21/2025,2025,KFM,Pepper Carmen - lb,$5.00,29.5,0,29.5,$147.50,,actual
2025-08-23,8/21/2025,2025,KFM,Pepper Hot - ea,$1.00,52,0,52,$52.00,,actual
2025-08-23,8/21/2025,2025,KFM,Pepper Shishito - Pt,$6.00,35,13,22,$132.00,,actual
2025-08-23,8/21/2025,2025,KFM,Pepper Shishito - Qt,$11.00,18,3,15,$165.00,,actual
2025-08-23,8/21/2025,2025,KFM,Potato Red - lb,$3.50,129,42,87,$304.50,,actual
2025-08-23,8/21/2025,2025,KFM,Scallion - bu,$4.00,35,0,35,$140.00,,actual
2025-08-23,8/21/2025,2025,KFM,Tomato Cherry Mix - Pt,$6.00,20,0,20,$119.98,,actual
2025-08-23,8/21/2025,2025,KFM,Tomato Cherry Sungold - pt,$6.00,31,0,31,$185.97,,actual
2025-08-23,8/21/2025,2025,KFM,Tomato Heirloom - lb,$5.00,49,0,49,$245.00,,actual
2025-08-23,8/21/2025,2025,BFM,Basil - bu,$4.00,50,14,36,$144.00,,actual
2025-08-23,8/21/2025,2025,BFM,Beets Bulk Golden - lb,$3.50,22.25,6,16.25,$56.88,,actual
2025-08-23,8/21/2025,2025,BFM,Beets Red - bu,$5.00,22,0,22,$110.00,,actual
2025-08-23,8/21/2025,2025,BFM,Cabbage Cone - lb,$3.00,26.8,6.6,20.2,$60.60,,actual
2025-08-23,8/21/2025,2025,BFM,Cabbage Flat - lb,$3.00,22.5,3,19.5,$58.50,,actual
2025-08-23,8/21/2025,2025,BFM,Cabbage Red - lb,$3.00,19.4,0,19.4,$58.20,,actual
2025-08-23,8/21/2025,2025,BFM,Cabbage Savoy - lb,$3.00,8.4,0,8.4,$25.20,,actual
2025-08-23,8/21/2025,2025,BFM,Carrot Bulk - lb,$3.50,25.75,0,25.75,$90.13,,actual
2025-08-23,8/21/2025,2025,BFM,Celery - bu,$5.00,13,0,13,$65.00,,actual
2025-08-23,8/21/2025,2025,BFM,Chard - bu,$5.00,22,0,22,$110.00,,actual
2025-08-23,8/21/2025,2025,BFM,Collards - bu,$5.00,5,0,5,$25.00,,actual
2025-08-23,8/21/2025,2025,BFM,Cucumber - lb,$3.50,77.8,5.5,72.3,$253.05,,actual
2025-08-23,8/21/2025,2025,BFM,Cucumber Katrina - lb,$4.50,20.4,0,20.4,$91.80,,actual
2025-08-23,8/21/2025,2025,BFM,Cucumber Pickling - lb,$3.50,60,3.9,56.1,$196.35,,actual
2025-08-23,8/21/2025,2025,BFM,Dandelion - bu,$5.00,15,0,15,$75.00,,actual
2025-08-23,8/21/2025,2025,BFM,Eggplant Asian - lb,$5.00,4.5,-2.1,6.6,$33.00,,actual
2025-08-23,8/21/2025,2025,BFM,Eggplant Italian Black - lb,$5.00,12.75,0,12.75,$63.75,,actual
2025-08-23,8/21/2025,2025,BFM,Eggplant Italian Striped - lb,$5.00,39.4,-4,43.4,$217.00,,actual
2025-08-23,8/21/2025,2025,BFM,Eggplant Mini - Pt,$6.00,14,-1,15,$90.00,,actual
2025-08-23,8/21/2025,2025,BFM,Eggplant Mini - Qt,$11.00,11,1,10,$110.00,,actual
2025-08-23,8/21/2025,2025,BFM,Garlic - lb,$16.00,10.7,0,10.7,$171.20,,actual
2025-08-23,8/21/2025,2025,BFM,Kale Curly - bu,$5.00,32,0,32,$160.00,,actual
2025-08-23,8/21/2025,2025,BFM,Kale Lacinato - bu,$5.00,40,0,40,$200.00,,actual
2025-08-23,8/21/2025,2025,BFM,Parsley - bu,$4.00,40,0,40,$160.00,,actual
2025-08-23,8/21/2025,2025,BFM,Pepper Carmen - lb,$5.00,29.4,0,29.4,$147.00,,actual
2025-08-23,8/21/2025,2025,BFM,Pepper Hot - ea,$1.00,52,2,50,$50.00,,actual
2025-08-23,8/21/2025,2025,BFM,Pepper Shishito - Pt,$6.00,20,-7,27,$162.00,,actual
2025-08-23,8/21/2025,2025,BFM,Pepper Shishito - Qt,$11.00,15,-1,16,$176.00,,actual
2025-08-23,8/21/2025,2025,BFM,Potato Red - lb,$3.50,100,21.1,78.9,$276.15,,actual
2025-08-23,8/21/2025,2025,BFM,Scallion - bu,$4.00,35,0,35,$140.00,,actual
2025-08-23,8/21/2025,2025,BFM,Tomato Cherry Mix - Pt,$6.00,23,0,23,$137.98,,actual
2025-08-23,8/21/2025,2025,BFM,Tomato Cherry Sungold - pt,$6.00,22,0,22,$131.98,,actual
2025-08-23,8/21/2025,2025,BFM,Tomato Heirloom - lb,$5.00,40.7,0,40.7,$203.50,,actual
2025-08-27,8/26/2025,2025,EFM,Basil - bu,$4.00,6,3,3,$12.00,,actual
2025-08-27,8/26/2025,2025,EFM,Beets Bulk Golden - lb,$3.50,0,0,0,$0.00,,actual
2025-08-27,8/26/2025,2025,EFM,Beets Red - bu,$5.00,6,2,4,$20.00,,actual
2025-08-27,8/26/2025,2025,EFM,Cabbage Cone - lb,$3.00,5.1,0,5.1,$15.30,,actual
2025-08-27,8/26/2025,2025,EFM,Cabbage Flat - lb,$3.00,5.2,2.6,2.6,$7.80,,actual
2025-08-27,8/26/2025,2025,EFM,Cabbage Red - lb,$3.00,2.75,0,2.75,$8.25,,actual
2025-08-27,8/26/2025,2025,EFM,Cabbage Savoy - lb,$3.00,4.25,0,4.25,$12.75,,actual
2025-08-27,8/26/2025,2025,EFM,Chard - bu,$5.00,4,0,4,$20.00,,actual
2025-08-27,8/26/2025,2025,EFM,Collards - bu,$5.00,3,0,3,$15.00,,actual
2025-08-27,8/26/2025,2025,EFM,Cucumber - lb,$3.50,7,0,7,$24.50,,actual
2025-08-27,8/26/2025,2025,EFM,Cucumber Katrina - lb,$4.50,5,0,5,$22.50,,actual
2025-08-27,8/26/2025,2025,EFM,Cucumber Pickling - lb,$3.50,5,0.75,4.25,$14.88,,actual
2025-08-27,8/26/2025,2025,EFM,Dandelion - bu,$5.00,3,0,3,$15.00,,actual
2025-08-27,8/26/2025,2025,EFM,Eggplant Asian - lb,$5.00,0,0,0,$0.00,,actual
2025-08-27,8/26/2025,2025,EFM,Eggplant Italian Black - lb,$5.00,5,0.75,4.25,$21.25,,actual
2025-08-27,8/26/2025,2025,EFM,Eggplant Italian Striped - lb,$5.00,2,0,2,$10.00,,actual
2025-08-27,8/26/2025,2025,EFM,Eggplant Mini - Pt,$6.00,8,1,7,$42.00,,actual
2025-08-27,8/26/2025,2025,EFM,Eggplant Mini - Qt,$11.00,0,0,0,$0.00,,actual
2025-08-27,8/26/2025,2025,EFM,Garlic - lb,$16.00,2,1.1,0.9,$14.40,,actual
2025-08-27,8/26/2025,2025,EFM,Kale Curly - bu,$5.00,8,4,4,$20.00,,actual
2025-08-27,8/26/2025,2025,EFM,Kale Lacinato - bu,$5.00,10,2,8,$40.00,,actual
2025-08-27,8/26/2025,2025,EFM,Lettuce Mini Gem - ea,$3.00,0,0,0,$0.00,,actual
2025-08-27,8/26/2025,2025,EFM,Parsley - bu,$4.00,5,1,4,$16.00,,actual
2025-08-27,8/26/2025,2025,EFM,Pepper Carmen - lb,$5.00,6,0,6,$30.00,,actual
2025-08-27,8/26/2025,2025,EFM,Pepper Hot - ea,$1.00,10,8,2,$2.00,,actual
2025-08-27,8/26/2025,2025,EFM,Pepper Shishito - Pt,$6.00,8,2,6,$36.00,,actual
2025-08-27,8/26/2025,2025,EFM,Pepper Shishito - Qt,$11.00,0,0,0,$0.00,,actual
2025-08-27,8/26/2025,2025,EFM,Potato Red - lb,$5.00,8,1,7,$34.99,Variety: quarts,actual
2025-08-27,8/26/2025,2025,EFM,Salad Mix - 1/3 lb,$7.00,0,0,0,$0.00,,actual
2025-08-27,8/26/2025,2025,EFM,Tomato Cherry Mix - Pt,$6.00,15,5,10,$59.99,,actual
2025-08-27,8/26/2025,2025,EFM,Tomato Cherry Sungold - pt,$6.00,15,3,12,$71.99,,actual
2025-08-27,8/26/2025,2025,EFM,Tomato Heirloom - lb,$5.00,22,4.4,17.6,$88.00,,actual
2025-08-27,8/26/2025,2025,EFM,Winter Squash Acorn - lb,$4.00,0,0,0,$0.00,,actual
2025-08-30,8/28/2025,2025,KFM,Basil - bu,$4.00,55,0,55,$220.00,,actual
2025-08-30,8/28/2025,2025,KFM,Beets Bulk Golden - lb,$3.50,18,0,18,$63.00,,actual
2025-08-30,8/28/2025,2025,KFM,Beets Bulk Red - lb,$3.50,18,0,18,$63.00,,actual
2025-08-30,8/28/2025,2025,KFM,Cabbage Cone - lb,$3.00,29.4,0,29.4,$88.20,,actual
2025-08-30,8/28/2025,2025,KFM,Cabbage Flat - lb,$3.00,30,0,30,$90.00,,actual
2025-08-30,8/28/2025,2025,KFM,Cabbage Red - lb,$3.00,18.25,0,18.25,$54.75,,actual
2025-08-30,8/28/2025,2025,KFM,Cabbage Savoy - lb,$3.00,13.2,0,13.2,$39.60,,actual
2025-08-30,8/28/2025,2025,KFM,Chard - bu,$5.00,20,0,20,$100.00,,actual
2025-08-30,8/28/2025,2025,KFM,Collards - bu,$5.00,9,0,9,$45.00,,actual
2025-08-30,8/28/2025,2025,KFM,Cucumber - lb,$3.50,100,15,85,$297.50,,actual
2025-08-30,8/28/2025,2025,KFM,Cucumber Katrina - lb,$4.50,11.4,0,11.4,$51.30,,actual
2025-08-30,8/28/2025,2025,KFM,Cucumber Pickling - lb,$3.50,60,15,45,$157.50,,actual
2025-08-30,8/28/2025,2025,KFM,Dandelion - bu,$5.00,16,0,16,$80.00,,actual
2025-08-30,8/28/2025,2025,KFM,Eggplant Asian - lb,$5.00,20.9,8.3,12.6,$63.00,,actual
2025-08-30,8/28/2025,2025,KFM,Eggplant Italian Black - lb,$5.00,14.5,0,14.5,$72.50,,actual
2025-08-30,8/28/2025,2025,KFM,Eggplant Italian Striped - lb,$5.00,65,25,40,$200.00,,actual
2025-08-30,8/28/2025,2025,KFM,Eggplant Mini - Pt,$6.00,25,3,22,$132.00,,actual
2025-08-30,8/28/2025,2025,KFM,Eggplant Mini - Qt,$11.00,16,0,16,$176.00,,actual
2025-08-30,8/28/2025,2025,KFM,Garlic - lb,$16.00,12.5,0,12.5,$200.00,,actual
2025-08-30,8/28/2025,2025,KFM,Kale Curly - bu,$5.00,25,0,25,$125.00,,actual
2025-08-30,8/28/2025,2025,KFM,Kale Lacinato - bu,$5.00,43,0,43,$215.00,,actual
2025-08-30,8/28/2025,2025,KFM,Parsley - bu,$4.00,63,0,63,$252.00,,actual
2025-08-30,8/28/2025,2025,KFM,Pepper Carmen - lb,$5.00,100,0,100,$500.00,,actual
2025-08-30,8/28/2025,2025,KFM,Pepper Hot - ea,$1.00,19,0,19,$19.00,,actual
2025-08-30,8/28/2025,2025,KFM,Pepper Shishito - Pt,$6.00,23,0,23,$138.00,,actual
2025-08-30,8/28/2025,2025,KFM,Pepper Shishito - Qt,$11.00,13,0,13,$143.00,,actual
2025-08-30,8/28/2025,2025,KFM,Potato Red - lb,$3.50,120,30,90,$315.00,,actual
2025-08-30,8/28/2025,2025,KFM,Salad Mix - 1/3 lb,$7.00,16,0,16,$112.00,,actual
2025-08-30,8/28/2025,2025,KFM,Tomato Cherry Mix - Pt,$6.00,94,19,75,$449.93,,actual
2025-08-30,8/28/2025,2025,KFM,Tomato Cherry Sungold - pt,$6.00,55,0,55,$329.95,,actual
2025-08-30,8/28/2025,2025,KFM,Tomato Heirloom - lb,$5.00,25,0,25,$125.00,,actual
2025-08-30,8/28/2025,2025,KFM,Winter Squash Acorn - lb,$4.00,47.75,8.3,39.45,$157.80,,actual
2025-08-30,8/28/2025,2025,BFM,Basil - bu,$4.00,50,1,49,$196.00,,actual
2025-08-30,8/28/2025,2025,BFM,Beets Bulk Golden - lb,$3.50,16.4,1,15.4,$53.90,,actual
2025-08-30,8/28/2025,2025,BFM,Beets Bulk Red - lb,$3.50,18,0.25,17.75,$62.13,,actual
2025-08-30,8/28/2025,2025,BFM,Cabbage Cone - lb,$3.00,25,1.6,23.4,$70.20,,actual
2025-08-30,8/28/2025,2025,BFM,Cabbage Flat - lb,$3.00,27,11.25,15.75,$47.25,,actual
2025-08-30,8/28/2025,2025,BFM,Cabbage Red - lb,$3.00,19.1,0,19.1,$57.30,,actual
2025-08-30,8/28/2025,2025,BFM,Cabbage Savoy - lb,$3.00,16.2,3,13.2,$39.60,,actual
2025-08-30,8/28/2025,2025,BFM,Chard - bu,$5.00,30,0,30,$150.00,,actual
2025-08-30,8/28/2025,2025,BFM,Collards - bu,$5.00,8,0,8,$40.00,,actual
2025-08-30,8/28/2025,2025,BFM,Cucumber - lb,$3.50,100,0,100,$350.00,,actual
2025-08-30,8/28/2025,2025,BFM,Cucumber Katrina - lb,$4.50,15,0,15,$67.50,,actual
2025-08-30,8/28/2025,2025,BFM,Cucumber Pickling - lb,$3.50,56,0,56,$196.00,,actual
2025-08-30,8/28/2025,2025,BFM,Dandelion - bu,$5.00,20,4,16,$80.00,,actual
2025-08-30,8/28/2025,2025,BFM,Eggplant Asian - lb,$5.00,0,0,0,$0.00,,actual
2025-08-30,8/28/2025,2025,BFM,Eggplant Italian Black - lb,$5.00,17.5,0,17.5,$87.50,,actual
2025-08-30,8/28/2025,2025,BFM,Eggplant Italian Striped - lb,$5.00,35,-3,38,$190.00,,actual
2025-08-30,8/28/2025,2025,BFM,Eggplant Mini - Pt,$6.00,24,4,20,$120.00,,actual
2025-08-30,8/28/2025,2025,BFM,Eggplant Mini - Qt,$11.00,16,0,16,$176.00,,actual
2025-08-30,8/28/2025,2025,BFM,Garlic - lb,$16.00,6.7,0,6.7,$107.20,,actual
2025-08-30,8/28/2025,2025,BFM,Kale Curly - bu,$5.00,40,5,35,$175.00,,actual
2025-08-30,8/28/2025,2025,BFM,Kale Lacinato - bu,$5.00,43,0,43,$215.00,,actual
2025-08-30,8/28/2025,2025,BFM,Parsley - bu,$4.00,52,8,44,$176.00,,actual
2025-08-30,8/28/2025,2025,BFM,Pepper Carmen - lb,$5.00,100,25,75,$375.00,,actual
2025-08-30,8/28/2025,2025,BFM,Pepper Hot - ea,$1.00,0,0,0,$0.00,,actual
2025-08-30,8/28/2025,2025,BFM,Pepper Shishito - Pt,$6.00,23,0,23,$138.00,,actual
2025-08-30,8/28/2025,2025,BFM,Pepper Shishito - Qt,$11.00,21,0,21,$231.00,,actual
2025-08-30,8/28/2025,2025,BFM,Potato Red - lb,$3.50,100,5,95,$332.50,,actual
2025-08-30,8/28/2025,2025,BFM,Salad Mix - 1/3 lb,$7.00,17,0,17,$119.00,,actual
2025-08-30,8/28/2025,2025,BFM,Salad Mix - 2/3 lb ,$14.00,10,0,10,$140.00,,actual
2025-08-30,8/28/2025,2025,BFM,Tomato Cherry Mix - Pt,$6.00,79,6,73,$437.93,,actual
2025-08-30,8/28/2025,2025,BFM,Tomato Cherry Sungold - pt,$6.00,65,3,62,$371.94,,actual
2025-08-30,8/28/2025,2025,BFM,Tomato Heirloom - lb,$5.00,25,0,25,$125.00,,actual
2025-08-30,8/28/2025,2025,BFM,Winter Squash Acorn - lb,$4.00,46.8,27.7,19.1,$76.40,,actual
2025-08-30,8/28/2025,2025,KFM,Winter Squash Delicata - lb,$4.00,28.75,0,28.75,$115.00,,actual
2025-08-30,8/28/2025,2025,KFM,Salad Mix - 2/3 lb ,$14.00,10,0,10,$140.00,,actual
2025-08-30,8/28/2025,2025,BFM,Winter Squash Delicata - lb,$4.00,29.1,0,29.1,$116.40,,actual
2025-09-03,9/2/2025,2025,EFM,Arugula - 1/3 lb,$7.00,0,0,0,$0.00,,actual
2025-09-03,9/2/2025,2025,EFM,Basil - bu,$4.00,5,0,5,$20.00,,actual
2025-09-03,9/2/2025,2025,EFM,Beets Bulk Golden - lb,$3.50,5,4,1,$3.50,,actual
2025-09-03,9/2/2025,2025,EFM,Beets Bulk Red - lb,$3.50,5,4,1,$3.50,,actual
2025-09-03,9/2/2025,2025,EFM,Bok Choy - lb,$5.00,5,0,5,$25.00,Variety: 1/2 lb bags,actual
2025-09-03,9/2/2025,2025,EFM,Cabbage Cone - lb,$3.00,9.1,1.6,7.5,$22.50,,actual
2025-09-03,9/2/2025,2025,EFM,Cabbage Flat - lb,$3.00,4.7,2.5,2.2,$6.60,,actual
2025-09-03,9/2/2025,2025,EFM,Cabbage Red - lb,$3.00,7.3,6,1.3,$3.90,,actual
2025-09-03,9/2/2025,2025,EFM,Cabbage Savoy - lb,$3.00,5.1,4.2,0.9,$2.70,,actual
2025-09-03,9/2/2025,2025,EFM,Celery - bu,$5.00,4,1,3,$15.00,,actual
2025-09-03,9/2/2025,2025,EFM,Chard - bu,$5.00,8,5,3,$15.00,,actual
2025-09-03,9/2/2025,2025,EFM,Cilantro - bu,$4.00,5,3,2,$8.00,,actual
2025-09-03,9/2/2025,2025,EFM,Cucumber - lb,$3.50,12.3,2.8,9.5,$33.25,,actual
2025-09-03,9/2/2025,2025,EFM,Cucumber Katrina - lb,$4.50,7.1,1.7,5.4,$24.30,,actual
2025-09-03,9/2/2025,2025,EFM,Cucumber Pickling - lb,$3.50,5,0,5,$17.50,,actual
2025-09-03,9/2/2025,2025,EFM,Dandelion - bu,$5.00,6,6,0,$0.00,,actual
2025-09-03,9/2/2025,2025,EFM,Eggplant Asian - lb,$5.00,0,0,0,$0.00,,actual
2025-09-03,9/2/2025,2025,EFM,Eggplant Italian Black - lb,$5.00,5.2,1.75,3.45,$17.25,,actual
2025-09-03,9/2/2025,2025,EFM,Eggplant Italian Striped - lb,$5.00,3.5,0.4,3.1,$15.50,,actual
2025-09-03,9/2/2025,2025,EFM,Eggplant Mini - Pt,$6.00,8,4,4,$24.00,,actual
2025-09-03,9/2/2025,2025,EFM,Eggplant Mini - Qt,$11.00,0,0,0,$0.00,,actual
2025-09-03,9/2/2025,2025,EFM,Escarole - ea,$5.00,0,0,0,$0.00,,actual
2025-09-03,9/2/2025,2025,EFM,Garlic - lb,$16.00,1.1,0,1.1,$17.60,,actual
2025-09-03,9/2/2025,2025,EFM,Kale Curly - bu,$5.00,8,2,6,$30.00,,actual
2025-09-03,9/2/2025,2025,EFM,Kale Lacinato - bu,$5.00,0,0,0,$0.00,,actual
2025-09-03,9/2/2025,2025,EFM,Parsley - bu,$4.00,5,4,1,$4.00,,actual
2025-09-03,9/2/2025,2025,EFM,Pepper Carmen - lb,$5.00,12,7.8,4.2,$21.00,,actual
2025-09-03,9/2/2025,2025,EFM,Pepper Hot - ea,$1.00,0,0,0,$0.00,,actual
2025-09-03,9/2/2025,2025,EFM,Pepper Shishito - Pt,$6.00,8,6,2,$12.00,,actual
2025-09-03,9/2/2025,2025,EFM,Pepper Shishito - Qt,$11.00,0,0,0,$0.00,,actual
2025-09-03,9/2/2025,2025,EFM,Potato Red - lb,$5.00,8,1,7,$34.99,Variety: quarts,actual
2025-09-03,9/2/2025,2025,EFM,Tomato Cherry Mix - Pt,$6.00,15,9,6,$35.99,,actual
2025-09-03,9/2/2025,2025,EFM,Tomato Cherry Sungold - pt,$6.00,15,4,11,$65.99,,actual
2025-09-03,9/2/2025,2025,EFM,Tomato Heirloom - lb,$5.00,25,11,14,$70.00,,actual
2025-09-03,9/2/2025,2025,EFM,Winter Squash Acorn - lb,$4.00,18.4,16,2.4,$9.60,,actual
2025-09-03,9/2/2025,2025,EFM,Winter Squash Delicata - lb,$4.00,0,0,0,$0.00,,actual
2025-09-06,9/4/2025,2025,KFM,Arugula - 1/3 lb,$7.00,13,0,13,$91.00,,actual
2025-09-06,9/4/2025,2025,KFM,Basil - bu,$4.00,55,17,38,$152.00,,actual
2025-09-06,9/4/2025,2025,KFM,Beets Bulk Golden - lb,$3.50,28.5,12,16.5,$57.75,,actual
2025-09-06,9/4/2025,2025,KFM,Beets Bulk Red - lb,$3.50,27.5,13,14.5,$50.75,,actual
2025-09-06,9/4/2025,2025,KFM,Bok Choy - lb,$5.00,23,0,23,$115.00,Variety: bunches,actual
2025-09-06,9/4/2025,2025,KFM,Cabbage Cone - lb,$3.00,33.1,13.6,19.5,$58.50,,actual
2025-09-06,9/4/2025,2025,KFM,Cabbage Flat - lb,$3.00,26.1,14.4,11.7,$35.10,,actual
2025-09-06,9/4/2025,2025,KFM,Cabbage Red - lb,$3.00,30.9,0,30.9,$92.70,,actual
2025-09-06,9/4/2025,2025,KFM,Cabbage Savoy - lb,$3.00,20.9,6.3,14.6,$43.80,,actual
2025-09-06,9/4/2025,2025,KFM,Celery - bu,$5.00,28,9,19,$95.00,,actual
2025-09-06,9/4/2025,2025,KFM,Chard - bu,$5.00,25,0,25,$125.00,,actual
2025-09-06,9/4/2025,2025,KFM,Cilantro - bu,$4.00,65,2,63,$252.00,,actual
2025-09-06,9/4/2025,2025,KFM,Cucumber - lb,$3.50,94.5,15,79.5,$278.25,,actual
2025-09-06,9/4/2025,2025,KFM,Cucumber Katrina - lb,$4.50,9.7,0,9.7,$43.65,,actual
2025-09-06,9/4/2025,2025,KFM,Cucumber Pickling - lb,$3.50,39.7,0,39.7,$138.95,,actual
2025-09-06,9/4/2025,2025,KFM,Dandelion - bu,$5.00,22,0,22,$110.00,,actual
2025-09-06,9/4/2025,2025,KFM,Eggplant Asian - lb,$5.00,8.8,2.5,6.3,$31.50,,actual
2025-09-06,9/4/2025,2025,KFM,Eggplant Italian Black - lb,$5.00,8.9,4,4.9,$24.50,,actual
2025-09-06,9/4/2025,2025,KFM,Eggplant Italian Striped - lb,$5.00,30.3,15,15.3,$76.50,,actual
2025-09-06,9/4/2025,2025,KFM,Eggplant Mini - Pt,$6.00,25,12,13,$78.00,,actual
2025-09-06,9/4/2025,2025,KFM,Eggplant Mini - Qt,$11.00,13,3,10,$110.00,,actual
2025-09-06,9/4/2025,2025,KFM,Escarole - ea,$5.00,14,0,14,$70.00,,actual
2025-09-06,9/4/2025,2025,KFM,Garlic - lb,$16.00,8.8,0,8.8,$140.80,,actual
2025-09-06,9/4/2025,2025,KFM,Kale Curly - bu,$5.00,30,0,30,$150.00,,actual
2025-09-06,9/4/2025,2025,KFM,Parsley - bu,$4.00,60,15,45,$180.00,,actual
2025-09-06,9/4/2025,2025,KFM,Pepper Carmen - lb,$5.00,100,30,70,$350.00,,actual
2025-09-06,9/4/2025,2025,KFM,Pepper Hot - ea,$1.00,35,2,33,$33.00,,actual
2025-09-06,9/4/2025,2025,KFM,Pepper Shishito - Pt,$6.00,23,3,20,$120.00,,actual
2025-09-06,9/4/2025,2025,KFM,Pepper Shishito - Qt,$11.00,12,0,12,$132.00,,actual
2025-09-06,9/4/2025,2025,KFM,Potato Red - lb,$3.50,79.5,25.5,54,$189.00,,actual
2025-09-06,9/4/2025,2025,KFM,Tomato Cherry Mix - Pt,$6.00,102,54,48,$287.95,,actual
2025-09-06,9/4/2025,2025,KFM,Tomato Cherry Sungold - pt,$6.00,64,0,64,$383.94,,actual
2025-09-06,9/4/2025,2025,KFM,Tomato Heirloom - lb,$5.00,50,16.5,33.5,$167.50,,actual
2025-09-06,9/4/2025,2025,KFM,Winter Squash Acorn - lb,$4.00,48.9,20,28.9,$115.60,,actual
2025-09-06,9/4/2025,2025,KFM,Winter Squash Delicata - lb,$4.00,36.3,2,34.3,$137.20,,actual
2025-09-06,9/4/2025,2025,BFM,Arugula - 1/3 lb,$7.00,12,0,12,$84.00,,actual
2025-09-06,9/4/2025,2025,BFM,Basil - bu,$4.00,50,-11,61,$244.00,,actual
2025-09-06,9/4/2025,2025,BFM,Beets Bulk Golden - lb,$3.50,27.5,14.5,13,$45.50,,actual
2025-09-06,9/4/2025,2025,BFM,Beets Bulk Red - lb,$3.50,27.5,17.5,10,$35.00,,actual
2025-09-06,9/4/2025,2025,BFM,Bok Choy - lb,$5.00,22,0,22,$110.00,Variety: bunches,actual
2025-09-06,9/4/2025,2025,BFM,Cabbage Cone - lb,$3.00,22.3,2,20.3,$60.90,,actual
2025-09-06,9/4/2025,2025,BFM,Cabbage Flat - lb,$3.00,25.2,6.5,18.7,$56.10,,actual
2025-09-06,9/4/2025,2025,BFM,Cabbage Red - lb,$3.00,33.6,0,33.6,$100.80,,actual
2025-09-06,9/4/2025,2025,BFM,Cabbage Savoy - lb,$3.00,20.75,10,10.75,$32.25,,actual
2025-09-06,9/4/2025,2025,BFM,Celery - bu,$5.00,23,-4,27,$135.00,,actual
2025-09-06,9/4/2025,2025,BFM,Chard - bu,$5.00,35,0,35,$175.00,,actual
2025-09-06,9/4/2025,2025,BFM,Cilantro - bu,$4.00,40,-2,42,$168.00,,actual
2025-09-06,9/4/2025,2025,BFM,Cucumber - lb,$3.50,84.5,0,84.5,$295.75,,actual
2025-09-06,9/4/2025,2025,BFM,Cucumber Katrina - lb,$4.50,0,0,0,$0.00,,actual
2025-09-06,9/4/2025,2025,BFM,Cucumber Pickling - lb,$3.50,36.8,0,36.8,$128.80,,actual
2025-09-06,9/4/2025,2025,BFM,Dandelion - bu,$5.00,20,4,16,$80.00,,actual
2025-09-06,9/4/2025,2025,BFM,Eggplant Asian - lb,$5.00,0,0,0,$0.00,,actual
2025-09-06,9/4/2025,2025,BFM,Eggplant Italian Black - lb,$5.00,8.8,-4,12.8,$64.00,,actual
2025-09-06,9/4/2025,2025,BFM,Eggplant Italian Striped - lb,$5.00,29.9,-2,31.9,$159.50,,actual
2025-09-06,9/4/2025,2025,BFM,Eggplant Mini - Pt,$6.00,25,4,21,$126.00,,actual
2025-09-06,9/4/2025,2025,BFM,Eggplant Mini - Qt,$11.00,12,0,12,$132.00,,actual
2025-09-06,9/4/2025,2025,BFM,Escarole - ea,$5.00,10,0,10,$50.00,,actual
2025-09-06,9/4/2025,2025,BFM,Garlic - lb,$16.00,0,0,0,$0.00,,actual
2025-09-06,9/4/2025,2025,BFM,Kale Curly - bu,$5.00,40,0,40,$200.00,,actual
2025-09-06,9/4/2025,2025,BFM,Parsley - bu,$4.00,45,-4,49,$196.00,,actual
2025-09-06,9/4/2025,2025,BFM,Pepper Carmen - lb,$5.00,80,12.2,67.8,$339.00,,actual
2025-09-06,9/4/2025,2025,BFM,Pepper Hot - ea,$1.00,35,0,35,$35.00,,actual
2025-09-06,9/4/2025,2025,BFM,Pepper Shishito - Pt,$6.00,22,4,18,$108.00,,actual
2025-09-06,9/4/2025,2025,BFM,Pepper Shishito - Qt,$11.00,16,0,16,$176.00,,actual
2025-09-06,9/4/2025,2025,BFM,Potato Red - lb,$3.50,78.75,11.5,67.25,$235.38,,actual
2025-09-06,9/4/2025,2025,BFM,Tomato Cherry Mix - Pt,$6.00,60,-5,65,$389.94,,actual
2025-09-06,9/4/2025,2025,BFM,Tomato Cherry Sungold - pt,$6.00,57,1,56,$335.94,,actual
2025-09-06,9/4/2025,2025,BFM,Tomato Heirloom - lb,$5.00,50,0,50,$250.00,,actual
2025-09-06,9/4/2025,2025,BFM,Winter Squash Acorn - lb,$4.00,38.8,1,37.8,$151.20,,actual
2025-09-06,9/4/2025,2025,BFM,Winter Squash Delicata - lb,$4.00,31,0,31,$124.00,,actual
2025-09-06,9/4/2025,2025,BFM,Salad Mix - 1/3 lb,$7.00,17,0,17,$119.00,Variety: cheap frills,actual
2025-09-06,9/4/2025,2025,KFM,Salad Mix - 1/3 lb,$7.00,16,0,16,$112.00,Variety: cheap frills,actual
2025-09-10,9/9/2025,2025,EFM,Arugula - 1/3 lb,$7.00,7,0,7,$49.00,,actual
2025-09-10,9/9/2025,2025,EFM,Basil - bu,$4.00,6,4,2,$8.00,,actual
2025-09-10,9/9/2025,2025,EFM,Beets Bulk Golden - lb,$5.00,3,2,1,$5.00,Variety: quarts,actual
2025-09-10,9/9/2025,2025,EFM,Beets Bulk Red - lb,$5.00,3,2,1,$5.00,Variety: quarts,actual
2025-09-10,9/9/2025,2025,EFM,Bok Choy - lb,$5.00,6,0,6,$30.00,Variety: bunches,actual
2025-09-10,9/9/2025,2025,EFM,Broccolini - bu,$6.00,0,0,0,$0.00,,actual
2025-09-10,9/9/2025,2025,EFM,Cabbage Cone - lb,$3.00,4,2,2,$6.00,,actual
2025-09-10,9/9/2025,2025,EFM,Cabbage Flat - lb,$3.00,3.9,3.9,0,$0.00,,actual
2025-09-10,9/9/2025,2025,EFM,Cabbage Red - lb,$3.00,5.2,2,3.2,$9.60,,actual
2025-09-10,9/9/2025,2025,EFM,Cabbage Savoy - lb,$3.00,3.8,1.9,1.9,$5.70,,actual
2025-09-10,9/9/2025,2025,EFM,Carrot - bu,$6.00,10,3,7,$42.00,,actual
2025-09-10,9/9/2025,2025,EFM,Cauliflower Sprouting - lb,$6.00,0,0,0,$0.00,,actual
2025-09-10,9/9/2025,2025,EFM,Celery - bu,$5.00,6,0,6,$30.00,,actual
2025-09-10,9/9/2025,2025,EFM,Chard - bu,$5.00,4,2,2,$10.00,,actual
2025-09-10,9/9/2025,2025,EFM,Cilantro - bu,$4.00,4,2,2,$8.00,,actual
2025-09-10,9/9/2025,2025,EFM,Collards - bu,$5.00,0,0,0,$0.00,,actual
2025-09-10,9/9/2025,2025,EFM,Dandelion - bu,$5.00,4,3,1,$5.00,,actual
2025-09-10,9/9/2025,2025,EFM,Eggplant Asian - lb,$5.00,0,0,0,$0.00,,actual
2025-09-10,9/9/2025,2025,EFM,Eggplant Italian Black - lb,$5.00,5,2.5,2.5,$12.50,,actual
2025-09-10,9/9/2025,2025,EFM,Eggplant Italian Striped - lb,$5.00,3,0.4,2.6,$13.00,,actual
2025-09-10,9/9/2025,2025,EFM,Eggplant Mini - Pt,$6.00,8,5,3,$18.00,,actual
2025-09-10,9/9/2025,2025,EFM,Eggplant Mini - Qt,$11.00,0,0,0,$0.00,,actual
2025-09-10,9/9/2025,2025,EFM,Escarole - ea,$5.00,4,1,3,$15.00,,actual
2025-09-10,9/9/2025,2025,EFM,Garlic - lb,$16.00,1.9,0,1.9,$30.40,,actual
2025-09-10,9/9/2025,2025,EFM,Kale Curly - bu,$5.00,6,3,3,$15.00,,actual
2025-09-10,9/9/2025,2025,EFM,Kale Lacinato - bu,$5.00,8,0,8,$40.00,,actual
2025-09-10,9/9/2025,2025,EFM,Parsley - bu,$4.00,4,2,2,$8.00,,actual
2025-09-10,9/9/2025,2025,EFM,Pepper Carmen - lb,$5.00,7,4.5,2.5,$12.50,,actual
2025-09-10,9/9/2025,2025,EFM,Pepper Hot - ea,$1.00,0,0,0,$0.00,,actual
2025-09-10,9/9/2025,2025,EFM,Pepper Shishito - Pt,$6.00,6,4,2,$12.00,,actual
2025-09-10,9/9/2025,2025,EFM,Pepper Shishito - Qt,$11.00,0,0,0,$0.00,,actual
2025-09-10,9/9/2025,2025,EFM,Potato Red - lb,$5.00,8,0,8,$39.98,Variety: quarts,actual
2025-09-10,9/9/2025,2025,EFM,Puntarelle - lb,$9.00,0,0,0,$0.00,,actual
2025-09-10,9/9/2025,2025,EFM,Radicchio Variegated - lb,$9.00,0,0,0,$0.00,,actual
2025-09-10,9/9/2025,2025,EFM,Radish Red - bu,$4.00,0,0,0,$0.00,,actual
2025-09-10,9/9/2025,2025,EFM,Salad Mix - 1/3 lb,$7.00,8,1,7,$49.00,,actual
2025-09-10,9/9/2025,2025,EFM,Salad Mix - 2/3 lb ,$14.00,9,5,4,$56.00,,actual
2025-09-10,9/9/2025,2025,EFM,Scallion - bu,$4.00,0,0,0,$0.00,,actual
2025-09-10,9/9/2025,2025,EFM,Tomato Cherry Mix - Pt,$6.00,15,9,6,$35.99,,actual
2025-09-10,9/9/2025,2025,EFM,Tomato Cherry Sungold - pt,$6.00,15,2,13,$77.99,,actual
2025-09-10,9/9/2025,2025,EFM,Tomato Heirloom - lb,$5.00,15,7.4,7.6,$38.00,,actual
2025-09-10,9/9/2025,2025,EFM,Winter Squash Acorn - lb,$4.00,8.75,1.5,7.25,$29.00,,actual
2025-09-10,9/9/2025,2025,EFM,Winter Squash Delicata - lb,$4.00,0,0,0,$0.00,,actual
2025-09-13,9/11/2025,2025,BFM,Arugula - 1/3 lb,$7.00,28,0,28,$196.00,,actual
2025-09-13,9/11/2025,2025,BFM,Arugula - 2/3 lb ,$14.00,14,9,5,$70.00,,actual
2025-09-13,9/11/2025,2025,BFM,Basil - bu,$4.00,60,5,55,$220.00,,actual
2025-09-13,9/11/2025,2025,BFM,Beets Bulk Golden - lb,$3.50,15.6,8,7.6,$26.60,,actual
2025-09-13,9/11/2025,2025,BFM,Beets Bulk Red - lb,$3.50,15.6,7.9,7.7,$26.95,,actual
2025-09-13,9/11/2025,2025,BFM,Bok Choy - lb,$5.00,30,0,30,$150.00,Variety: bunches,actual
2025-09-13,9/11/2025,2025,BFM,Broccolini - bu,$6.00,72,0,72,$432.00,,actual
2025-09-13,9/11/2025,2025,BFM,Cabbage Cone - lb,$3.00,24.5,2.4,22.1,$66.30,,actual
2025-09-13,9/11/2025,2025,BFM,Cabbage Flat - lb,$3.00,26.1,13.8,12.3,$36.90,,actual
2025-09-13,9/11/2025,2025,BFM,Cabbage Red - lb,$3.00,38.5,3.7,34.8,$104.40,,actual
2025-09-13,9/11/2025,2025,BFM,Cabbage Savoy - lb,$3.00,15.3,7,8.3,$24.90,,actual
2025-09-13,9/11/2025,2025,BFM,Carrot - bu,$6.00,60,0,60,$360.00,,actual
2025-09-13,9/11/2025,2025,BFM,Cauliflower Sprouting - lb,$6.00,0,0,0,$0.00,,actual
2025-09-13,9/11/2025,2025,BFM,Celery - bu,$5.00,25,0,25,$125.00,,actual
2025-09-13,9/11/2025,2025,BFM,Chard - bu,$5.00,35,4,31,$155.00,,actual
2025-09-13,9/11/2025,2025,BFM,Cilantro - bu,$4.00,56,22,34,$136.00,,actual
2025-09-13,9/11/2025,2025,BFM,Collards - bu,$5.00,10,5,5,$25.00,,actual
2025-09-13,9/11/2025,2025,BFM,Dandelion - bu,$5.00,15,3,12,$60.00,,actual
2025-09-13,9/11/2025,2025,BFM,Eggplant Asian - lb,$5.00,8.25,4.6,3.65,$18.25,,actual
2025-09-13,9/11/2025,2025,BFM,Eggplant Italian Black - lb,$5.00,10.75,1.2,9.55,$47.75,,actual
2025-09-13,9/11/2025,2025,BFM,Eggplant Italian Striped - lb,$5.00,20.2,2.5,17.7,$88.50,,actual
2025-09-13,9/11/2025,2025,BFM,Eggplant Mini - Pt,$6.00,20,2,18,$108.00,,actual
2025-09-13,9/11/2025,2025,BFM,Eggplant Mini - Qt,$11.00,15,0,15,$165.00,,actual
2025-09-13,9/11/2025,2025,BFM,Escarole - ea,$5.00,15,2,13,$65.00,,actual
2025-09-13,9/11/2025,2025,BFM,Garlic - lb,$16.00,0,0,0,$0.00,,actual
2025-09-13,9/11/2025,2025,BFM,Kale Curly - bu,$5.00,40,0,40,$200.00,,actual
2025-09-13,9/11/2025,2025,BFM,Kale Lacinato - bu,$5.00,40,0,40,$200.00,,actual
2025-09-13,9/11/2025,2025,BFM,Parsley - bu,$4.00,48,21,27,$108.00,,actual
2025-09-13,9/11/2025,2025,BFM,Pepper Carmen - lb,$5.00,65,18.2,46.8,$234.00,,actual
2025-09-13,9/11/2025,2025,BFM,Pepper Hot - ea,$1.00,28,0,28,$28.00,,actual
2025-09-13,9/11/2025,2025,BFM,Pepper Shishito - Pt,$6.00,20,7,13,$78.00,,actual
2025-09-13,9/11/2025,2025,BFM,Pepper Shishito - Qt,$11.00,12,0,12,$132.00,,actual
2025-09-13,9/11/2025,2025,BFM,Potato Blue - lb,$3.50,46.5,0,46.5,$162.75,,actual
2025-09-13,9/11/2025,2025,BFM,Puntarelle - lb,$9.00,14.1,0,14.1,$126.90,,actual
2025-09-13,9/11/2025,2025,BFM,Radish French Breakfast - bu,$4.00,12,0,12,$48.00,,actual
2025-09-13,9/11/2025,2025,BFM,Radish Purple - bu,$4.00,3,0,3,$12.00,,actual
2025-09-13,9/11/2025,2025,BFM,Radish Red - bu,$4.00,9,0,9,$36.00,,actual
2025-09-13,9/11/2025,2025,BFM,Salad Mix - 1 1/3 lb,$25.00,3,0,3,$75.00,,actual
2025-09-13,9/11/2025,2025,BFM,Salad Mix - 1/3 lb,$7.00,25,0,25,$175.00,,actual
2025-09-13,9/11/2025,2025,BFM,Salad Mix - 2/3 lb ,$14.00,45,6,39,$546.00,,actual
2025-09-13,9/11/2025,2025,BFM,Tomato Cherry Mix - Pt,$6.00,46,0,46,$275.95,,actual
2025-09-13,9/11/2025,2025,BFM,Tomato Cherry Sungold - pt,$6.00,45,0,45,$269.96,,actual
2025-09-13,9/11/2025,2025,BFM,Tomato Heirloom - lb,$5.00,75,17,58,$290.00,,actual
2025-09-13,9/11/2025,2025,BFM,Winter Squash Acorn - lb,$4.00,55,13.6,41.4,$165.60,,actual
2025-09-13,9/11/2025,2025,BFM,Winter Squash Delicata - lb,$4.00,57.9,7.7,50.2,$200.80,,actual
2025-09-13,9/11/2025,2025,KFM,Arugula - 1/3 lb,$7.00,29,4,25,$175.00,,actual
2025-09-13,9/11/2025,2025,KFM,Arugula - 2/3 lb ,$14.00,14,2,12,$168.00,,actual
2025-09-13,9/11/2025,2025,KFM,Basil - bu,$4.00,70,0,70,$280.00,,actual
2025-09-13,9/11/2025,2025,KFM,Beets Bulk Golden - lb,$3.50,18.75,13,5.75,$20.13,,actual
2025-09-13,9/11/2025,2025,KFM,Beets Bulk Red - lb,$3.50,18.75,12,6.75,$23.63,,actual
2025-09-13,9/11/2025,2025,KFM,Bok Choy - lb,$5.00,30,0,30,$150.00,Variety: bunches,actual
2025-09-13,9/11/2025,2025,KFM,Broccolini - bu,$6.00,73,0,73,$438.00,,actual
2025-09-13,9/11/2025,2025,KFM,Cabbage Cone - lb,$3.00,18.3,0,18.3,$54.90,,actual
2025-09-13,9/11/2025,2025,KFM,Cabbage Flat - lb,$3.00,21.2,8.4,12.8,$38.40,,actual
2025-09-13,9/11/2025,2025,KFM,Cabbage Red - lb,$3.00,38.6,15.4,23.2,$69.60,,actual
2025-09-13,9/11/2025,2025,KFM,Cabbage Savoy - lb,$3.00,16.7,7.7,9,$27.00,,actual
2025-09-13,9/11/2025,2025,KFM,Carrot - bu,$6.00,60,0,60,$360.00,,actual
2025-09-13,9/11/2025,2025,KFM,Cauliflower Sprouting - lb,$6.00,11,0,11,$66.00,,actual
2025-09-13,9/11/2025,2025,KFM,Celery - bu,$5.00,25,0,25,$125.00,,actual
2025-09-13,9/11/2025,2025,KFM,Chard - bu,$5.00,20,13,7,$35.00,,actual
2025-09-13,9/11/2025,2025,KFM,Cilantro - bu,$4.00,65,15,50,$200.00,,actual
2025-09-13,9/11/2025,2025,KFM,Collards - bu,$5.00,10,3,7,$35.00,,actual
2025-09-13,9/11/2025,2025,KFM,Dandelion - bu,$5.00,20,12,8,$40.00,,actual
2025-09-13,9/11/2025,2025,KFM,Eggplant Asian - lb,$5.00,8,2,6,$30.00,,actual
2025-09-13,9/11/2025,2025,KFM,Eggplant Italian Black - lb,$5.00,10.75,4,6.75,$33.75,,actual
2025-09-13,9/11/2025,2025,KFM,Eggplant Italian Striped - lb,$5.00,22.75,6,16.75,$83.75,,actual
2025-09-13,9/11/2025,2025,KFM,Eggplant Mini - Pt,$6.00,16,10,6,$36.00,,actual
2025-09-13,9/11/2025,2025,KFM,Eggplant Mini - Qt,$11.00,12,0,12,$132.00,,actual
2025-09-13,9/11/2025,2025,KFM,Escarole - ea,$5.00,20,12,8,$40.00,,actual
2025-09-13,9/11/2025,2025,KFM,Garlic - lb,$16.00,7.4,0,7.4,$118.40,,actual
2025-09-13,9/11/2025,2025,KFM,Kale Curly - bu,$5.00,25,11,14,$70.00,,actual
2025-09-13,9/11/2025,2025,KFM,Kale Lacinato - bu,$5.00,40,9,31,$155.00,,actual
2025-09-13,9/11/2025,2025,KFM,Parsley - bu,$4.00,49,12,37,$148.00,,actual
2025-09-13,9/11/2025,2025,KFM,Pepper Carmen - lb,$5.00,182,1.5,180.5,$902.50,,actual
2025-09-13,9/11/2025,2025,KFM,Pepper Hot - ea,$1.00,28,1,27,$27.00,,actual
2025-09-13,9/11/2025,2025,KFM,Pepper Shishito - Pt,$6.00,17,5,12,$72.00,,actual
2025-09-13,9/11/2025,2025,KFM,Pepper Shishito - Qt,$11.00,10,5,5,$55.00,,actual
2025-09-13,9/11/2025,2025,KFM,Potato Blue - lb,$3.50,46.5,0,46.5,$162.75,,actual
2025-09-13,9/11/2025,2025,KFM,Puntarelle - lb,$9.00,30,13,17,$153.00,,actual
2025-09-13,9/11/2025,2025,KFM,Radish French Breakfast - bu,$4.00,13,0,13,$52.00,,actual
2025-09-13,9/11/2025,2025,KFM,Radish Purple - bu,$4.00,3,0,3,$12.00,,actual
2025-09-13,9/11/2025,2025,KFM,Radish Red - bu,$4.00,8,0,8,$32.00,,actual
2025-09-13,9/11/2025,2025,KFM,Salad Mix - 1 1/3 lb,$25.00,3,0,3,$75.00,,actual
2025-09-13,9/11/2025,2025,KFM,Salad Mix - 1/3 lb,$7.00,25,3,22,$154.00,,actual
2025-09-13,9/11/2025,2025,KFM,Salad Mix - 2/3 lb ,$14.00,45,0,45,$630.00,,actual
2025-09-13,9/11/2025,2025,KFM,Tomato Cherry Mix - Pt,$6.00,45,12,33,$197.97,,actual
2025-09-13,9/11/2025,2025,KFM,Tomato Cherry Sungold - pt,$6.00,45,4,41,$245.96,,actual
2025-09-13,9/11/2025,2025,KFM,Tomato Heirloom - lb,$5.00,80,15,65,$325.00,,actual
2025-09-13,9/11/2025,2025,KFM,Winter Squash Acorn - lb,$4.00,51,22,29,$116.00,,actual
2025-09-13,9/11/2025,2025,KFM,Winter Squash Delicata - lb,$4.00,52,23,29,$116.00,,actual
2025-09-13,9/11/2025,2025,BFM,Tomato Sauce - Qt,$7.00,24,13,11,$77.00,,actual
2025-09-13,9/11/2025,2025,KFM,Tomato Sauce - Qt,$7.00,20,7,13,$91.00,,actual
2025-09-17,9/16/2025,2025,EFM,Arugula - 1/3 lb,$7.00,9,1,8,$56.00,,actual
2025-09-17,9/16/2025,2025,EFM,Arugula - 2/3 lb ,$14.00,0,0,0,$0.00,,actual
2025-09-17,9/16/2025,2025,EFM,Basil - bu,$4.00,3,1,2,$8.00,,actual
2025-09-17,9/16/2025,2025,EFM,Beets Bulk Golden - lb,$5.00,2,0,2,$10.00,Variety: quarts,actual
2025-09-17,9/16/2025,2025,EFM,Beets Bulk Red - lb,$5.00,2,0,2,$10.00,Variety: quarts,actual
2025-09-17,9/16/2025,2025,EFM,Bok Choy - lb,$5.00,8,1,7,$35.00,Variety: bunches,actual
2025-09-17,9/16/2025,2025,EFM,Broccolini - bu,$6.00,10,0,10,$60.00,,actual
2025-09-17,9/16/2025,2025,EFM,Cabbage Chinese - lb,$4.00,0,0,0,$0.00,,actual
2025-09-17,9/16/2025,2025,EFM,Cabbage Cone - lb,$3.00,6.6,2.5,4.1,$12.30,,actual
2025-09-17,9/16/2025,2025,EFM,Cabbage Flat - lb,$3.00,2.7,2.6,0.1,$0.30,,actual
2025-09-17,9/16/2025,2025,EFM,Cabbage Red - lb,$3.00,2.9,1,1.9,$5.70,,actual
2025-09-17,9/16/2025,2025,EFM,Cabbage Savoy - lb,$3.00,2.7,0.75,1.95,$5.85,,actual
2025-09-17,9/16/2025,2025,EFM,Carrot - bu,$6.00,8,0,8,$48.00,,actual
2025-09-17,9/16/2025,2025,EFM,Cauliflower Sprouting - lb,$6.00,0,0,0,$0.00,,actual
2025-09-17,9/16/2025,2025,EFM,Celery - bu,$5.00,4,1,3,$15.00,,actual
2025-09-17,9/16/2025,2025,EFM,Chard - bu,$5.00,3,0,3,$15.00,,actual
2025-09-17,9/16/2025,2025,EFM,Cilantro - bu,$4.00,3,0,3,$12.00,,actual
2025-09-17,9/16/2025,2025,EFM,Collards - bu,$5.00,0,0,0,$0.00,,actual
2025-09-17,9/16/2025,2025,EFM,Dandelion - bu,$5.00,2,1,1,$5.00,,actual
2025-09-17,9/16/2025,2025,EFM,Eggplant Asian - lb,$5.00,0,0,0,$0.00,,actual
2025-09-17,9/16/2025,2025,EFM,Eggplant Italian Black - lb,$5.00,4,0,4,$20.00,,actual
2025-09-17,9/16/2025,2025,EFM,Eggplant Italian Striped - lb,$5.00,4,0,4,$20.00,,actual
2025-09-17,9/16/2025,2025,EFM,Eggplant Mini - Pt,$6.00,4,0,4,$24.00,,actual
2025-09-17,9/16/2025,2025,EFM,Eggplant Mini - Qt,$11.00,0,0,0,$0.00,,actual
2025-09-17,9/16/2025,2025,EFM,Escarole - ea,$5.00,4,0,4,$20.00,,actual
2025-09-17,9/16/2025,2025,EFM,Garlic - lb,$16.00,1.7,0,1.7,$27.20,,actual
2025-09-17,9/16/2025,2025,EFM,Kale Curly - bu,$5.00,4,2,2,$10.00,,actual
2025-09-17,9/16/2025,2025,EFM,Kale Lacinato - bu,$5.00,8,0,8,$40.00,,actual
2025-09-17,9/16/2025,2025,EFM,Kohlrabi - bu,$5.00,0,0,0,$0.00,,actual
2025-09-17,9/16/2025,2025,EFM,Lettuce Mini Gem - ea,$3.00,0,0,0,$0.00,,actual
2025-09-17,9/16/2025,2025,EFM,Parsley - bu,$4.00,3,1,2,$8.00,,actual
2025-09-17,9/16/2025,2025,EFM,Pepper Carmen - lb,$5.00,5,1.25,3.75,$18.75,,actual
2025-09-17,9/16/2025,2025,EFM,Pepper Hot - ea,$1.00,0,0,0,$0.00,,actual
2025-09-17,9/16/2025,2025,EFM,Pepper Shishito - Pt,$6.00,4,3,1,$6.00,,actual
2025-09-17,9/16/2025,2025,EFM,Pepper Shishito - Qt,$11.00,0,0,0,$0.00,,actual
2025-09-17,9/16/2025,2025,EFM,Potato Red - lb,$5.00,8,3,5,$25.01,Variety: quarts,actual
2025-09-17,9/16/2025,2025,EFM,Puntarelle - lb,$9.00,2.6,0,2.6,$23.40,,actual
2025-09-17,9/16/2025,2025,EFM,Radicchio Variegated - lb,$9.00,0,0,0,$0.00,,actual
2025-09-17,9/16/2025,2025,EFM,Radish French Breakfast - bu,$4.00,3,2,1,$4.00,,actual
2025-09-17,9/16/2025,2025,EFM,Radish Purple - bu,$4.00,3,0,3,$12.00,,actual
2025-09-17,9/16/2025,2025,EFM,Radish Red - bu,$4.00,4,3,1,$4.00,,actual
2025-09-17,9/16/2025,2025,EFM,Salad Mix - 1 1/3 lb,$25.00,0,0,0,$0.00,,actual
2025-09-17,9/16/2025,2025,EFM,Salad Mix - 1/3 lb,$7.00,9,5,4,$28.00,,actual
2025-09-17,9/16/2025,2025,EFM,Salad Mix - 2/3 lb ,$14.00,8,5,3,$42.00,,actual
2025-09-17,9/16/2025,2025,EFM,Scallion - bu,$4.00,0,0,0,$0.00,,actual
2025-09-17,9/16/2025,2025,EFM,Tomato Cherry Mix - Pt,$6.00,10,0,10,$59.99,,actual
2025-09-17,9/16/2025,2025,EFM,Tomato Cherry Sungold - pt,$6.00,15,5,10,$59.99,,actual
2025-09-17,9/16/2025,2025,EFM,Tomato Heirloom - lb,$5.00,10,4.78,5.22,$26.10,,actual
2025-09-17,9/16/2025,2025,EFM,Tomato Sauce - Qt,$7.00,0,0,0,$0.00,,actual
2025-09-17,9/16/2025,2025,EFM,Winter Squash Acorn - lb,$4.00,10.7,9.7,1,$4.00,,actual
2025-09-17,9/16/2025,2025,EFM,Winter Squash Delicata - lb,$4.00,7.3,6.2,1.1,$4.40,,actual
2025-09-20,9/18/2025,2025,KFM,Arugula - 1/3 lb,$7.00,25,7,18,$126.00,,actual
2025-09-20,9/18/2025,2025,KFM,Arugula - 2/3 lb ,$14.00,7,1,6,$84.00,,actual
2025-09-20,9/18/2025,2025,KFM,Basil - bu,$4.00,40,13,27,$108.00,,actual
2025-09-20,9/18/2025,2025,KFM,Beets Golden - bu,$5.00,14,2,12,$60.00,,actual
2025-09-20,9/18/2025,2025,KFM,Beets Red - bu,$5.00,14,0,14,$70.00,,actual
2025-09-20,9/18/2025,2025,KFM,Bok Choy - ea,$2.50,80,16,64,$160.00,,actual
2025-09-20,9/18/2025,2025,KFM,Broccolini - bu,$6.00,111,3,108,$648.00,,actual
2025-09-20,9/18/2025,2025,KFM,Cabbage Chinese - lb,$4.00,34,20.4,13.6,$54.40,,actual
2025-09-20,9/18/2025,2025,KFM,Cabbage Cone - lb,$3.00,20,5.4,14.6,$43.80,,actual
2025-09-20,9/18/2025,2025,KFM,Cabbage Flat - lb,$3.00,21,5.25,15.75,$47.25,,actual
2025-09-20,9/18/2025,2025,KFM,Cabbage Red - lb,$3.00,24.5,3.3,21.2,$63.60,,actual
2025-09-20,9/18/2025,2025,KFM,Cabbage Savoy - lb,$3.00,11.2,3.7,7.5,$22.50,,actual
2025-09-20,9/18/2025,2025,KFM,Carrot - bu,$6.00,65,2,63,$378.00,,actual
2025-09-20,9/18/2025,2025,KFM,Cauliflower Sprouting - lb,$6.00,56,0,56,$336.00,,actual
2025-09-20,9/18/2025,2025,KFM,Celery - bu,$5.00,25,5,20,$100.00,,actual
2025-09-20,9/18/2025,2025,KFM,Chard - bu,$5.00,10,0,10,$50.00,,actual
2025-09-20,9/18/2025,2025,KFM,Cilantro - bu,$4.00,50,7,43,$172.00,,actual
2025-09-20,9/18/2025,2025,KFM,Collards - bu,$5.00,14,0,14,$70.00,,actual
2025-09-20,9/18/2025,2025,KFM,Dandelion - bu,$5.00,10,0,10,$50.00,,actual
2025-09-20,9/18/2025,2025,KFM,Eggplant Asian - lb,$5.00,15.9,8,7.9,$39.50,,actual
2025-09-20,9/18/2025,2025,KFM,Eggplant Italian Black - lb,$5.00,6.75,2,4.75,$23.75,,actual
2025-09-20,9/18/2025,2025,KFM,Eggplant Italian Striped - lb,$5.00,47.75,28,19.75,$98.75,,actual
2025-09-20,9/18/2025,2025,KFM,Eggplant Mini - Pt,$6.00,12,2,10,$60.00,,actual
2025-09-20,9/18/2025,2025,KFM,Eggplant Mini - Qt,$11.00,15,8,7,$77.00,,actual
2025-09-20,9/18/2025,2025,KFM,Escarole - ea,$5.00,8,4,4,$20.00,,actual
2025-09-20,9/18/2025,2025,KFM,Garlic - lb,$16.00,7.3,0,7.3,$116.80,,actual
2025-09-20,9/18/2025,2025,KFM,Kale Curly - bu,$5.00,15,4,11,$55.00,,actual
2025-09-20,9/18/2025,2025,KFM,Kale Lacinato - bu,$5.00,25,0,25,$125.00,,actual
2025-09-20,9/18/2025,2025,KFM,Kohlrabi - bu,$5.00,15,4,11,$55.00,,actual
2025-09-20,9/18/2025,2025,KFM,Lettuce Mini Gem - ea,$3.00,0,0,0,$0.00,,actual
2025-09-20,9/18/2025,2025,KFM,Parsley - bu,$4.00,40,13,27,$108.00,,actual
2025-09-20,9/18/2025,2025,KFM,Pepper Carmen - lb,$5.00,158,10,148,$740.00,,actual
2025-09-20,9/18/2025,2025,KFM,Pepper Hot - ea,$1.00,37,17,20,$20.00,,actual
2025-09-20,9/18/2025,2025,KFM,Pepper Shishito - Pt,$6.00,18,10,8,$48.00,,actual
2025-09-20,9/18/2025,2025,KFM,Pepper Shishito - Qt,$11.00,12,9,3,$33.00,,actual
2025-09-20,9/18/2025,2025,KFM,Potato Blue - lb,$3.50,69,18,51,$178.50,,actual
2025-09-20,9/18/2025,2025,KFM,Puntarelle - lb,$9.00,79,25,54,$486.00,,actual
2025-09-20,9/18/2025,2025,KFM,Radicchio Variegated - lb,$9.00,14.1,0,14.1,$126.90,,actual
2025-09-20,9/18/2025,2025,KFM,Radish French Breakfast - bu,$4.00,26,6,20,$80.00,,actual
2025-09-20,9/18/2025,2025,KFM,Radish Purple - bu,$4.00,20,2,18,$72.00,,actual
2025-09-20,9/18/2025,2025,KFM,Radish Red - bu,$4.00,20,11,9,$36.00,,actual
2025-09-20,9/18/2025,2025,KFM,Salad Mix - 1 1/3 lb,$25.00,7,0,7,$175.00,,actual
2025-09-20,9/18/2025,2025,KFM,Salad Mix - 1/3 lb,$7.00,20,0,20,$140.00,,actual
2025-09-20,9/18/2025,2025,KFM,Salad Mix - 2/3 lb ,$14.00,45,11,34,$476.00,,actual
2025-09-20,9/18/2025,2025,KFM,Scallion - bu,$4.00,28,0,28,$112.00,,actual
2025-09-20,9/18/2025,2025,KFM,Tomato Cherry Mix - Pt,$6.00,90,35,55,$329.95,,actual
2025-09-20,9/18/2025,2025,KFM,Tomato Cherry Sungold - pt,$6.00,48,15,33,$197.97,,actual
2025-09-20,9/18/2025,2025,KFM,Tomato Heirloom - lb,$5.00,77,45,32,$160.00,,actual
2025-09-20,9/18/2025,2025,KFM,Tomato Sauce - Qt,$5.00,8,0,8,$39.98,,actual
2025-09-20,9/18/2025,2025,KFM,Winter Squash Acorn - lb,$4.00,46,30,16,$64.00,,actual
2025-09-20,9/18/2025,2025,KFM,Winter Squash Delicata - lb,$4.00,33.5,14,19.5,$78.00,,actual
2025-09-20,9/18/2025,2025,BFM,Arugula - 1/3 lb,$7.00,26,9,17,$119.00,,actual
2025-09-20,9/18/2025,2025,BFM,Arugula - 2/3 lb ,$14.00,4,0,4,$56.00,,actual
2025-09-20,9/18/2025,2025,BFM,Basil - bu,$4.00,55,25,30,$120.00,,actual
2025-09-20,9/18/2025,2025,BFM,Beets Golden - bu,$5.00,15,0,15,$75.00,,actual
2025-09-20,9/18/2025,2025,BFM,Beets Red - bu,$5.00,15,0,15,$75.00,,actual
2025-09-20,9/18/2025,2025,BFM,Bok Choy - ea,$2.50,80,5,75,$187.50,,actual
2025-09-20,9/18/2025,2025,BFM,Broccolini - bu,$6.00,102,0,102,$612.00,,actual
2025-09-20,9/18/2025,2025,BFM,Cabbage Chinese - lb,$4.00,38.1,13,25.1,$100.40,,actual
2025-09-20,9/18/2025,2025,BFM,Cabbage Cone - lb,$3.00,23.5,0,23.5,$70.50,,actual
2025-09-20,9/18/2025,2025,BFM,Cabbage Flat - lb,$3.00,17.4,2.4,15,$45.00,,actual
2025-09-20,9/18/2025,2025,BFM,Cabbage Red - lb,$3.00,25,0,25,$75.00,,actual
2025-09-20,9/18/2025,2025,BFM,Cabbage Savoy - lb,$3.00,9.2,0,9.2,$27.60,,actual
2025-09-20,9/18/2025,2025,BFM,Carrot - bu,$6.00,65,0,65,$390.00,,actual
2025-09-20,9/18/2025,2025,BFM,Cauliflower Sprouting - lb,$6.00,55.6,0,55.6,$333.60,,actual
2025-09-20,9/18/2025,2025,BFM,Celery - bu,$5.00,25,0,25,$125.00,,actual
2025-09-20,9/18/2025,2025,BFM,Chard - bu,$5.00,35,6,29,$145.00,,actual
2025-09-20,9/18/2025,2025,BFM,Cilantro - bu,$4.00,35,0,35,$140.00,,actual
2025-09-20,9/18/2025,2025,BFM,Collards - bu,$5.00,11,2,9,$45.00,,actual
2025-09-20,9/18/2025,2025,BFM,Dandelion - bu,$5.00,15,3,12,$60.00,,actual
2025-09-20,9/18/2025,2025,BFM,Eggplant Asian - lb,$5.00,0,0,0,$0.00,,actual
2025-09-20,9/18/2025,2025,BFM,Eggplant Italian Black - lb,$5.00,5.9,1.2,4.7,$23.50,,actual
2025-09-20,9/18/2025,2025,BFM,Eggplant Italian Striped - lb,$5.00,30,1.2,28.8,$144.00,,actual
2025-09-20,9/18/2025,2025,BFM,Eggplant Mini - Pt,$6.00,22,8,14,$84.00,,actual
2025-09-20,9/18/2025,2025,BFM,Eggplant Mini - Qt,$11.00,20,8,12,$132.00,,actual
2025-09-20,9/18/2025,2025,BFM,Escarole - ea,$5.00,7,0,7,$35.00,,actual
2025-09-20,9/18/2025,2025,BFM,Garlic - lb,$16.00,0,0,0,$0.00,,actual
2025-09-20,9/18/2025,2025,BFM,Kale Curly - bu,$5.00,40,1,39,$195.00,,actual
2025-09-20,9/18/2025,2025,BFM,Kale Lacinato - bu,$5.00,40,0,40,$200.00,,actual
2025-09-20,9/18/2025,2025,BFM,Kohlrabi - bu,$5.00,15,0,15,$75.00,,actual
2025-09-20,9/18/2025,2025,BFM,Lettuce Mini Gem - ea,$3.00,0,0,0,$0.00,,actual
2025-09-20,9/18/2025,2025,BFM,Parsley - bu,$4.00,30,0,30,$120.00,,actual
2025-09-20,9/18/2025,2025,BFM,Pepper Carmen - lb,$5.00,40,0.5,39.5,$197.50,,actual
2025-09-20,9/18/2025,2025,BFM,Pepper Hot - ea,$1.00,37,0,37,$37.00,,actual
2025-09-20,9/18/2025,2025,BFM,Pepper Shishito - Pt,$6.00,24,1,23,$138.00,,actual
2025-09-20,9/18/2025,2025,BFM,Pepper Shishito - Qt,$11.00,15,1,14,$154.00,,actual
2025-09-20,9/18/2025,2025,BFM,Potato Blue - lb,$3.50,69,10,59,$206.50,,actual
2025-09-20,9/18/2025,2025,BFM,Puntarelle - lb,$9.00,39.5,4.5,35,$315.00,,actual
2025-09-20,9/18/2025,2025,BFM,Radicchio Variegated - lb,$9.00,9.6,1.7,7.9,$71.10,,actual
2025-09-20,9/18/2025,2025,BFM,Radish French Breakfast - bu,$4.00,26,0,26,$104.00,,actual
2025-09-20,9/18/2025,2025,BFM,Radish Purple - bu,$4.00,20,0,20,$80.00,,actual
2025-09-20,9/18/2025,2025,BFM,Radish Red - bu,$4.00,20,0,20,$80.00,,actual
2025-09-20,9/18/2025,2025,BFM,Salad Mix - 1 1/3 lb,$25.00,7,0,7,$175.00,,actual
2025-09-20,9/18/2025,2025,BFM,Salad Mix - 1/3 lb,$7.00,35,5,30,$210.00,,actual
2025-09-20,9/18/2025,2025,BFM,Salad Mix - 2/3 lb ,$14.00,40,5,35,$490.00,,actual
2025-09-20,9/18/2025,2025,BFM,Scallion - bu,$4.00,28,0,28,$112.00,,actual
2025-09-20,9/18/2025,2025,BFM,Tomato Cherry Mix - Pt,$6.00,88,6,82,$491.92,,actual
2025-09-20,9/18/2025,2025,BFM,Tomato Cherry Sungold - pt,$6.00,55,7,48,$287.95,,actual
2025-09-20,9/18/2025,2025,BFM,Tomato Heirloom - lb,$5.00,55,-12,67,$335.00,,actual
2025-09-20,9/18/2025,2025,BFM,Tomato Sauce - Qt,$5.00,0,0,0,$0.00,,actual
2025-09-20,9/18/2025,2025,BFM,Winter Squash Acorn - lb,$4.00,71,15,56,$224.00,,actual
2025-09-20,9/18/2025,2025,BFM,Winter Squash Delicata - lb,$4.00,38.75,0,38.75,$155.00,,actual
2025-09-24,9/23/2025,2025,EFM,Arugula - 1/3 lb,$7.00,8,0,8,$56.00,,actual
2025-09-24,9/23/2025,2025,EFM,Arugula - 2/3 lb ,$14.00,0,0,0,$0.00,,actual
2025-09-24,9/23/2025,2025,EFM,Basil - bu,$4.00,3,1,2,$8.00,,actual
2025-09-24,9/23/2025,2025,EFM,Beets Golden - bu,$5.00,3,0,3,$15.00,,actual
2025-09-24,9/23/2025,2025,EFM,Beets Red - bu,$5.00,3,0,3,$15.00,,actual
2025-09-24,9/23/2025,2025,EFM,Bok Choy - ea,$2.50,10,1,9,$22.50,,actual
2025-09-24,9/23/2025,2025,EFM,Broccolini - bu,$6.00,12,2,10,$60.00,,actual
2025-09-24,9/23/2025,2025,EFM,Cabbage Chinese - lb,$4.00,5.5,5.5,0,$0.00,,actual
2025-09-24,9/23/2025,2025,EFM,Cabbage Cone - lb,$3.00,3,1.2,1.8,$5.40,,actual
2025-09-24,9/23/2025,2025,EFM,Cabbage Flat - lb,$3.00,4.9,2.2,2.7,$8.10,,actual
2025-09-24,9/23/2025,2025,EFM,Cabbage Red - lb,$3.00,1.6,1.6,0,$0.00,,actual
2025-09-24,9/23/2025,2025,EFM,Cabbage Savoy - lb,$3.00,2.3,2.3,0,$0.00,,actual
2025-09-24,9/23/2025,2025,EFM,Carrot - bu,$6.00,10,3,7,$42.00,,actual
2025-09-24,9/23/2025,2025,EFM,Cauliflower Romanesco - lb,$4.00,0,0,0,$0.00,,actual
2025-09-24,9/23/2025,2025,EFM,Cauliflower Sprouting - lb,$6.00,0,0,0,$0.00,,actual
2025-09-24,9/23/2025,2025,EFM,Celery - bu,$5.00,4,3,1,$5.00,,actual
2025-09-24,9/23/2025,2025,EFM,Chard - bu,$5.00,3,1,2,$10.00,,actual
2025-09-24,9/23/2025,2025,EFM,Cilantro - bu,$4.00,3,1,2,$8.00,,actual
2025-09-24,9/23/2025,2025,EFM,Collards - bu,$5.00,2,0,2,$10.00,,actual
2025-09-24,9/23/2025,2025,EFM,Dandelion - bu,$5.00,2,0,2,$10.00,,actual
2025-09-24,9/23/2025,2025,EFM,Eggplant Asian - lb,$5.00,0,0,0,$0.00,,actual
2025-09-24,9/23/2025,2025,EFM,Eggplant Italian Black - lb,$5.00,4.5,4.5,0,$0.00,,actual
2025-09-24,9/23/2025,2025,EFM,Eggplant Italian Striped - lb,$5.00,4.5,3.2,1.3,$6.50,,actual
2025-09-24,9/23/2025,2025,EFM,Eggplant Mini - Pt,$6.00,5,2,3,$18.00,,actual
2025-09-24,9/23/2025,2025,EFM,Eggplant Mini - Qt,$11.00,0,0,0,$0.00,,actual
2025-09-24,9/23/2025,2025,EFM,Escarole - ea,$5.00,4,0,4,$20.00,,actual
2025-09-24,9/23/2025,2025,EFM,Garlic - lb,$16.00,1.3,0,1.3,$20.80,,actual
2025-09-24,9/23/2025,2025,EFM,Kale Curly - bu,$5.00,3,0,3,$15.00,,actual
2025-09-24,9/23/2025,2025,EFM,Kale Lacinato - bu,$5.00,10,4,6,$30.00,,actual
2025-09-24,9/23/2025,2025,EFM,Kohlrabi - bu,$5.00,2,1,1,$5.00,,actual
2025-09-24,9/23/2025,2025,EFM,Parsley - bu,$4.00,3,0,3,$12.00,,actual
2025-09-24,9/23/2025,2025,EFM,Pepper Carmen - lb,$5.00,5,2.6,2.4,$12.00,,actual
2025-09-24,9/23/2025,2025,EFM,Pepper Hot - ea,$1.00,0,0,0,$0.00,,actual
2025-09-24,9/23/2025,2025,EFM,Pepper Shishito - Pt,$6.00,0,0,0,$0.00,,actual
2025-09-24,9/23/2025,2025,EFM,Pepper Shishito - Qt,$11.00,0,0,0,$0.00,,actual
2025-09-24,9/23/2025,2025,EFM,Potato Blue - lb,$5.00,6,0,6,$29.99,Variety: quarts,actual
2025-09-24,9/23/2025,2025,EFM,Puntarelle - lb,$9.00,5.1,1.9,3.2,$28.80,,actual
2025-09-24,9/23/2025,2025,EFM,Radicchio Round - lb,$9.00,0,0,0,$0.00,,actual
2025-09-24,9/23/2025,2025,EFM,Radicchio Treviso - lb,$9.00,0,0,0,$0.00,,actual
2025-09-24,9/23/2025,2025,EFM,Radicchio Variegated - lb,$9.00,4,1.7,2.3,$20.70,,actual
2025-09-24,9/23/2025,2025,EFM,Radish Daikon Mix - bu,$3.50,0,0,0,$0.00,,actual
2025-09-24,9/23/2025,2025,EFM,Radish French Breakfast - bu,$4.00,2,0,2,$8.00,,actual
2025-09-24,9/23/2025,2025,EFM,Radish Purple - bu,$4.00,2,0,2,$8.00,,actual
2025-09-24,9/23/2025,2025,EFM,Radish Red - bu,$4.00,2,0,2,$8.00,,actual
2025-09-24,9/23/2025,2025,EFM,Salad Mix - 1 1/3 lb,$25.00,0,0,0,$0.00,,actual
2025-09-24,9/23/2025,2025,EFM,Salad Mix - 1/3 lb,$7.00,7,2,5,$35.00,,actual
2025-09-24,9/23/2025,2025,EFM,Salad Mix - 2/3 lb ,$14.00,7,3,4,$56.00,,actual
2025-09-24,9/23/2025,2025,EFM,Scallion - bu,$4.00,6,3,3,$12.00,,actual
2025-09-24,9/23/2025,2025,EFM,Tomato Cherry Mix - Pt,$6.00,10,1,9,$53.99,,actual
2025-09-24,9/23/2025,2025,EFM,Tomato Cherry Sungold - pt,$6.00,10,2,8,$47.99,,actual
2025-09-24,9/23/2025,2025,EFM,Tomato Heirloom - lb,$5.00,10,4.6,5.4,$27.00,,actual
2025-09-24,9/23/2025,2025,EFM,Tomato Sauce - Qt,$5.00,0,0,0,$0.00,,actual
2025-09-24,9/23/2025,2025,EFM,Turnip - bu,$5.00,0,0,0,$0.00,,actual
2025-09-24,9/23/2025,2025,EFM,Winter Squash Acorn - lb,$4.00,4.8,3.7,1.1,$4.40,,actual
2025-09-24,9/23/2025,2025,EFM,Winter Squash Delicata - lb,$4.00,5,1,4,$16.00,,actual
2025-09-27,9/25/2025,2025,KFM,Arugula - 1/3 lb,$7.00,30,7,23,$161.00,,actual
2025-09-27,9/25/2025,2025,KFM,Arugula - 2/3 lb ,$14.00,10,0,10,$140.00,,actual
2025-09-27,9/25/2025,2025,KFM,Basil - bu,$4.00,25,0,25,$100.00,,actual
2025-09-27,9/25/2025,2025,KFM,Beets Golden - bu,$5.00,15,0,15,$75.00,,actual
2025-09-27,9/25/2025,2025,KFM,Beets Red - bu,$5.00,15,0,15,$75.00,,actual
2025-09-27,9/25/2025,2025,KFM,Bok Choy - ea,$2.50,71,2,69,$172.50,,actual
2025-09-27,9/25/2025,2025,KFM,Broccolini - bu,$6.00,52,0,52,$312.00,,actual
2025-09-27,9/25/2025,2025,KFM,Cabbage Chinese - lb,$4.00,17.5,2.9,14.6,$58.40,,actual
2025-09-27,9/25/2025,2025,KFM,Cabbage Cone - lb,$3.00,15.3,0,15.3,$45.90,,actual
2025-09-27,9/25/2025,2025,KFM,Cabbage Flat - lb,$3.00,13.6,0.5,13.1,$39.30,,actual
2025-09-27,9/25/2025,2025,KFM,Cabbage Red - lb,$3.00,23.3,8.1,15.2,$45.60,,actual
2025-09-27,9/25/2025,2025,KFM,Cabbage Savoy - lb,$3.00,10.7,0,10.7,$32.10,,actual
2025-09-27,9/25/2025,2025,KFM,Carrot - bu,$6.00,70,0,70,$420.00,,actual
2025-09-27,9/25/2025,2025,KFM,Cauliflower Romanesco - lb,$4.00,17.2,0,17.2,$68.80,,actual
2025-09-27,9/25/2025,2025,KFM,Cauliflower Sprouting - lb,$6.00,56,1.25,54.75,$328.50,,actual
2025-09-27,9/25/2025,2025,KFM,Celery - bu,$5.00,20,0,20,$100.00,,actual
2025-09-27,9/25/2025,2025,KFM,Chard - bu,$5.00,10,1,9,$45.00,,actual
2025-09-27,9/25/2025,2025,KFM,Cilantro - bu,$4.00,44,0,44,$176.00,,actual
2025-09-27,9/25/2025,2025,KFM,Collards - bu,$5.00,15,1,14,$70.00,,actual
2025-09-27,9/25/2025,2025,KFM,Dandelion - bu,$5.00,12,0,12,$60.00,,actual
2025-09-27,9/25/2025,2025,KFM,Eggplant Asian - lb,$5.00,8.25,5,3.25,$16.25,,actual
2025-09-27,9/25/2025,2025,KFM,Eggplant Italian Black - lb,$5.00,5.25,2,3.25,$16.25,,actual
2025-09-27,9/25/2025,2025,KFM,Eggplant Italian Striped - lb,$5.00,20,6,14,$70.00,,actual
2025-09-27,9/25/2025,2025,KFM,Eggplant Mini - Pt,$6.00,10,0,10,$60.00,,actual
2025-09-27,9/25/2025,2025,KFM,Eggplant Mini - Qt,$11.00,6,0,6,$66.00,,actual
2025-09-27,9/25/2025,2025,KFM,Escarole - ea,$5.00,9,0,9,$45.00,,actual
2025-09-27,9/25/2025,2025,KFM,Garlic - lb,$16.00,6,0,6,$96.00,,actual
2025-09-27,9/25/2025,2025,KFM,Kale Curly - bu,$5.00,12,0,12,$60.00,,actual
2025-09-27,9/25/2025,2025,KFM,Kale Lacinato - bu,$5.00,35,0,35,$175.00,,actual
2025-09-27,9/25/2025,2025,KFM,Kohlrabi - bu,$5.00,10,0,10,$50.00,,actual
2025-09-27,9/25/2025,2025,KFM,Parsley - bu,$4.00,31,0,31,$124.00,,actual
2025-09-27,9/25/2025,2025,KFM,Pepper Carmen - lb,$5.00,60,15,45,$225.00,,actual
2025-09-27,9/25/2025,2025,KFM,Pepper Hot - ea,$1.00,30,0,30,$30.00,,actual
2025-09-27,9/25/2025,2025,KFM,Pepper Shishito - Pt,$6.00,8,0,8,$48.00,,actual
2025-09-27,9/25/2025,2025,KFM,Pepper Shishito - Qt,$11.00,4,1,3,$33.00,,actual
2025-09-27,9/25/2025,2025,KFM,Potato Blue - lb,$3.50,0,0,0,$0.00,,actual
2025-09-27,9/25/2025,2025,KFM,Puntarelle - lb,$9.00,60,8,52,$468.00,,actual
2025-09-27,9/25/2025,2025,KFM,Radicchio Round - lb,$9.00,33.5,7.4,26.1,$234.90,,actual
2025-09-27,9/25/2025,2025,KFM,Radicchio Treviso - lb,$9.00,23.4,1.5,21.9,$197.10,,actual
2025-09-27,9/25/2025,2025,KFM,Radicchio Variegated - lb,$9.00,16.5,2.75,13.75,$123.75,,actual
2025-09-27,9/25/2025,2025,KFM,Radish Daikon Mix - bu,$3.50,0,0,0,$0.00,,actual
2025-09-27,9/25/2025,2025,KFM,Radish French Breakfast - bu,$4.00,16,0,16,$64.00,,actual
2025-09-27,9/25/2025,2025,KFM,Radish Purple - bu,$4.00,18,1,17,$68.00,,actual
2025-09-27,9/25/2025,2025,KFM,Radish Red - bu,$4.00,12,0,12,$48.00,,actual
2025-09-27,9/25/2025,2025,KFM,Salad Mix - 1 1/3 lb,$25.00,5,1,4,$100.00,,actual
2025-09-27,9/25/2025,2025,KFM,Salad Mix - 1/3 lb,$7.00,25,1,24,$168.00,,actual
2025-09-27,9/25/2025,2025,KFM,Salad Mix - 2/3 lb ,$14.00,35,6,29,$406.00,,actual
2025-09-27,9/25/2025,2025,KFM,Scallion - bu,$4.00,40,0,40,$160.00,,actual
2025-09-27,9/25/2025,2025,KFM,Tomato Cherry Mix - Pt,$6.00,27,1,26,$155.97,,actual
2025-09-27,9/25/2025,2025,KFM,Tomato Cherry Sungold - pt,$6.00,32,0,32,$191.97,,actual
2025-09-27,9/25/2025,2025,KFM,Tomato Heirloom - lb,$5.00,50,0,50,$250.00,,actual
2025-09-27,9/25/2025,2025,KFM,Tomato Sauce - Qt,$5.00,10,8,2,$10.00,,actual
2025-09-27,9/25/2025,2025,KFM,Turnip - bu,$5.00,9,0,9,$45.00,,actual
2025-09-27,9/25/2025,2025,KFM,Winter Squash Acorn - lb,$4.00,33.4,5,28.4,$113.60,,actual
2025-09-27,9/25/2025,2025,KFM,Winter Squash Delicata - lb,$4.00,47.3,15,32.3,$129.20,,actual
2025-09-27,9/25/2025,2025,BFM,Arugula - 1/3 lb,$7.00,30,9,21,$147.00,,actual
2025-09-27,9/25/2025,2025,BFM,Arugula - 2/3 lb ,$14.00,10,3,7,$98.00,,actual
2025-09-27,9/25/2025,2025,BFM,Basil - bu,$4.00,25,0,25,$100.00,,actual
2025-09-27,9/25/2025,2025,BFM,Beets Golden - bu,$5.00,16,0,16,$80.00,,actual
2025-09-27,9/25/2025,2025,BFM,Beets Red - bu,$5.00,16,0,16,$80.00,,actual
2025-09-27,9/25/2025,2025,BFM,Bok Choy - ea,$2.50,70,5,65,$162.50,,actual
2025-09-27,9/25/2025,2025,BFM,Broccolini - bu,$6.00,52,0,52,$312.00,,actual
2025-09-27,9/25/2025,2025,BFM,Cabbage Chinese - lb,$4.00,19.4,6.7,12.7,$50.80,,actual
2025-09-27,9/25/2025,2025,BFM,Cabbage Cone - lb,$3.00,14.2,0,14.2,$42.60,,actual
2025-09-27,9/25/2025,2025,BFM,Cabbage Flat - lb,$3.00,18.2,6,12.2,$36.60,,actual
2025-09-27,9/25/2025,2025,BFM,Cabbage Red - lb,$3.00,24,3.3,20.7,$62.10,,actual
2025-09-27,9/25/2025,2025,BFM,Cabbage Savoy - lb,$3.00,10.7,2.6,8.1,$24.30,,actual
2025-09-27,9/25/2025,2025,BFM,Carrot - bu,$6.00,80,0,80,$480.00,,actual
2025-09-27,9/25/2025,2025,BFM,Cauliflower Romanesco - lb,$4.00,18,0,18,$72.00,,actual
2025-09-27,9/25/2025,2025,BFM,Cauliflower Sprouting - lb,$6.00,54.4,0,54.4,$326.40,,actual
2025-09-27,9/25/2025,2025,BFM,Celery - bu,$5.00,28,3,25,$125.00,,actual
2025-09-27,9/25/2025,2025,BFM,Chard - bu,$5.00,30,0,30,$150.00,,actual
2025-09-27,9/25/2025,2025,BFM,Cilantro - bu,$4.00,35,5,30,$120.00,,actual
2025-09-27,9/25/2025,2025,BFM,Collards - bu,$5.00,10,0,10,$50.00,,actual
2025-09-27,9/25/2025,2025,BFM,Dandelion - bu,$5.00,12,0,12,$60.00,,actual
2025-09-27,9/25/2025,2025,BFM,Eggplant Asian - lb,$5.00,7.5,7,0.5,$2.50,,actual
2025-09-27,9/25/2025,2025,BFM,Eggplant Italian Black - lb,$5.00,5.25,5.25,0,$0.00,,actual
2025-09-27,9/25/2025,2025,BFM,Eggplant Italian Striped - lb,$5.00,19.5,0,19.5,$97.50,,actual
2025-09-27,9/25/2025,2025,BFM,Eggplant Mini - Pt,$6.00,14,0,14,$84.00,,actual
2025-09-27,9/25/2025,2025,BFM,Eggplant Mini - Qt,$11.00,10,0,10,$110.00,,actual
2025-09-27,9/25/2025,2025,BFM,Escarole - ea,$5.00,8,1,7,$35.00,,actual
2025-09-27,9/25/2025,2025,BFM,Garlic - lb,$16.00,0,0,0,$0.00,,actual
2025-09-27,9/25/2025,2025,BFM,Kale Curly - bu,$5.00,40,6,34,$170.00,,actual
2025-09-27,9/25/2025,2025,BFM,Kale Lacinato - bu,$5.00,40,0,40,$200.00,,actual
2025-09-27,9/25/2025,2025,BFM,Kohlrabi - bu,$5.00,12,2,10,$50.00,,actual
2025-09-27,9/25/2025,2025,BFM,Parsley - bu,$4.00,35,1,34,$136.00,,actual
2025-09-27,9/25/2025,2025,BFM,Pepper Carmen - lb,$5.00,206,13.4,192.6,$963.00,,actual
2025-09-27,9/25/2025,2025,BFM,Pepper Hot - ea,$1.00,70,0,70,$70.00,,actual
2025-09-27,9/25/2025,2025,BFM,Pepper Shishito - Pt,$6.00,15,2,13,$78.00,,actual
2025-09-27,9/25/2025,2025,BFM,Pepper Shishito - Qt,$11.00,15,0,15,$165.00,,actual
2025-09-27,9/25/2025,2025,BFM,Potato Blue - lb,$3.50,0,0,0,$0.00,,actual
2025-09-27,9/25/2025,2025,BFM,Puntarelle - lb,$9.00,35,4.2,30.8,$277.20,,actual
2025-09-27,9/25/2025,2025,BFM,Radicchio Round - lb,$9.00,13.7,0,13.7,$123.30,,actual
2025-09-27,9/25/2025,2025,BFM,Radicchio Treviso - lb,$9.00,12.2,0,12.2,$109.80,,actual
2025-09-27,9/25/2025,2025,BFM,Radicchio Variegated - lb,$9.00,9.6,2.3,7.3,$65.70,,actual
2025-09-27,9/25/2025,2025,BFM,Radish Daikon Mix - bu,$3.50,0,0,0,$0.00,,actual
2025-09-27,9/25/2025,2025,BFM,Radish French Breakfast - bu,$4.00,15,0,15,$60.00,,actual
2025-09-27,9/25/2025,2025,BFM,Radish Purple - bu,$4.00,20,1,19,$76.00,,actual
2025-09-27,9/25/2025,2025,BFM,Radish Red - bu,$4.00,20,0,20,$80.00,,actual
2025-09-27,9/25/2025,2025,BFM,Salad Mix - 1 1/3 lb,$25.00,5,0,5,$125.00,,actual
2025-09-27,9/25/2025,2025,BFM,Salad Mix - 1/3 lb,$7.00,28,-3,31,$217.00,,actual
2025-09-27,9/25/2025,2025,BFM,Salad Mix - 2/3 lb ,$14.00,32,-1,33,$462.00,,actual
2025-09-27,9/25/2025,2025,BFM,Scallion - bu,$4.00,40,0,40,$160.00,,actual
2025-09-27,9/25/2025,2025,BFM,Tomato Cherry Mix - Pt,$6.00,13,0,13,$77.99,,actual
2025-09-27,9/25/2025,2025,BFM,Tomato Cherry Sungold - pt,$6.00,16,0,16,$95.98,,actual
2025-09-27,9/25/2025,2025,BFM,Tomato Heirloom - lb,$5.00,28.5,0,28.5,$142.50,,actual
2025-09-27,9/25/2025,2025,BFM,Tomato Sauce - Qt,$5.00,8,0,8,$39.98,,actual
2025-09-27,9/25/2025,2025,BFM,Turnip - bu,$5.00,0,0,0,$0.00,,actual
2025-09-27,9/25/2025,2025,BFM,Winter Squash Acorn - lb,$4.00,34.4,6,28.4,$113.60,,actual
2025-09-27,9/25/2025,2025,BFM,Winter Squash Delicata - lb,$4.00,55.8,12,43.8,$175.20,,actual
2025-09-27,9/25/2025,2025,KFM,Salad Mix - 1/3 lb,$7.00,16,15,1,$7.00,Variety: 1/2 lb greens mix,actual
2025-09-27,9/25/2025,2025,BFM,Salad Mix - 1/3 lb,$7.00,17,3,14,$98.00,Variety: 1/2 lb greens mix,actual
2025-10-01,9/30/2025,2025,EFM,Arugula - 1/3 lb,$7.00,9,2,7,$49.00,,actual
2025-10-01,9/30/2025,2025,EFM,Arugula - 2/3 lb ,$14.00,0,0,0,$0.00,,actual
2025-10-01,9/30/2025,2025,EFM,Basil - bu,$4.00,3,0,3,$12.00,,actual
2025-10-01,9/30/2025,2025,EFM,Beets Golden - bu,$5.00,3,0,3,$15.00,,actual
2025-10-01,9/30/2025,2025,EFM,Beets Red - bu,$5.00,4,0,4,$20.00,,actual
2025-10-01,9/30/2025,2025,EFM,Bok Choy - ea,$5.00,9,4,5,$25.00,Variety: bunches,actual
2025-10-01,9/30/2025,2025,EFM,Broccolini - bu,$6.00,12,3,9,$54.00,,actual
2025-10-01,9/30/2025,2025,EFM,Cabbage Chinese - lb,$4.00,3.8,1.7,2.1,$8.40,,actual
2025-10-01,9/30/2025,2025,EFM,Cabbage Cone - lb,$3.00,2.1,2.1,0,$0.00,,actual
2025-10-01,9/30/2025,2025,EFM,Cabbage Flat - lb,$3.00,3.4,3.4,0,$0.00,,actual
2025-10-01,9/30/2025,2025,EFM,Cabbage Red - lb,$3.00,1.9,0,1.9,$5.70,,actual
2025-10-01,9/30/2025,2025,EFM,Cabbage Savoy - lb,$3.00,1.8,1.8,0,$0.00,,actual
2025-10-01,9/30/2025,2025,EFM,Carrot - bu,$6.00,8,0,8,$48.00,,actual
2025-10-01,9/30/2025,2025,EFM,Cauliflower - lb,$4.00,0,0,0,$0.00,,actual
2025-10-01,9/30/2025,2025,EFM,Cauliflower Romanesco - lb,$4.00,3.25,0,3.25,$13.00,,actual
2025-10-01,9/30/2025,2025,EFM,Cauliflower Sprouting - lb,$6.00,0,0,0,$0.00,,actual
2025-10-01,9/30/2025,2025,EFM,Celery - bu,$5.00,3,2,1,$5.00,,actual
2025-10-01,9/30/2025,2025,EFM,Chard - bu,$5.00,3,1,2,$10.00,,actual
2025-10-01,9/30/2025,2025,EFM,Cilantro - bu,$4.00,3,3,0,$0.00,,actual
2025-10-01,9/30/2025,2025,EFM,Collards - bu,$5.00,3,0,3,$15.00,,actual
2025-10-01,9/30/2025,2025,EFM,Dandelion - bu,$5.00,3,3,0,$0.00,,actual
2025-10-01,9/30/2025,2025,EFM,Eggplant Asian - lb,$5.00,0,0,0,$0.00,,actual
2025-10-01,9/30/2025,2025,EFM,Eggplant Italian Black - lb,$5.00,3,0.6,2.4,$12.00,,actual
2025-10-01,9/30/2025,2025,EFM,Eggplant Italian Striped - lb,$5.00,3,0.4,2.6,$13.00,,actual
2025-10-01,9/30/2025,2025,EFM,Eggplant Mini - Pt,$6.00,4,4,0,$0.00,,actual
2025-10-01,9/30/2025,2025,EFM,Eggplant Mini - Qt,$11.00,0,0,0,$0.00,,actual
2025-10-01,9/30/2025,2025,EFM,Escarole - ea,$5.00,4,1,3,$15.00,,actual
2025-10-01,9/30/2025,2025,EFM,Fennel - ea,$4.00,0,0,0,$0.00,,actual
2025-10-01,9/30/2025,2025,EFM,Garlic - lb,$16.00,1.5,0,1.5,$24.00,,actual
2025-10-01,9/30/2025,2025,EFM,Kale Curly - bu,$5.00,4,0,4,$20.00,,actual
2025-10-01,9/30/2025,2025,EFM,Kale Lacinato - bu,$5.00,8,6,2,$10.00,,actual
2025-10-01,9/30/2025,2025,EFM,Kohlrabi - bu,$5.00,2,1,1,$5.00,,actual
2025-10-01,9/30/2025,2025,EFM,Parsley - bu,$4.00,4,1,3,$12.00,,actual
2025-10-01,9/30/2025,2025,EFM,Pepper Carmen - lb,$5.00,5,0.4,4.6,$23.00,,actual
2025-10-01,9/30/2025,2025,EFM,Pepper Hot - ea,$1.00,0,0,0,$0.00,,actual
2025-10-01,9/30/2025,2025,EFM,Pepper Shishito - Pt,$6.00,0,0,0,$0.00,,actual
2025-10-01,9/30/2025,2025,EFM,Pepper Shishito - Qt,$11.00,0,0,0,$0.00,,actual
2025-10-01,9/30/2025,2025,EFM,Potato Blue - lb,$5.00,9,1,8,$39.98,Variety: quarts,actual
2025-10-01,9/30/2025,2025,EFM,Puntarelle - lb,$9.00,2.1,0,2.1,$18.90,,actual
2025-10-01,9/30/2025,2025,EFM,Radicchio Round - lb,$9.00,1.6,0,1.6,$14.40,,actual
2025-10-01,9/30/2025,2025,EFM,Radicchio Treviso - lb,$9.00,1.5,0,1.5,$13.50,,actual
2025-10-01,9/30/2025,2025,EFM,Radicchio Variegated - lb,$9.00,1.1,1.1,0,$0.00,,actual
2025-10-01,9/30/2025,2025,EFM,Radish Daikon Mix - bu,$3.50,0,0,0,$0.00,,actual
2025-10-01,9/30/2025,2025,EFM,Radish French Breakfast - bu,$4.00,2,0,2,$8.00,,actual
2025-10-01,9/30/2025,2025,EFM,Radish Purple - bu,$4.00,2,0,2,$8.00,,actual
2025-10-01,9/30/2025,2025,EFM,Radish Red - bu,$4.00,3,2,1,$4.00,,actual
2025-10-01,9/30/2025,2025,EFM,Salad Mix - 1 1/3 lb,$25.00,0,0,0,$0.00,,actual
2025-10-01,9/30/2025,2025,EFM,Salad Mix - 1/3 lb,$7.00,6,1,5,$35.00,,actual
2025-10-01,9/30/2025,2025,EFM,Salad Mix - 2/3 lb ,$14.00,6,1,5,$70.00,,actual
2025-10-01,9/30/2025,2025,EFM,Scallion - bu,$4.00,4,0,4,$16.00,,actual
2025-10-01,9/30/2025,2025,EFM,Tomato Heirloom - lb,$5.00,6,0,6,$30.00,,actual
2025-10-01,9/30/2025,2025,EFM,Tomato Sauce - Qt,$5.00,0,0,0,$0.00,,actual
2025-10-01,9/30/2025,2025,EFM,Turnip - bu,$5.00,0,0,0,$0.00,,actual
2025-10-01,9/30/2025,2025,EFM,Winter Squash Acorn - lb,$4.00,4.75,0,4.75,$19.00,,actual
2025-10-01,9/30/2025,2025,EFM,Winter Squash Delicata - lb,$4.00,4.3,2.1,2.2,$8.80,,actual
2025-10-04,10/2/2025,2025,KFM,Arugula - 1/3 lb,$7.00,24,2,22,$154.00,,actual
2025-10-04,10/2/2025,2025,KFM,Arugula - 2/3 lb ,$14.00,0,0,0,$0.00,,actual
2025-10-04,10/2/2025,2025,KFM,Basil - bu,$4.00,0,0,0,$0.00,,actual
2025-10-04,10/2/2025,2025,KFM,Beets Golden - bu,$5.00,18,0,18,$90.00,,actual
2025-10-04,10/2/2025,2025,KFM,Beets Red - bu,$5.00,18,2,16,$80.00,,actual
2025-10-04,10/2/2025,2025,KFM,Broccolini - bu,$6.00,170,11,159,$954.00,,actual
2025-10-04,10/2/2025,2025,KFM,Cabbage Chinese - lb,$4.00,23.1,7.7,15.4,$61.60,,actual
2025-10-04,10/2/2025,2025,KFM,Cabbage Cone - lb,$3.00,26.8,7.3,19.5,$58.50,,actual
2025-10-04,10/2/2025,2025,KFM,Cabbage Flat - lb,$3.00,21,16.8,4.2,$12.60,,actual
2025-10-04,10/2/2025,2025,KFM,Cabbage Red - lb,$3.00,12.1,5.6,6.5,$19.50,,actual
2025-10-04,10/2/2025,2025,KFM,Cabbage Savoy - lb,$3.00,14.9,7.9,7,$21.00,,actual
2025-10-04,10/2/2025,2025,KFM,Carrot - bu,$6.00,80,8,72,$432.00,,actual
2025-10-04,10/2/2025,2025,KFM,Cauliflower - lb,$4.00,100,40,60,$240.00,,actual
2025-10-04,10/2/2025,2025,KFM,Cauliflower Purple - lb,$4.00,14.25,0,14.25,$57.00,,actual
2025-10-04,10/2/2025,2025,KFM,Cauliflower Romanesco - lb,$4.00,47,25,22,$88.00,,actual
2025-10-04,10/2/2025,2025,KFM,Cauliflower Sprouting - lb,$4.00,143.9,40,103.9,$415.81,,actual
2025-10-04,10/2/2025,2025,KFM,Celery - bu,$5.00,20,1,19,$95.00,,actual
2025-10-04,10/2/2025,2025,KFM,Chard - bu,$5.00,10,0,10,$50.00,,actual
2025-10-04,10/2/2025,2025,KFM,Cilantro - bu,$4.00,50,3,47,$188.00,,actual
2025-10-04,10/2/2025,2025,KFM,Collards - bu,$5.00,15,4,11,$55.00,,actual
2025-10-04,10/2/2025,2025,KFM,Dandelion - bu,$5.00,12,2,10,$50.00,,actual
2025-10-04,10/2/2025,2025,KFM,Eggplant Asian - lb,$5.00,3.5,3,0.5,$2.50,,actual
2025-10-04,10/2/2025,2025,KFM,Eggplant Italian Black - lb,$5.00,6.9,4,2.9,$14.50,,actual
2025-10-04,10/2/2025,2025,KFM,Eggplant Italian Striped - lb,$5.00,22.25,17,5.25,$26.25,,actual
2025-10-04,10/2/2025,2025,KFM,Eggplant Mini - Pt,$6.00,10,6,4,$24.00,,actual
2025-10-04,10/2/2025,2025,KFM,Eggplant Mini - Qt,$11.00,6,0,6,$66.00,,actual
2025-10-04,10/2/2025,2025,KFM,Escarole - ea,$5.00,10,0,10,$50.00,,actual
2025-10-04,10/2/2025,2025,KFM,Fennel - ea,$4.00,18,0,18,$72.00,,actual
2025-10-04,10/2/2025,2025,KFM,Garlic - lb,$16.00,5.25,0,5.25,$84.00,,actual
2025-10-04,10/2/2025,2025,KFM,Kale Curly - bu,$5.00,12,0,12,$60.00,,actual
2025-10-04,10/2/2025,2025,KFM,Kale Lacinato - bu,$5.00,45,0,45,$225.00,,actual
2025-10-04,10/2/2025,2025,KFM,Kohlrabi - bu,$5.00,10,5,5,$25.00,,actual
2025-10-04,10/2/2025,2025,KFM,Parsley - bu,$4.00,36,0,36,$144.00,,actual
2025-10-04,10/2/2025,2025,KFM,Pepper Carmen - lb,$5.00,200,50,150,$750.00,,actual
2025-10-04,10/2/2025,2025,KFM,Pepper Hot - ea,$1.00,55,15,40,$40.00,,actual
2025-10-04,10/2/2025,2025,KFM,Pepper Shishito - Pt,$6.00,6,0,6,$36.00,,actual
2025-10-04,10/2/2025,2025,KFM,Pepper Shishito - Qt,$11.00,4,0,4,$44.00,,actual
2025-10-04,10/2/2025,2025,KFM,Potato Blue - lb,$3.50,0,0,0,$0.00,,actual
2025-10-04,10/2/2025,2025,KFM,Puntarelle - lb,$7.00,40,15,25,$175.05,,actual
2025-10-04,10/2/2025,2025,KFM,Radicchio Round - lb,$9.00,24.6,1.9,22.7,$204.30,,actual
2025-10-04,10/2/2025,2025,KFM,Radicchio Treviso - lb,$9.00,41.7,6.4,35.3,$317.70,,actual
2025-10-04,10/2/2025,2025,KFM,Radicchio Variegated - lb,$9.00,13.2,0,13.2,$118.80,,actual
2025-10-04,10/2/2025,2025,KFM,Radish Daikon Mix - bu,$5.00,15,2,13,$64.97,,actual
2025-10-04,10/2/2025,2025,KFM,Radish French Breakfast - bu,$4.00,14,0,14,$56.00,,actual
2025-10-04,10/2/2025,2025,KFM,Radish Purple - bu,$4.00,18,3,15,$60.00,,actual
2025-10-04,10/2/2025,2025,KFM,Radish Red - bu,$4.00,11,2,9,$36.00,,actual
2025-10-04,10/2/2025,2025,KFM,Salad Mix - 1 1/3 lb,$25.00,7,0,7,$175.00,,actual
2025-10-04,10/2/2025,2025,KFM,Salad Mix - 1/3 lb,$7.00,25,3,22,$154.00,,actual
2025-10-04,10/2/2025,2025,KFM,Salad Mix - 2/3 lb ,$14.00,30,0,30,$420.00,,actual
2025-10-04,10/2/2025,2025,KFM,Scallion - bu,$4.00,46,5,41,$164.00,,actual
2025-10-04,10/2/2025,2025,KFM,Tomato Cherry Mix - Pt,$6.00,15,0,15,$89.99,,actual
2025-10-04,10/2/2025,2025,KFM,Tomato Cherry Sungold - pt,$6.00,15,0,15,$89.99,,actual
2025-10-04,10/2/2025,2025,KFM,Tomato Heirloom - lb,$5.00,10,0,10,$50.00,,actual
2025-10-04,10/2/2025,2025,KFM,Tomato Sauce - Qt,$2.00,50,22,28,$55.86,Variety: per lb,actual
2025-10-04,10/2/2025,2025,KFM,Turnip - bu,$5.00,0,0,0,$0.00,,actual
2025-10-04,10/2/2025,2025,BFM,Arugula - 1/3 lb,$7.00,22,0,22,$154.00,,actual
2025-10-04,10/2/2025,2025,BFM,Arugula - 2/3 lb ,$14.00,0,0,0,$0.00,,actual
2025-10-04,10/2/2025,2025,BFM,Basil - bu,$4.00,0,0,0,$0.00,,actual
2025-10-04,10/2/2025,2025,BFM,Beets Golden - bu,$5.00,18,0,18,$90.00,,actual
2025-10-04,10/2/2025,2025,BFM,Beets Red - bu,$5.00,20,-2,22,$110.00,,actual
2025-10-04,10/2/2025,2025,BFM,Broccolini - bu,$6.00,175,-5,180,"$1,080.00",,actual
2025-10-04,10/2/2025,2025,BFM,Cabbage Chinese - lb,$4.00,22.2,19.3,2.9,$11.60,,actual
2025-10-04,10/2/2025,2025,BFM,Cabbage Cone - lb,$3.00,25.3,0,25.3,$75.90,,actual
2025-10-04,10/2/2025,2025,BFM,Cabbage Flat - lb,$3.00,23.6,19.3,4.3,$12.90,,actual
2025-10-04,10/2/2025,2025,BFM,Cabbage Red - lb,$3.00,18.4,0,18.4,$55.20,,actual
2025-10-04,10/2/2025,2025,BFM,Cabbage Savoy - lb,$3.00,14.1,5.5,8.6,$25.80,,actual
2025-10-04,10/2/2025,2025,BFM,Carrot - bu,$6.00,80,0,80,$480.00,,actual
2025-10-04,10/2/2025,2025,BFM,Cauliflower - lb,$4.00,70.3,0,70.3,$281.20,,actual
2025-10-04,10/2/2025,2025,BFM,Cauliflower Romanesco - lb,$4.00,46.4,1.6,44.8,$179.20,,actual
2025-10-04,10/2/2025,2025,BFM,Cauliflower Sprouting - lb,$6.00,127.9,9,118.9,$713.40,,actual
2025-10-04,10/2/2025,2025,BFM,Celery - bu,$5.00,25,0,25,$125.00,,actual
2025-10-04,10/2/2025,2025,BFM,Chard - bu,$5.00,30,10,20,$100.00,,actual
2025-10-04,10/2/2025,2025,BFM,Cilantro - bu,$4.00,30,3,27,$108.00,,actual
2025-10-04,10/2/2025,2025,BFM,Collards - bu,$5.00,15,7,8,$40.00,,actual
2025-10-04,10/2/2025,2025,BFM,Dandelion - bu,$5.00,15,1,14,$70.00,,actual
2025-10-04,10/2/2025,2025,BFM,Eggplant Asian - lb,$5.00,0,0,0,$0.00,,actual
2025-10-04,10/2/2025,2025,BFM,Eggplant Italian Black - lb,$5.00,6.5,0,6.5,$32.50,,actual
2025-10-04,10/2/2025,2025,BFM,Eggplant Italian Striped - lb,$5.00,23,6,17,$85.00,,actual
2025-10-04,10/2/2025,2025,BFM,Eggplant Mini - Pt,$6.00,10,0,10,$60.00,,actual
2025-10-04,10/2/2025,2025,BFM,Eggplant Mini - Qt,$11.00,7,1,6,$66.00,,actual
2025-10-04,10/2/2025,2025,BFM,Escarole - ea,$5.00,8,1,7,$35.00,,actual
2025-10-04,10/2/2025,2025,BFM,Fennel - ea,$4.00,18,0,18,$72.00,,actual
2025-10-04,10/2/2025,2025,BFM,Garlic - lb,$16.00,0,0,0,$0.00,,actual
2025-10-04,10/2/2025,2025,BFM,Kale Curly - bu,$5.00,35,6,29,$145.00,,actual
2025-10-04,10/2/2025,2025,BFM,Kale Lacinato - bu,$5.00,45,3,42,$210.00,,actual
2025-10-04,10/2/2025,2025,BFM,Kohlrabi - bu,$5.00,10,0,10,$50.00,,actual
2025-10-04,10/2/2025,2025,BFM,Parsley - bu,$4.00,35,7,28,$112.00,,actual
2025-10-04,10/2/2025,2025,BFM,Pepper Carmen - lb,$5.00,50,11.3,38.7,$193.50,,actual
2025-10-04,10/2/2025,2025,BFM,Pepper Hot - ea,$1.00,110,32,78,$78.00,,actual
2025-10-04,10/2/2025,2025,BFM,Pepper Shishito - Pt,$6.00,12,0,12,$72.00,,actual
2025-10-04,10/2/2025,2025,BFM,Pepper Shishito - Qt,$11.00,18,5,13,$143.00,,actual
2025-10-04,10/2/2025,2025,BFM,Potato Blue - lb,$3.50,0,0,0,$0.00,,actual
2025-10-04,10/2/2025,2025,BFM,Puntarelle - lb,$9.00,30,23,7,$63.00,,actual
2025-10-04,10/2/2025,2025,BFM,Radicchio Round - lb,$9.00,14.2,5.5,8.7,$78.30,,actual
2025-10-04,10/2/2025,2025,BFM,Radicchio Treviso - lb,$9.00,17.2,2.6,14.6,$131.40,,actual
2025-10-04,10/2/2025,2025,BFM,Radicchio Variegated - lb,$9.00,8.6,2.5,6.1,$54.90,,actual
2025-10-04,10/2/2025,2025,BFM,Radish Daikon Mix - bu,$5.00,15,-1,16,$79.97,,actual
2025-10-04,10/2/2025,2025,BFM,Radish French Breakfast - bu,$4.00,14,0,14,$56.00,,actual
2025-10-04,10/2/2025,2025,BFM,Radish Purple - bu,$4.00,19,2,17,$68.00,,actual
2025-10-04,10/2/2025,2025,BFM,Radish Red - bu,$4.00,12,0,12,$48.00,,actual
2025-10-04,10/2/2025,2025,BFM,Salad Mix - 1 1/3 lb,$25.00,8,3,5,$125.00,,actual
2025-10-04,10/2/2025,2025,BFM,Salad Mix - 1/3 lb,$7.00,30,0,30,$210.00,,actual
2025-10-04,10/2/2025,2025,BFM,Salad Mix - 2/3 lb ,$14.00,35,6,29,$406.00,,actual
2025-10-04,10/2/2025,2025,BFM,Scallion - bu,$4.00,41,0,41,$164.00,,actual
2025-10-04,10/2/2025,2025,BFM,Tomato Heirloom - lb,$5.00,10,0,10,$50.00,,actual
2025-10-04,10/2/2025,2025,BFM,Tomato Sauce - Qt,$2.00,50,15,35,$69.83,Variety: per lb,actual
2025-10-04,10/2/2025,2025,BFM,Turnip - bu,$5.00,13,7,6,$30.00,,actual
2025-10-04,10/2/2025,2025,BFM,Winter Squash Acorn - lb,$4.00,0,0,0,$0.00,,actual
2025-10-04,10/2/2025,2025,BFM,Winter Squash Delicata - lb,$4.00,50,1,49,$196.00,,actual
2025-10-04,10/2/2025,2025,KFM,Winter Squash Acorn - lb,$4.00,0,0,0,$0.00,,actual
2025-10-04,10/2/2025,2025,BFM,Tomato Cherry Sungold - pt,$6.00,15,0,15,$89.99,,actual
2025-10-04,10/2/2025,2025,BFM,Cauliflower Purple - lb,$4.00,25.1,0,25.1,$100.40,,actual
2025-10-04,10/2/2025,2025,BFM,Tomato Cherry Mix - Pt,$6.00,15,0,15,$89.99,,actual
2025-10-04,10/2/2025,2025,KFM,Winter Squash Delicata - lb,$4.00,50,15,35,$140.00,,actual
2025-10-08,10/7/2025,2025,EFM,Arugula - 1/3 lb,$7.00,10,8,2,$14.00,,actual
2025-10-08,10/7/2025,2025,EFM,Beets Golden - bu,$5.00,3,3,0,$0.00,,actual
2025-10-08,10/7/2025,2025,EFM,Beets Red - bu,$5.00,4,1,3,$15.00,,actual
2025-10-08,10/7/2025,2025,EFM,Broccolini - bu,$6.00,10,5,5,$30.00,,actual
2025-10-08,10/7/2025,2025,EFM,Cabbage Chinese - lb,$4.00,6,6,0,$0.00,,actual
2025-10-08,10/7/2025,2025,EFM,Cabbage Cone - lb,$3.00,5.2,4.2,1,$3.00,,actual
2025-10-08,10/7/2025,2025,EFM,Cabbage Flat - lb,$3.00,3.4,3.4,0,$0.00,,actual
2025-10-08,10/7/2025,2025,EFM,Cabbage Red - lb,$3.00,2.1,1.8,0.3,$0.90,,actual
2025-10-08,10/7/2025,2025,EFM,Cabbage Savoy - lb,$3.00,2.25,2.25,0,$0.00,,actual
2025-10-08,10/7/2025,2025,EFM,Carrot - bu,$6.00,10,6,4,$24.00,,actual
2025-10-08,10/7/2025,2025,EFM,Cauliflower - lb,$4.00,3.25,2.25,1,$4.00,,actual
2025-10-08,10/7/2025,2025,EFM,Cauliflower Purple - lb,$4.00,3.2,0.5,2.7,$10.80,,actual
2025-10-08,10/7/2025,2025,EFM,Cauliflower Romanesco - lb,$4.00,1.8,0.9,0.9,$3.60,,actual
2025-10-08,10/7/2025,2025,EFM,Cauliflower Sprouting - lb,$4.00,3.1,0.5,2.6,$10.41,,actual
2025-10-08,10/7/2025,2025,EFM,Celery - bu,$5.00,3,0,3,$15.00,,actual
2025-10-08,10/7/2025,2025,EFM,Chard - bu,$5.00,3,3,0,$0.00,,actual
2025-10-08,10/7/2025,2025,EFM,Cilantro - bu,$4.00,3,2,1,$4.00,,actual
2025-10-08,10/7/2025,2025,EFM,Collards - bu,$5.00,3,2,1,$5.00,,actual
2025-10-08,10/7/2025,2025,EFM,Dandelion - bu,$5.00,3,3,0,$0.00,,actual
2025-10-08,10/7/2025,2025,EFM,Eggplant Asian - lb,$5.00,0,0,0,$0.00,,actual
2025-10-08,10/7/2025,2025,EFM,Eggplant Italian Black - lb,$5.00,3,2.7,0.3,$1.50,,actual
2025-10-08,10/7/2025,2025,EFM,Eggplant Italian Striped - lb,$5.00,3,1.9,1.1,$5.50,,actual
2025-10-08,10/7/2025,2025,EFM,Eggplant Mini - Pt,$6.00,0,0,0,$0.00,,actual
2025-10-08,10/7/2025,2025,EFM,Eggplant Mini - Qt,$11.00,0,0,0,$0.00,,actual
2025-10-08,10/7/2025,2025,EFM,Escarole - ea,$5.00,4,3,1,$5.00,,actual
2025-10-08,10/7/2025,2025,EFM,Fennel - ea,$4.00,4,4,0,$0.00,,actual
2025-10-08,10/7/2025,2025,EFM,Garlic - lb,$16.00,0.98,0,0.98,$15.68,,actual
2025-10-08,10/7/2025,2025,EFM,Kale Curly - bu,$5.00,5,3,2,$10.00,,actual
2025-10-08,10/7/2025,2025,EFM,Kale Lacinato - bu,$5.00,5,3,2,$10.00,,actual
2025-10-08,10/7/2025,2025,EFM,Kohlrabi - bu,$5.00,2,1,1,$5.00,,actual
2025-10-08,10/7/2025,2025,EFM,Parsley - bu,$4.00,4,2,2,$8.00,,actual
2025-10-08,10/7/2025,2025,EFM,Pepper Carmen - lb,$5.00,5,2.7,2.3,$11.50,,actual
2025-10-08,10/7/2025,2025,EFM,Pepper Hot - ea,$1.00,8,2,6,$6.00,,actual
2025-10-08,10/7/2025,2025,EFM,Pepper Shishito - Pt,$6.00,0,0,0,$0.00,,actual
2025-10-08,10/7/2025,2025,EFM,Pepper Shishito - Qt,$11.00,0,0,0,$0.00,,actual
2025-10-08,10/7/2025,2025,EFM,Puntarelle - lb,$7.00,2.25,1.2,1.05,$7.35,,actual
2025-10-08,10/7/2025,2025,EFM,Radicchio Round - lb,$9.00,2.25,2.25,0,$0.00,,actual
2025-10-08,10/7/2025,2025,EFM,Radicchio Treviso - lb,$9.00,1.85,1.85,0,$0.00,,actual
2025-10-08,10/7/2025,2025,EFM,Radicchio Variegated - lb,$9.00,1.25,1.25,0,$0.00,,actual
2025-10-08,10/7/2025,2025,EFM,Radish Daikon Mix - bu,$5.00,2,2,0,$0.00,,actual
2025-10-08,10/7/2025,2025,EFM,Radish French Breakfast - bu,$4.00,0,0,0,$0.00,,actual
2025-10-08,10/7/2025,2025,EFM,Radish Purple - bu,$4.00,6,4,2,$8.00,,actual
2025-10-08,10/7/2025,2025,EFM,Salad Mix - 1/3 lb,$7.00,7,4,3,$21.00,,actual
2025-10-08,10/7/2025,2025,EFM,Salad Mix - 2/3 lb ,$14.00,7,3,4,$56.00,,actual
2025-10-08,10/7/2025,2025,EFM,Scallion - bu,$4.00,6,3,3,$12.00,,actual
2025-10-08,10/7/2025,2025,EFM,Tomato Sauce - Qt,$2.00,10.5,0,10.5,$20.95,Variety: per lb,actual
2025-10-08,10/7/2025,2025,EFM,Winter Squash Delicata - lb,$4.00,15.75,9,6.75,$27.00,,actual
2025-10-11,10/9/2025,2025,KFM,Arugula - 1/3 lb,$7.00,23,4,19,$133.00,,actual
2025-10-11,10/9/2025,2025,KFM,Beets Golden - bu,$5.00,22,0,22,$110.00,,actual
2025-10-11,10/9/2025,2025,KFM,Beets Red - bu,$5.00,16,0,16,$80.00,,actual
2025-10-11,10/9/2025,2025,KFM,Broccolini - bu,$6.00,60,0,60,$360.00,,actual
2025-10-11,10/9/2025,2025,KFM,Cabbage Chinese - lb,$4.00,21.3,2.3,19,$76.00,,actual
2025-10-11,10/9/2025,2025,KFM,Cabbage Cone - lb,$3.00,28,0,28,$84.00,,actual
2025-10-11,10/9/2025,2025,KFM,Cabbage Cone Storage - lb,$2.00,17.9,8.5,9.4,$18.80,Variety: murdoc,actual
2025-10-11,10/9/2025,2025,KFM,Cabbage Flat - lb,$3.00,12,0,12,$36.00,,actual
2025-10-11,10/9/2025,2025,KFM,Cabbage Green Storage - lb,$3.00,13.2,0,13.2,$39.60,Variety: rose,actual
2025-10-11,10/9/2025,2025,KFM,Cabbage Red - lb,$3.00,4.7,0,4.7,$14.10,,actual
2025-10-11,10/9/2025,2025,KFM,Cabbage Savoy - lb,$3.00,12.5,5.3,7.2,$21.60,,actual
2025-10-11,10/9/2025,2025,KFM,Carrot - bu,$6.00,77,0,77,$462.00,,actual
2025-10-11,10/9/2025,2025,KFM,Cauliflower - lb,$4.00,74.5,33,41.5,$166.00,,actual
2025-10-11,10/9/2025,2025,KFM,Cauliflower Purple - lb,$4.00,77.75,14,63.75,$255.00,,actual
2025-10-11,10/9/2025,2025,KFM,Cauliflower Romanesco - lb,$4.00,33.5,11,22.5,$90.00,,actual
2025-10-11,10/9/2025,2025,KFM,Cauliflower Sprouting - lb,$4.00,96.4,36,60.4,$241.72,,actual
2025-10-11,10/9/2025,2025,KFM,Celery - bu,$5.00,20,0,20,$100.00,,actual
2025-10-11,10/9/2025,2025,KFM,Chard - bu,$5.00,15,0,15,$75.00,,actual
2025-10-11,10/9/2025,2025,KFM,Cilantro - bu,$4.00,50,9,41,$164.00,,actual
2025-10-11,10/9/2025,2025,KFM,Collards - bu,$5.00,12,0,12,$60.00,,actual
2025-10-11,10/9/2025,2025,KFM,Dandelion - bu,$5.00,12,2,10,$50.00,,actual
2025-10-11,10/9/2025,2025,KFM,Eggplant Asian - lb,$5.00,4.25,3.5,0.75,$3.75,,actual
2025-10-11,10/9/2025,2025,KFM,Eggplant Italian Black - lb,$5.00,1.9,1,0.9,$4.50,,actual
2025-10-11,10/9/2025,2025,KFM,Eggplant Italian Striped - lb,$5.00,20,6,14,$70.00,,actual
2025-10-11,10/9/2025,2025,KFM,Eggplant Mini - Pt,$6.00,7,0,7,$42.00,,actual
2025-10-11,10/9/2025,2025,KFM,Eggplant Mini - Qt,$11.00,5,0,5,$55.00,,actual
2025-10-11,10/9/2025,2025,KFM,Escarole - ea,$5.00,16,4,12,$60.00,,actual
2025-10-11,10/9/2025,2025,KFM,Fennel - ea,$4.00,36,0,36,$144.00,,actual
2025-10-11,10/9/2025,2025,KFM,Garlic - lb,$16.00,10.1,0,10.1,$161.60,,actual
2025-10-11,10/9/2025,2025,KFM,Kale Curly - bu,$5.00,18,4,14,$70.00,,actual
2025-10-11,10/9/2025,2025,KFM,Kale Lacinato - bu,$5.00,60,7,53,$265.00,,actual
2025-10-11,10/9/2025,2025,KFM,Kohlrabi - bu,$5.00,6,0,6,$30.00,,actual
2025-10-11,10/9/2025,2025,KFM,Parsley - bu,$4.00,50,6,44,$176.00,,actual
2025-10-11,10/9/2025,2025,KFM,Pepper Carmen - lb,$5.00,30,0,30,$150.00,,actual
2025-10-11,10/9/2025,2025,KFM,Pepper Hot - ea,$1.00,40,12,28,$28.00,,actual
2025-10-11,10/9/2025,2025,KFM,Pepper Shishito - Pt,$6.00,8,5,3,$18.00,,actual
2025-10-11,10/9/2025,2025,KFM,Pepper Shishito - Qt,$11.00,6,0,6,$66.00,,actual
2025-10-11,10/9/2025,2025,KFM,Puntarelle - lb,$7.00,35,0,35,$245.07,,actual
2025-10-11,10/9/2025,2025,KFM,Radicchio Round - lb,$9.00,19,0.7,18.3,$164.70,,actual
2025-10-11,10/9/2025,2025,KFM,Radicchio Treviso - lb,$9.00,32.9,0,32.9,$296.10,,actual
2025-10-11,10/9/2025,2025,KFM,Radicchio Variegated - lb,$9.00,18.5,0,18.5,$166.50,,actual
2025-10-11,10/9/2025,2025,KFM,Radish Daikon Mix - bu,$5.00,18,1,17,$84.97,,actual
2025-10-11,10/9/2025,2025,KFM,Radish French Breakfast - bu,$4.00,0,0,0,$0.00,,actual
2025-10-11,10/9/2025,2025,KFM,Radish Purple - bu,$4.00,18,0,18,$72.00,,actual
2025-10-11,10/9/2025,2025,KFM,Salad Mix - 1 1/3 lb,$25.00,8,1,7,$175.00,,actual
2025-10-11,10/9/2025,2025,KFM,Salad Mix - 1/3 lb,$7.00,22,0,22,$154.00,,actual
2025-10-11,10/9/2025,2025,KFM,Salad Mix - 2/3 lb ,$14.00,36,2,34,$476.00,,actual
2025-10-11,10/9/2025,2025,KFM,Scallion - bu,$4.00,45,2,43,$172.00,,actual
2025-10-11,10/9/2025,2025,KFM,Tomato Sauce - Qt,$2.00,50,22,28,$55.86,Variety: per lb,actual
2025-10-11,10/9/2025,2025,KFM,Turnip - bu,$5.00,0,0,0,$0.00,Variety: scarlet,actual
2025-10-11,10/9/2025,2025,KFM,Winter Squash Honeynut - lb,$5.00,112.6,15,97.6,$488.00,,actual
2025-10-11,10/9/2025,2025,BFM,Arugula - 1/3 lb,$7.00,23,1,22,$154.00,,actual
2025-10-11,10/9/2025,2025,BFM,Beets Golden - bu,$5.00,25,0,25,$125.00,,actual
2025-10-11,10/9/2025,2025,BFM,Beets Red - bu,$5.00,20,0,20,$100.00,,actual
2025-10-11,10/9/2025,2025,BFM,Broccolini - bu,$6.00,61,0,61,$366.00,,actual
2025-10-11,10/9/2025,2025,BFM,Cabbage Chinese - lb,$4.00,18.5,5.8,12.7,$50.80,,actual
2025-10-11,10/9/2025,2025,BFM,Cabbage Cone - lb,$3.00,27,0,27,$81.00,,actual
2025-10-11,10/9/2025,2025,BFM,Cabbage Cone Storage - lb,$2.00,23.2,10.2,13,$26.00,Variety: murdoc,actual
2025-10-11,10/9/2025,2025,BFM,Cabbage Flat - lb,$3.00,12.4,2.4,10,$30.00,,actual
2025-10-11,10/9/2025,2025,BFM,Cabbage Green Storage - lb,$3.00,10.7,0,10.7,$32.10,Variety: rose,actual
2025-10-11,10/9/2025,2025,BFM,Cabbage Red - lb,$3.00,4.95,0,4.95,$14.85,,actual
2025-10-11,10/9/2025,2025,BFM,Cabbage Savoy - lb,$3.00,14,0,14,$42.00,,actual
2025-10-11,10/9/2025,2025,BFM,Carrot - bu,$6.00,90,0,90,$540.00,,actual
2025-10-11,10/9/2025,2025,BFM,Cauliflower - lb,$4.00,67.8,10.1,57.7,$230.80,,actual
2025-10-11,10/9/2025,2025,BFM,Cauliflower Purple - lb,$4.00,94.5,1.7,92.8,$371.20,,actual
2025-10-11,10/9/2025,2025,BFM,Cauliflower Romanesco - lb,$4.00,35.9,-3,38.9,$155.60,,actual
2025-10-11,10/9/2025,2025,BFM,Cauliflower Sprouting - lb,$4.00,99.3,8,91.3,$365.38,,actual
2025-10-11,10/9/2025,2025,BFM,Celery - bu,$5.00,28,1,27,$135.00,,actual
2025-10-11,10/9/2025,2025,BFM,Chard - bu,$5.00,25,5,20,$100.00,,actual
2025-10-11,10/9/2025,2025,BFM,Cilantro - bu,$4.00,30,3,27,$108.00,,actual
2025-10-11,10/9/2025,2025,BFM,Collards - bu,$5.00,12,0,12,$60.00,,actual
2025-10-11,10/9/2025,2025,BFM,Dandelion - bu,$5.00,15,3,12,$60.00,,actual
2025-10-11,10/9/2025,2025,BFM,Eggplant Asian - lb,$5.00,3.5,0.7,2.8,$14.00,,actual
2025-10-11,10/9/2025,2025,BFM,Eggplant Italian Black - lb,$5.00,3.5,0.1,3.4,$17.00,,actual
2025-10-11,10/9/2025,2025,BFM,Eggplant Italian Striped - lb,$5.00,28.5,13.1,15.4,$77.00,,actual
2025-10-11,10/9/2025,2025,BFM,Eggplant Mini - Pt,$6.00,10,0,10,$60.00,,actual
2025-10-11,10/9/2025,2025,BFM,Eggplant Mini - Qt,$11.00,5,0,5,$55.00,,actual
2025-10-11,10/9/2025,2025,BFM,Escarole - ea,$5.00,8,0,8,$40.00,,actual
2025-10-11,10/9/2025,2025,BFM,Fennel - ea,$4.00,33,1,32,$128.00,,actual
2025-10-11,10/9/2025,2025,BFM,Garlic - lb,$16.00,0,0,0,$0.00,,actual
2025-10-11,10/9/2025,2025,BFM,Kale Curly - bu,$5.00,30,0,30,$150.00,,actual
2025-10-11,10/9/2025,2025,BFM,Kale Lacinato - bu,$5.00,45,0,45,$225.00,,actual
2025-10-11,10/9/2025,2025,BFM,Kohlrabi - bu,$5.00,12,4,8,$40.00,,actual
2025-10-11,10/9/2025,2025,BFM,Parsley - bu,$4.00,32,1,31,$124.00,,actual
2025-10-11,10/9/2025,2025,BFM,Pepper Carmen - lb,$5.00,183,5.2,177.8,$889.00,,actual
2025-10-11,10/9/2025,2025,BFM,Pepper Hot - ea,$1.00,78,15,63,$63.00,,actual
2025-10-11,10/9/2025,2025,BFM,Pepper Shishito - Pt,$6.00,11,0,11,$66.00,,actual
2025-10-11,10/9/2025,2025,BFM,Pepper Shishito - Qt,$11.00,6,0,6,$66.00,,actual
2025-10-11,10/9/2025,2025,BFM,Puntarelle - lb,$7.00,25,5,20,$140.04,,actual
2025-10-11,10/9/2025,2025,BFM,Radicchio Round - lb,$9.00,11.6,2.3,9.3,$83.70,,actual
2025-10-11,10/9/2025,2025,BFM,Radicchio Treviso - lb,$9.00,18.4,7.5,10.9,$98.10,,actual
2025-10-11,10/9/2025,2025,BFM,Radicchio Variegated - lb,$9.00,9.5,1.2,8.3,$74.70,,actual
2025-10-11,10/9/2025,2025,BFM,Radish Daikon Mix - bu,$5.00,22,6,16,$79.97,,actual
2025-10-11,10/9/2025,2025,BFM,Radish French Breakfast - bu,$4.00,0,0,0,$0.00,,actual
2025-10-11,10/9/2025,2025,BFM,Radish Purple - bu,$4.00,22,2,20,$80.00,,actual
2025-10-11,10/9/2025,2025,BFM,Salad Mix - 1 1/3 lb,$25.00,8,-1,9,$225.00,,actual
2025-10-11,10/9/2025,2025,BFM,Salad Mix - 1/3 lb,$7.00,30,0,30,$210.00,,actual
2025-10-11,10/9/2025,2025,BFM,Salad Mix - 2/3 lb ,$14.00,30,0,30,$420.00,,actual
2025-10-11,10/9/2025,2025,BFM,Scallion - bu,$4.00,40,0,40,$160.00,,actual
2025-10-11,10/9/2025,2025,BFM,Tomato Sauce - Qt,$2.00,50,34,16,$31.92,Variety: per lb,actual
2025-10-11,10/9/2025,2025,BFM,Turnip - bu,$5.00,0,0,0,$0.00,Variety: scarlet,actual
2025-10-11,10/9/2025,2025,BFM,Winter Squash Honeynut - lb,$5.00,104.7,4.4,100.3,$501.50,,actual
2025-10-18,10/16/2025,2025,KFM,Beets Golden - bu,$5.00,25,4,21,$105.00,,actual
2025-10-18,10/16/2025,2025,KFM,Beets Red - bu,$5.00,19,1,18,$90.00,,actual
2025-10-18,10/16/2025,2025,KFM,Braising Mix - 1 lb,$9.00,41,6,35,$315.00,,actual
2025-10-18,10/16/2025,2025,KFM,Broccolini - bu,$6.00,41,0,41,$246.00,,actual
2025-10-18,10/16/2025,2025,KFM,Cabbage Chinese - lb,$4.00,21.3,0,21.3,$85.20,,actual
2025-10-18,10/16/2025,2025,KFM,Cabbage Cone - lb,$3.00,28.4,2.3,26.1,$78.30,,actual
2025-10-18,10/16/2025,2025,KFM,Cabbage Cone Storage - lb,$2.00,18.7,0,18.7,$37.40,Variety: murdoc,actual
2025-10-18,10/16/2025,2025,KFM,Cabbage Flat - lb,$3.00,12.7,4.2,8.5,$25.50,,actual
2025-10-18,10/16/2025,2025,KFM,Cabbage Green Storage - lb,$3.00,34.5,0,34.5,$103.50,Variety: rose,actual
2025-10-18,10/16/2025,2025,KFM,Cabbage Red - lb,$3.00,35.9,2.3,33.6,$100.80,,actual
2025-10-18,10/16/2025,2025,KFM,Cabbage Savoy - lb,$3.00,21,0,21,$63.00,,actual
2025-10-18,10/16/2025,2025,KFM,Carrot - bu,$6.00,80,0,80,$480.00,,actual
2025-10-18,10/16/2025,2025,KFM,Cauliflower - lb,$4.00,58.4,19,39.4,$157.60,,actual
2025-10-18,10/16/2025,2025,KFM,Cauliflower Purple - lb,$4.00,85.5,37,48.5,$194.00,,actual
2025-10-18,10/16/2025,2025,KFM,Cauliflower Romanesco - lb,$4.00,14,2.6,11.4,$45.60,,actual
2025-10-18,10/16/2025,2025,KFM,Cauliflower Sprouting - lb,$4.00,0,0,0,$0.00,,actual
2025-10-18,10/16/2025,2025,KFM,Celery - bu,$3.00,45,19,26,$78.00,,actual
2025-10-18,10/16/2025,2025,KFM,Chard - bu,$5.00,16,7,9,$45.00,,actual
2025-10-18,10/16/2025,2025,KFM,Cilantro - bu,$4.00,45,6,39,$156.00,,actual
2025-10-18,10/16/2025,2025,KFM,Collards - bu,$5.00,16,6,10,$50.00,,actual
2025-10-18,10/16/2025,2025,KFM,Dandelion - bu,$5.00,12,6,6,$30.00,,actual
2025-10-18,10/16/2025,2025,KFM,Eggplant Italian Striped - lb,$5.00,0,0,0,$0.00,,actual
2025-10-18,10/16/2025,2025,KFM,Escarole - ea,$5.00,12,0,12,$60.00,,actual
2025-10-18,10/16/2025,2025,KFM,Fennel - ea,$4.00,45,9,36,$144.00,,actual
2025-10-18,10/16/2025,2025,KFM,Garlic - lb,$16.00,7.78,0,7.78,$124.48,,actual
2025-10-18,10/16/2025,2025,KFM,Kale Curly - bu,$5.00,16,8,8,$40.00,,actual
2025-10-18,10/16/2025,2025,KFM,Kale Lacinato - bu,$5.00,58,19,39,$195.00,,actual
2025-10-18,10/16/2025,2025,KFM,Kohlrabi - bu,$5.00,7,0,7,$35.00,,actual
2025-10-18,10/16/2025,2025,KFM,Parsley - bu,$4.00,50,15,35,$140.00,,actual
2025-10-18,10/16/2025,2025,KFM,Pepper Carmen - lb,$5.00,50,16.5,33.5,$167.50,,actual
2025-10-18,10/16/2025,2025,KFM,Pepper Hot - ea,$1.00,75,24,51,$51.00,,actual
2025-10-18,10/16/2025,2025,KFM,Potato Red - lb,$3.50,100,32,68,$238.00,,actual
2025-10-18,10/16/2025,2025,KFM,Puntarelle - lb,$7.00,30,7,23,$161.05,,actual
2025-10-18,10/16/2025,2025,KFM,Radicchio Round - lb,$9.00,17.4,2.7,14.7,$132.30,,actual
2025-10-18,10/16/2025,2025,KFM,Radicchio Treviso - lb,$9.00,22.6,7.5,15.1,$135.90,,actual
2025-10-18,10/16/2025,2025,KFM,Radicchio Variegated - lb,$9.00,15.7,0.5,15.2,$136.80,,actual
2025-10-18,10/16/2025,2025,KFM,Radish Daikon Mix - bu,$5.00,21,1,20,$99.96,,actual
2025-10-18,10/16/2025,2025,KFM,Radish Purple - bu,$4.00,0,0,0,$0.00,,actual
2025-10-18,10/16/2025,2025,KFM,Salad Mix - 1/3 lb,$7.00,22,2,20,$140.00,,actual
2025-10-18,10/16/2025,2025,KFM,Salad Mix - 2/3 lb ,$14.00,36,15,21,$294.00,,actual
2025-10-18,10/16/2025,2025,KFM,Scallion - bu,$4.00,45,8,37,$148.00,,actual
2025-10-18,10/16/2025,2025,KFM,Spinach - 1/2 lb,$7.00,0,0,0,$0.00,,actual
2025-10-18,10/16/2025,2025,KFM,Tomato Sauce - Qt,$2.00,50,20,30,$59.85,Variety: per lb,actual
2025-10-18,10/16/2025,2025,KFM,Winter Squash Honeynut - lb,$5.00,93,33,60,$300.00,,actual
2025-10-18,10/16/2025,2025,BFM,Beets Golden - bu,$5.00,25,-2,27,$135.00,,actual
2025-10-18,10/16/2025,2025,BFM,Beets Red - bu,$5.00,24,0,24,$120.00,,actual
2025-10-18,10/16/2025,2025,BFM,Braising Mix - 1 lb,$9.00,28,2,26,$234.00,,actual
2025-10-18,10/16/2025,2025,BFM,Broccolini - bu,$6.00,40,0,40,$240.00,,actual
2025-10-18,10/16/2025,2025,BFM,Cabbage Chinese - lb,$4.00,19.1,0,19.1,$76.40,,actual
2025-10-18,10/16/2025,2025,BFM,Cabbage Cone - lb,$3.00,30.3,0,30.3,$90.90,,actual
2025-10-18,10/16/2025,2025,BFM,Cabbage Cone Storage - lb,$2.00,20,5.4,14.6,$29.20,Variety: murdoc,actual
2025-10-18,10/16/2025,2025,BFM,Cabbage Flat - lb,$3.00,10.8,4,6.8,$20.40,,actual
2025-10-18,10/16/2025,2025,BFM,Cabbage Green Storage - lb,$3.00,37.5,0,37.5,$112.50,Variety: rose,actual
2025-10-18,10/16/2025,2025,BFM,Cabbage Red - lb,$3.00,37.6,5.3,32.3,$96.90,,actual
2025-10-18,10/16/2025,2025,BFM,Cabbage Savoy - lb,$3.00,24.1,2.5,21.6,$64.80,,actual
2025-10-18,10/16/2025,2025,BFM,Carrot - bu,$6.00,90,0,90,$540.00,,actual
2025-10-18,10/16/2025,2025,BFM,Cauliflower - lb,$4.00,80.9,3.5,77.4,$309.60,,actual
2025-10-18,10/16/2025,2025,BFM,Cauliflower Purple - lb,$4.00,89.5,4,85.5,$342.00,,actual
2025-10-18,10/16/2025,2025,BFM,Cauliflower Romanesco - lb,$4.00,14,0.2,13.8,$55.20,,actual
2025-10-18,10/16/2025,2025,BFM,Cauliflower Sprouting - lb,$4.00,0,0,0,$0.00,,actual
2025-10-18,10/16/2025,2025,BFM,Celery - bu,$3.00,35,-7,42,$126.00,,actual
2025-10-18,10/16/2025,2025,BFM,Chard - bu,$5.00,20,1,19,$95.00,,actual
2025-10-18,10/16/2025,2025,BFM,Cilantro - bu,$4.00,30,2,28,$112.00,,actual
2025-10-18,10/16/2025,2025,BFM,Collards - bu,$5.00,16,0,16,$80.00,,actual
2025-10-18,10/16/2025,2025,BFM,Dandelion - bu,$5.00,15,3,12,$60.00,,actual
2025-10-18,10/16/2025,2025,BFM,Eggplant Italian Striped - lb,$5.00,7,0,7,$35.00,,actual
2025-10-18,10/16/2025,2025,BFM,Escarole - ea,$5.00,8,0,8,$40.00,,actual
2025-10-18,10/16/2025,2025,BFM,Fennel - ea,$4.00,29,-4,33,$132.00,,actual
2025-10-18,10/16/2025,2025,BFM,Garlic - lb,$16.00,0,0,0,$0.00,,actual
2025-10-18,10/16/2025,2025,BFM,Kale Curly - bu,$5.00,35,-6,41,$205.00,,actual
2025-10-18,10/16/2025,2025,BFM,Kale Lacinato - bu,$5.00,50,0,50,$250.00,,actual
2025-10-18,10/16/2025,2025,BFM,Kohlrabi - bu,$5.00,10,0,10,$50.00,,actual
2025-10-18,10/16/2025,2025,BFM,Parsley - bu,$4.00,32,0,32,$128.00,,actual
2025-10-18,10/16/2025,2025,BFM,Pepper Carmen - lb,$5.00,50,0.85,49.15,$245.75,,actual
2025-10-18,10/16/2025,2025,BFM,Pepper Hot - ea,$1.00,87,7,80,$80.00,,actual
2025-10-18,10/16/2025,2025,BFM,Potato Red - lb,$3.50,105,17.5,87.5,$306.25,,actual
2025-10-18,10/16/2025,2025,BFM,Puntarelle - lb,$7.00,20,0,20,$140.04,,actual
2025-10-18,10/16/2025,2025,BFM,Radicchio Round - lb,$9.00,13.6,1.7,11.9,$107.10,,actual
2025-10-18,10/16/2025,2025,BFM,Radicchio Treviso - lb,$9.00,9.2,0,9.2,$82.80,,actual
2025-10-18,10/16/2025,2025,BFM,Radicchio Variegated - lb,$9.00,9.6,0,9.6,$86.40,,actual
2025-10-18,10/16/2025,2025,BFM,Radish Daikon Mix - bu,$5.00,21,0,21,$104.96,,actual
2025-10-18,10/16/2025,2025,BFM,Radish Purple - bu,$4.00,0,0,0,$0.00,,actual
2025-10-18,10/16/2025,2025,BFM,Salad Mix - 1/3 lb,$7.00,30,-1,31,$217.00,,actual
2025-10-18,10/16/2025,2025,BFM,Salad Mix - 2/3 lb ,$14.00,30,-13,43,$602.00,,actual
2025-10-18,10/16/2025,2025,BFM,Scallion - bu,$4.00,44,0,44,$176.00,,actual
2025-10-18,10/16/2025,2025,BFM,Spinach - 1/2 lb,$7.00,0,0,0,$0.00,,actual
2025-10-18,10/16/2025,2025,BFM,Tomato Sauce - Qt,$2.00,25,18,7,$13.97,Variety: per lb,actual
2025-10-18,10/16/2025,2025,BFM,Winter Squash Honeynut - lb,$5.00,93,0,93,$465.00,,actual
2025-10-25,10/23/2025,2025,BFM,Beets Golden - bu,$5.00,23,0,23,$115.00,,actual
2025-10-25,10/23/2025,2025,BFM,Beets Red - bu,$5.00,24,0,24,$120.00,,actual
2025-10-25,10/23/2025,2025,BFM,Braising Mix - 1 lb,$9.00,28,10,18,$162.00,,actual
2025-10-25,10/23/2025,2025,BFM,Broccolini - bu,$6.00,82,0,82,$492.00,,actual
2025-10-25,10/23/2025,2025,BFM,Cabbage Chinese - lb,$4.00,15.6,0,15.6,$62.40,,actual
2025-10-25,10/23/2025,2025,BFM,Cabbage Cone - lb,$3.00,31,0,31,$93.00,,actual
2025-10-25,10/23/2025,2025,BFM,Cabbage Cone Storage - lb,$2.00,20.9,6,14.9,$29.80,Variety: murdoc,actual
2025-10-25,10/23/2025,2025,BFM,Cabbage Flat - lb,$3.00,8.8,0,8.8,$26.40,,actual
2025-10-25,10/23/2025,2025,BFM,Cabbage Green Storage - lb,$3.00,38.9,0,38.9,$116.70,Variety: rose,actual
2025-10-25,10/23/2025,2025,BFM,Cabbage Red - lb,$3.00,29.2,0,29.2,$87.60,,actual
2025-10-25,10/23/2025,2025,BFM,Cabbage Savoy - lb,$3.00,22.2,1.8,20.4,$61.20,,actual
2025-10-25,10/23/2025,2025,BFM,Carrot - bu,$6.00,95,0,95,$570.00,,actual
2025-10-25,10/23/2025,2025,BFM,Cauliflower - lb,$4.00,47.1,0,47.1,$188.40,,actual
2025-10-25,10/23/2025,2025,BFM,Cauliflower Purple - lb,$4.00,16.7,0,16.7,$66.80,,actual
2025-10-25,10/23/2025,2025,BFM,Cauliflower Romanesco - lb,$4.00,0,0,0,$0.00,,actual
2025-10-25,10/23/2025,2025,BFM,Celery - bu,$3.00,45,0,45,$135.00,,actual
2025-10-25,10/23/2025,2025,BFM,Chard - bu,$5.00,20,0,20,$100.00,,actual
2025-10-25,10/23/2025,2025,BFM,Cilantro - bu,$4.00,32,0,32,$128.00,,actual
2025-10-25,10/23/2025,2025,BFM,Collards - bu,$5.00,18,0,18,$90.00,,actual
2025-10-25,10/23/2025,2025,BFM,Dandelion - bu,$5.00,12,2,10,$50.00,,actual
2025-10-25,10/23/2025,2025,BFM,Escarole - ea,$5.00,8,0,8,$40.00,,actual
2025-10-25,10/23/2025,2025,BFM,Fennel - ea,$4.00,0,0,0,$0.00,,actual
2025-10-25,10/23/2025,2025,BFM,Garlic - lb,$16.00,0,0,0,$0.00,,actual
2025-10-25,10/23/2025,2025,BFM,Kale Curly - bu,$5.00,40,0,40,$200.00,,actual
2025-10-25,10/23/2025,2025,BFM,Kale Lacinato - bu,$5.00,50,0,50,$250.00,,actual
2025-10-25,10/23/2025,2025,BFM,Kohlrabi - bu,$5.00,12,0,12,$60.00,,actual
2025-10-25,10/23/2025,2025,BFM,Parsley - bu,$4.00,35,0,35,$140.00,,actual
2025-10-25,10/23/2025,2025,BFM,Pepper Carmen - lb,$5.00,26,0,26,$130.00,,actual
2025-10-25,10/23/2025,2025,BFM,Potato Red - lb,$3.50,107,27.5,79.5,$278.25,,actual
2025-10-25,10/23/2025,2025,BFM,Puntarelle - lb,$7.00,0,0,0,$0.00,,actual
2025-10-25,10/23/2025,2025,BFM,Radicchio Round - lb,$9.00,14,1.1,12.9,$116.10,,actual
2025-10-25,10/23/2025,2025,BFM,Radicchio Treviso - lb,$9.00,19.5,1,18.5,$166.50,,actual
2025-10-25,10/23/2025,2025,BFM,Radicchio Variegated - lb,$9.00,15,11.6,3.4,$30.60,,actual
2025-10-25,10/23/2025,2025,BFM,Radish Daikon Mix - bu,$5.00,25,1,24,$119.95,,actual
2025-10-25,10/23/2025,2025,BFM,Radish Purple - bu,$4.00,15,1,14,$56.00,,actual
2025-10-25,10/23/2025,2025,BFM,Salad Mix - 1/3 lb,$7.00,32,0,32,$224.00,,actual
2025-10-25,10/23/2025,2025,BFM,Salad Mix - 2/3 lb ,$14.00,30,0,30,$420.00,,actual
2025-10-25,10/23/2025,2025,BFM,Scallion - bu,$4.00,45,0,45,$180.00,,actual
2025-10-25,10/23/2025,2025,BFM,Spinach - 1/2 lb,$7.00,16,0,16,$112.00,,actual
2025-10-25,10/23/2025,2025,BFM,Tomato Sauce - Qt,$2.00,0,0,0,$0.00,Variety: per lb,actual
2025-10-25,10/23/2025,2025,BFM,Winter Squash Honeynut - lb,$5.00,70,3.3,66.7,$333.50,,actual
2025-10-25,10/23/2025,2025,BFM,Salad Mix - 1 1/3 lb,$25.00,4,0,4,$100.00,,actual
2025-10-25,10/23/2025,2025,BFM,Turnip - bu,$5.00,9,0,9,$45.00,Variety: scarlet,actual
2025-10-25,10/23/2025,2025,KFM,Beets Golden - bu,$5.00,19,0,19,$95.00,,actual
2025-10-25,10/23/2025,2025,KFM,Beets Red - bu,$5.00,20,0,20,$100.00,,actual
2025-10-25,10/23/2025,2025,KFM,Braising Mix - 1 lb,$9.00,41,0,41,$369.00,,actual
2025-10-25,10/23/2025,2025,KFM,Broccolini - bu,$6.00,81,0,81,$486.00,,actual
2025-10-25,10/23/2025,2025,KFM,Cabbage Chinese - lb,$4.00,19,9.5,9.5,$38.00,,actual
2025-10-25,10/23/2025,2025,KFM,Cabbage Cone - lb,$3.00,29,9.6,19.4,$58.20,,actual
2025-10-25,10/23/2025,2025,KFM,Cabbage Cone Storage - lb,$2.00,20.4,5.1,15.3,$30.60,Variety: murdoc,actual
2025-10-25,10/23/2025,2025,KFM,Cabbage Flat - lb,$3.00,8.9,2.2,6.7,$20.10,,actual
2025-10-25,10/23/2025,2025,KFM,Cabbage Green Storage - lb,$3.00,34.8,7.4,27.4,$82.20,Variety: rose,actual
2025-10-25,10/23/2025,2025,KFM,Cabbage Red - lb,$3.00,29.5,11.8,17.7,$53.10,,actual
2025-10-25,10/23/2025,2025,KFM,Cabbage Savoy - lb,$3.00,22.7,22.7,0,$0.00,,actual
2025-10-25,10/23/2025,2025,KFM,Carrot - bu,$6.00,85,5,80,$480.00,,actual
2025-10-25,10/23/2025,2025,KFM,Cauliflower - lb,$4.00,47.7,0,47.7,$190.80,,actual
2025-10-25,10/23/2025,2025,KFM,Cauliflower Purple - lb,$4.00,13.4,0,13.4,$53.60,,actual
2025-10-25,10/23/2025,2025,KFM,Cauliflower Romanesco - lb,$4.00,0,0,0,$0.00,,actual
2025-10-25,10/23/2025,2025,KFM,Celery - bu,$3.00,25,0,25,$75.00,,actual
2025-10-25,10/23/2025,2025,KFM,Chard - bu,$5.00,12,0,12,$60.00,,actual
2025-10-25,10/23/2025,2025,KFM,Cilantro - bu,$4.00,40,4,36,$144.00,,actual
2025-10-25,10/23/2025,2025,KFM,Collards - bu,$5.00,12,1,11,$55.00,,actual
2025-10-25,10/23/2025,2025,KFM,Dandelion - bu,$5.00,12,5,7,$35.00,,actual
2025-10-25,10/23/2025,2025,KFM,Escarole - ea,$5.00,9,0,9,$45.00,,actual
2025-10-25,10/23/2025,2025,KFM,Fennel - ea,$4.00,0,0,0,$0.00,,actual
2025-10-25,10/23/2025,2025,KFM,Garlic - lb,$16.00,8.8,0,8.8,$140.80,,actual
2025-10-25,10/23/2025,2025,KFM,Kale Curly - bu,$5.00,12,2,10,$50.00,,actual
2025-10-25,10/23/2025,2025,KFM,Kale Lacinato - bu,$5.00,40,0,40,$200.00,,actual
2025-10-25,10/23/2025,2025,KFM,Kohlrabi - bu,$5.00,10,0,10,$50.00,,actual
2025-10-25,10/23/2025,2025,KFM,Parsley - bu,$4.00,40,6,34,$136.00,,actual
2025-10-25,10/23/2025,2025,KFM,Pepper Carmen - lb,$5.00,26,0,26,$130.00,,actual
2025-10-25,10/23/2025,2025,KFM,Potato Red - lb,$3.50,110,10,100,$350.00,,actual
2025-10-25,10/23/2025,2025,KFM,Puntarelle - lb,$7.00,8,0,8,$56.02,,actual
2025-10-25,10/23/2025,2025,KFM,Radicchio Round - lb,$9.00,22.8,2.7,20.1,$180.90,,actual
2025-10-25,10/23/2025,2025,KFM,Radicchio Treviso - lb,$9.00,35,2.1,32.9,$296.10,,actual
2025-10-25,10/23/2025,2025,KFM,Radicchio Variegated - lb,$9.00,28.9,6.6,22.3,$200.70,,actual
2025-10-25,10/23/2025,2025,KFM,Radish Daikon Mix - bu,$5.00,24,0,24,$119.95,,actual
2025-10-25,10/23/2025,2025,KFM,Radish Purple - bu,$4.00,15,0,15,$60.00,,actual
2025-10-25,10/23/2025,2025,KFM,Salad Mix - 1 1/3 lb,$25.00,5,0,5,$125.00,,actual
2025-10-25,10/23/2025,2025,KFM,Salad Mix - 1/3 lb,$7.00,22,0,22,$154.00,,actual
2025-10-25,10/23/2025,2025,KFM,Salad Mix - 2/3 lb ,$14.00,25,0,25,$350.00,,actual
2025-10-25,10/23/2025,2025,KFM,Scallion - bu,$4.00,40,0,40,$160.00,,actual
2025-10-25,10/23/2025,2025,KFM,Spinach - 1 lb,$14.00,8,0,8,$112.00,,actual
2025-10-25,10/23/2025,2025,KFM,Spinach - 1/2 lb,$7.00,16,0,16,$112.00,,actual
2025-10-25,10/23/2025,2025,KFM,Tomato Sauce - Qt,$2.00,0,0,0,$0.00,Variety: per lb,actual
2025-10-25,10/23/2025,2025,KFM,Turnip - bu,$5.00,8,0,8,$40.00,Variety: scarlet,actual
2025-10-25,10/23/2025,2025,KFM,Winter Squash Honeynut - lb,$5.00,63,5,58,$290.00,,actual
2025-10-25,10/23/2025,2025,BFM,Spinach - 1 lb,$14.00,9,0,9,$126.00,,actual
2025-11-01,10/30/2025,2025,KFM,Arugula Wild - 1/3 lb,$7.00,13,0,13,$91.00,,actual
2025-11-01,10/30/2025,2025,KFM,Beets Golden - bu,$5.00,22,2,20,$100.00,,actual
2025-11-01,10/30/2025,2025,KFM,Beets Red - bu,$5.00,22,3,19,$95.00,,actual
2025-11-01,10/30/2025,2025,KFM,Braising Mix - 1 lb,$9.00,45,9,36,$324.00,,actual
2025-11-01,10/30/2025,2025,KFM,Broccolini - bu,$6.00,57,0,57,$342.00,,actual
2025-11-01,10/30/2025,2025,KFM,Cabbage Chinese - lb,$4.00,18.2,8,10.2,$40.80,,actual
2025-11-01,10/30/2025,2025,KFM,Cabbage Chinese Red - lb,$4.00,7.8,0,7.8,$31.20,,actual
2025-11-01,10/30/2025,2025,KFM,Cabbage Cone - lb,$3.00,17.6,0,17.6,$52.80,,actual
2025-11-01,10/30/2025,2025,KFM,Cabbage Cone Storage - lb,$2.00,17.5,9,8.5,$17.00,Variety: murdoc,actual
2025-11-01,10/30/2025,2025,KFM,Cabbage Flat - lb,$3.00,8,2,6,$18.00,,actual
2025-11-01,10/30/2025,2025,KFM,Cabbage Green Storage - lb,$3.00,32.8,0,32.8,$98.40,Variety: rose,actual
2025-11-01,10/30/2025,2025,KFM,Cabbage Red - lb,$3.00,21.6,0,21.6,$64.80,,actual
2025-11-01,10/30/2025,2025,KFM,Cabbage Savoy - lb,$3.00,13.4,5,8.4,$25.20,,actual
2025-11-01,10/30/2025,2025,KFM,Carrot Bulk - lb,$3.50,123,14,109,$381.50,,actual
2025-11-01,10/30/2025,2025,KFM,Cauliflower - lb,$4.00,9,0,9,$36.00,,actual
2025-11-01,10/30/2025,2025,KFM,Cauliflower Purple - lb,$4.00,6,0,6,$24.00,,actual
2025-11-01,10/30/2025,2025,KFM,Celery - bu,$3.00,28,4,24,$72.00,,actual
2025-11-01,10/30/2025,2025,KFM,Chard - bu,$5.00,12,0,12,$60.00,,actual
2025-11-01,10/30/2025,2025,KFM,Cilantro - bu,$4.00,39,3,36,$144.00,,actual
2025-11-01,10/30/2025,2025,KFM,Collards - bu,$5.00,12,2,10,$50.00,,actual
2025-11-01,10/30/2025,2025,KFM,Dandelion - bu,$5.00,10,1,9,$45.00,,actual
2025-11-01,10/30/2025,2025,KFM,Fennel - ea,$4.00,25,1,24,$96.00,Variety: bunches,actual
2025-11-01,10/30/2025,2025,KFM,Garlic - lb,$16.00,8.9,0,8.9,$142.40,,actual
2025-11-01,10/30/2025,2025,KFM,Kale Curly - bu,$5.00,12,0,12,$60.00,,actual
2025-11-01,10/30/2025,2025,KFM,Kale Lacinato - bu,$5.00,45,0,45,$225.00,,actual
2025-11-01,10/30/2025,2025,KFM,Kohlrabi - bu,$5.00,5,1,4,$20.00,,actual
2025-11-01,10/30/2025,2025,KFM,Parsley - bu,$4.00,40,0,40,$160.00,,actual
2025-11-01,10/30/2025,2025,KFM,Potato Blue - lb,$3.50,50,2,48,$168.00,,actual
2025-11-01,10/30/2025,2025,KFM,Potato Red - lb,$3.50,60,2,58,$203.00,,actual
2025-11-01,10/30/2025,2025,KFM,Radicchio Forced - lb,$9.00,4.2,0,4.2,$37.80,Variety: pink,actual
2025-11-01,10/30/2025,2025,KFM,Radicchio Round - lb,$9.00,17.6,7,10.6,$95.40,,actual
2025-11-01,10/30/2025,2025,KFM,Radicchio Treviso - lb,$9.00,34.7,11,23.7,$213.30,,actual
2025-11-01,10/30/2025,2025,KFM,Radicchio Variegated - lb,$9.00,18,12,6,$54.00,,actual
2025-11-01,10/30/2025,2025,KFM,Radish Daikon Mix - bu,$5.00,28,4,24,$119.95,,actual
2025-11-01,10/30/2025,2025,KFM,Radish Purple - bu,$4.00,22,15,7,$28.00,,actual
2025-11-01,10/30/2025,2025,KFM,Salad Mix - 1 1/3 lb,$25.00,4,0,4,$100.00,,actual
2025-11-01,10/30/2025,2025,KFM,Salad Mix - 1/3 lb,$7.00,25,8,17,$119.00,,actual
2025-11-01,10/30/2025,2025,KFM,Salad Mix - 2/3 lb ,$14.00,30,5,25,$350.00,,actual
2025-11-01,10/30/2025,2025,KFM,Scallion - bu,$4.00,40,9,31,$124.00,,actual
2025-11-01,10/30/2025,2025,KFM,Spinach - 1 lb,$14.00,12,0,12,$168.00,,actual
2025-11-01,10/30/2025,2025,BFM,Arugula Wild - 1/3 lb,$7.00,12,0,12,$84.00,,actual
2025-11-01,10/30/2025,2025,BFM,Beets Golden - bu,$5.00,29,0,29,$145.00,,actual
2025-11-01,10/30/2025,2025,BFM,Beets Red - bu,$5.00,28,0,28,$140.00,,actual
2025-11-01,10/30/2025,2025,BFM,Braising Mix - 1 lb,$9.00,22,0,22,$198.00,,actual
2025-11-01,10/30/2025,2025,BFM,Broccolini - bu,$6.00,57,0,57,$342.00,,actual
2025-11-01,10/30/2025,2025,BFM,Cabbage Chinese - lb,$4.00,18.5,0,18.5,$74.00,,actual
2025-11-01,10/30/2025,2025,BFM,Cabbage Cone - lb,$3.00,24.5,0,24.5,$73.50,,actual
2025-11-01,10/30/2025,2025,BFM,Cabbage Cone Storage - lb,$2.00,16.4,0,16.4,$32.80,Variety: murdoc,actual
2025-11-01,10/30/2025,2025,BFM,Cabbage Flat - lb,$3.00,10.8,4,6.8,$20.40,,actual
2025-11-01,10/30/2025,2025,BFM,Cabbage Green Storage - lb,$3.00,51.3,0,51.3,$153.90,Variety: rose,actual
2025-11-01,10/30/2025,2025,BFM,Cabbage Red - lb,$3.00,31,0,31,$93.00,,actual
2025-11-01,10/30/2025,2025,BFM,Cabbage Savoy - lb,$3.00,21.3,0,21.3,$63.90,,actual
2025-11-01,10/30/2025,2025,BFM,Carrot Bulk - lb,$3.50,123,0,123,$430.50,,actual
2025-11-01,10/30/2025,2025,BFM,Cauliflower - lb,$4.00,10,0,10,$40.00,,actual
2025-11-01,10/30/2025,2025,BFM,Cauliflower Purple - lb,$4.00,6,0,6,$24.00,,actual
2025-11-01,10/30/2025,2025,BFM,Celery - bu,$3.00,54,0,54,$162.00,,actual
2025-11-01,10/30/2025,2025,BFM,Chard - bu,$5.00,22,0,22,$110.00,,actual
2025-11-01,10/30/2025,2025,BFM,Cilantro - bu,$4.00,32,0,32,$128.00,,actual
2025-11-01,10/30/2025,2025,BFM,Collards - bu,$5.00,20,1,19,$95.00,,actual
2025-11-01,10/30/2025,2025,BFM,Dandelion - bu,$5.00,12,0,12,$60.00,,actual
2025-11-01,10/30/2025,2025,BFM,Fennel - ea,$4.00,25,0,25,$100.00,Variety: bunches,actual
2025-11-01,10/30/2025,2025,BFM,Garlic - lb,$16.00,0,0,0,$0.00,,actual
2025-11-01,10/30/2025,2025,BFM,Kale Curly - bu,$5.00,40,0,40,$200.00,,actual
2025-11-01,10/30/2025,2025,BFM,Kale Lacinato - bu,$5.00,60,0,60,$300.00,,actual
2025-11-01,10/30/2025,2025,BFM,Kohlrabi - bu,$5.00,6,0,6,$30.00,,actual
2025-11-01,10/30/2025,2025,BFM,Parsley - bu,$4.00,40,0,40,$160.00,,actual
2025-11-01,10/30/2025,2025,BFM,Potato Red - lb,$3.50,45,0,45,$157.50,,actual
2025-11-01,10/30/2025,2025,BFM,Radicchio Forced - lb,$9.00,3.7,0,3.7,$33.30,Variety: pink,actual
2025-11-01,10/30/2025,2025,BFM,Radicchio Round - lb,$9.00,13.5,1.6,11.9,$107.10,,actual
2025-11-01,10/30/2025,2025,BFM,Radicchio Treviso - lb,$9.00,14.1,0,14.1,$126.90,,actual
2025-11-01,10/30/2025,2025,BFM,Radicchio Variegated - lb,$9.00,6.75,3.1,3.65,$32.85,,actual
2025-11-01,10/30/2025,2025,BFM,Radish Daikon Mix - bu,$5.00,25,5,20,$99.96,,actual
2025-11-01,10/30/2025,2025,BFM,Radish Purple - bu,$4.00,15,1,14,$56.00,,actual
2025-11-01,10/30/2025,2025,BFM,Salad Mix - 1 1/3 lb,$25.00,3,0,3,$75.00,,actual
2025-11-01,10/30/2025,2025,BFM,Salad Mix - 1/3 lb,$7.00,36,0,36,$252.00,,actual
2025-11-01,10/30/2025,2025,BFM,Salad Mix - 2/3 lb ,$14.00,30,0,30,$420.00,,actual
2025-11-01,10/30/2025,2025,BFM,Scallion - bu,$4.00,55,0,55,$220.00,,actual
2025-11-01,10/30/2025,2025,BFM,Spinach - 1 lb,$14.00,12,0,12,$168.00,,actual
2025-11-01,10/30/2025,2025,BFM,Spinach - 1/2 lb,$7.00,20,0,20,$140.00,,actual
2025-11-01,10/30/2025,2025,BFM,Winter Squash Butternut - lb,$3.00,80,0,80,$240.00,,actual
2025-11-01,10/30/2025,2025,KFM,Spinach - 1/2 lb,$7.00,20,0,20,$140.00,,actual
2025-11-01,10/30/2025,2025,BFM,Cabbage Chinese Red - lb,$4.00,8.3,0,8.3,$33.20,,actual
2025-11-01,10/30/2025,2025,KFM,Winter Squash Butternut - lb,$3.00,78,8,70,$210.00,,actual
2025-11-01,10/30/2025,2025,BFM,Potato Blue - lb,$3.50,45,0,45,$157.50,,actual
2025-11-08,11/6/2025,2025,KFM,Arugula - 1/3 lb,$7.00,15,2,13,$91.00,,actual
2025-11-08,11/6/2025,2025,KFM,Beets Golden - bu,$5.00,20,1,19,$95.00,,actual
2025-11-08,11/6/2025,2025,KFM,Beets Red - bu,$5.00,20,2,18,$90.00,,actual
2025-11-08,11/6/2025,2025,KFM,Braising Mix - 1 lb,$9.00,40,4,36,$324.00,,actual
2025-11-08,11/6/2025,2025,KFM,Broccolini - bu,$6.00,33,0,33,$198.00,,actual
2025-11-08,11/6/2025,2025,KFM,Cabbage Chinese - lb,$4.00,11,0,11,$44.00,,actual
2025-11-08,11/6/2025,2025,KFM,Cabbage Chinese Red - lb,$4.00,18.2,2,16.2,$64.80,,actual
2025-11-08,11/6/2025,2025,KFM,Cabbage Cone Storage - lb,$2.00,21.7,6.5,15.2,$30.40,Variety: murdoc,actual
2025-11-08,11/6/2025,2025,KFM,Cabbage Flat - lb,$3.00,14.8,12,2.8,$8.40,,actual
2025-11-08,11/6/2025,2025,KFM,Cabbage Green Storage - lb,$2.00,23.6,5,18.6,$37.20,,actual
2025-11-08,11/6/2025,2025,KFM,Cabbage Green Storage - lb,$3.00,30.2,12,18.2,$54.60,Variety: rose,actual
2025-11-08,11/6/2025,2025,KFM,Cabbage Red - lb,$3.00,17,4,13,$39.00,,actual
2025-11-08,11/6/2025,2025,KFM,Cabbage Savoy - lb,$3.00,15.5,0,15.5,$46.50,,actual
2025-11-08,11/6/2025,2025,KFM,Carrot Bulk - lb,$3.50,115,15,100,$350.00,,actual
2025-11-08,11/6/2025,2025,KFM,Celery - bu,$5.00,25,0,25,$125.00,,actual
2025-11-08,11/6/2025,2025,KFM,Chard - bu,$5.00,12,0,12,$60.00,,actual
2025-11-08,11/6/2025,2025,KFM,Cilantro - bu,$4.00,40,4,36,$144.00,,actual
2025-11-08,11/6/2025,2025,KFM,Collards - bu,$5.00,12,0,12,$60.00,,actual
2025-11-08,11/6/2025,2025,KFM,Dandelion - bu,$5.00,10,3,7,$35.00,,actual
2025-11-08,11/6/2025,2025,KFM,Escarole - ea,$5.00,16,5,11,$55.00,,actual
2025-11-08,11/6/2025,2025,KFM,Fennel - ea,$4.00,23,5,18,$72.00,Variety: bunches,actual
2025-11-08,11/6/2025,2025,KFM,Garlic - lb,$16.00,10.4,0,10.4,$166.40,,actual
2025-11-08,11/6/2025,2025,KFM,Kale Curly - bu,$5.00,12,0,12,$60.00,,actual
2025-11-08,11/6/2025,2025,KFM,Kale Lacinato - bu,$5.00,50,0,50,$250.00,,actual
2025-11-08,11/6/2025,2025,KFM,Kohlrabi - bu,$5.00,5,2,3,$15.00,,actual
2025-11-08,11/6/2025,2025,KFM,Kohlrabi Storage - ea,$4.00,8,2,6,$24.00,,actual
2025-11-08,11/6/2025,2025,KFM,Mustard - bu,$5.00,9,1,8,$40.00,,actual
2025-11-08,11/6/2025,2025,KFM,Parsley - bu,$4.00,40,3,37,$148.00,,actual
2025-11-08,11/6/2025,2025,KFM,Potato Blue - lb,$3.50,50,0,50,$175.00,,actual
2025-11-08,11/6/2025,2025,KFM,Potato White - lb,$3.50,65,0,65,$227.50,,actual
2025-11-08,11/6/2025,2025,KFM,Radicchio Forced - lb,$9.00,12.6,0,12.6,$113.40,Variety: pink,actual
2025-11-08,11/6/2025,2025,KFM,Radicchio Round - lb,$9.00,11.7,0,11.7,$105.30,,actual
2025-11-08,11/6/2025,2025,KFM,Radicchio Treviso - lb,$9.00,17.6,1.5,16.1,$144.90,,actual
2025-11-08,11/6/2025,2025,KFM,Radicchio Variegated - lb,$9.00,19.8,1.5,18.3,$164.70,,actual
2025-11-08,11/6/2025,2025,KFM,Radish Daikon Bulk - lb,$3.50,40,15,25,$87.50,,actual
2025-11-08,11/6/2025,2025,KFM,Radish Purple - bu,$4.00,10,0,10,$40.00,,actual
2025-11-08,11/6/2025,2025,KFM,Salad Mix - 1 1/3 lb,$25.00,0,0,0,$0.00,,actual
2025-11-08,11/6/2025,2025,KFM,Salad Mix - 1/3 lb,$7.00,25,1,24,$168.00,,actual
2025-11-08,11/6/2025,2025,KFM,Salad Mix - 2/3 lb ,$14.00,31,0,31,$434.00,,actual
2025-11-08,11/6/2025,2025,KFM,Scallion - bu,$4.00,34,0,34,$136.00,,actual
2025-11-08,11/6/2025,2025,KFM,Spinach - 1 lb,$14.00,19,0,19,$266.00,,actual
2025-11-08,11/6/2025,2025,KFM,Spinach - 1/2 lb,$7.00,25,0,25,$175.00,,actual
2025-11-08,11/6/2025,2025,KFM,Sweet Potato Covington - lb,$3.50,14.75,0,14.75,$51.63,,actual
2025-11-08,11/6/2025,2025,KFM,Sweet Potato Murasaki - lb,$3.50,15,0,15,$52.50,,actual
2025-11-08,11/6/2025,2025,KFM,Sweet Potato Murasaki - lb,$3.50,22.75,0,22.75,$79.63,Variety: purple,actual
2025-11-08,11/6/2025,2025,KFM,Turnip - bu,$5.00,8,0,8,$40.00,Variety: hakurei,actual
2025-11-08,11/6/2025,2025,KFM,Turnip - bu,$5.00,7,0,7,$35.00,Variety: purple top,actual
2025-11-08,11/6/2025,2025,BFM,Arugula - 1/3 lb,$7.00,18,0,18,$126.00,,actual
2025-11-08,11/6/2025,2025,BFM,Beets Golden - bu,$5.00,30,1,29,$145.00,,actual
2025-11-08,11/6/2025,2025,BFM,Beets Red - bu,$5.00,30,0,30,$150.00,,actual
2025-11-08,11/6/2025,2025,BFM,Braising Mix - 1 lb,$9.00,22,1,21,$189.00,,actual
2025-11-08,11/6/2025,2025,BFM,Broccolini - bu,$6.00,32,0,32,$192.00,,actual
2025-11-08,11/6/2025,2025,BFM,Cabbage Chinese - lb,$4.00,19.8,0,19.8,$79.20,,actual
2025-11-08,11/6/2025,2025,BFM,Cabbage Chinese Red - lb,$4.00,24.2,0,24.2,$96.80,,actual
2025-11-08,11/6/2025,2025,BFM,Cabbage Cone Storage - lb,$2.00,18.5,0,18.5,$37.00,Variety: murdoc,actual
2025-11-08,11/6/2025,2025,BFM,Cabbage Flat - lb,$3.00,15.4,0,15.4,$46.20,,actual
2025-11-08,11/6/2025,2025,BFM,Cabbage Green Storage - lb,$2.00,35.9,9.5,26.4,$52.80,,actual
2025-11-08,11/6/2025,2025,BFM,Cabbage Green Storage - lb,$3.00,35.3,0,35.3,$105.90,Variety: rose,actual
2025-11-08,11/6/2025,2025,BFM,Cabbage Red - lb,$3.00,24.3,1.4,22.9,$68.70,,actual
2025-11-08,11/6/2025,2025,BFM,Cabbage Savoy - lb,$3.00,31.4,10.5,20.9,$62.70,,actual
2025-11-08,11/6/2025,2025,BFM,Carrot Bulk - lb,$3.50,130,14,116,$406.00,,actual
2025-11-08,11/6/2025,2025,BFM,Celery - bu,$5.00,32,0,32,$160.00,,actual
2025-11-08,11/6/2025,2025,BFM,Chard - bu,$5.00,25,0,25,$125.00,,actual
2025-11-08,11/6/2025,2025,BFM,Cilantro - bu,$4.00,35,6,29,$116.00,,actual
2025-11-08,11/6/2025,2025,BFM,Collards - bu,$5.00,20,4,16,$80.00,,actual
2025-11-08,11/6/2025,2025,BFM,Dandelion - bu,$5.00,12,0,12,$60.00,,actual
2025-11-08,11/6/2025,2025,BFM,Escarole - ea,$5.00,12,2,10,$50.00,,actual
2025-11-08,11/6/2025,2025,BFM,Fennel - ea,$4.00,22,1,21,$84.00,Variety: bunches,actual
2025-11-08,11/6/2025,2025,BFM,Garlic - lb,$16.00,3.8,0,3.8,$60.80,,actual
2025-11-08,11/6/2025,2025,BFM,Kale Curly - bu,$5.00,40,0,40,$200.00,,actual
2025-11-08,11/6/2025,2025,BFM,Kale Lacinato - bu,$5.00,60,0,60,$300.00,,actual
2025-11-08,11/6/2025,2025,BFM,Kohlrabi Storage - ea,$4.00,10,0,10,$40.00,,actual
2025-11-08,11/6/2025,2025,BFM,Mustard - bu,$5.00,8,0,8,$40.00,,actual
2025-11-08,11/6/2025,2025,BFM,Parsley - bu,$4.00,44,1,43,$172.00,,actual
2025-11-08,11/6/2025,2025,BFM,Potato Blue - lb,$3.50,50,0,50,$175.00,,actual
2025-11-08,11/6/2025,2025,BFM,Potato White - lb,$3.50,65,0,65,$227.50,,actual
2025-11-08,11/6/2025,2025,BFM,Radicchio Forced - lb,$9.00,6.4,0,6.4,$57.60,Variety: pink,actual
2025-11-08,11/6/2025,2025,BFM,Radicchio Round - lb,$9.00,9.2,0.4,8.8,$79.20,,actual
2025-11-08,11/6/2025,2025,BFM,Radicchio Treviso - lb,$9.00,14.8,2.5,12.3,$110.70,,actual
2025-11-08,11/6/2025,2025,BFM,Radicchio Variegated - lb,$9.00,8.5,0.9,7.6,$68.40,,actual
2025-11-08,11/6/2025,2025,BFM,Radish Daikon Bulk - lb,$3.50,40,16,24,$84.00,,actual
2025-11-08,11/6/2025,2025,BFM,Radish Purple - bu,$4.00,15,1,14,$56.00,,actual
2025-11-08,11/6/2025,2025,BFM,Salad Mix - 1 1/3 lb,$25.00,0,0,0,$0.00,,actual
2025-11-08,11/6/2025,2025,BFM,Salad Mix - 1/3 lb,$7.00,30,0,30,$210.00,,actual
2025-11-08,11/6/2025,2025,BFM,Salad Mix - 2/3 lb ,$14.00,30,0,30,$420.00,,actual
2025-11-08,11/6/2025,2025,BFM,Scallion - bu,$4.00,55,7,48,$192.00,,actual
2025-11-08,11/6/2025,2025,BFM,Spinach - 1 lb,$14.00,15,0,15,$210.00,,actual
2025-11-08,11/6/2025,2025,BFM,Spinach - 1/2 lb,$7.00,25,0,25,$175.00,,actual
2025-11-08,11/6/2025,2025,BFM,Sweet Potato Covington - lb,$3.50,15.75,15.75,0,$0.00,,actual
2025-11-08,11/6/2025,2025,BFM,Sweet Potato Murasaki - lb,$3.50,15,15,0,$0.00,,actual
2025-11-08,11/6/2025,2025,BFM,Sweet Potato Murasaki - lb,$3.50,22.75,22.75,0,$0.00,Variety: purple,actual
2025-11-08,11/6/2025,2025,BFM,Turnip - bu,$5.00,7,0,7,$35.00,Variety: hakurei,actual
2025-11-08,11/6/2025,2025,BFM,Winter Squash Butternut - lb,$3.00,58.5,30,28.5,$85.50,,actual
2025-11-08,11/6/2025,2025,BFM,Winter Squash Futsu - lb,$3.00,30,3,27,$81.00,,actual
2025-11-08,11/6/2025,2025,KFM,Winter Squash Butternut - lb,$3.00,61.3,50,11.3,$33.90,,actual
2025-11-08,11/6/2025,2025,BFM,Turnip - bu,$5.00,6,0,6,$30.00,Variety: purple top,actual
2025-11-08,11/6/2025,2025,KFM,Winter Squash Futsu - lb,$3.00,33,25,8,$24.00,,actual
2025-11-08,11/6/2025,2025,BFM,Kohlrabi - bu,$5.00,5,0,5,$25.00,,actual
2025-11-15,11/13/2025,2025,KFM,Arugula - 1/3 lb,$7.00,10,0,10,$70.00,,actual
2025-11-15,11/13/2025,2025,KFM,Beets Golden - bu,$5.00,15,0,15,$75.00,,actual
2025-11-15,11/13/2025,2025,KFM,Beets Red - bu,$5.00,15,0,15,$75.00,,actual
2025-11-15,11/13/2025,2025,KFM,Braising Mix - 1 lb,$9.00,45,3,42,$378.00,,actual
2025-11-15,11/13/2025,2025,KFM,Broccolini - bu,$6.00,18,0,18,$108.00,,actual
2025-11-15,11/13/2025,2025,KFM,Broccolini - bu,$9.00,23.2,0,23.2,$208.80,Variety: loose,actual
2025-11-15,11/13/2025,2025,KFM,Cabbage Chinese - lb,$4.00,26.6,16.6,10,$40.00,,actual
2025-11-15,11/13/2025,2025,KFM,Cabbage Chinese Red - lb,$4.00,13.3,4,9.3,$37.20,,actual
2025-11-15,11/13/2025,2025,KFM,Cabbage Cone Storage - lb,$2.00,26,0,26,$52.00,Variety: murdoc,actual
2025-11-15,11/13/2025,2025,KFM,Cabbage Flat - lb,$3.00,0,0,0,$0.00,,actual
2025-11-15,11/13/2025,2025,KFM,Cabbage Green Storage - lb,$2.00,24.8,4,20.8,$41.60,,actual
2025-11-15,11/13/2025,2025,KFM,Cabbage Green Storage - lb,$3.00,12.3,0,12.3,$36.90,Variety: rose,actual
2025-11-15,11/13/2025,2025,KFM,Cabbage Red - lb,$3.00,27.2,6.4,20.8,$62.40,,actual
2025-11-15,11/13/2025,2025,KFM,Cabbage Savoy - lb,$3.00,13.6,4.5,9.1,$27.30,,actual
2025-11-15,11/13/2025,2025,KFM,Carrot Bulk - lb,$3.50,115,0,115,$402.50,,actual
2025-11-15,11/13/2025,2025,KFM,Celery - bu,$5.00,30,0,30,$150.00,,actual
2025-11-15,11/13/2025,2025,KFM,Chard - bu,$5.00,18,0,18,$90.00,,actual
2025-11-15,11/13/2025,2025,KFM,Cilantro - bu,$4.00,20,0,20,$80.00,,actual
2025-11-15,11/13/2025,2025,KFM,Collards - bu,$5.00,14,6,8,$40.00,,actual
2025-11-15,11/13/2025,2025,KFM,Dandelion - bu,$5.00,8,3,5,$25.00,,actual
2025-11-15,11/13/2025,2025,KFM,Garlic - lb,$16.00,11.9,0,11.9,$190.40,,actual
2025-11-15,11/13/2025,2025,KFM,Kale Curly - bu,$5.00,16,8,8,$40.00,,actual
2025-11-15,11/13/2025,2025,KFM,Kale Lacinato - bu,$5.00,58,2,56,$280.00,,actual
2025-11-15,11/13/2025,2025,KFM,Kohlrabi Storage - ea,$4.00,11,0,11,$44.00,,actual
2025-11-15,11/13/2025,2025,KFM,Mustard - bu,$5.00,7,0,7,$35.00,,actual
2025-11-15,11/13/2025,2025,KFM,Parsley - bu,$4.00,40,0,40,$160.00,,actual
2025-11-15,11/13/2025,2025,KFM,Potato Blue - lb,$3.50,50,15,35,$122.50,,actual
2025-11-15,11/13/2025,2025,KFM,Potato White - lb,$3.50,50,7,43,$150.50,,actual
2025-11-15,11/13/2025,2025,KFM,Potato Yellow - lb,$3.50,50,0,50,$175.00,,actual
2025-11-15,11/13/2025,2025,KFM,Radicchio Forced - lb,$9.00,13.4,0.6,12.8,$115.20,Variety: pink,actual
2025-11-15,11/13/2025,2025,KFM,Radicchio Round - lb,$9.00,24.1,7.7,16.4,$147.60,,actual
2025-11-15,11/13/2025,2025,KFM,Radicchio Treviso - lb,$9.00,23.3,6.5,16.8,$151.20,,actual
2025-11-15,11/13/2025,2025,KFM,Radicchio Variegated - lb,$9.00,18.9,6,12.9,$116.10,,actual
2025-11-15,11/13/2025,2025,KFM,Radish Daikon Bulk - lb,$3.50,30,7,23,$80.50,,actual
2025-11-15,11/13/2025,2025,KFM,Radish Purple - bu,$4.00,14,7,7,$28.00,,actual
2025-11-15,11/13/2025,2025,KFM,Salad Mix - 1/3 lb,$9.00,20,0,20,$179.90,Variety: 1/2 lb radic,actual
2025-11-15,11/13/2025,2025,KFM,Scallion - bu,$4.00,50,8,42,$168.00,,actual
2025-11-15,11/13/2025,2025,KFM,Spinach - 1 lb,$14.00,28,2,26,$364.00,,actual
2025-11-15,11/13/2025,2025,KFM,Spinach - 1/2 lb,$7.00,30,6,24,$168.00,,actual
2025-11-15,11/13/2025,2025,KFM,Sweet Potato Covington - lb,$3.50,35,6,29,$101.50,,actual
2025-11-15,11/13/2025,2025,KFM,Sweet Potato Murasaki - lb,$3.50,40,5,35,$122.50,,actual
2025-11-15,11/13/2025,2025,KFM,Sweet Potato Murasaki - lb,$3.50,40,3,37,$129.50,Variety: purple,actual
2025-11-15,11/13/2025,2025,KFM,Turnip - bu,$5.00,14,8,6,$30.00,Variety: purple top,actual
2025-11-15,11/13/2025,2025,KFM,Winter Squash Butternut - lb,$3.00,79,25,54,$162.00,,actual
2025-11-15,11/13/2025,2025,KFM,Winter Squash Futsu - lb,$3.00,34,14.5,19.5,$58.50,,actual
2025-11-15,11/13/2025,2025,BFM,Arugula - 1/3 lb,$7.00,17,0,17,$119.00,,actual
2025-11-15,11/13/2025,2025,BFM,Beets Golden - bu,$5.00,15,0,15,$75.00,,actual
2025-11-15,11/13/2025,2025,BFM,Beets Red - bu,$5.00,15,0,15,$75.00,,actual
2025-11-15,11/13/2025,2025,BFM,Braising Mix - 1 lb,$9.00,28,4,24,$216.00,,actual
2025-11-15,11/13/2025,2025,BFM,Broccolini - bu,$6.00,17,0,17,$102.00,,actual
2025-11-15,11/13/2025,2025,BFM,Broccolini - bu,$9.00,22.9,0,22.9,$206.10,Variety: loose,actual
2025-11-15,11/13/2025,2025,BFM,Cabbage Chinese - lb,$4.00,22.1,20.3,1.8,$7.20,,actual
2025-11-15,11/13/2025,2025,BFM,Cabbage Chinese Red - lb,$4.00,12.2,0,12.2,$48.80,,actual
2025-11-15,11/13/2025,2025,BFM,Cabbage Cone Storage - lb,$2.00,26.1,4.3,21.8,$43.60,Variety: murdoc,actual
2025-11-15,11/13/2025,2025,BFM,Cabbage Flat - lb,$3.00,0,0,0,$0.00,,actual
2025-11-15,11/13/2025,2025,BFM,Cabbage Green Storage - lb,$2.00,23.2,0,23.2,$46.40,,actual
2025-11-15,11/13/2025,2025,BFM,Cabbage Green Storage - lb,$3.00,13,0,13,$39.00,Variety: rose,actual
2025-11-15,11/13/2025,2025,BFM,Cabbage Red - lb,$3.00,33.4,15.3,18.1,$54.30,,actual
2025-11-15,11/13/2025,2025,BFM,Cabbage Savoy - lb,$3.00,16.6,0,16.6,$49.80,,actual
2025-11-15,11/13/2025,2025,BFM,Carrot Bulk - lb,$3.50,130,6.6,123.4,$431.90,,actual
2025-11-15,11/13/2025,2025,BFM,Celery - bu,$5.00,33,0,33,$165.00,,actual
2025-11-15,11/13/2025,2025,BFM,Chard - bu,$5.00,28,0,28,$140.00,,actual
2025-11-15,11/13/2025,2025,BFM,Cilantro - bu,$4.00,20,0,20,$80.00,,actual
2025-11-15,11/13/2025,2025,BFM,Collards - bu,$5.00,18,-4,22,$110.00,,actual
2025-11-15,11/13/2025,2025,BFM,Dandelion - bu,$5.00,12,3,9,$45.00,,actual
2025-11-15,11/13/2025,2025,BFM,Garlic - lb,$16.00,9.3,0,9.3,$148.80,,actual
2025-11-15,11/13/2025,2025,BFM,Kale Curly - bu,$5.00,42,0,42,$210.00,,actual
2025-11-15,11/13/2025,2025,BFM,Kale Lacinato - bu,$5.00,62,4,58,$290.00,,actual
2025-11-15,11/13/2025,2025,BFM,Kohlrabi Storage - ea,$4.00,14,0,14,$56.00,,actual
2025-11-15,11/13/2025,2025,BFM,Mustard - bu,$5.00,7,0,7,$35.00,,actual
2025-11-15,11/13/2025,2025,BFM,Parsley - bu,$4.00,45,9,36,$144.00,,actual
2025-11-15,11/13/2025,2025,BFM,Potato Blue - lb,$3.50,50,21,29,$101.50,,actual
2025-11-15,11/13/2025,2025,BFM,Potato White - lb,$3.50,50,6,44,$154.00,,actual
2025-11-15,11/13/2025,2025,BFM,Potato Yellow - lb,$3.50,50,6,44,$154.00,,actual
2025-11-15,11/13/2025,2025,BFM,Radicchio Forced - lb,$9.00,7.9,0,7.9,$71.10,Variety: pink,actual
2025-11-15,11/13/2025,2025,BFM,Radicchio Round - lb,$9.00,17.3,7,10.3,$92.70,,actual
2025-11-15,11/13/2025,2025,BFM,Radicchio Treviso - lb,$9.00,19,0,19,$171.00,,actual
2025-11-15,11/13/2025,2025,BFM,Radicchio Variegated - lb,$9.00,5.4,4,1.4,$12.60,,actual
2025-11-15,11/13/2025,2025,BFM,Radish Daikon Bulk - lb,$3.50,30,7.6,22.4,$78.40,,actual
2025-11-15,11/13/2025,2025,BFM,Radish Purple - bu,$4.00,13,0,13,$52.00,,actual
2025-11-15,11/13/2025,2025,BFM,Salad Mix - 1/3 lb,$9.00,15,0,15,$134.93,Variety: 1/2 lb radic,actual
2025-11-15,11/13/2025,2025,BFM,Scallion - bu,$4.00,50,12,38,$152.00,,actual
2025-11-15,11/13/2025,2025,BFM,Spinach - 1 lb,$14.00,22,-1,23,$322.00,,actual
2025-11-15,11/13/2025,2025,BFM,Spinach - 1/2 lb,$7.00,30,-4,34,$238.00,,actual
2025-11-15,11/13/2025,2025,BFM,Sweet Potato Covington - lb,$3.50,28,14,14,$49.00,,actual
2025-11-15,11/13/2025,2025,BFM,Sweet Potato Murasaki - lb,$3.50,40,10,30,$105.00,,actual
2025-11-15,11/13/2025,2025,BFM,Sweet Potato Murasaki - lb,$3.50,40,10,30,$105.00,Variety: purple,actual
2025-11-15,11/13/2025,2025,BFM,Turnip - bu,$5.00,14,7,7,$35.00,Variety: purple top,actual
2025-11-15,11/13/2025,2025,BFM,Winter Squash Butternut - lb,$3.00,58.5,-9,67.5,$202.50,,actual
2025-11-15,11/13/2025,2025,BFM,Winter Squash Futsu - lb,$3.00,34,-4,38,$114.00,,actual
2025-11-22,11/20/2025,2025,BFM,Arugula Wild - 1/3 lb,$7.00,0,0,0,$0.00,,actual
2025-11-22,11/20/2025,2025,BFM,Beets Bulk Golden - lb,$3.50,44,0,44,$154.00,,actual
2025-11-22,11/20/2025,2025,BFM,Beets Bulk Red - lb,$3.50,23,1.4,21.6,$75.60,,actual
2025-11-22,11/20/2025,2025,BFM,Braising Mix - 1 lb,$9.00,40,28,12,$108.00,,actual
2025-11-22,11/20/2025,2025,BFM,Broccolini - bu,$6.00,0,0,0,$0.00,,actual
2025-11-22,11/20/2025,2025,BFM,Broccolini - bu,$7.00,48.2,0,48.2,$337.21,Variety: loose,actual
2025-11-22,11/20/2025,2025,BFM,Brussels Sprouts - ea,$8.00,150,-30,180,"$1,440.00",,actual
2025-11-22,11/20/2025,2025,BFM,Cabbage Chinese - lb,$4.00,10,0,10,$40.00,,actual
2025-11-22,11/20/2025,2025,BFM,Cabbage Chinese Red - lb,$4.00,0,0,0,$0.00,,actual
2025-11-22,11/20/2025,2025,BFM,Cabbage Cone Storage - lb,$2.00,30.8,0,30.8,$61.60,Variety: murdoc,actual
2025-11-22,11/20/2025,2025,BFM,Cabbage Green Storage - lb,$2.00,36,8.5,27.5,$55.00,,actual
2025-11-22,11/20/2025,2025,BFM,Cabbage Green Storage - lb,$3.00,21,6.4,14.6,$43.80,Variety: rose,actual
2025-11-22,11/20/2025,2025,BFM,Cabbage Red - lb,$3.00,22,2.5,19.5,$58.50,,actual
2025-11-22,11/20/2025,2025,BFM,Cabbage Savoy - lb,$3.00,34,25.9,8.1,$24.30,,actual
2025-11-22,11/20/2025,2025,BFM,Carrot Bulk - lb,$3.50,332,37.5,294.5,"$1,030.75",,actual
2025-11-22,11/20/2025,2025,BFM,Celery - bu,$3.00,110,27,83,$249.00,Variety: eaches,actual
2025-11-22,11/20/2025,2025,BFM,Chard - bu,$5.00,30,-2,32,$160.00,,actual
2025-11-22,11/20/2025,2025,BFM,Cilantro - bu,$4.00,0,0,0,$0.00,,actual
2025-11-22,11/20/2025,2025,BFM,Collards - bu,$5.00,40,-7,47,$235.00,,actual
2025-11-22,11/20/2025,2025,BFM,Dandelion - bu,$5.00,12,3,9,$45.00,,actual
2025-11-22,11/20/2025,2025,BFM,Fennel - ea,$4.00,10,0,10,$40.00,Variety: bunches,actual
2025-11-22,11/20/2025,2025,BFM,Garlic - lb,$8.00,49,1,48,$384.00,Variety: 1/2 lb bags,actual
2025-11-22,11/20/2025,2025,BFM,Kale Curly - bu,$5.00,45,19,26,$130.00,,actual
2025-11-22,11/20/2025,2025,BFM,Kale Lacinato - bu,$5.00,117,29,88,$440.00,,actual
2025-11-22,11/20/2025,2025,BFM,Kale Russian - bu,$5.00,8,-3,11,$55.00,,actual
2025-11-22,11/20/2025,2025,BFM,Kohlrabi Storage - ea,$4.00,20,0,20,$80.00,,actual
2025-11-22,11/20/2025,2025,BFM,Mustard - bu,$5.00,8,-4,12,$60.00,,actual
2025-11-22,11/20/2025,2025,BFM,Parsley - bu,$4.00,80,18,62,$248.00,,actual
2025-11-22,11/20/2025,2025,BFM,Potato Blue - lb,$3.50,50,0,50,$175.00,,actual
2025-11-22,11/20/2025,2025,BFM,Potato White - lb,$3.50,165,36,129,$451.50,,actual
2025-11-22,11/20/2025,2025,BFM,Potato Yellow - lb,$3.50,175,40,135,$472.50,,actual
2025-11-22,11/20/2025,2025,BFM,Radicchio Forced - lb,$9.00,16.3,1.4,14.9,$134.10,Variety: pink,actual
2025-11-22,11/20/2025,2025,BFM,Radicchio Round - lb,$9.00,12.8,4,8.8,$79.20,,actual
2025-11-22,11/20/2025,2025,BFM,Radicchio Treviso - lb,$9.00,15.2,0,15.2,$136.80,,actual
2025-11-22,11/20/2025,2025,BFM,Radicchio Variegated - lb,$9.00,10,3.5,6.5,$58.50,,actual
2025-11-22,11/20/2025,2025,BFM,Radish Daikon Bulk - lb,$3.50,60,27,33,$115.50,,actual
2025-11-22,11/20/2025,2025,BFM,Salad Mix - 1 1/3 lb,$25.00,13,0,13,$325.00,,actual
2025-11-22,11/20/2025,2025,BFM,Salad Mix - 1/3 lb,$7.00,35,4,31,$217.00,,actual
2025-11-22,11/20/2025,2025,BFM,Salad Mix - 2/3 lb ,$14.00,36,0,36,$504.00,,actual
2025-11-22,11/20/2025,2025,BFM,Scallion - bu,$4.00,75,22,53,$212.00,,actual
2025-11-22,11/20/2025,2025,BFM,Spinach - 1 lb,$14.00,31,19,12,$168.00,,actual
2025-11-22,11/20/2025,2025,BFM,Spinach - 1/2 lb,$7.00,30,10,20,$140.00,,actual
2025-11-22,11/20/2025,2025,BFM,Sweet Potato Covington - lb,$3.50,75,10,65,$227.50,,actual
2025-11-22,11/20/2025,2025,BFM,Sweet Potato Murasaki - lb,$3.50,50,8,42,$147.00,,actual
2025-11-22,11/20/2025,2025,BFM,Sweet Potato Murasaki - lb,$3.50,50,7,43,$150.50,Variety: purple,actual
2025-11-22,11/20/2025,2025,BFM,Turnip - bu,$5.00,38,14,24,$120.00,Variety: purple top,actual
2025-11-22,11/20/2025,2025,BFM,Winter Squash Butternut - lb,$3.00,151.4,10,141.4,$424.20,,actual
2025-11-22,11/20/2025,2025,BFM,Winter Squash Futsu - lb,$3.00,19.4,0,19.4,$58.20,,actual
2025-11-22,11/20/2025,2025,BFM,Winter Squash Koginut - lb,$3.00,29.4,0,29.4,$88.20,,actual
2025-11-22,11/20/2025,2025,KFM,Arugula Wild - 1/3 lb,$7.00,12,0,12,$84.00,,actual
2025-11-22,11/20/2025,2025,KFM,Beets Bulk Golden - lb,$3.50,44,4,40,$140.00,,actual
2025-11-22,11/20/2025,2025,KFM,Beets Bulk Red - lb,$3.50,23,3.5,19.5,$68.25,,actual
2025-11-22,11/20/2025,2025,KFM,Braising Mix - 1 lb,$9.00,48,2,46,$414.00,,actual
2025-11-22,11/20/2025,2025,KFM,Broccolini - bu,$6.00,0,0,0,$0.00,,actual
2025-11-22,11/20/2025,2025,KFM,Broccolini - bu,$7.00,60.4,0,60.4,$422.56,Variety: loose,actual
2025-11-22,11/20/2025,2025,KFM,Brussels Sprouts - ea,$8.00,150,54,96,$768.00,,actual
2025-11-22,11/20/2025,2025,KFM,Cabbage Chinese - lb,$4.00,12.6,10,2.6,$10.40,,actual
2025-11-22,11/20/2025,2025,KFM,Cabbage Chinese Red - lb,$4.00,0,0,0,$0.00,,actual
2025-11-22,11/20/2025,2025,KFM,Cabbage Cone Storage - lb,$2.00,59.6,38.6,21,$42.00,Variety: murdoc,actual
2025-11-22,11/20/2025,2025,KFM,Cabbage Green Storage - lb,$2.00,38,18.5,19.5,$39.00,,actual
2025-11-22,11/20/2025,2025,KFM,Cabbage Green Storage - lb,$3.00,23,0,23,$69.00,Variety: rose,actual
2025-11-22,11/20/2025,2025,KFM,Cabbage Red - lb,$3.00,38,5,33,$99.00,,actual
2025-11-22,11/20/2025,2025,KFM,Cabbage Savoy - lb,$3.00,27,18.4,8.6,$25.80,,actual
2025-11-22,11/20/2025,2025,KFM,Carrot Bulk - lb,$3.50,350,60,290,"$1,015.00",,actual
2025-11-22,11/20/2025,2025,KFM,Celery - bu,$3.00,118,11,107,$321.00,Variety: eaches,actual
2025-11-22,11/20/2025,2025,KFM,Chard - bu,$5.00,23,5,18,$90.00,,actual
2025-11-22,11/20/2025,2025,KFM,Cilantro - bu,$4.00,0,0,0,$0.00,,actual
2025-11-22,11/20/2025,2025,KFM,Collards - bu,$5.00,22,5,17,$85.00,,actual
2025-11-22,11/20/2025,2025,KFM,Dandelion - bu,$5.00,15,10,5,$25.00,,actual
2025-11-22,11/20/2025,2025,KFM,Fennel - ea,$4.00,10,0,10,$40.00,Variety: bunches,actual
2025-11-22,11/20/2025,2025,KFM,Garlic - lb,$8.00,49,0,49,$392.00,Variety: 1/2 lb bags,actual
2025-11-22,11/20/2025,2025,KFM,Kale Curly - bu,$5.00,26,9,17,$85.00,,actual
2025-11-22,11/20/2025,2025,KFM,Kale Lacinato - bu,$5.00,100,12,88,$440.00,,actual
2025-11-22,11/20/2025,2025,KFM,Kale Russian - bu,$5.00,9,6,3,$15.00,,actual
2025-11-22,11/20/2025,2025,KFM,Kohlrabi Storage - ea,$4.00,22,4,18,$72.00,,actual
2025-11-22,11/20/2025,2025,KFM,Mustard - bu,$5.00,8,4,4,$20.00,,actual
2025-11-22,11/20/2025,2025,KFM,Parsley - bu,$4.00,81,8,73,$292.00,,actual
2025-11-22,11/20/2025,2025,KFM,Potato Blue - lb,$3.50,58,0,58,$203.00,,actual
2025-11-22,11/20/2025,2025,KFM,Potato White - lb,$3.50,175,37.5,137.5,$481.25,,actual
2025-11-22,11/20/2025,2025,KFM,Potato Yellow - lb,$3.50,180,4.5,175.5,$614.25,,actual
2025-11-22,11/20/2025,2025,KFM,Radicchio Forced - lb,$9.00,40.1,0,40.1,$360.90,Variety: pink,actual
2025-11-22,11/20/2025,2025,KFM,Radicchio Round - lb,$9.00,23.6,3.6,20,$180.00,,actual
2025-11-22,11/20/2025,2025,KFM,Radicchio Treviso - lb,$9.00,43.6,0,43.6,$392.40,,actual
2025-11-22,11/20/2025,2025,KFM,Radicchio Variegated - lb,$9.00,19.7,0,19.7,$177.30,,actual
2025-11-22,11/20/2025,2025,KFM,Radish Daikon Bulk - lb,$3.50,60,23,37,$129.50,,actual
2025-11-22,11/20/2025,2025,KFM,Salad Mix - 1 1/3 lb,$25.00,14,0,14,$350.00,,actual
2025-11-22,11/20/2025,2025,KFM,Salad Mix - 1/3 lb,$7.00,36,14,22,$154.00,,actual
2025-11-22,11/20/2025,2025,KFM,Salad Mix - 2/3 lb ,$14.00,35,1,34,$476.00,,actual
2025-11-22,11/20/2025,2025,KFM,Scallion - bu,$4.00,100,21,79,$316.00,,actual
2025-11-22,11/20/2025,2025,KFM,Spinach - 1 lb,$14.00,30,7,23,$322.00,,actual
2025-11-22,11/20/2025,2025,KFM,Spinach - 1/2 lb,$7.00,30,9,21,$147.00,,actual
2025-11-22,11/20/2025,2025,KFM,Sweet Potato Covington - lb,$3.50,90,25.5,64.5,$225.75,,actual
2025-11-22,11/20/2025,2025,KFM,Sweet Potato Murasaki - lb,$3.50,55,0,55,$192.50,,actual
2025-11-22,11/20/2025,2025,KFM,Sweet Potato Murasaki - lb,$3.50,70,6.5,63.5,$222.25,Variety: purple,actual
2025-11-22,11/20/2025,2025,KFM,Turnip - bu,$5.00,38,12,26,$130.00,Variety: purple top,actual
2025-11-22,11/20/2025,2025,KFM,Winter Squash Butternut - lb,$3.00,173.2,59,114.2,$342.60,,actual
2025-11-15,11/14/2025,2025,KFM,Arugula - 2/3 lb ,$14.00,9,0,9,$126.00,,actual
2025-11-15,11/14/2025,2025,BFM,Arugula - 2/3 lb ,$14.00,9,0,9,$126.00,,actual
2025-12-06,12/4/2025,2025,BFM,Arugula Wild - 1/3 lb,$7.00,0,0,0,$0.00,,actual
2025-12-06,12/4/2025,2025,BFM,Beets Bulk Golden - lb,$3.50,14,11.7,2.3,$8.05,,actual
2025-12-06,12/4/2025,2025,BFM,Beets Bulk Red - lb,$3.50,23,8.5,14.5,$50.75,,actual
2025-12-06,12/4/2025,2025,BFM,Braising Mix - 1 lb,$9.00,10,-6,16,$144.00,,actual
2025-12-06,12/4/2025,2025,BFM,Broccolini - bu,$7.00,84.4,0,84.4,$590.97,Variety: loose,actual
2025-12-06,12/4/2025,2025,BFM,Cabbage Chinese - lb,$4.00,11.1,2.6,8.5,$34.00,,actual
2025-12-06,12/4/2025,2025,BFM,Cabbage Cone Storage - lb,$2.00,28.8,0,28.8,$57.60,Variety: murdoc,actual
2025-12-06,12/4/2025,2025,BFM,Cabbage Green Storage - lb,$2.00,19.6,3.8,15.8,$31.60,,actual
2025-12-06,12/4/2025,2025,BFM,Cabbage Red - lb,$3.00,26,0.7,25.3,$75.90,,actual
2025-12-06,12/4/2025,2025,BFM,Cabbage Savoy - lb,$3.00,28.5,6,22.5,$67.50,,actual
2025-12-06,12/4/2025,2025,BFM,Carrot Bulk - lb,$3.50,132,5.3,126.7,$443.45,,actual
2025-12-06,12/4/2025,2025,BFM,Chard - bu,$5.00,0,0,0,$0.00,,actual
2025-12-06,12/4/2025,2025,BFM,Cilantro - bu,$4.00,0,0,0,$0.00,,actual
2025-12-06,12/4/2025,2025,BFM,Collards - bu,$5.00,22,-3,25,$125.00,,actual
2025-12-06,12/4/2025,2025,BFM,Dandelion - bu,$5.00,0,0,0,$0.00,,actual
2025-12-06,12/4/2025,2025,BFM,Garlic - lb,$16.00,0,0,0,$0.00,,actual
2025-12-06,12/4/2025,2025,BFM,Kale Curly - bu,$5.00,40,-8,48,$240.00,,actual
2025-12-06,12/4/2025,2025,BFM,Kale Lacinato - bu,$5.00,60,-11,71,$355.00,,actual
2025-12-06,12/4/2025,2025,BFM,Kale Russian - bu,$5.00,0,0,0,$0.00,,actual
2025-12-06,12/4/2025,2025,BFM,Kohlrabi Storage - ea,$4.00,22,0,22,$88.00,,actual
2025-12-06,12/4/2025,2025,BFM,Mustard - bu,$5.00,0,0,0,$0.00,,actual
2025-12-06,12/4/2025,2025,BFM,Parsley - bu,$4.00,0,0,0,$0.00,,actual
2025-12-06,12/4/2025,2025,BFM,Potato Yellow - lb,$3.50,47,5,42,$147.00,,actual
2025-12-06,12/4/2025,2025,BFM,Potato Red - lb,$3.50,50,29.7,20.3,$71.05,,actual
2025-12-06,12/4/2025,2025,BFM,Potato White - lb,$3.50,45,5,40,$140.00,,actual
2025-12-06,12/4/2025,2025,BFM,Radicchio Forced - lb,$9.00,0,0,0,$0.00,Variety: pink,actual
2025-12-06,12/4/2025,2025,BFM,Radicchio Round - lb,$9.00,15.8,-3.2,19,$171.00,,actual
2025-12-06,12/4/2025,2025,BFM,Radicchio Treviso - lb,$9.00,0,0,0,$0.00,,actual
2025-12-06,12/4/2025,2025,BFM,Radicchio Variegated - lb,$9.00,0,0,0,$0.00,,actual
2025-12-06,12/4/2025,2025,BFM,Radish Daikon Bulk - lb,$3.50,32,12.4,19.6,$68.60,,actual
2025-12-06,12/4/2025,2025,BFM,Salad Mix - 1/3 lb,$9.00,20,-1,21,$188.90,Variety: 1/2 lb radic,actual
2025-12-06,12/4/2025,2025,BFM,Salad Mix - 2/3 lb ,$14.00,0,0,0,$0.00,,actual
2025-12-06,12/4/2025,2025,BFM,Scallion - bu,$4.00,0,0,0,$0.00,,actual
2025-12-06,12/4/2025,2025,BFM,Spinach - 1 lb,$14.00,20,0,20,$280.00,,actual
2025-12-06,12/4/2025,2025,BFM,Spinach - 1/2 lb,$7.00,19,0,19,$133.00,,actual
2025-12-06,12/4/2025,2025,BFM,Sweet Potato Covington - lb,$3.50,25,6.3,18.7,$65.45,,actual
2025-12-06,12/4/2025,2025,BFM,Sweet Potato Murasaki - lb,$3.50,22,13.3,8.7,$30.45,,actual
2025-12-06,12/4/2025,2025,BFM,Sweet Potato Murasaki - lb,$3.50,30,8.3,21.7,$75.95,Variety: purple,actual
2025-12-06,12/4/2025,2025,BFM,Turnip Bulk - lb,$3.50,0,-2.7,2.7,$9.45,,actual
2025-12-06,12/4/2025,2025,BFM,Winter Squash Butternut - lb,$3.00,77,19.6,57.4,$172.20,,actual
2025-12-06,12/4/2025,2025,BFM,Winter Squash Futsu - lb,$3.00,31.6,13.75,17.85,$53.55,,actual
2025-12-06,12/4/2025,2025,KFM,Arugula Wild - 1/3 lb,$7.00,0,0,0,$0.00,,actual
2025-12-06,12/4/2025,2025,KFM,Beets Bulk Golden - lb,$3.50,14,11,3,$10.50,,actual
2025-12-06,12/4/2025,2025,KFM,Beets Bulk Red - lb,$3.50,23,11,12,$42.00,,actual
2025-12-06,12/4/2025,2025,KFM,Braising Mix - 1 lb,$9.00,35,6,29,$261.00,,actual
2025-12-06,12/4/2025,2025,KFM,Broccolini - bu,$7.00,86.3,0,86.3,$604.27,Variety: loose,actual
2025-12-06,12/4/2025,2025,KFM,Cabbage Chinese - lb,$4.00,12.8,0,12.8,$51.20,,actual
2025-12-06,12/4/2025,2025,KFM,Cabbage Cone Storage - lb,$2.00,29.5,3.3,26.2,$52.40,Variety: murdoc,actual
2025-12-06,12/4/2025,2025,KFM,Cabbage Green Storage - lb,$2.00,24.9,4.6,20.3,$40.60,,actual
2025-12-06,12/4/2025,2025,KFM,Cabbage Red - lb,$3.00,25.8,5.9,19.9,$59.70,,actual
2025-12-06,12/4/2025,2025,KFM,Cabbage Savoy - lb,$3.00,27.9,11.9,16,$48.00,,actual
2025-12-06,12/4/2025,2025,KFM,Carrot Bulk - lb,$3.50,132,5,127,$444.50,,actual
2025-12-06,12/4/2025,2025,KFM,Chard - bu,$5.00,0,0,0,$0.00,,actual
2025-12-06,12/4/2025,2025,KFM,Cilantro - bu,$4.00,0,0,0,$0.00,,actual
2025-12-06,12/4/2025,2025,KFM,Collards - bu,$5.00,22,5,17,$85.00,,actual
2025-12-06,12/4/2025,2025,KFM,Dandelion - bu,$5.00,0,0,0,$0.00,,actual
2025-12-06,12/4/2025,2025,KFM,Garlic - lb,$16.00,0,0,0,$0.00,,actual
2025-12-06,12/4/2025,2025,KFM,Kale Curly - bu,$5.00,18,8,10,$50.00,,actual
2025-12-06,12/4/2025,2025,KFM,Kale Lacinato - bu,$5.00,75,11,64,$320.00,,actual
2025-12-06,12/4/2025,2025,KFM,Kale Russian - bu,$5.00,0,0,0,$0.00,,actual
2025-12-06,12/4/2025,2025,KFM,Kohlrabi Storage - ea,$4.00,26,4,22,$88.00,,actual
2025-12-06,12/4/2025,2025,KFM,Mustard - bu,$5.00,0,0,0,$0.00,,actual
2025-12-06,12/4/2025,2025,KFM,Parsley - bu,$4.00,0,0,0,$0.00,,actual
2025-12-06,12/4/2025,2025,KFM,Potato Yellow - lb,$3.50,52,10.9,41.1,$143.85,,actual
2025-12-06,12/4/2025,2025,KFM,Potato Red - lb,$3.50,50,26,24,$84.00,,actual
2025-12-06,12/4/2025,2025,KFM,Potato White - lb,$3.50,52,7.3,44.7,$156.45,,actual
2025-12-06,12/4/2025,2025,KFM,Radicchio Forced - lb,$9.00,0,0,0,$0.00,Variety: pink,actual
2025-12-06,12/4/2025,2025,KFM,Radicchio Round - lb,$9.00,27.2,6.1,21.1,$189.90,,actual
2025-12-06,12/4/2025,2025,KFM,Radicchio Treviso - lb,$9.00,17,2,15,$135.00,,actual
2025-12-06,12/4/2025,2025,KFM,Radicchio Variegated - lb,$9.00,0,0,0,$0.00,,actual
2025-12-06,12/4/2025,2025,KFM,Radish Daikon Bulk - lb,$3.50,32,5,27,$94.50,,actual
2025-12-06,12/4/2025,2025,KFM,Salad Mix - 1/3 lb,$9.00,36,1,35,$314.83,Variety: 1/2 lb radic,actual
2025-12-06,12/4/2025,2025,KFM,Salad Mix - 2/3 lb ,$14.00,0,0,0,$0.00,,actual
2025-12-06,12/4/2025,2025,KFM,Scallion - bu,$4.00,0,0,0,$0.00,,actual
2025-12-06,12/4/2025,2025,KFM,Spinach - 1 lb,$14.00,20,0,20,$280.00,,actual
2025-12-06,12/4/2025,2025,KFM,Spinach - 1/2 lb,$7.00,20,0,20,$140.00,,actual
2025-12-06,12/4/2025,2025,KFM,Sweet Potato Covington - lb,$3.50,30,5,25,$87.50,,actual
2025-12-06,12/4/2025,2025,KFM,Sweet Potato Murasaki - lb,$3.50,35,6,29,$101.50,,actual
2025-12-06,12/4/2025,2025,KFM,Sweet Potato Murasaki - lb,$3.50,35,3,32,$112.00,Variety: purple,actual
2025-12-06,12/4/2025,2025,KFM,Turnip Bulk - lb,$3.50,20,8,12,$42.00,,actual
2025-12-06,12/4/2025,2025,KFM,Winter Squash Butternut - lb,$3.00,63,12.6,50.4,$151.20,,actual
2025-12-06,12/4/2025,2025,KFM,Winter Squash Futsu - lb,$3.00,28.5,0,28.5,$85.50,,actual
2025-11-22,11/20/2025,2025,KFM,Winter Squash Futsu - lb,$3.00,21.8,3.2,18.6,$55.80,,actual
2025-11-22,11/20/2025,2025,KFM,Winter Squash Koginut - lb,$3.00,31,0,31,$93.00,,actual
2025-11-22,11/20/2025,2025,KFM,Radish Purple - bu,$4.00,6,1,5,$20.00,,actual
2025-12-13,12/11/2025,2025,BFM,Beets Bulk Golden - lb,$3.50,22.5,,22.5,$78.75,,actual
2025-12-13,12/11/2025,2025,BFM,Beets Bulk Red - lb,$3.50,19.8,,19.8,$69.30,,actual
2025-12-13,12/11/2025,2025,BFM,Cabbage Chinese - lb,$4.00,11.8,,11.8,$47.20,,actual
2025-12-13,12/11/2025,2025,BFM,Cabbage Cone Storage - lb,$2.00,31.6,,31.6,$63.20,,actual
2025-12-13,12/11/2025,2025,BFM,Cabbage Green Storage - lb,$2.00,0,,0,$0.00,,actual
2025-12-13,12/11/2025,2025,BFM,Cabbage Red - lb,$3.00,26.5,,26.5,$79.50,,actual
2025-12-13,12/11/2025,2025,BFM,Cabbage Savoy - lb,$3.00,33.7,,33.7,$101.10,,actual
2025-12-13,12/11/2025,2025,BFM,Carrot Bulk - lb,$3.50,135,,135,$472.50,,actual
2025-12-13,12/11/2025,2025,BFM,Collards - bu,$5.00,20,,20,$100.00,,actual
2025-12-13,12/11/2025,2025,BFM,Kale Lacinato - bu,$5.00,47,,47,$235.00,,actual
2025-12-13,12/11/2025,2025,BFM,Kohlrabi Storage - ea,$3.00,31,,31,$93.00,,actual
2025-12-13,12/11/2025,2025,BFM,Potato Red - lb,$3.50,50,,50,$175.00,,actual
2025-12-13,12/11/2025,2025,BFM,Potato White - lb,$3.50,43,,43,$150.50,,actual
2025-12-13,12/11/2025,2025,BFM,Potato Yellow - lb,$3.50,47.5,,47.5,$166.25,,actual
2025-12-13,12/11/2025,2025,BFM,Radish Daikon Bulk - lb,$3.50,43,,43,$150.50,,actual
2025-12-13,12/11/2025,2025,BFM,Spinach - 1 lb,$14.00,28,,28,$392.00,,actual
2025-12-13,12/11/2025,2025,BFM,Spinach - 1/2 lb,$7.00,29,,29,$203.00,,actual
2025-12-13,12/11/2025,2025,BFM,Sweet Potato Covington - lb,$3.50,25,,25,$87.50,,actual
2025-12-13,12/11/2025,2025,BFM,Sweet Potato Murasaki - lb,$3.50,25,,25,$87.50,Variety: purple,actual
2025-12-13,12/11/2025,2025,BFM,Winter Squash Butternut - lb,$3.00,62,,62,$186.00,,actual
2025-12-13,12/11/2025,2025,BFM,Winter Squash Futsu - lb,$3.00,19,,19,$57.00,,actual
2025-12-13,12/11/2025,2025,BFM,Winter Squash Koginut - lb,$3.00,26.7,,26.7,$80.10,,actual
2025-12-20,12/18/2025,2025,KFM,Beets Bulk Golden - lb,$3.50,7.5,2,5.5,$19.25,,actual
2025-12-20,12/18/2025,2025,KFM,Beets Bulk Red - lb,$3.50,19,3,16,$56.00,,actual
2025-12-20,12/18/2025,2025,KFM,Bok Choy - ea,$4.00,10,0,10,$40.00,Variety: mizuna bunches,actual
2025-12-20,12/18/2025,2025,KFM,Braising Mix - 1 lb,$9.00,35,0,35,$315.00,,actual
2025-12-20,12/18/2025,2025,KFM,Cabbage Chinese - lb,$4.00,24.3,0,24.3,$97.20,,actual
2025-12-20,12/18/2025,2025,KFM,Cabbage Cone Storage - lb,$2.00,40.3,0,40.3,$80.60,,actual
2025-12-20,12/18/2025,2025,KFM,Cabbage Green Storage - lb,$2.00,17,0,17,$34.00,,actual
2025-12-20,12/18/2025,2025,KFM,Cabbage Red - lb,$3.00,26.9,0,26.9,$80.70,,actual
2025-12-20,12/18/2025,2025,KFM,Cabbage Savoy - lb,$3.00,24.5,0,24.5,$73.50,,actual
2025-12-20,12/18/2025,2025,KFM,Carrot Bulk - lb,$3.50,140,0,140,$490.00,,actual
2025-12-20,12/18/2025,2025,KFM,Chard - bu,$5.00,7,0,7,$35.00,,actual
2025-12-20,12/18/2025,2025,KFM,Collards - bu,$5.00,11,0,11,$55.00,,actual
2025-12-20,12/18/2025,2025,KFM,Dandelion - bu,$5.00,0,0,0,$0.00,,actual
2025-12-20,12/18/2025,2025,KFM,Kale Curly - bu,$5.00,15,1,14,$70.00,,actual
2025-12-20,12/18/2025,2025,KFM,Kale Lacinato - bu,$5.00,80,0,80,$400.00,,actual
2025-12-20,12/18/2025,2025,KFM,Kale Russian - bu,$5.00,18,0,18,$90.00,,actual
2025-12-20,12/18/2025,2025,KFM,Kohlrabi Storage - ea,$4.00,25,0,25,$100.00,,actual
2025-12-20,12/18/2025,2025,KFM,Mustard - bu,$5.00,8,0,8,$40.00,,actual
2025-12-20,12/18/2025,2025,KFM,Potato Red - lb,$3.50,33,0,33,$115.50,,actual
2025-12-20,12/18/2025,2025,KFM,Potato White - lb,$3.50,53,0,53,$185.50,,actual
2025-12-20,12/18/2025,2025,KFM,Potato Yellow - lb,$3.50,54,0,54,$189.00,,actual
2025-12-20,12/18/2025,2025,KFM,Radicchio Forced - lb,$9.00,19,0,19,$171.00,Variety: pink,actual
2025-12-20,12/18/2025,2025,KFM,Radicchio Round - lb,$9.00,21.8,0,21.8,$196.20,,actual
2025-12-20,12/18/2025,2025,KFM,Radicchio Treviso - lb,$9.00,6,0,6,$54.00,,actual
2025-12-20,12/18/2025,2025,KFM,Radish Daikon Bulk - lb,$3.50,51,8,43,$150.50,,actual
2025-12-20,12/18/2025,2025,KFM,Salad Mix - 1/3 lb,$7.00,21,0,21,$147.00,,actual
2025-12-20,12/18/2025,2025,KFM,Salad Mix - 2/3 lb ,$14.00,13,0,13,$182.00,,actual
2025-12-20,12/18/2025,2025,KFM,Spinach - 1 lb,$14.00,10,0,10,$140.00,,actual
2025-12-20,12/18/2025,2025,KFM,Spinach - 1/2 lb,$7.00,14,0,14,$98.00,,actual
2025-12-20,12/18/2025,2025,KFM,Sweet Potato Covington - lb,$3.50,50,5,45,$157.50,,actual
2025-12-20,12/18/2025,2025,KFM,Sweet Potato Murasaki - lb,$3.50,50,3,47,$164.50,,actual
2025-12-20,12/18/2025,2025,KFM,Winter Squash Butternut - lb,$3.00,63.6,0,63.6,$190.80,,actual
2025-12-20,12/18/2025,2025,KFM,Winter Squash Futsu - lb,$3.00,16.8,9,7.8,$23.40,,actual
2025-12-20,12/18/2025,2025,KFM,Winter Squash Koginut - lb,$3.00,30,1,29,$87.00,,actual
2025-12-20,12/18/2025,2025,BFM,Beets Bulk Golden - lb,$3.50,7.5,0,7.5,$26.25,,actual
2025-12-20,12/18/2025,2025,BFM,Beets Bulk Red - lb,$3.50,19,1,18,$63.00,,actual
2025-12-20,12/18/2025,2025,BFM,Bok Choy - lb,$7.00,13,0,13,$91.00,Variety: 2/3 lb bags,actual
2025-12-20,12/18/2025,2025,BFM,Braising Mix - 1 lb,$9.00,15,0,15,$135.00,,actual
2025-12-20,12/18/2025,2025,BFM,Cabbage Chinese - lb,$4.00,22.3,3.2,19.1,$76.40,,actual
2025-12-20,12/18/2025,2025,BFM,Cabbage Cone Storage - lb,$2.00,24.9,0,24.9,$49.80,,actual
2025-12-20,12/18/2025,2025,BFM,Cabbage Green Storage - lb,$2.00,15.3,0,15.3,$30.60,,actual
2025-12-20,12/18/2025,2025,BFM,Cabbage Red - lb,$3.00,25.1,11,14.1,$42.30,,actual
2025-12-20,12/18/2025,2025,BFM,Cabbage Savoy - lb,$3.00,23.7,5.8,17.9,$53.70,,actual
2025-12-20,12/18/2025,2025,BFM,Carrot Bulk - lb,$3.50,140,21,119,$416.50,,actual
2025-12-20,12/18/2025,2025,BFM,Chard - bu,$5.00,7,0,7,$35.00,,actual
2025-12-20,12/18/2025,2025,BFM,Collards - bu,$5.00,11,0,11,$55.00,,actual
2025-12-20,12/18/2025,2025,BFM,Dandelion - bu,$5.00,0,0,0,$0.00,,actual
2025-12-20,12/18/2025,2025,BFM,Kale Curly - bu,$5.00,24,0,24,$120.00,,actual
2025-12-20,12/18/2025,2025,BFM,Kale Lacinato - bu,$5.00,70,0,70,$350.00,,actual
2025-12-20,12/18/2025,2025,BFM,Kale Russian - bu,$5.00,12,0,12,$60.00,,actual
2025-12-20,12/18/2025,2025,BFM,Kohlrabi Storage - ea,$4.00,25,5,20,$80.00,,actual
2025-12-20,12/18/2025,2025,BFM,Mustard - bu,$5.00,8,0,8,$40.00,,actual
2025-12-20,12/18/2025,2025,BFM,Potato Red - lb,$3.50,38,14,24,$84.00,,actual
2025-12-20,12/18/2025,2025,BFM,Potato White - lb,$3.50,53,18,35,$122.50,,actual
2025-12-20,12/18/2025,2025,BFM,Potato Yellow - lb,$3.50,54,3,51,$178.50,,actual
2025-12-20,12/18/2025,2025,BFM,Radicchio Forced - lb,$9.00,8,0,8,$72.00,Variety: pink,actual
2025-12-20,12/18/2025,2025,BFM,Radicchio Round - lb,$9.00,13.5,0,13.5,$121.50,,actual
2025-12-20,12/18/2025,2025,BFM,Radicchio Treviso - lb,$9.00,0,0,0,$0.00,,actual
2025-12-20,12/18/2025,2025,BFM,Radish Daikon Bulk - lb,$3.50,31,2.6,28.4,$99.40,,actual
2025-12-20,12/18/2025,2025,BFM,Salad Mix - 1/3 lb,$7.00,21,0,21,$147.00,,actual
2025-12-20,12/18/2025,2025,BFM,Salad Mix - 2/3 lb ,$14.00,13,0,13,$182.00,,actual
2025-12-20,12/18/2025,2025,BFM,Spinach - 1 lb,$14.00,10,0,10,$140.00,,actual
2025-12-20,12/18/2025,2025,BFM,Spinach - 1/2 lb,$7.00,13,0,13,$91.00,,actual
2025-12-20,12/18/2025,2025,BFM,Sweet Potato Covington - lb,$3.50,27,5,22,$77.00,,actual
2025-12-20,12/18/2025,2025,BFM,Sweet Potato Murasaki - lb,$3.50,30,4,26,$91.00,,actual
2025-12-20,12/18/2025,2025,BFM,Winter Squash Butternut - lb,$3.00,88,50,38,$114.00,,actual
2025-12-20,12/18/2025,2025,BFM,Winter Squash Futsu - lb,$3.00,13,11,2,$6.00,,actual
2025-12-20,12/18/2025,2025,BFM,Winter Squash Koginut - lb,$3.00,40,21,19,$57.00,,actual
2025-12-27,12/25/2025,2025,BFM,Arugula Wild - 1/3 lb,$7.00,0,,0,$0.00,,actual
2025-12-27,12/25/2025,2025,BFM,Beets Bulk Red - lb,$3.50,0,,0,$0.00,,actual
2025-12-27,12/25/2025,2025,BFM,Bok Choy - ea,$2.50,0,,0,$0.00,,actual
2025-12-27,12/25/2025,2025,BFM,Braising Mix - 1 lb,$9.00,0,,0,$0.00,,actual
2025-12-27,12/25/2025,2025,BFM,Cabbage Chinese - lb,$4.00,0,,0,$0.00,,actual
2025-12-27,12/25/2025,2025,BFM,Cabbage Cone Storage - lb,$2.00,0,,0,$0.00,,actual
2025-12-27,12/25/2025,2025,BFM,Cabbage Green Storage - lb,$2.00,0,,0,$0.00,,actual
2025-12-27,12/25/2025,2025,BFM,Cabbage Red - lb,$3.00,0,,0,$0.00,,actual
2025-12-27,12/25/2025,2025,BFM,Cabbage Savoy - lb,$3.00,0,,0,$0.00,,actual
2025-12-27,12/25/2025,2025,BFM,Carrot Bulk - lb,$3.50,0,,0,$0.00,,actual
2025-12-27,12/25/2025,2025,BFM,Chard - bu,$5.00,0,,0,$0.00,,actual
2025-12-27,12/25/2025,2025,BFM,Collards - bu,$5.00,0,,0,$0.00,,actual
2025-12-27,12/25/2025,2025,BFM,Dandelion - bu,$5.00,0,,0,$0.00,,actual
2025-12-27,12/25/2025,2025,BFM,Kale Curly - bu,$5.00,0,,0,$0.00,,actual
2025-12-27,12/25/2025,2025,BFM,Kale Lacinato - bu,$5.00,0,,0,$0.00,,actual
2025-12-27,12/25/2025,2025,BFM,Kale Russian - bu,$5.00,0,,0,$0.00,,actual
2025-12-27,12/25/2025,2025,BFM,Kohlrabi Storage - ea,$4.00,0,,0,$0.00,,actual
2025-12-27,12/25/2025,2025,BFM,Mustard - bu,$5.00,0,,0,$0.00,,actual
2025-12-27,12/25/2025,2025,BFM,Potato Red - lb,$3.50,0,,0,$0.00,,actual
2025-12-27,12/25/2025,2025,BFM,Potato White - lb,$3.50,0,,0,$0.00,,actual
2025-12-27,12/25/2025,2025,BFM,Potato Yellow - lb,$3.50,0,,0,$0.00,,actual
2025-12-27,12/25/2025,2025,BFM,Radicchio Forced - lb,$9.00,0,,0,$0.00,Variety: pink,actual
2025-12-27,12/25/2025,2025,BFM,Radicchio Round - lb,$9.00,0,,0,$0.00,,actual
2025-12-27,12/25/2025,2025,BFM,Radicchio Treviso - lb,$9.00,0,,0,$0.00,,actual
2025-12-27,12/25/2025,2025,BFM,Radish Daikon Bulk - lb,$3.50,0,,0,$0.00,,actual
2025-12-27,12/25/2025,2025,BFM,Salad Mix - 1/3 lb,$7.00,0,,0,$0.00,,actual
2025-12-27,12/25/2025,2025,BFM,Salad Mix - 2/3 lb ,$14.00,0,,0,$0.00,,actual
2025-12-27,12/25/2025,2025,BFM,Spinach - 1 lb,$14.00,0,,0,$0.00,,actual
2025-12-27,12/25/2025,2025,BFM,Spinach - 1/2 lb,$7.00,0,,0,$0.00,,actual
2025-12-27,12/25/2025,2025,BFM,Sweet Potato Covington - lb,$3.50,0,,0,$0.00,,actual
2025-12-27,12/25/2025,2025,BFM,Sweet Potato Murasaki - lb,$3.50,0,,0,$0.00,,actual
2025-12-27,12/25/2025,2025,BFM,Winter Squash Butternut - lb,$3.00,0,,0,$0.00,,actual
2025-12-27,12/25/2025,2025,BFM,Winter Squash Futsu - lb,$3.00,0,,0,$0.00,,actual
2025-12-27,12/25/2025,2025,BFM,Winter Squash Koginut - lb,$3.00,0,,0,$0.00,,actual
2025-02-15,2/13/25,2025,Staff,Bok Choy - lb,$10.00,,,4,$40.00,Variety: 2/3 bags,actual
2025-02-15,2/13/25,2025,Staff,Cabbage Cone Storage - lb,$2.50,,,2,$5.00,,actual
2025-02-15,2/13/25,2025,Staff,Cabbage Red - lb,$2.50,,,1,$2.50,,actual
2025-02-15,2/13/25,2025,Staff,Cabbage Savoy - lb,$2.50,,,3,$7.50,,actual
2025-02-15,2/13/25,2025,Staff,Carrot Bulk - lb,$3.50,,,3,$10.50,,actual
2025-02-15,2/13/25,2025,Staff,Kale Curly - bu,$5.00,,,4,$20.00,Variety: 2/3 bags,actual
2025-02-15,2/13/25,2025,Staff,Kale Lacinato - bu,$5.00,,,4,$20.00,,actual
2025-02-15,2/13/25,2025,Staff,Kale Russian - bu,$5.00,,,4,$20.00,,actual
2025-02-15,2/13/25,2025,Staff,Mustard - bu,$5.00,,,2,$10.00,,actual
2025-02-15,2/13/25,2025,Staff,Potato Yellow - lb,$3.50,,,4,$14.00,,actual
2025-02-15,2/13/25,2025,Staff,Radish Daikon Bulk - lb,$3.50,,,1,$3.50,,actual
2025-02-15,2/13/25,2025,Staff,Spinach - 1/2 lb,$7.00,,,5,$35.00,,actual
2025-02-15,2/13/25,2025,Staff,Sweet Potato Murasaki - lb,$3.50,,,3,$10.50,,actual
2025-02-15,2/13/25,2025,Staff,Salad Mix - 1/3 lb,$7.00,,,3,$21.00,,actual
2025-02-15,2/13/25,2025,Staff,Winter Squash Kabocha - lb,$3.00,,,2,$6.00,,actual
2025-02-22,2/20/25,2025,Staff,Bok Choy - lb,$10.00,,,2,$20.00,Variety: 2/3 bags,actual
2025-02-22,2/20/25,2025,Staff,Cabbage Green Storage - lb,$2.50,,,1,$2.50,,actual
2025-02-22,2/20/25,2025,Staff,Cabbage Red - lb,$2.50,,,1,$2.50,,actual
2025-02-22,2/20/25,2025,Staff,Cabbage Savoy - lb,$2.50,,,3,$7.50,,actual
2025-02-22,2/20/25,2025,Staff,Carrot Bulk - lb,$3.50,,,3,$10.50,,actual
2025-02-22,2/20/25,2025,Staff,Chard - bu,$5.00,,,1,$5.00,,actual
2025-02-22,2/20/25,2025,Staff,Kale Curly - bu,$5.00,,,1,$5.00,,actual
2025-02-22,2/20/25,2025,Staff,Kale Lacinato - bu,$5.00,,,2,$10.00,,actual
2025-02-22,2/20/25,2025,Staff,Kale Russian - bu,$5.00,,,1,$5.00,,actual
2025-02-22,2/20/25,2025,Staff,Mustard - bu,$5.00,,,3,$15.00,,actual
2025-02-22,2/20/25,2025,Staff,Potato Yellow - lb,$3.50,,,4,$14.00,,actual
2025-02-22,2/20/25,2025,Staff,Radish Daikon Bulk - lb,$3.50,,,1,$3.50,,actual
2025-02-22,2/20/25,2025,Staff,Spinach - 1/2 lb,$7.00,,,3,$21.00,,actual
2025-02-22,2/20/25,2025,Staff,Sweet Potato Covington - lb,$3.50,,,3,$10.50,,actual
2025-02-22,2/20/25,2025,Staff,Sweet Potato Murasaki - lb,$3.50,,,3,$10.50,,actual
2025-02-22,2/20/25,2025,Staff,Turnip Bulk - lb,$3.50,,,4,$14.00,,actual
2025-02-22,2/20/25,2025,Staff,Salad Mix - 1/3 lb,$7.00,,,3,$21.00,,actual
2025-02-22,2/20/25,2025,Staff,Winter Squash Kabocha - lb,$3.00,,,1,$3.00,,actual
2025-02-22,2/20/25,2025,Staff,Winter Squash Koginut - lb,$3.00,,,1,$3.00,,actual
2025-03-01,2/27/25,2025,Staff,Bok Choy - lb,$10.00,,,12,$120.00,Variety: bunches,actual
2025-03-01,2/27/25,2025,Staff,Cabbage Cone Storage - lb,$2.50,,,1,$2.50,,actual
2025-03-01,2/27/25,2025,Staff,Cabbage Red - lb,$2.50,,,4,$10.00,,actual
2025-03-01,2/27/25,2025,Staff,Chard - bu,$5.00,,,1,$5.00,,actual
2025-03-01,2/27/25,2025,Staff,Kale Russian - bu,$5.00,,,4,$20.00,,actual
2025-03-01,2/27/25,2025,Staff,Mustard - bu,$5.00,,,1,$5.00,,actual
2025-03-01,2/27/25,2025,Staff,Spinach - 1/2 lb,$7.00,,,4,$28.00,,actual
2025-03-01,2/27/25,2025,Staff,Salad Mix - 1/3 lb,$7.00,,,4,$28.00,,actual
2025-03-01,2/27/25,2025,Staff,Winter Squash Kabocha - lb,$3.00,,,2,$6.00,,actual
2025-03-01,2/27/25,2025,Staff,Winter Squash Koginut - lb,$3.00,,,1,$3.00,,actual
2025-03-08,3/6/25,2025,Staff,Bok Choy - lb,$10.00,,,5,$50.00,Variety: bunches,actual
2025-03-08,3/6/25,2025,Staff,Cabbage Savoy - lb,$2.50,,,3,$7.50,,actual
2025-03-08,3/6/25,2025,Staff,Chard - bu,$5.00,,,1,$5.00,,actual
2025-03-08,3/6/25,2025,Staff,Kale Russian - bu,$5.00,,,3,$15.00,,actual
2025-03-08,3/6/25,2025,Staff,Spinach - 1/2 lb,$7.00,,,4,$28.00,,actual
2025-03-08,3/6/25,2025,Staff,Salad Mix - 1/3 lb,$7.00,,,2,$14.00,,actual
2025-03-08,3/6/25,2025,Staff,Winter Squash Koginut - lb,$3.00,,,1,$3.00,,actual
2025-03-15,3/13/25,2025,Staff,Bok Choy - lb,$10.00,,,4,$40.00,Variety: bunches,actual
2025-03-15,3/13/25,2025,Staff,Cabbage Green Storage - lb,$2.50,,,1,$2.50,,actual
2025-03-15,3/13/25,2025,Staff,Kale Russian - bu,$5.00,,,2,$10.00,,actual
2025-03-15,3/13/25,2025,Staff,Mustard - bu,$5.00,,,4,$20.00,,actual
2025-03-15,3/13/25,2025,Staff,Parsley - bu,$4.00,,,5,$20.00,,actual
2025-03-15,3/13/25,2025,Staff,Potato White - lb,$3.50,,,1,$3.50,,actual
2025-03-15,3/13/25,2025,Staff,Potato Yellow - lb,$3.50,,,2,$7.00,,actual
2025-03-15,3/13/25,2025,Staff,Radish Daikon Bulk - lb,$3.50,,,2,$7.00,,actual
2025-03-15,3/13/25,2025,Staff,Salad Mix - 1/3 lb,$7.00,,,5,$35.00,,actual
2025-03-15,3/13/25,2025,Staff,Spinach - 1/2 lb,$7.00,,,2,$14.00,,actual
2025-03-15,3/13/25,2025,Staff,Bok Choy - ea,$2.50,,,3,$7.50,Variety: Bok-o-lini Bunches,actual
2025-03-15,3/13/25,2025,Staff,Cilantro - bu,$4.00,,,5,$20.00,,actual
2025-03-15,3/13/25,2025,Staff,Scallion - bu,$4.00,,,7,$28.00,,actual
2025-03-15,3/13/25,2025,Staff,Radicchio Forced - lb,$16.00,,,3,$48.00,Variety: Ea,actual
2025-03-22,3/20/25,2025,Staff,Bok Choy - lb,$10.00,,,2,$20.00,Variety: bunches,actual
2025-03-22,3/20/25,2025,Staff,Cabbage Cone Storage - lb,$2.50,,,1,$2.50,,actual
2025-03-22,3/20/25,2025,Staff,Chard - bu,$5.00,,,2,$10.00,,actual
2025-03-22,3/20/25,2025,Staff,Kale Curly - bu,$5.00,,,2,$10.00,Variety: Rapini,actual
2025-03-22,3/20/25,2025,Staff,Kale Lacinato - bu,$5.00,,,4,$20.00,Variety: Rapini,actual
2025-03-22,3/20/25,2025,Staff,Kale Russian - bu,$5.00,,,3,$15.00,,actual
2025-03-22,3/20/25,2025,Staff,Potato Yellow - lb,$3.50,,,2,$7.00,,actual
2025-03-22,3/20/25,2025,Staff,Salad Mix - 1/3 lb,$7.00,,,5,$35.00,,actual
2025-03-22,3/20/25,2025,Staff,Spinach - 1/2 lb,$7.00,,,7,$49.00,,actual
2025-03-22,3/20/25,2025,Staff,Winter Squash Kabocha - lb,$3.00,,,1,$3.00,,actual
2025-03-22,3/20/25,2025,Staff,Winter Squash Koginut - lb,$3.00,,,1,$3.00,,actual
2025-03-22,3/20/25,2025,Staff,Radicchio Forced - lb,$16.00,,,2,$32.00,,actual
2025-03-22,3/20/25,2025,Staff,Scallion - bu,$4.00,,,6,$24.00,,actual
2025-03-29,3/27/25,2025,Staff,Collards - bu,$5.00,,,3,$15.00,Variety: bags,actual
2025-03-29,3/27/25,2025,Staff,Cabbage Green Storage - lb,$2.50,,,1,$2.50,,actual
2025-03-29,3/27/25,2025,Staff,Cabbage Savoy - lb,$2.50,,,1,$2.50,,actual
2025-03-29,3/27/25,2025,Staff,Carrot Bulk - lb,$3.50,,,3,$10.50,,actual
2025-03-29,3/27/25,2025,Staff,Kale Curly - bu,$5.00,,,3,$15.00,Variety: Rapini,actual
2025-03-29,3/27/25,2025,Staff,Kale Russian - bu,$5.00,,,1,$5.00,,actual
2025-03-29,3/27/25,2025,Staff,Mustard - bu,$5.00,,,2,$10.00,,actual
2025-03-29,3/27/25,2025,Staff,Potato Yellow - lb,$3.50,,,2,$7.00,,actual
2025-03-29,3/27/25,2025,Staff,Radicchio Forced - lb,$16.00,,,2,$32.00,,actual
2025-03-29,3/27/25,2025,Staff,Salad Mix - 1/3 lb,$7.00,,,5,$35.00,,actual
2025-03-29,3/27/25,2025,Staff,Scallion - bu,$4.00,,,5,$20.00,,actual
2025-03-29,3/27/25,2025,Staff,Spinach - 1/2 lb,$7.00,,,5,$35.00,,actual
2025-03-29,3/27/25,2025,Staff,Winter Squash Kabocha - lb,$3.00,,,1,$3.00,,actual
2025-04-05,4/3/2025,2025,Staff,Cabbage Cone Storage - lb,$2.50,,,2,$5.00,,actual
2025-04-05,4/3/2025,2025,Staff,Cabbage Savoy - lb,$2.50,,,2,$5.00,,actual
2025-04-05,4/3/2025,2025,Staff,Cilantro - bu,$4.00,,,4,$16.00,,actual
2025-04-05,4/3/2025,2025,Staff,Collards - bu,$5.00,,,4,$20.00,Variety: bags,actual
2025-04-05,4/3/2025,2025,Staff,Kale Russian - bu,$5.00,,,4,$20.00,,actual
2025-04-05,4/3/2025,2025,Staff,Mustard - bu,$5.00,,,2,$10.00,,actual
2025-04-05,4/3/2025,2025,Staff,Parsley - bu,$4.00,,,3,$12.00,,actual
2025-04-05,4/3/2025,2025,Staff,Scallion - bu,$4.00,,,2,$8.00,,actual
2025-04-05,4/3/2025,2025,Staff,Spinach - 1/2 lb,$7.00,,,9,$63.00,,actual
2025-04-05,4/3/2025,2025,Staff,Winter Squash Kabocha - lb,$3.00,,,1,$3.00,,actual
2025-04-12,4/10/25,2025,Staff,Cabbage Cone Storage - lb,$2.50,,,3,$7.50,,actual
2025-04-12,4/10/25,2025,Staff,Carrot Bulk - lb,$3.50,,,4,$14.00,,actual
2025-04-12,4/10/25,2025,Staff,Cilantro - bu,$4.00,,,2,$8.00,,actual
2025-04-12,4/10/25,2025,Staff,Kale Curly - bu,$5.00,,,4,$20.00,Variety: bags,actual
2025-04-12,4/10/25,2025,Staff,Kale Russian - bu,$5.00,,,2,$10.00,,actual
2025-04-12,4/10/25,2025,Staff,Mustard - bu,$5.00,,,2,$10.00,,actual
2025-04-12,4/10/25,2025,Staff,Parsley - bu,$4.00,,,2,$8.00,,actual
2025-04-12,4/10/25,2025,Staff,Scallion - bu,$4.00,,,3,$12.00,,actual
2025-04-12,4/10/25,2025,Staff,Spinach - 1/2 lb,$7.00,,,5,$35.00,,actual
2025-04-12,4/10/25,2025,Staff,Winter Squash Kabocha - lb,$3.00,,,2,$6.00,,actual
2025-04-19,4/17/25,2025,Staff,Cabbage Cone Storage - lb,$2.50,,,2,$5.00,,actual
2025-04-19,4/17/25,2025,Staff,Cabbage Green Storage - lb,$2.50,,,1,$2.50,,actual
2025-04-19,4/17/25,2025,Staff,Carrot Bulk - lb,$3.50,,,12,$42.00,,actual
2025-04-19,4/17/25,2025,Staff,Kale Curly - bu,$5.00,,,4,$20.00,Variety: bags,actual
2025-04-19,4/17/25,2025,Staff,Kale Russian - bu,$5.00,,,11,$55.00,,actual
2025-04-19,4/17/25,2025,Staff,Mustard - bu,$5.00,,,2,$10.00,,actual
2025-04-19,4/17/25,2025,Staff,Salad Mix - 1/3 lb,$7.00,,,4,$28.00,,actual
2025-04-19,4/17/25,2025,Staff,Scallion - bu,$4.00,,,7,$28.00,,actual
2025-04-19,4/17/25,2025,Staff,Spinach - 1/2 lb,$7.00,,,3,$21.00,,actual
2025-04-19,4/17/25,2025,Staff,Turnip Bulk - lb,$3.50,,,0,$0.00,,actual
2025-04-19,4/17/25,2025,Staff,Winter Squash Kabocha - lb,$3.00,,,2,$6.00,,actual
2025-04-19,4/17/25,2025,Misc.,Carrot Bulk - lb,$0.00,,,30,$0.00,,actual
2025-04-19,4/17/25,2025,Misc.,Cabbage Cone Storage - lb,$0.00,,,8,$0.00,,actual
2025-04-26,4/24/25,2025,Staff,Bok Choy - ea,$2.50,,,7,$17.50,Variety: bunches,actual
2025-04-26,4/24/25,2025,Staff,Cabbage Green Storage - lb,$2.50,,,2,$5.00,,actual
2025-04-26,4/24/25,2025,Staff,Carrot Bulk - lb,$3.50,,,8,$28.00,,actual
2025-04-26,4/24/25,2025,Staff,Kale Russian - bu,$5.00,,,3,$15.00,,actual
2025-04-26,4/24/25,2025,Staff,Mustard - bu,$5.00,,,6,$30.00,,actual
2025-04-26,4/24/25,2025,Staff,Salad Mix - 1/3 lb,$7.00,,,8,$56.00,,actual
2025-04-26,4/24/25,2025,Staff,Scallion - bu,$4.00,,,9,$36.00,,actual
2025-04-26,4/24/25,2025,Staff,Spinach - 1/2 lb,$7.00,,,3,$21.00,,actual
2025-04-26,4/24/25,2025,Staff,Turnip Bulk - lb,$3.50,,,1,$3.50,,actual
2025-04-26,4/24/25,2025,Staff,Winter Squash Kabocha - lb,$3.00,,,2,$6.00,,actual
2025-05-03,5/1/25,2025,Staff,Bok Choy - ea,$2.50,,,5,$12.50,Variety: bunches,actual
2025-05-03,5/1/25,2025,Staff,Cabbage Cone Storage - lb,$2.50,,,1,$2.50,,actual
2025-05-03,5/1/25,2025,Staff,Carrot Bulk - lb,$3.50,,,3,$10.50,,actual
2025-05-03,5/1/25,2025,Staff,Chard - bu,$5.00,,,3,$15.00,,actual
2025-05-03,5/1/25,2025,Staff,Dandelion - bu,$5.00,,,3,$15.00,,actual
2025-05-03,5/1/25,2025,Staff,Kale Curly - bu,$5.00,,,7,$35.00,Variety: Rapini,actual
2025-05-03,5/1/25,2025,Staff,Kale Curly - bu,$5.00,,,3,$15.00,Variety: bags,actual
2025-05-03,5/1/25,2025,Staff,Kale Russian - bu,$5.00,,,3,$15.00,,actual
2025-05-03,5/1/25,2025,Staff,Salad Mix - 1/3 lb,$7.00,,,10,$70.00,,actual
2025-05-03,5/1/25,2025,Staff,Scallion - bu,$4.00,,,1,$4.00,,actual
2025-05-03,5/1/25,2025,Staff,Spinach - 1/2 lb,$7.00,,,9,$63.00,,actual
2025-05-03,5/1/25,2025,Staff,Winter Squash Kabocha - lb,$3.00,,,7,$21.00,,actual
2025-05-10,5/8/25,2025,Misc.,Carrot Bulk - lb,$2.00,,,100,$199.50,,actual
2025-05-10,5/8/25,2025,Staff,Arugula - 1/3 lb,$7.00,,,3,$21.00,,actual
2025-05-10,5/8/25,2025,Staff,Carrot Bulk - lb,$3.50,,,4,$14.00,,actual
2025-05-10,5/8/25,2025,Staff,Kale Russian - bu,$5.00,,,5,$25.00,,actual
2025-05-10,5/8/25,2025,Staff,Salad Mix - 1/3 lb,$7.00,,,4,$28.00,,actual
2025-05-10,5/8/25,2025,Staff,Turnip Bulk - lb,$3.50,,,1,$3.50,,actual
2025-05-10,5/8/25,2025,Staff,Winter Squash Kabocha - lb,$3.00,,,2,$6.00,,actual
2025-05-17,5/15/25,2025,Staff,Asparagus - bu,$6.00,,,4,$24.00,,actual
2025-05-17,5/15/25,2025,Staff,Carrot Bulk - lb,$3.50,,,4,$14.00,,actual
2025-05-17,5/15/25,2025,Staff,Dandelion - bu,$5.00,,,5,$25.00,,actual
2025-05-17,5/15/25,2025,Staff,Turnip Bulk - lb,$3.50,,,4,$14.00,,actual
2025-05-17,5/15/25,2025,Staff,Winter Squash Kabocha - lb,$3.00,,,2,$6.00,,actual
2025-05-24,5/22/25,2025,Staff,Asparagus - bu,$6.00,,,3,$18.00,,actual
2025-05-24,5/22/25,2025,Staff,Bok Choy - lb,$10.00,,,7,$70.00,,actual
2025-05-24,5/22/25,2025,Staff,Carrot Bulk - lb,$3.50,,,3,$10.50,,actual
2025-05-24,5/22/25,2025,Staff,Dandelion - bu,$5.00,,,4,$20.00,,actual
2025-05-24,5/22/25,2025,Staff,Winter Squash Kabocha - lb,$3.00,,,1,$3.00,,actual
2025-05-31,5/29/25,2025,Staff,Asparagus - bu,$6.00,,,6,$36.00,,actual
2025-05-31,5/29/25,2025,Staff,Bok Choy - lb,$10.00,,,5,$50.00,Variety: 1/2 lb bag,actual
2025-05-31,5/29/25,2025,Staff,Carrot Bulk - lb,$3.50,,,6,$21.00,,actual
2025-05-31,5/29/25,2025,Staff,Collards - bu,$5.00,,,5,$25.00,,actual
2025-05-31,5/29/25,2025,Staff,Dandelion - bu,$5.00,,,1,$5.00,,actual
2025-05-31,5/29/25,2025,Staff,Kale Curly - bu,$5.00,,,6,$30.00,,actual
2025-05-31,5/29/25,2025,Staff,Salad Mix - 1/3 lb,$7.00,,,8,$56.00,,actual
2025-06-04,6/3/25,2025,Misc.,Carrot Bulk - lb,$2.00,,,100,$200.00,,actual
2025-06-07,6/5/25,2025,Staff,Asparagus - bu,$6.00,,,4,$24.00,,actual
2025-06-07,6/5/25,2025,Staff,Carrot Bulk - lb,$3.50,,,3,$10.50,,actual
2025-06-07,6/5/25,2025,Staff,Cilantro - bu,$4.00,,,8,$32.00,,actual
2025-06-07,6/5/25,2025,Staff,Collards - bu,$5.00,,,2,$10.00,,actual
2025-06-07,6/5/25,2025,Staff,Garlic Scape - bu,$3.50,,,6,$21.00,,actual
2025-06-07,6/5/25,2025,Staff,Kale Curly - bu,$5.00,,,5,$25.00,,actual
2025-06-07,6/5/25,2025,Staff,Kale Lacinato - bu,$5.00,,,7,$35.00,,actual
2025-06-07,6/5/25,2025,Staff,Lettuce Mini Gem - ea,$3.00,,,15,$45.00,,actual
2025-06-07,6/5/25,2025,Staff,Pea Snap - Pt,$6.00,,,4,$24.00,,actual
2025-06-07,6/5/25,2025,Staff,Radish Purple - bu,$4.00,,,4,$16.00,,actual
2025-06-07,6/5/25,2025,Staff,Radish Red - bu,$4.00,,,4,$16.00,,actual
2025-06-07,6/5/25,2025,Staff,Salad Mix - 1/3 lb,$7.00,,,10,$70.00,,actual
2025-06-07,6/5/25,2025,Staff,Scallion - bu,$4.00,,,2,$8.00,,actual
2025-06-11,6/10/25,2025,HNC,Kale Curly - bu,$3.50,,,50,$175.00,,actual
2025-06-11,6/10/25,2025,HNC,Kale Lacinato - bu,$3.50,,,50,$175.00,,actual
2025-06-11,6/10/25,2025,HNC,Collards - bu,$3.50,,,20,$70.00,,actual
2025-06-11,6/10/25,2025,HNC,Cilantro - bu,$2.80,,,40,$112.00,,actual
2025-06-11,6/10/25,2025,Staff,Asparagus - bu,$6.00,,,4,$24.00,,actual
2025-06-11,6/10/25,2025,Staff,Bok Choy - ea,$2.50,,,18,$45.00,,actual
2025-06-11,6/10/25,2025,Staff,Carrot Bulk - lb,$3.50,,,2,$7.00,,actual
2025-06-11,6/10/25,2025,Staff,Chard - bu,$5.00,,,3,$15.00,,actual
2025-06-11,6/10/25,2025,Staff,Cilantro - bu,$4.00,,,3,$12.00,,actual
2025-06-11,6/10/25,2025,Staff,Collards - bu,$5.00,,,9,$45.00,,actual
2025-06-11,6/10/25,2025,Staff,Dandelion - bu,$5.00,,,1,$5.00,,actual
2025-06-11,6/10/25,2025,Staff,Garlic Scape - bu,$3.50,,,8,$28.00,,actual
2025-06-11,6/10/25,2025,Staff,Kale Curly - bu,$5.00,,,4,$20.00,,actual
2025-06-11,6/10/25,2025,Staff,Kale Lacinato - bu,$5.00,,,7,$35.00,,actual
2025-06-11,6/10/25,2025,Staff,Lettuce Mini Gem - ea,$3.00,,,16,$48.00,,actual
2025-06-11,6/10/25,2025,Staff,Parsley - bu,$4.00,,,8,$32.00,,actual
2025-06-11,6/10/25,2025,Staff,Pea Snap - Pt,$6.00,,,4,$24.00,,actual
2025-06-11,6/10/25,2025,Staff,Salad Mix - 1/3 lb,$7.00,,,1,$7.00,,actual
2025-06-11,6/10/25,2025,Staff,Salad Mix - 2/3 lb ,$14.00,,,8,$112.00,,actual
2025-06-11,6/10/25,2025,Staff,Scallion - bu,$4.00,,,8,$32.00,,actual
2025-06-11,6/10/25,2025,Staff,Zucchini Green - lb,$3.50,,,22,$77.00,,actual
2025-06-13,6/12/25,2025,Emmet,Kale Lacinato - bu,$3.50,,,10,$35.00,,actual
2025-06-13,6/12/25,2025,Emmet,Carrot Bulk - lb,$2.00,,,10,$19.95,,actual
2025-06-13,6/12/25,2025,Emmet,Scallion - bu,$4.00,,,5,$20.00,,actual
2025-06-13,6/12/25,2025,Emmet,Radish Purple - bu,$4.00,,,4,$16.00,,actual
2025-06-13,6/12/25,2025,Emmet,Zucchini Striped - lb,$3.50,,,5,$17.50,,actual
2025-06-13,6/12/25,2025,Emmet,Zucchini Yellow - lb,$3.50,,,5,$17.50,,actual
2025-06-13,6/12/25,2025,HNC,Kale Lacinato - bu,$3.50,,,50,$175.00,,actual
2025-06-13,6/12/25,2025,HNC,Kale Curly - bu,$3.50,,,50,$175.00,,actual
2025-06-13,6/12/25,2025,HNC,Collards - bu,$3.50,,,15,$52.50,,actual
2025-06-13,6/12/25,2025,HNC,Cilantro - bu,$2.80,,,50,$140.00,,actual
2025-06-18,6/17/25,2025,Emmet,Cilantro - bu,$2.80,,,10,$28.00,,actual
2025-06-18,6/17/25,2025,Emmet,Scallion - bu,$4.00,,,6,$24.00,,actual
2025-06-18,6/17/25,2025,Emmet,Lettuce Mini Gem - ea,$2.10,,,40,$84.00,,actual
2025-06-18,6/17/25,2025,Staff,Carrot Bulk - lb,$3.50,,,4,$14.00,,actual
2025-06-18,6/17/25,2025,Staff,Chard - bu,$5.00,,,1,$5.00,,actual
2025-06-18,6/17/25,2025,Staff,Cilantro - bu,$4.00,,,4,$16.00,,actual
2025-06-18,6/17/25,2025,Staff,Collards - bu,$5.00,,,8,$40.00,,actual
2025-06-18,6/17/25,2025,Staff,Cucumber Persian - lb,$0.00,,,18,$0.00,,actual
2025-06-18,6/17/25,2025,Staff,Escarole - ea,$5.00,,,4,$20.00,,actual
2025-06-18,6/17/25,2025,Staff,Garlic Scape - bu,$3.50,,,5,$17.50,,actual
2025-06-18,6/17/25,2025,Staff,Kale Curly - bu,$5.00,,,5,$25.00,,actual
2025-06-18,6/17/25,2025,Staff,Kale Lacinato - bu,$5.00,,,4,$20.00,,actual
2025-06-18,6/17/25,2025,Staff,Lettuce Mini Gem - ea,$3.00,,,21,$63.00,,actual
2025-06-18,6/17/25,2025,Staff,Parsley - bu,$4.00,,,7,$28.00,,actual
2025-06-18,6/17/25,2025,Staff,Pea Snap - Pt,$6.00,,,5,$30.00,,actual
2025-06-18,6/17/25,2025,Staff,Salad Mix - 1/3 lb,$7.00,,,2,$14.00,,actual
2025-06-18,6/17/25,2025,Staff,Salad Mix - 2/3 lb ,$14.00,,,7,$98.00,,actual
2025-06-18,6/17/25,2025,Staff,Scallion - bu,$4.00,,,5,$20.00,,actual
2025-06-18,6/17/25,2025,Staff,Zucchini Green - lb,$3.50,,,8,$28.00,,actual
2025-06-18,6/17/25,2025,Staff,Zucchini Striped - lb,$3.50,,,6,$21.00,,actual
2025-06-18,6/17/25,2025,Staff,Zucchini Yellow - lb,$3.50,,,6,$21.00,,actual
2025-06-18,6/17/25,2025,Ravenwood,Parsley - bu,$4.00,,,6,$24.00,,actual
2025-06-18,6/17/25,2025,Ravenwood,Kale Curly - bu,$5.00,,,12,$60.00,,actual
2025-06-18,6/17/25,2025,Ravenwood,Kale Lacinato - bu,$5.00,,,6,$30.00,,actual
2025-06-18,6/17/25,2025,Ravenwood,Lettuce Mini Gem - ea,$3.00,,,20,$60.00,,actual
2025-06-18,6/17/25,2025,Ravenwood,Pea Snap - Qt,$11.00,,,20,$220.00,,actual
2025-06-18,6/17/25,2025,Ravenwood,Scallion - bu,$4.00,,,12,$48.00,,actual
2025-06-18,6/17/25,2025,Ravenwood,Chard - bu,$5.00,,,6,$30.00,,actual
2025-06-18,6/17/25,2025,Ravenwood,Zucchini Green - lb,$3.50,,,10,$35.00,,actual
2025-06-18,6/17/25,2025,Ravenwood,Zucchini Striped - lb,$3.50,,,10,$35.00,,actual
2025-06-18,6/17/25,2025,Ravenwood,Zucchini Yellow - lb,$3.50,,,10,$35.00,,actual
2025-06-18,6/17/25,2025,HNC,Kale Lacinato - bu,$3.50,,,35,$122.50,,actual
2025-06-18,6/17/25,2025,HNC,Collards - bu,$2.50,,,30,$75.00,,actual
2025-06-21,6/19/25,2025,Emmet,Zucchini Green - lb,$3.50,,,10,$35.00,,actual
2025-06-21,6/19/25,2025,Emmet,Escarole - ea,$3.00,,,3,$9.00,,actual
2025-06-21,6/19/25,2025,Emmet,Carrot Bulk - lb,$2.00,,,15,$29.93,,actual
2025-06-21,6/19/25,2025,Emmet,Parsley - bu,$2.80,,,6,$16.80,,actual
2025-06-21,6/19/25,2025,Emmet,Scallion - bu,$4.00,,,6,$24.00,,actual
2025-06-21,6/19/25,2025,HNC,Kale Curly - bu,$3.50,,,55,$192.50,,actual
2025-06-21,6/19/25,2025,HNC,Kale Lacinato - bu,$3.50,,,60,$210.00,,actual
2025-06-21,6/19/25,2025,HNC,Collards - bu,$2.50,,,36,$90.00,,actual
2025-06-21,6/19/25,2025,HNC,Escarole - ea,$2.50,,,21,$52.50,,actual
2025-06-25,6/24/25,2025,Chaseholm,Kale Lacinato - bu,$3.50,,,12,$42.00,,actual
2025-06-25,6/24/25,2025,Chaseholm,Scallion - bu,$2.80,,,12,$33.60,,actual
2025-06-25,6/24/25,2025,Chaseholm,Escarole - ea,$3.50,,,12,$42.00,,actual
2025-06-25,6/24/25,2025,Chaseholm,Zucchini Green - lb,$1.75,,,20,$35.00,,actual
2025-06-25,6/24/25,2025,Chaseholm,Cucumber - lb,$1.75,,,25,$43.75,,actual
2025-06-25,6/24/25,2025,Chaseholm,Cucumber Persian - lb,$0.00,,,25,$0.00,,actual
2025-07-02,7/1/25,2025,Chaseholm,Carrot Bulk - lb,$2.00,,,100,$199.50,,actual
2025-06-25,6/24/25,2025,Ravenwood,Broccolini - bu,$6.00,,,12,$72.00,,actual
2025-06-25,6/24/25,2025,Ravenwood,Cucumber Persian - lb,$0.00,,,10,$0.00,,actual
2025-06-25,6/24/25,2025,Ravenwood,Cucumber Pickling - lb,$3.50,,,10,$35.00,,actual
2025-06-25,6/24/25,2025,Ravenwood,Dandelion - bu,$5.00,,,8,$40.00,,actual
2025-06-25,6/24/25,2025,Ravenwood,Lettuce Mini Gem - ea,$3.00,,,12,$36.00,Variety: Gatsbi,actual
2025-06-25,6/24/25,2025,Ravenwood,Radicchio Variegated - lb,$9.00,,,8,$72.00,,actual
2025-06-25,6/24/25,2025,Ravenwood,Salad Mix - 1 1/4 lb,$0.00,,,2,$0.00,,actual
2025-06-25,6/24/25,2025,Ravenwood,Zucchini Green - lb,$3.50,,,3,$10.50,,actual
2025-06-25,6/24/25,2025,Ravenwood,Zucchini Striped - lb,$3.50,,,3,$10.50,,actual
2025-06-25,6/24/25,2025,Ravenwood,Zucchini Yellow - lb,$3.50,,,4,$14.00,,actual
2025-06-25,6/24/25,2025,Staff,Bok Choy - ea,$2.50,,,3,$7.50,,actual
2025-06-25,6/24/25,2025,Staff,Broccolini - bu,$6.00,,,6,$36.00,,actual
2025-06-25,6/24/25,2025,Staff,Cabbage Chinese - lb,$4.00,,,6,$24.00,,actual
2025-06-25,6/24/25,2025,Staff,Carrot Bulk - lb,$3.50,,,1,$3.50,,actual
2025-06-25,6/24/25,2025,Staff,Cilantro - bu,$4.00,,,5,$20.00,,actual
2025-06-25,6/24/25,2025,Staff,Collards - bu,$5.00,,,3,$15.00,,actual
2025-06-25,6/24/25,2025,Staff,Cucumber - lb,$3.50,,,10,$35.00,,actual
2025-06-25,6/24/25,2025,Staff,Cucumber Persian - lb,$0.00,,,14,$0.00,,actual
2025-06-25,6/24/25,2025,Staff,Escarole - ea,$5.00,,,2,$10.00,,actual
2025-06-25,6/24/25,2025,Staff,Kale Curly - bu,$5.00,,,2,$10.00,,actual
2025-06-25,6/24/25,2025,Staff,Kale Lacinato - bu,$5.00,,,6,$30.00,,actual
2025-06-25,6/24/25,2025,Staff,Lettuce Mini Gem - ea,$3.00,,,13,$39.00,,actual
2025-06-25,6/24/25,2025,Staff,Parsley - bu,$4.00,,,3,$12.00,,actual
2025-06-25,6/24/25,2025,Staff,Pea Snap - Pt,$6.00,,,4,$24.00,,actual
2025-06-25,6/24/25,2025,Staff,Salad Mix - 1/3 lb,$7.00,,,2,$14.00,,actual
2025-06-25,6/24/25,2025,Staff,Salad Mix - 2/3 lb ,$14.00,,,6,$84.00,,actual
2025-06-25,6/24/25,2025,Staff,Scallion - bu,$4.00,,,5,$20.00,,actual
2025-06-25,6/24/25,2025,Staff,Zucchini Green - lb,$3.50,,,12,$42.00,,actual
2025-06-25,6/24/25,2025,Staff,Zucchini Striped - lb,$3.50,,,8,$28.00,,actual
2025-06-25,6/24/25,2025,Staff,Zucchini Yellow - lb,$3.50,,,9,$31.50,,actual
2025-06-25,6/24/25,2025,HNC,Cilantro - bu,$2.80,,,45,$126.00,,actual
2025-06-25,6/24/25,2025,HNC,Parsley - bu,$2.80,,,45,$126.00,,actual
2025-06-25,6/24/25,2025,HNC,Chard - bu,$3.50,,,30,$105.00,,actual
2025-06-25,6/24/25,2025,HNC,Dandelion - bu,$3.50,,,30,$105.00,,actual
2025-06-28,6/26/25,2025,Emmet,Broccolini - bu,$6.00,,,12,$72.00,,actual
2025-06-28,6/26/25,2025,Emmet,Lettuce Mini Gem - ea,$2.10,,,25,$52.50,Variety: Monte Carlo,actual
2025-06-28,6/26/25,2025,Emmet,Cilantro - bu,$2.80,,,4,$11.20,,actual
2025-06-28,6/26/25,2025,Emmet,Cucumber Katrina - lb,$4.50,,,6,$27.00,,actual
2025-06-28,6/26/25,2025,HNC,Kale Lacinato - bu,$3.00,,,50,$150.00,,actual
2025-06-28,6/26/25,2025,HNC,Kale Curly - bu,$3.00,,,45,$135.00,,actual
2025-06-28,6/26/25,2025,HNC,Parsley - bu,$2.40,,,35,$84.00,,actual
2025-06-28,6/26/25,2025,HNC,Cilantro - bu,$2.40,,,40,$96.00,,actual
2025-06-28,6/26/25,2025,HNC,Zucchini Green - lb,$1.75,,,85,$148.75,,actual
2025-07-02,7/1/25,2025,Ravenwood,Kale Lacinato - bu,$5.00,,,12,$60.00,,actual
2025-07-02,7/1/25,2025,Ravenwood,Broccolini - bu,$6.00,,,12,$72.00,,actual
2025-07-02,7/1/25,2025,Ravenwood,Cauliflower Sprouting - lb,$6.00,,,12,$72.00,,actual
2025-07-02,7/1/25,2025,Ravenwood,Cucumber Katrina - lb,$4.50,,,10,$45.00,,actual
2025-07-02,7/1/25,2025,Ravenwood,Scallion - bu,$4.00,,,12,$48.00,,actual
2025-07-02,7/1/25,2025,Ravenwood,Radicchio Round - lb,$9.00,,,8,$72.00,,actual
2025-07-02,7/1/25,2025,Ravenwood,Lettuce Mini Gem - ea,$3.00,,,15,$45.00,,actual
2025-07-02,7/1/25,2025,Ravenwood,Zucchini Yellow - lb,$3.50,,,4,$14.00,,actual
2025-07-02,7/1/25,2025,Ravenwood,Zucchini Green - lb,$3.50,,,3,$10.50,,actual
2025-07-02,7/1/25,2025,Ravenwood,Zucchini Striped - lb,$3.50,,,3,$10.50,,actual
2025-07-02,7/1/25,2025,Ravenwood,Salad Mix - 1 1/3 lb,$25.00,,,1,$25.00,,actual
2025-07-02,7/1/25,2025,Chaseholm,Cucumber - lb,$1.75,,,30,$52.50,,actual
2025-07-02,7/1/25,2025,Chaseholm,Cucumber Katrina - lb,$2.50,,,15,$37.46,,actual
2025-07-02,7/1/25,2025,Chaseholm,Zucchini Yellow - lb,$1.75,,,15,$26.25,,actual
2025-07-02,7/1/25,2025,Chaseholm,Zucchini Green - lb,$1.75,,,15,$26.25,,actual
2025-07-02,7/1/25,2025,Chaseholm,Zucchini Striped - lb,$1.75,,,15,$26.25,,actual
2025-07-02,7/1/25,2025,Staff,Basil - bu,$4.00,,,7,$28.00,,actual
2025-07-02,7/1/25,2025,Staff,Broccolini - bu,$6.00,,,13,$78.00,,actual
2025-07-02,7/1/25,2025,Staff,Cabbage Chinese - lb,$4.00,,,2,$8.00,,actual
2025-07-02,7/1/25,2025,Staff,Carrot Bulk - lb,$3.50,,,1,$3.50,,actual
2025-07-02,7/1/25,2025,Staff,Cauliflower Sprouting - lb,$6.00,,,8,$48.00,,actual
2025-07-02,7/1/25,2025,Staff,Chard - bu,$5.00,,,0,$0.00,,actual
2025-07-02,7/1/25,2025,Staff,Cilantro - bu,$4.00,,,5,$20.00,,actual
2025-07-02,7/1/25,2025,Staff,Collards - bu,$5.00,,,2,$10.00,,actual
2025-07-02,7/1/25,2025,Staff,Cucumber - lb,$3.50,,,5,$17.50,,actual
2025-07-02,7/1/25,2025,Staff,Cucumber Katrina - lb,$4.50,,,17,$76.50,,actual
2025-07-02,7/1/25,2025,Staff,Cucumber Pickling - lb,$3.50,,,4,$14.00,,actual
2025-07-02,7/1/25,2025,Staff,Dandelion - bu,$5.00,,,1,$5.00,,actual
2025-07-02,7/1/25,2025,Staff,Escarole - ea,$5.00,,,1,$5.00,,actual
2025-07-02,7/1/25,2025,Staff,Fennel - ea,$4.00,,,4,$16.00,,actual
2025-07-02,7/1/25,2025,Staff,Kale Curly - bu,$5.00,,,5,$25.00,,actual
2025-07-02,7/1/25,2025,Staff,Kale Lacinato - bu,$5.00,,,6,$30.00,,actual
2025-07-02,7/1/25,2025,Staff,Lettuce Mini Gem - ea,$3.00,,,10,$30.00,,actual
2025-07-02,7/1/25,2025,Staff,Parsley - bu,$4.00,,,5,$20.00,,actual
2025-07-02,7/1/25,2025,Staff,Salad Mix - 1/3 lb,$7.00,,,0,$0.00,,actual
2025-07-02,7/1/25,2025,Staff,Salad Mix - 2/3 lb ,$14.00,,,8,$112.00,,actual
2025-07-02,7/1/25,2025,Staff,Scallion - bu,$4.00,,,5,$20.00,,actual
2025-07-02,7/1/25,2025,Staff,Zucchini Green - lb,$3.50,,,7,$24.50,,actual
2025-07-02,7/1/25,2025,Staff,Zucchini Striped - lb,$3.50,,,4,$14.00,,actual
2025-07-02,7/1/25,2025,Staff,Zucchini Yellow - lb,$3.50,,,5,$17.50,,actual
2025-07-02,7/1/25,2025,HNC,Cucumber - lb,$1.75,,,75,$131.25,,actual
2025-07-02,7/1/25,2025,HNC,Zucchini Green - lb,$1.75,,,75,$131.25,,actual
2025-07-02,7/1/25,2025,HNC,Scallion - bu,$2.40,,,24,$57.60,,actual
2025-07-02,7/1/25,2025,HNC,Escarole - ea,$2.50,,,12,$30.00,,actual
2025-07-02,7/1/25,2025,HNC,Dandelion - bu,$3.00,,,12,$36.00,,actual
2025-07-02,7/1/25,2025,HNC,Kale Lacinato - bu,$3.00,,,40,$120.00,,actual
2025-07-05,7/3/25,2025,Emmet,Kale Lacinato - bu,$3.50,,,8,$28.00,,actual
2025-07-05,7/3/25,2025,Emmet,Escarole - ea,$2.50,,,6,$15.00,,actual
2025-07-05,7/3/25,2025,Emmet,Scallion - bu,$2.80,,,8,$22.40,,actual
2025-07-05,7/3/25,2025,Emmet,Cauliflower Sprouting - lb,$6.00,,,10,$60.00,,actual
2025-07-05,7/3/25,2025,Emmet,Cucumber Katrina - lb,$4.50,,,10,$45.00,,actual
2025-07-05,7/3/25,2025,Emmet,Cucumber Pickling - lb,$3.50,,,10,$35.00,,actual
2025-07-05,7/3/25,2025,Emmet,Lettuce Mini Gem - ea,$2.10,,,12,$25.20,,actual
2025-07-05,7/3/25,2025,Emmet,Salad Mix - 1 1/3 lb,$25.00,,,1,$25.00,,actual
2025-07-05,7/3/25,2025,HNC,Chard - bu,$3.00,,,24,$72.00,,actual
2025-07-05,7/3/25,2025,HNC,Dandelion - bu,$3.00,,,27,$81.00,,actual
2025-07-05,7/3/25,2025,HNC,Zucchini Green - lb,$1.75,,,100,$175.00,,actual
2025-07-05,7/3/25,2025,HNC,Cucumber - lb,$1.75,,,100,$175.00,,actual
2025-07-05,7/3/25,2025,HNC,Kale Lacinato - bu,$3.00,,,60,$180.00,,actual
2025-07-05,7/3/25,2025,HNC,Parsley - bu,$2.40,,,55,$132.00,,actual
2025-07-05,7/3/25,2025,HNC,Escarole - ea,$2.50,,,15,$37.50,,actual
2025-07-05,7/3/25,2025,HNC,Kale Curly - bu,$3.00,,,15,$45.00,,actual
2025-07-09,7/8/25,2025,Staff,Beets Golden - bu,$5.00,,,2,$10.00,,actual
2025-07-09,7/8/25,2025,Staff,Beets Red - bu,$5.00,,,8,$40.00,,actual
2025-07-09,7/8/25,2025,Staff,Cabbage Chinese - lb,$4.00,,,3,$12.00,,actual
2025-07-09,7/8/25,2025,Staff,Carrot Bulk - lb,$3.50,,,3,$10.50,,actual
2025-07-09,7/8/25,2025,Staff,Chard - bu,$5.00,,,2,$10.00,,actual
2025-07-09,7/8/25,2025,Staff,Cilantro - bu,$4.00,,,5,$20.00,,actual
2025-07-09,7/8/25,2025,Staff,Collards - bu,$5.00,,,4,$20.00,,actual
2025-07-09,7/8/25,2025,Staff,Cucumber - lb,$3.50,,,9,$31.50,,actual
2025-07-09,7/8/25,2025,Staff,Cucumber Katrina - lb,$4.50,,,18,$81.00,,actual
2025-07-09,7/8/25,2025,Staff,Cucumber Pickling - lb,$3.50,,,3,$10.50,,actual
2025-07-09,7/8/25,2025,Staff,Dandelion - bu,$5.00,,,1,$5.00,,actual
2025-07-09,7/8/25,2025,Staff,Dill - bu,$4.00,,,7,$28.00,,actual
2025-07-09,7/8/25,2025,Staff,Escarole - ea,$5.00,,,2,$10.00,,actual
2025-07-09,7/8/25,2025,Staff,Fennel - ea,$4.00,,,8,$32.00,,actual
2025-07-09,7/8/25,2025,Staff,Kale Curly - bu,$5.00,,,4,$20.00,,actual
2025-07-09,7/8/25,2025,Staff,Kale Lacinato - bu,$5.00,,,7,$35.00,,actual
2025-07-09,7/8/25,2025,Staff,Lettuce Mini Gem - ea,$3.00,,,7,$21.00,,actual
2025-07-09,7/8/25,2025,Staff,Onion Spring - bu,$5.00,,,4,$20.00,,actual
2025-07-09,7/8/25,2025,Staff,Onion Spring - bu,$5.00,,,8,$40.00,,actual
2025-07-09,7/8/25,2025,Staff,Parsley - bu,$4.00,,,3,$12.00,,actual
2025-07-09,7/8/25,2025,Staff,Radicchio Round - lb,$9.00,,,4,$36.00,,actual
2025-07-09,7/8/25,2025,Staff,Radicchio Variegated - lb,$9.00,,,4,$36.00,,actual
2025-07-09,7/8/25,2025,Staff,Salad Mix - 1/3 lb,$7.00,,,5,$35.00,,actual
2025-07-09,7/8/25,2025,Staff,Salad Mix - 2/3 lb ,$14.00,,,5,$70.00,,actual
2025-07-09,7/8/25,2025,Staff,Scallion - bu,$4.00,,,6,$24.00,,actual
2025-07-09,7/8/25,2025,Staff,Tomato Cherry Mix - Pt,$7.00,,,5,$35.00,,actual
2025-07-09,7/8/25,2025,Staff,Tomato Cherry Sungold - pt,$7.00,,,6,$42.00,,actual
2025-07-09,7/8/25,2025,Staff,Zucchini Green - lb,$3.50,,,10,$35.00,,actual
2025-07-09,7/8/25,2025,Staff,Zucchini Striped - lb,$3.50,,,7,$24.50,,actual
2025-07-09,7/8/25,2025,Staff,Zucchini Yellow - lb,$3.50,,,9,$31.50,,actual
2025-07-09,7/8/25,2025,HNC,Kale Lacinato - bu,$3.00,,,40,$120.00,,actual
2025-07-09,7/8/25,2025,HNC,Kale Curly - bu,$3.00,,,35,$105.00,,actual
2025-07-09,7/8/25,2025,HNC,Chard - bu,$3.00,,,18,$54.00,,actual
2025-07-09,7/8/25,2025,HNC,Collards - bu,$3.00,,,18,$54.00,,actual
2025-07-09,7/8/25,2025,HNC,Dandelion - bu,$3.00,,,14,$42.00,,actual
2025-07-09,7/8/25,2025,HNC,Parsley - bu,$2.40,,,24,$57.60,,actual
2025-07-09,7/8/25,2025,HNC,Cilantro - bu,$2.40,,,45,$108.00,,actual
2025-07-09,7/8/25,2025,HNC,Zucchini Green - lb,$1.75,,,125,$218.75,,actual
2025-07-09,7/8/25,2025,HNC,Cucumber - lb,$1.75,,,125,$218.75,,actual
2025-07-12,7/10/25,2025,Emmet,Cucumber - lb,$1.75,,,5,$8.75,,actual
2025-07-12,7/10/25,2025,Emmet,Lettuce Mini Gem - ea,$2.10,,,12,$25.20,Variety: Monte Carlo,actual
2025-07-12,7/10/25,2025,Emmet,Scallion - bu,$2.80,,,15,$42.00,,actual
2025-07-12,7/10/25,2025,Emmet,Parsley - bu,$2.80,,,5,$14.00,,actual
2025-07-12,7/10/25,2025,Emmet,Cilantro - bu,$2.80,,,4,$11.20,,actual
2025-07-12,7/10/25,2025,HNC,Escarole - ea,$2.50,,,18,$45.00,,actual
2025-07-12,7/10/25,2025,HNC,Collards - bu,$3.00,,,24,$72.00,,actual
2025-07-12,7/10/25,2025,HNC,Dandelion - bu,$3.00,,,24,$72.00,,actual
2025-07-12,7/10/25,2025,HNC,Kale Lacinato - bu,$3.00,,,75,$225.00,,actual
2025-07-12,7/10/25,2025,HNC,Kale Curly - bu,$3.00,,,60,$180.00,,actual
2025-07-12,7/10/25,2025,HNC,Chard - bu,$3.00,,,15,$45.00,,actual
2025-07-12,7/10/25,2025,HNC,Cilantro - bu,$2.40,,,100,$240.00,,actual
2025-07-12,7/10/25,2025,HNC,Parsley - bu,$2.40,,,100,$240.00,,actual
2025-07-12,7/10/25,2025,HNC,Scallion - bu,$2.40,,,75,$180.00,,actual
2025-07-12,7/10/25,2025,HNC,Cucumber - lb,$1.75,,,130,$227.50,,actual
2025-07-12,7/10/25,2025,HNC,Zucchini Green - lb,$1.75,,,130,$227.50,,actual
2025-07-16,7/15/25,2025,Staff,Basil - bu,$4.00,,,5,$20.00,,actual
2025-07-16,7/15/25,2025,Staff,Beets Golden - bu,$5.00,,,5,$25.00,,actual
2025-07-16,7/15/25,2025,Staff,Beets Red - bu,$5.00,,,3,$15.00,,actual
2025-07-16,7/15/25,2025,Staff,Cabbage Chinese - lb,$4.00,,,2,$8.00,,actual
2025-07-16,7/15/25,2025,Staff,Cabbage Cone - lb,$2.50,,,2,$5.00,,actual
2025-07-16,7/15/25,2025,Staff,Cabbage Flat - lb,$2.50,,,2,$5.00,,actual
2025-07-16,7/15/25,2025,Staff,Cabbage Red - lb,$2.50,,,4,$10.00,,actual
2025-07-16,7/15/25,2025,Staff,Cabbage Savoy - lb,$2.50,,,0,$0.00,,actual
2025-07-16,7/15/25,2025,Staff,Carrot Bulk - lb,$3.50,,,2,$7.00,,actual
2025-07-16,7/15/25,2025,Staff,Celery - bu,$5.00,,,3,$15.00,,actual
2025-07-16,7/15/25,2025,Staff,Chard - bu,$5.00,,,0,$0.00,,actual
2025-07-16,7/15/25,2025,Staff,Collards - bu,$5.00,,,1,$5.00,,actual
2025-07-16,7/15/25,2025,Staff,Cucumber - lb,$3.50,,,7,$24.50,,actual
2025-07-16,7/15/25,2025,Staff,Cucumber Katrina - lb,$4.50,,,20,$90.00,,actual
2025-07-16,7/15/25,2025,Staff,Cucumber Pickling - lb,$3.50,,,2,$7.00,,actual
2025-07-16,7/15/25,2025,Staff,Dandelion - bu,$5.00,,,1,$5.00,,actual
2025-07-16,7/15/25,2025,Staff,Escarole - ea,$5.00,,,2,$10.00,,actual
2025-07-16,7/15/25,2025,Staff,Fennel - ea,$4.00,,,2,$8.00,,actual
2025-07-16,7/15/25,2025,Staff,Kale Curly - bu,$5.00,,,1,$5.00,,actual
2025-07-16,7/15/25,2025,Staff,Kale Lacinato - bu,$5.00,,,5,$25.00,,actual
2025-07-16,7/15/25,2025,Staff,Lettuce Mini Gem - ea,$3.00,,,4,$12.00,,actual
2025-07-16,7/15/25,2025,Staff,Onion Spring - bu,$5.00,,,2,$10.00,Variety: yellow,actual
2025-07-16,7/15/25,2025,Staff,Onion Spring - bu,$5.00,,,6,$30.00,Variety: red,actual
2025-07-16,7/15/25,2025,Staff,Parsley - bu,$4.00,,,3,$12.00,,actual
2025-07-16,7/15/25,2025,Staff,Radicchio Round - lb,$9.00,,,3,$27.00,,actual
2025-07-16,7/15/25,2025,Staff,Radicchio Variegated - lb,$9.00,,,3,$27.00,,actual
2025-07-16,7/15/25,2025,Staff,Salad Mix - 1/3 lb,$7.00,,,2,$14.00,,actual
2025-07-16,7/15/25,2025,Staff,Salad Mix - 2/3 lb ,$14.00,,,5,$70.00,,actual
2025-07-16,7/15/25,2025,Staff,Scallion - bu,$4.00,,,4,$16.00,,actual
2025-07-16,7/15/25,2025,Staff,Tomato Cherry Mix - Pt,$7.00,,,4,$28.00,,actual
2025-07-16,7/15/25,2025,Staff,Tomato Cherry Sungold - pt,$7.00,,,6,$42.00,,actual
2025-07-16,7/15/25,2025,Staff,Zucchini Green - lb,$3.50,,,7,$24.50,,actual
2025-07-16,7/15/25,2025,Staff,Zucchini Striped - lb,$3.50,,,3,$10.50,,actual
2025-07-16,7/15/25,2025,HNC,Kale Lacinato - bu,$3.00,,,24,$72.00,,actual
2025-07-16,7/15/25,2025,HNC,Dandelion - bu,$3.00,,,12,$36.00,,actual
2025-07-16,7/15/25,2025,HNC,Cucumber - lb,$1.75,,,75,$131.25,,actual
2025-07-16,7/15/25,2025,HNC,Zucchini Green - lb,$1.75,,,75,$131.25,,actual
2025-07-19,7/17/25,2025,Emmet,Dandelion - bu,$3.50,,,10,$35.00,,actual
2025-07-19,7/17/25,2025,Emmet,Chard - bu,$3.50,,,5,$17.50,,actual
2025-07-19,7/17/25,2025,Emmet,Parsley - bu,$2.80,,,6,$16.80,,actual
2025-07-19,7/17/25,2025,Emmet,Cilantro - bu,$2.80,,,6,$16.80,,actual
2025-07-19,7/17/25,2025,Emmet,Carrot Bulk - lb,$1.75,,,10,$17.50,,actual
2025-07-19,7/17/25,2025,Emmet,Radicchio Round - lb,$9.00,,,2,$18.00,,actual
2025-07-19,7/17/25,2025,HNC,Chard - bu,$3.00,,,30,$90.00,,actual
2025-07-19,7/17/25,2025,HNC,Collards - bu,$3.00,,,20,$60.00,,actual
2025-07-19,7/17/25,2025,HNC,Dandelion - bu,$3.00,,,24,$72.00,,actual
2025-07-19,7/17/25,2025,HNC,Cucumber - lb,$1.75,,,125,$218.75,,actual
2025-07-19,7/17/25,2025,HNC,Zucchini Green - lb,$1.75,,,125,$218.75,,actual
2025-07-19,7/17/25,2025,Emmet,Zucchini Yellow - lb,$1.75,,,10,$17.50,,actual
2025-07-23,7/22/25,2025,Staff,Basil - bu,$4.00,,,4,$16.00,,actual
2025-07-23,7/22/25,2025,Staff,Beets Golden - bu,$5.00,,,2,$10.00,,actual
2025-07-23,7/22/25,2025,Staff,Beets Red - bu,$5.00,,,2,$10.00,,actual
2025-07-23,7/22/25,2025,Staff,Cabbage Chinese - lb,$4.00,,,3,$12.00,,actual
2025-07-23,7/22/25,2025,Staff,Cabbage Cone - lb,$2.50,,,1,$2.50,,actual
2025-07-23,7/22/25,2025,Staff,Cabbage Flat - lb,$2.50,,,4,$10.00,,actual
2025-07-23,7/22/25,2025,Staff,Carrot Bulk - lb,$3.50,,,3,$10.50,,actual
2025-07-23,7/22/25,2025,Staff,Celery - bu,$5.00,,,4,$20.00,,actual
2025-07-23,7/22/25,2025,Staff,Collards - bu,$5.00,,,1,$5.00,,actual
2025-07-23,7/22/25,2025,Staff,Cucumber - lb,$3.50,,,4,$14.00,,actual
2025-07-23,7/22/25,2025,Staff,Cucumber Katrina - lb,$4.50,,,23,$103.50,,actual
2025-07-23,7/22/25,2025,Staff,Cucumber Pickling - lb,$3.50,,,16,$56.00,,actual
2025-07-23,7/22/25,2025,Staff,Eggplant Italian Black - lb,$5.00,,,6,$30.00,,actual
2025-07-23,7/22/25,2025,Staff,Eggplant Italian Striped - lb,$5.00,,,5,$25.00,,actual
2025-07-23,7/22/25,2025,Staff,Eggplant Mini - Qt,$11.00,,,2,$22.00,,actual
2025-07-23,7/22/25,2025,Staff,Escarole - ea,$5.00,,,1,$5.00,,actual
2025-07-23,7/22/25,2025,Staff,Fennel - ea,$4.00,,,4,$16.00,Variety: bunches,actual
2025-07-23,7/22/25,2025,Staff,Kale Curly - bu,$5.00,,,2,$10.00,,actual
2025-07-23,7/22/25,2025,Staff,Kale Lacinato - bu,$5.00,,,5,$25.00,,actual
2025-07-23,7/22/25,2025,Staff,Onion Spring - bu,$5.00,,,5,$25.00,Variety: yellow,actual
2025-07-23,7/22/25,2025,Staff,Onion Spring - bu,$5.00,,,3,$15.00,Variety: red,actual
2025-07-23,7/22/25,2025,Staff,Parsley - bu,$4.00,,,6,$24.00,,actual
2025-07-23,7/22/25,2025,Staff,Radicchio Round - lb,$9.00,,,3,$27.00,,actual
2025-07-23,7/22/25,2025,Staff,Salad Mix - 1/3 lb,$7.00,,,1,$7.00,,actual
2025-07-23,7/22/25,2025,Staff,Salad Mix - 2/3 lb ,$14.00,,,8,$112.00,,actual
2025-07-23,7/22/25,2025,Staff,Scallion - bu,$4.00,,,5,$20.00,,actual
2025-07-23,7/22/25,2025,Staff,Tomato Cherry Mix - Pt,$7.00,,,7,$49.00,,actual
2025-07-23,7/22/25,2025,Staff,Tomato Cherry Sungold - pt,$7.00,,,9,$63.00,,actual
2025-07-23,7/22/25,2025,Staff,Zucchini Green - lb,$3.50,,,11,$38.50,,actual
2025-07-23,7/22/25,2025,Staff,Zucchini Yellow - lb,$3.50,,,7,$24.50,,actual
2025-07-23,7/22/25,2025,Misc.,Salad Mix - 1 1/3 lb,$0.00,,,2,$0.00,,actual
2025-07-23,7/22/25,2025,Ravenwood,Basil - bu,$4.00,,,6,$24.00,,actual
2025-07-23,7/22/25,2025,Ravenwood,Eggplant Italian Striped - lb,$5.00,,,10,$50.00,,actual
2025-07-23,7/22/25,2025,Ravenwood,Kale Curly - bu,$5.00,,,6,$30.00,,actual
2025-07-23,7/22/25,2025,Ravenwood,Onion Spring - bu,$5.00,,,8,$40.00,Variety: red,actual
2025-07-23,7/22/25,2025,Ravenwood,Radicchio Round - lb,$9.00,,,8,$72.00,,actual
2025-07-23,7/22/25,2025,Ravenwood,Tomato Cherry Sungold - pt,$7.00,,,12,$84.00,,actual
2025-07-23,7/22/25,2025,Ravenwood,Tomato Cherry Mix - Pt,$7.00,,,24,$168.00,,actual
2025-07-23,7/22/25,2025,Ravenwood,Tomato Heirloom - lb,$5.00,,,20,$100.00,,actual
2025-07-23,7/22/25,2025,HNC,Tomato Cherry Sungold - pt,$3.50,,,60,$210.00,,actual
2025-07-23,7/22/25,2025,HNC,Tomato Cherry Mix - Pt,$3.50,,,90,$315.00,,actual
2025-07-23,7/22/25,2025,HNC,Dandelion - bu,$3.00,,,18,$54.00,,actual
2025-07-23,7/22/25,2025,HNC,Zucchini Green - lb,$1.75,,,50,$87.50,,actual
2025-07-23,7/22/25,2025,HNC,Cucumber - lb,$1.75,,,85,$148.75,,actual
2025-07-26,7/24/25,2025,Emmet,Kale Lacinato - bu,$3.50,,,15,$52.50,,actual
2025-07-26,7/24/25,2025,Emmet,Collards - bu,$3.50,,,15,$52.50,,actual
2025-07-26,7/24/25,2025,Emmet,Kale Curly - bu,$3.50,,,15,$52.50,,actual
2025-07-26,7/24/25,2025,Emmet,Scallion - bu,$2.80,,,10,$28.00,,actual
2025-07-26,7/24/25,2025,Emmet,Salad Mix - 1 1/3 lb,$25.00,,,2,$50.00,,actual
2025-07-26,7/24/25,2025,HNC,Dandelion - bu,$3.00,,,24,$72.00,,actual
2025-07-26,7/24/25,2025,HNC,Chard - bu,$3.00,,,18,$54.00,,actual
2025-07-26,7/24/25,2025,HNC,Cucumber - lb,$1.75,,,110,$192.50,,actual
2025-07-30,7/29/25,2025,Staff,Basil - bu,$4.00,,,6,$24.00,,actual
2025-07-30,7/29/25,2025,Staff,Beets Golden - bu,$5.00,,,1,$5.00,,actual
2025-07-30,7/29/25,2025,Staff,Beets Red - bu,$5.00,,,4,$20.00,,actual
2025-07-30,7/29/25,2025,Staff,Cabbage Savoy - lb,$2.50,,,2,$5.00,,actual
2025-07-30,7/29/25,2025,Staff,Carrot Bulk - lb,$3.50,,,3,$10.50,,actual
2025-07-30,7/29/25,2025,Staff,Cucumber - lb,$3.50,,,4,$14.00,,actual
2025-07-30,7/29/25,2025,Staff,Cucumber Katrina - lb,$4.50,,,25,$112.50,,actual
2025-07-30,7/29/25,2025,Staff,Cucumber Pickling - lb,$3.50,,,12,$42.00,,actual
2025-07-30,7/29/25,2025,Staff,Kale Curly - bu,$5.00,,,2,$10.00,,actual
2025-07-30,7/29/25,2025,Staff,Kale Lacinato - bu,$5.00,,,5,$25.00,,actual
2025-07-30,7/29/25,2025,Staff,Lettuce Mini Gem - ea,$3.00,,,9,$27.00,,actual
2025-07-30,7/29/25,2025,Staff,Onion Spring - bu,$5.00,,,5,$25.00,Variety: yellow,actual
2025-07-30,7/29/25,2025,Staff,Onion Spring - bu,$5.00,,,4,$20.00,Variety: red,actual
2025-07-30,7/29/25,2025,Staff,Parsley - bu,$4.00,,,5,$20.00,,actual
2025-07-30,7/29/25,2025,Staff,Radicchio Round - lb,$9.00,,,2,$18.00,,actual
2025-07-30,7/29/25,2025,Staff,Salad Mix - 1/3 lb,$7.00,,,1,$7.00,,actual
2025-07-30,7/29/25,2025,Staff,Salad Mix - 2/3 lb,$0.00,,,7,$0.00,,actual
2025-07-30,7/29/25,2025,Staff,Scallion - bu,$4.00,,,4,$16.00,,actual
2025-07-30,7/29/25,2025,Staff,Tomato Cherry Mix - Pt,$7.00,,,8,$56.00,,actual
2025-07-30,7/29/25,2025,Staff,Tomato Cherry Sungold - pt,$7.00,,,9,$63.00,,actual
2025-07-30,7/29/25,2025,Staff,Tomato Heirloom - lb,$5.00,,,16,$80.00,,actual
2025-07-30,7/29/25,2025,Staff,Zucchini Green - lb,$3.50,,,3,$10.50,,actual
2025-07-30,7/29/25,2025,Staff,Zucchini Striped - lb,$3.50,,,5,$17.50,,actual
2025-07-30,7/29/25,2025,Staff,Zucchini Yellow - lb,$3.50,,,5,$17.50,,actual
2025-07-30,7/29/25,2025,HNC,Chard - bu,$5.00,,,18,$90.00,,actual
2025-07-30,7/29/25,2025,HNC,Dandelion - bu,$5.00,,,18,$90.00,,actual
2025-07-30,7/29/25,2025,HNC,Collards - bu,$5.00,,,15,$75.00,,actual
2025-07-30,7/29/25,2025,HNC,Cucumber - lb,$3.50,,,90,$315.00,,actual
2025-07-30,7/29/25,2025,HNC,Tomato Cherry Mix - Pt,$7.00,,,60,$420.00,,actual
2025-07-30,7/29/25,2025,HNC,Tomato Cherry Sungold - pt,$7.00,,,45,$315.00,,actual
2025-08-02,7/31/25,2025,Emmet,Chard - bu,$3.50,,,10,$35.00,,actual
2025-08-02,7/31/25,2025,Emmet,Dandelion - bu,$3.50,,,16,$56.00,,actual
2025-08-02,7/31/25,2025,Emmet,Parsley - bu,$2.80,,,10,$28.00,,actual
2025-08-02,7/31/25,2025,Emmet,Scallion - bu,$2.80,,,8,$22.40,,actual
2025-08-02,7/31/25,2025,Emmet,Salad Mix - 1 1/3 lb,$25.00,,,1,$25.00,,actual
2025-08-06,8/5/25,2025,Staff,Basil - bu,$4.00,,,5,$20.00,,actual
2025-08-06,8/5/25,2025,Staff,Beets Golden - bu,$5.00,,,3,$15.00,,actual
2025-08-06,8/5/25,2025,Staff,Beets Red - bu,$5.00,,,2,$10.00,,actual
2025-08-06,8/5/25,2025,Staff,Cabbage Flat - lb,$2.50,,,1,$2.50,,actual
2025-08-06,8/5/25,2025,Staff,Cabbage Red - lb,$2.50,,,2,$5.00,,actual
2025-08-06,8/5/25,2025,Staff,Carrot Bulk - lb,$3.50,,,2,$7.00,,actual
2025-08-06,8/5/25,2025,Staff,Celery - bu,$5.00,,,1,$5.00,,actual
2025-08-06,8/5/25,2025,Staff,Collards - bu,$5.00,,,4,$20.00,,actual
2025-08-06,8/5/25,2025,Staff,Cucumber Katrina - lb,$4.50,,,20,$90.00,,actual
2025-08-06,8/5/25,2025,Staff,Cucumber Pickling - lb,$3.50,,,3,$10.50,,actual
2025-08-06,8/5/25,2025,Staff,Dandelion - bu,$5.00,,,1,$5.00,,actual
2025-08-06,8/5/25,2025,Staff,Eggplant Italian Black - lb,$5.00,,,3,$15.00,,actual
2025-08-06,8/5/25,2025,Staff,Eggplant Italian Striped - lb,$5.00,,,1,$5.00,,actual
2025-08-06,8/5/25,2025,Staff,Kale Curly - bu,$5.00,,,1,$5.00,,actual
2025-08-06,8/5/25,2025,Staff,Kale Lacinato - bu,$5.00,,,4,$20.00,,actual
2025-08-06,8/5/25,2025,Staff,Onion Spring - bu,$5.00,,,2,$10.00,Variety: yellow,actual
2025-08-06,8/5/25,2025,Staff,Onion Spring - bu,$5.00,,,4,$20.00,Variety: red,actual
2025-08-06,8/5/25,2025,Staff,Parsley - bu,$4.00,,,3,$12.00,,actual
2025-08-06,8/5/25,2025,Staff,Radicchio Round - lb,$9.00,,,2,$18.00,,actual
2025-08-06,8/5/25,2025,Staff,Scallion - bu,$4.00,,,3,$12.00,,actual
2025-08-06,8/5/25,2025,Staff,Tomato Cherry Mix - Pt,$7.00,,,6,$42.00,,actual
2025-08-06,8/5/25,2025,Staff,Tomato Cherry Sungold - pt,$7.00,,,7,$49.00,,actual
2025-08-06,8/5/25,2025,Staff,Tomato Heirloom - lb,$5.00,,,7,$35.00,,actual
2025-08-06,8/5/25,2025,Staff,Zucchini Green - lb,$3.50,,,1,$3.50,,actual
2025-08-06,8/5/25,2025,Staff,Zucchini Striped - lb,$3.50,,,4,$14.00,,actual
2025-08-06,8/5/25,2025,HNC,Collards - bu,$3.00,,,12,$36.00,,actual
2025-08-06,8/5/25,2025,HNC,Cucumber - lb,$1.75,,,85,$148.75,,actual
2025-08-06,8/5/25,2025,HNC,Tomato Cherry Sungold - pt,$3.50,,,60,$210.00,,actual
2025-08-06,8/5/25,2025,HNC,Tomato Cherry Mix - Pt,$3.50,,,60,$210.00,,actual
2025-08-09,8/7/25,2025,Emmet,Kale Lacinato - bu,$3.50,,,10,$35.00,,actual
2025-08-09,8/7/25,2025,Emmet,Cucumber - lb,$1.75,,,15,$26.25,,actual
2025-08-09,8/7/25,2025,Emmet,Parsley - bu,$2.80,,,12,$33.60,,actual
2025-08-09,8/7/25,2025,Emmet,Zucchini Green - lb,$3.50,,,10,$35.00,,actual
2025-08-09,8/7/25,2025,HNC,Collards - bu,$3.00,,,15,$45.00,,actual
2025-08-09,8/7/25,2025,HNC,Chard - bu,$3.00,,,18,$54.00,,actual
2025-08-09,8/7/25,2025,HNC,Dandelion - bu,$3.00,,,18,$54.00,,actual
2025-08-09,8/7/25,2025,HNC,Cucumber - lb,$1.75,,,50,$87.50,,actual
2025-08-13,8/12/25,2025,Staff,Basil - bu,$4.00,,,2,$8.00,,actual
2025-08-13,8/12/25,2025,Staff,Beets Golden - bu,$5.00,,,4,$20.00,,actual
2025-08-13,8/12/25,2025,Staff,Beets Red - bu,$5.00,,,4,$20.00,,actual
2025-08-13,8/12/25,2025,Staff,Cabbage Flat - lb,$2.50,,,2,$5.00,,actual
2025-08-13,8/12/25,2025,Staff,Carrot Bulk - lb,$3.50,,,4,$14.00,,actual
2025-08-13,8/12/25,2025,Staff,Celery - bu,$5.00,,,2,$10.00,,actual
2025-08-13,8/12/25,2025,Staff,Collards - bu,$5.00,,,4,$20.00,,actual
2025-08-13,8/12/25,2025,Staff,Cucumber - lb,$3.50,,,3,$10.50,,actual
2025-08-13,8/12/25,2025,Staff,Cucumber Katrina - lb,$4.50,,,6,$27.00,,actual
2025-08-13,8/12/25,2025,Staff,Cucumber Pickling - lb,$3.50,,,15,$52.50,,actual
2025-08-13,8/12/25,2025,Staff,Eggplant Asian - lb,$5.00,,,1,$5.00,,actual
2025-08-13,8/12/25,2025,Staff,Eggplant Italian Black - lb,$5.00,,,1,$5.00,,actual
2025-08-13,8/12/25,2025,Staff,Eggplant Mini - Pt,$6.00,,,1,$6.00,,actual
2025-08-13,8/12/25,2025,Staff,Kale Curly - bu,$5.00,,,3,$15.00,,actual
2025-08-13,8/12/25,2025,Staff,Kale Lacinato - bu,$5.00,,,4,$20.00,,actual
2025-08-13,8/12/25,2025,Staff,Onion Spring - bu,$5.00,,,3,$15.00,Variety: yellow,actual
2025-08-13,8/12/25,2025,Staff,Onion Spring - bu,$5.00,,,3,$15.00,Variety: red,actual
2025-08-13,8/12/25,2025,Staff,Pepper Hot - ea,$1.00,,,7,$7.00,,actual
2025-08-13,8/12/25,2025,Staff,Pepper Shishito - Pt,$6.00,,,5,$30.00,,actual
2025-08-13,8/12/25,2025,Staff,Scallion - bu,$4.00,,,2,$8.00,,actual
2025-08-13,8/12/25,2025,Staff,Tomato Cherry Mix - Pt,$7.00,,,5,$35.00,,actual
2025-08-13,8/12/25,2025,Staff,Tomato Cherry Sungold - pt,$7.00,,,3,$21.00,,actual
2025-08-13,8/12/25,2025,Staff,Tomato Heirloom - lb,$5.00,,,15,$75.00,,actual
2025-08-13,8/12/25,2025,Staff,Zucchini Green - lb,$3.50,,,2,$7.00,,actual
2025-08-13,8/12/25,2025,HNC,Dandelion - bu,$3.00,,,15,$45.00,,actual
2025-08-13,8/12/25,2025,HNC,Collards - bu,$3.00,,,15,$45.00,,actual
2025-08-13,8/12/25,2025,HNC,Tomato Cherry Sungold - pt,$3.50,,,60,$210.00,,actual
2025-08-13,8/12/25,2025,HNC,Tomato Cherry Mix - Pt,$3.50,,,60,$210.00,,actual
2025-08-16,8/14/25,2025,Emmet,Basil - bu,$2.80,,,5,$14.00,,actual
2025-08-16,8/14/25,2025,Emmet,Cucumber - lb,$1.75,,,10,$17.50,,actual
2025-08-16,8/14/25,2025,Emmet,Kale Curly - bu,$3.50,,,8,$28.00,,actual
2025-08-16,8/14/25,2025,Emmet,Collards - bu,$3.50,,,8,$28.00,,actual
2025-08-16,8/14/25,2025,Emmet,Tomato Cherry Sungold - pt,$6.00,,,6,$35.99,,actual
2025-08-16,8/14/25,2025,Emmet,Tomato Cherry Mix - Pt,$6.00,,,6,$35.99,,actual
2025-08-16,8/14/25,2025,HNC,Collards - bu,$3.00,,,15,$45.00,,actual
2025-08-16,8/14/25,2025,HNC,Dandelion - bu,$3.00,,,15,$45.00,,actual
2025-08-16,8/14/25,2025,HNC,Tomato Cherry Mix - Pt,$3.50,,,60,$210.00,,actual
2025-08-20,8/19/25,2025,Staff,Basil - bu,$4.00,,,8,$32.00,,actual
2025-08-20,8/19/25,2025,Staff,Beets Golden - bu,$5.00,,,4,$20.00,,actual
2025-08-20,8/19/25,2025,Staff,Beets Red - bu,$5.00,,,1,$5.00,,actual
2025-08-20,8/19/25,2025,Staff,Cabbage Cone - lb,$2.50,,,2,$5.00,,actual
2025-08-20,8/19/25,2025,Staff,Cabbage Flat - lb,$2.50,,,2,$5.00,,actual
2025-08-20,8/19/25,2025,Staff,Cabbage Red - lb,$2.50,,,0,$0.00,,actual
2025-08-20,8/19/25,2025,Staff,Cabbage Savoy - lb,$2.50,,,3,$7.50,,actual
2025-08-20,8/19/25,2025,Staff,Carrot Bulk - lb,$3.50,,,1,$3.50,,actual
2025-08-20,8/19/25,2025,Staff,Celery - bu,$5.00,,,1,$5.00,,actual
2025-08-20,8/19/25,2025,Staff,Chard - bu,$5.00,,,2,$10.00,,actual
2025-08-20,8/19/25,2025,Staff,Collards - bu,$5.00,,,3,$15.00,,actual
2025-08-20,8/19/25,2025,Staff,Cucumber - lb,$3.50,,,2,$7.00,,actual
2025-08-20,8/19/25,2025,Staff,Cucumber Katrina - lb,$4.50,,,24,$108.00,,actual
2025-08-20,8/19/25,2025,Staff,Cucumber Pickling - lb,$3.50,,,9,$31.50,,actual
2025-08-20,8/19/25,2025,Staff,Dandelion - bu,$5.00,,,1,$5.00,,actual
2025-08-20,8/19/25,2025,Staff,Eggplant Asian - lb,$5.00,,,2,$10.00,,actual
2025-08-20,8/19/25,2025,Staff,Eggplant Italian Black - lb,$5.00,,,2,$10.00,,actual
2025-08-20,8/19/25,2025,Staff,Eggplant Italian Striped - lb,$5.00,,,2,$10.00,,actual
2025-08-20,8/19/25,2025,Staff,Eggplant Mini - Pt,$6.00,,,2,$12.00,,actual
2025-08-20,8/19/25,2025,Staff,Kale Curly - bu,$5.00,,,1,$5.00,,actual
2025-08-20,8/19/25,2025,Staff,Kale Lacinato - bu,$5.00,,,7,$35.00,,actual
2025-08-20,8/19/25,2025,Staff,Onion Spring - bu,$5.00,,,7,$35.00,Variety: yellow,actual
2025-08-20,8/19/25,2025,Staff,Parsley - bu,$4.00,,,8,$32.00,,actual
2025-08-20,8/19/25,2025,Staff,Pepper Shishito - Pt,$6.00,,,9,$54.00,,actual
2025-08-20,8/19/25,2025,Staff,Scallion - bu,$4.00,,,4,$16.00,,actual
2025-08-20,8/19/25,2025,Staff,Tomato Cherry Mix - Pt,$7.00,,,11,$77.00,,actual
2025-08-20,8/19/25,2025,Staff,Tomato Cherry Sungold - pt,$7.00,,,12,$84.00,,actual
2025-08-20,8/19/25,2025,Staff,Tomato Heirloom - lb,$5.00,,,26,$130.00,,actual
2025-08-20,8/19/25,2025,HNC,Tomato Cherry Mix - Pt,$3.50,,,60,$210.00,,actual
2025-08-20,8/19/25,2025,HNC,Tomato Cherry Sungold - pt,$3.50,,,60,$210.00,,actual
2025-08-20,8/19/25,2025,HNC,Dandelion - bu,$3.00,,,15,$45.00,,actual
2025-08-23,8/21/25,2025,Emmet,Cucumber Pickling - lb,$1.75,,,10,$17.50,,actual
2025-08-23,8/21/25,2025,Emmet,Cucumber - lb,$1.75,,,10,$17.50,,actual
2025-08-23,8/21/25,2025,Emmet,Cabbage Savoy - lb,$2.00,,,20,$40.00,,actual
2025-08-23,8/21/25,2025,Emmet,Cabbage Flat - lb,$2.00,,,20,$40.00,,actual
2025-08-23,8/21/25,2025,Emmet,Parsley - bu,$2.80,,,8,$22.40,,actual
2025-08-23,8/21/25,2025,Emmet,Basil - bu,$2.80,,,4,$11.20,,actual
2025-08-27,8/26/25,2025,Staff,Basil - bu,$4.00,,,1,$4.00,,actual
2025-08-27,8/26/25,2025,Staff,Beets Red - bu,$5.00,,,3,$15.00,,actual
2025-08-27,8/26/25,2025,Staff,Cabbage Red - lb,$2.50,,,1,$2.50,,actual
2025-08-27,8/26/25,2025,Staff,Cucumber - lb,$3.50,,,5,$17.50,,actual
2025-08-27,8/26/25,2025,Staff,Cucumber Pickling - lb,$3.50,,,6,$21.00,,actual
2025-08-27,8/26/25,2025,Staff,Dandelion - bu,$5.00,,,2,$10.00,,actual
2025-08-27,8/26/25,2025,Staff,Eggplant Italian Black - lb,$5.00,,,3,$15.00,,actual
2025-08-27,8/26/25,2025,Staff,Eggplant Italian Striped - lb,$5.00,,,2,$10.00,,actual
2025-08-27,8/26/25,2025,Staff,Kale Curly - bu,$5.00,,,7,$35.00,,actual
2025-08-27,8/26/25,2025,Staff,Parsley - bu,$4.00,,,2,$8.00,,actual
2025-08-27,8/26/25,2025,Staff,Pepper Carmen - lb,$5.00,,,6,$30.00,,actual
2025-08-27,8/26/25,2025,Staff,Pepper Hot - ea,$1.00,,,2,$2.00,,actual
2025-08-27,8/26/25,2025,Staff,Pepper Shishito - Pt,$6.00,,,3,$18.00,,actual
2025-08-27,8/26/25,2025,Staff,Potato Red - lb,$3.50,,,4,$14.00,,actual
2025-08-27,8/26/25,2025,Staff,Tomato Cherry Mix - Pt,$7.00,,,2,$14.00,,actual
2025-08-27,8/26/25,2025,Staff,Tomato Cherry Sungold - pt,$7.00,,,4,$28.00,,actual
2025-08-27,8/26/25,2025,Staff,Tomato Heirloom - lb,$5.00,,,10,$50.00,,actual
2025-08-30,8/28/25,2025,Emmet,Kale Lacinato - bu,$3.50,,,10,$35.00,,actual
2025-08-30,8/28/25,2025,Emmet,Chard - bu,$3.50,,,10,$35.00,,actual
2025-08-30,8/28/25,2025,Emmet,Cucumber - lb,$1.75,,,6,$10.50,,actual
2025-08-30,8/28/25,2025,Emmet,Cabbage Red - lb,$2.00,,,4,$8.00,Variety: ea,actual
2025-09-03,9/2/25,2025,Staff,Basil - bu,$4.00,,,4,$16.00,,actual
2025-09-03,9/2/25,2025,Staff,Beets Bulk Golden - lb,$3.50,,,2,$7.00,,actual
2025-09-03,9/2/25,2025,Staff,Bok Choy - lb,$10.00,,,6,$60.00,Variety: 1/2 lb bags,actual
2025-09-03,9/2/25,2025,Staff,Cabbage Cone - lb,$2.50,,,2,$5.00,,actual
2025-09-03,9/2/25,2025,Staff,Cabbage Flat - lb,$2.50,,,3,$7.50,,actual
2025-09-03,9/2/25,2025,Staff,Cabbage Red - lb,$2.50,,,1,$2.50,,actual
2025-09-03,9/2/25,2025,Staff,Chard - bu,$5.00,,,1,$5.00,,actual
2025-09-03,9/2/25,2025,Staff,Cucumber - lb,$3.50,,,10,$35.00,,actual
2025-09-03,9/2/25,2025,Staff,Dandelion - bu,$5.00,,,2,$10.00,,actual
2025-09-03,9/2/25,2025,Staff,Eggplant Asian - lb,$5.00,,,4,$20.00,,actual
2025-09-03,9/2/25,2025,Staff,Eggplant Italian Black - lb,$5.00,,,2,$10.00,,actual
2025-09-03,9/2/25,2025,Staff,Eggplant Italian Striped - lb,$5.00,,,4,$20.00,,actual
2025-09-03,9/2/25,2025,Staff,Eggplant Mini - Pt,$6.00,,,1,$6.00,,actual
2025-09-03,9/2/25,2025,Staff,Kale Curly - bu,$5.00,,,8,$40.00,,actual
2025-09-03,9/2/25,2025,Staff,Parsley - bu,$4.00,,,2,$8.00,,actual
2025-09-03,9/2/25,2025,Staff,Pepper Carmen - lb,$5.00,,,1,$5.00,,actual
2025-09-03,9/2/25,2025,Staff,Pepper Shishito - Pt,$6.00,,,5,$30.00,,actual
2025-09-03,9/2/25,2025,Staff,Potato Red - lb,$3.50,,,7,$24.50,Variety: quarts,actual
2025-09-03,9/2/25,2025,Staff,Tomato Cherry Mix - Pt,$7.00,,,8,$56.00,,actual
2025-09-03,9/2/25,2025,Staff,Tomato Cherry Sungold - pt,$7.00,,,7,$49.00,,actual
2025-09-03,9/2/25,2025,Staff,Tomato Heirloom - lb,$5.00,,,11,$55.00,,actual
2025-09-03,9/2/25,2025,Staff,Winter Squash Acorn - lb,$4.00,,,6,$24.00,,actual
2025-09-10,9/9/25,2025,Staff,Arugula - 1/3 lb,$7.00,,,2,$14.00,,actual
2025-09-10,9/9/25,2025,Staff,Basil - bu,$4.00,,,4,$16.00,,actual
2025-09-10,9/9/25,2025,Staff,Beets Bulk Red - lb,$3.50,,,1,$3.50,Variety: quarts,actual
2025-09-10,9/9/25,2025,Staff,Bok Choy - lb,$10.00,,,4,$40.00,Variety: bunches,actual
2025-09-10,9/9/25,2025,Staff,Cabbage Savoy - lb,$2.50,,,1,$2.50,,actual
2025-09-10,9/9/25,2025,Staff,Celery - bu,$5.00,,,4,$20.00,,actual
2025-09-10,9/9/25,2025,Staff,Chard - bu,$5.00,,,2,$10.00,,actual
2025-09-10,9/9/25,2025,Staff,Cilantro - bu,$4.00,,,6,$24.00,,actual
2025-09-10,9/9/25,2025,Staff,Eggplant Italian Black - lb,$5.00,,,3,$15.00,,actual
2025-09-10,9/9/25,2025,Staff,Eggplant Italian Striped - lb,$5.00,,,5,$25.00,,actual
2025-09-10,9/9/25,2025,Staff,Eggplant Mini - Pt,$6.00,,,3,$18.00,,actual
2025-09-10,9/9/25,2025,Staff,Eggplant Mini - Qt,$11.00,,,3,$33.00,,actual
2025-09-10,9/9/25,2025,Staff,Escarole - ea,$5.00,,,5,$25.00,,actual
2025-09-10,9/9/25,2025,Staff,Kale Curly - bu,$5.00,,,4,$20.00,,actual
2025-09-10,9/9/25,2025,Staff,Parsley - bu,$4.00,,,4,$16.00,,actual
2025-09-10,9/9/25,2025,Staff,Pepper Shishito - Pt,$6.00,,,1,$6.00,,actual
2025-09-10,9/9/25,2025,Staff,Pepper Shishito - Qt,$11.00,,,2,$22.00,,actual
2025-09-10,9/9/25,2025,Staff,Potato Red - lb,$3.50,,,6,$21.00,Variety: quarts,actual
2025-09-10,9/9/25,2025,Staff,Salad Mix - 1/3 lb,$7.00,,,6,$42.00,,actual
2025-09-10,9/9/25,2025,Staff,Tomato Cherry Mix - Pt,$7.00,,,7,$49.00,,actual
2025-09-10,9/9/25,2025,Staff,Tomato Cherry Sungold - pt,$7.00,,,3,$21.00,,actual
2025-09-10,9/9/25,2025,Staff,Tomato Heirloom - lb,$5.00,,,8,$40.00,,actual
2025-09-10,9/9/25,2025,Staff,Winter Squash Acorn - lb,$4.00,,,4,$16.00,,actual
2025-09-17,9/16/25,2025,Staff,Arugula - 1/3 lb,$7.00,,,5,$35.00,,actual
2025-09-17,9/16/25,2025,Staff,Arugula - 2/3 lb ,$14.00,,,1,$14.00,,actual
2025-09-17,9/16/25,2025,Staff,Basil - bu,$4.00,,,2,$8.00,,actual
2025-09-17,9/16/25,2025,Staff,Beets Bulk Golden - lb,$3.50,,,3,$10.50,Variety: quarts,actual
2025-09-17,9/16/25,2025,Staff,Beets Bulk Red - lb,$3.50,,,2,$7.00,Variety: quarts,actual
2025-09-17,9/16/25,2025,Staff,Bok Choy - lb,$10.00,,,10,$100.00,Variety: bunches,actual
2025-09-17,9/16/25,2025,Staff,Broccolini - bu,$6.00,,,10,$60.00,,actual
2025-09-17,9/16/25,2025,Staff,Cabbage Flat - lb,$2.50,,,2,$5.00,,actual
2025-09-17,9/16/25,2025,Staff,Cabbage Red - lb,$2.50,,,1,$2.50,,actual
2025-09-17,9/16/25,2025,Staff,Carrot - bu,$6.00,,,8,$48.00,,actual
2025-09-17,9/16/25,2025,Staff,Celery - bu,$5.00,,,1,$5.00,,actual
2025-09-17,9/16/25,2025,Staff,Cilantro - bu,$4.00,,,3,$12.00,,actual
2025-09-17,9/16/25,2025,Staff,Eggplant Asian - lb,$5.00,,,4,$20.00,,actual
2025-09-17,9/16/25,2025,Staff,Eggplant Italian Striped - lb,$5.00,,,2,$10.00,,actual
2025-09-17,9/16/25,2025,Staff,Eggplant Mini - Pt,$6.00,,,1,$6.00,,actual
2025-09-17,9/16/25,2025,Staff,Eggplant Mini - Qt,$11.00,,,2,$22.00,,actual
2025-09-17,9/16/25,2025,Staff,Escarole - ea,$5.00,,,1,$5.00,,actual
2025-09-17,9/16/25,2025,Staff,Kale Curly - bu,$5.00,,,2,$10.00,,actual
2025-09-17,9/16/25,2025,Staff,Kale Lacinato - bu,$5.00,,,4,$20.00,,actual
2025-09-17,9/16/25,2025,Staff,Parsley - bu,$4.00,,,3,$12.00,,actual
2025-09-17,9/16/25,2025,Staff,Pepper Shishito - Qt,$11.00,,,1,$11.00,,actual
2025-09-17,9/16/25,2025,Staff,Puntarelle - lb,$9.00,,,3,$27.00,,actual
2025-09-17,9/16/25,2025,Staff,Radish French Breakfast - bu,$4.00,,,3,$12.00,,actual
2025-09-17,9/16/25,2025,Staff,Radish Purple - bu,$4.00,,,4,$16.00,,actual
2025-09-17,9/16/25,2025,Staff,Radish Red - bu,$4.00,,,1,$4.00,,actual
2025-09-17,9/16/25,2025,Staff,Salad Mix - 1/3 lb,$7.00,,,3,$21.00,,actual
2025-09-17,9/16/25,2025,Staff,Salad Mix - 2/3 lb ,$14.00,,,6,$84.00,,actual
2025-09-17,9/16/25,2025,Staff,Tomato Cherry Mix - Pt,$7.00,,,4,$28.00,,actual
2025-09-17,9/16/25,2025,Staff,Tomato Cherry Sungold - pt,$7.00,,,7,$49.00,,actual
2025-09-17,9/16/25,2025,Staff,Tomato Heirloom - lb,$5.00,,,16,$80.00,,actual
2025-09-17,9/16/25,2025,Staff,Winter Squash Delicata - lb,$4.00,,,9,$36.00,,actual
2025-09-24,9/23/25,2025,Staff,Arugula - 2/3 lb,$0.00,,,2,$0.00,,actual
2025-09-24,9/23/25,2025,Staff,Basil - bu,$4.00,,,2,$8.00,,actual
2025-09-24,9/23/25,2025,Staff,Beets Golden - bu,$5.00,,,2,$10.00,,actual
2025-09-24,9/23/25,2025,Staff,Beets Red - bu,$5.00,,,2,$10.00,,actual
2025-09-24,9/23/25,2025,Staff,Bok Choy - ea,$2.50,,,4,$10.00,,actual
2025-09-24,9/23/25,2025,Staff,Broccolini - bu,$6.00,,,7,$42.00,,actual
2025-09-24,9/23/25,2025,Staff,Cabbage Chinese - lb,$4.00,,,1,$4.00,,actual
2025-09-24,9/23/25,2025,Staff,Carrot - bu,$6.00,,,5,$30.00,,actual
2025-09-24,9/23/25,2025,Staff,Celery - bu,$5.00,,,1,$5.00,,actual
2025-09-24,9/23/25,2025,Staff,Cilantro - bu,$4.00,,,1,$4.00,,actual
2025-09-24,9/23/25,2025,Staff,Collards - bu,$5.00,,,5,$25.00,,actual
2025-09-24,9/23/25,2025,Staff,Eggplant Italian Black - lb,$5.00,,,2,$10.00,,actual
2025-09-24,9/23/25,2025,Staff,Eggplant Mini - Qt,$11.00,,,1,$11.00,,actual
2025-09-24,9/23/25,2025,Staff,Escarole - ea,$5.00,,,2,$10.00,,actual
2025-09-24,9/23/25,2025,Staff,Kale Curly - bu,$5.00,,,2,$10.00,,actual
2025-09-24,9/23/25,2025,Staff,Kale Lacinato - bu,$5.00,,,3,$15.00,,actual
2025-09-24,9/23/25,2025,Staff,Kohlrabi - bu,$5.00,,,5,$25.00,,actual
2025-09-24,9/23/25,2025,Staff,Parsley - bu,$4.00,,,5,$20.00,,actual
2025-09-24,9/23/25,2025,Staff,Pepper Shishito - Qt,$11.00,,,3,$33.00,,actual
2025-09-24,9/23/25,2025,Staff,Potato Blue - lb,$3.50,,,5,$17.50,Variety: quarts,actual
2025-09-24,9/23/25,2025,Staff,Puntarelle - lb,$9.00,,,2,$18.00,,actual
2025-09-24,9/23/25,2025,Staff,Radicchio Variegated - lb,$9.00,,,3,$27.00,,actual
2025-09-24,9/23/25,2025,Staff,Radish French Breakfast - bu,$4.00,,,3,$12.00,,actual
2025-09-24,9/23/25,2025,Staff,Radish Purple - bu,$4.00,,,3,$12.00,,actual
2025-09-24,9/23/25,2025,Staff,Radish Red - bu,$4.00,,,4,$16.00,,actual
2025-09-24,9/23/25,2025,Staff,Salad Mix - 2/3 lb ,$14.00,,,6,$84.00,,actual
2025-09-24,9/23/25,2025,Staff,Scallion - bu,$4.00,,,8,$32.00,,actual
2025-09-24,9/23/25,2025,Staff,Tomato Cherry Mix - Pt,$7.00,,,3,$21.00,,actual
2025-09-24,9/23/25,2025,Staff,Tomato Cherry Sungold - pt,$7.00,,,8,$56.00,,actual
2025-09-24,9/23/25,2025,Staff,Tomato Heirloom - lb,$5.00,,,12,$60.00,,actual
2025-09-24,9/23/25,2025,Staff,Winter Squash Acorn - lb,$4.00,,,1,$4.00,,actual
2025-09-24,9/23/25,2025,Staff,Winter Squash Delicata - lb,$4.00,,,5,$20.00,,actual
2025-10-04,10/2/2025,2025,Eliza @ KFM,Pepper Carmen - lb,$5.00,,,5,$25.00,,actual
2025-10-04,10/2/2025,2025,Eliza @ KFM,Chard - bu,$3.50,,,10,$35.00,,actual
2025-10-08,10/7/2025,2025,RVGA - Pickup,Kale Curly - bu,$3.50,,,90,$315.00,,actual
2025-10-08,10/7/2025,2025,RVGA - Pickup,Kale Lacinato - bu,$3.50,,,90,$315.00,,actual
2025-10-15,10/14/2025,2025,RVGA - Pickup,Kale Curly - bu,$3.50,,,90,$315.00,,actual
2025-10-15,10/14/2025,2025,RVGA - Pickup,Kale Lacinato - bu,$3.50,,,90,$315.00,,actual
2025-10-22,10/21/2025,2025,RVGA - Pickup,Collards - bu,$3.50,,,90,$315.00,,actual
2025-10-22,10/21/2025,2025,RVGA - Pickup,Chard - bu,$3.50,,,90,$315.00,,actual
2025-10-01,9/30/2025,2025,Staff,Arugula - 1/3 lb,$7.00,,,3,$21.00,,actual
2025-10-01,9/30/2025,2025,Staff,Arugula - 2/3 lb ,$14.00,,,1,$14.00,,actual
2025-10-01,9/30/2025,2025,Staff,Basil - bu,$4.00,,,4,$16.00,,actual
2025-10-01,9/30/2025,2025,Staff,Beets Golden - bu,$5.00,,,2,$10.00,,actual
2025-10-01,9/30/2025,2025,Staff,Beets Red - bu,$5.00,,,3,$15.00,,actual
2025-10-01,9/30/2025,2025,Staff,Bok Choy - ea,$2.50,,,13,$32.50,Variety: bunches,actual
2025-10-01,9/30/2025,2025,Staff,Broccolini - bu,$6.00,,,16,$96.00,,actual
2025-10-01,9/30/2025,2025,Staff,Cabbage Chinese - lb,$4.00,,,2,$8.00,,actual
2025-10-01,9/30/2025,2025,Staff,Cabbage Red - lb,$2.50,,,1,$2.50,,actual
2025-10-01,9/30/2025,2025,Staff,Cabbage Savoy - lb,$2.50,,,1,$2.50,,actual
2025-10-01,9/30/2025,2025,Staff,Carrot - bu,$6.00,,,10,$60.00,,actual
2025-10-01,9/30/2025,2025,Staff,Celery - bu,$5.00,,,3,$15.00,,actual
2025-10-01,9/30/2025,2025,Staff,Cilantro - bu,$4.00,,,6,$24.00,,actual
2025-10-01,9/30/2025,2025,Staff,Collards - bu,$5.00,,,4,$20.00,,actual
2025-10-01,9/30/2025,2025,Staff,Dandelion - bu,$5.00,,,2,$10.00,,actual
2025-10-01,9/30/2025,2025,Staff,Eggplant Asian - lb,$5.00,,,2,$10.00,,actual
2025-10-01,9/30/2025,2025,Staff,Eggplant Italian Black - lb,$5.00,,,6,$30.00,,actual
2025-10-01,9/30/2025,2025,Staff,Eggplant Italian Striped - lb,$5.00,,,4,$20.00,,actual
2025-10-01,9/30/2025,2025,Staff,Eggplant Mini - Qt,$11.00,,,1,$11.00,,actual
2025-10-01,9/30/2025,2025,Staff,Escarole - ea,$5.00,,,3,$15.00,,actual
2025-10-01,9/30/2025,2025,Staff,Kale Curly - bu,$5.00,,,10,$50.00,,actual
2025-10-01,9/30/2025,2025,Staff,Kale Lacinato - bu,$5.00,,,8,$40.00,,actual
2025-10-01,9/30/2025,2025,Staff,Kohlrabi - bu,$5.00,,,3,$15.00,,actual
2025-10-01,9/30/2025,2025,Staff,Parsley - bu,$4.00,,,4,$16.00,,actual
2025-10-01,9/30/2025,2025,Staff,Pepper Carmen - lb,$5.00,,,13,$65.00,,actual
2025-10-01,9/30/2025,2025,Staff,Pepper Shishito - Qt,$11.00,,,2,$22.00,,actual
2025-10-01,9/30/2025,2025,Staff,Puntarelle - lb,$9.00,,,5,$45.00,,actual
2025-10-01,9/30/2025,2025,Staff,Radicchio Round - lb,$9.00,,,3,$27.00,,actual
2025-10-01,9/30/2025,2025,Staff,Radicchio Treviso - lb,$9.00,,,3,$27.00,,actual
2025-10-01,9/30/2025,2025,Staff,Radicchio Variegated - lb,$9.00,,,2,$18.00,,actual
2025-10-01,9/30/2025,2025,Staff,Radish French Breakfast - bu,$4.00,,,1,$4.00,,actual
2025-10-01,9/30/2025,2025,Staff,Radish Purple - bu,$4.00,,,4,$16.00,,actual
2025-10-01,9/30/2025,2025,Staff,Radish Red - bu,$4.00,,,2,$8.00,,actual
2025-10-01,9/30/2025,2025,Staff,Salad Mix - 1/3 lb,$7.00,,,3,$21.00,,actual
2025-10-01,9/30/2025,2025,Staff,Salad Mix - 2/3 lb ,$14.00,,,8,$112.00,,actual
2025-10-01,9/30/2025,2025,Staff,Scallion - bu,$4.00,,,11,$44.00,,actual
2025-10-01,9/30/2025,2025,Staff,Tomato Heirloom - lb,$5.00,,,2,$10.00,,actual
2025-10-01,9/30/2025,2025,Staff,Winter Squash Acorn - lb,$4.00,,,4,$16.00,,actual
2025-10-01,9/30/2025,2025,Staff,Winter Squash Delicata - lb,$4.00,,,16,$64.00,,actual
2025-10-04,10/2/2025,2025,Emmet,Cilantro - bu,$2.80,,,8,$22.40,,actual
2025-10-04,10/2/2025,2025,Emmet,Parsley - bu,$2.80,,,10,$28.00,,actual
2025-10-04,10/2/2025,2025,Emmet,Pepper Carmen - lb,$5.00,,,8,$40.00,,actual
2025-10-04,10/2/2025,2025,Emmet,Radish Daikon Mix - bu,$3.50,,,3,$10.50,,actual
2025-10-08,10/7/25,2025,Staff,Beets Golden - bu,$5.00,,,4,$20.00,,actual
2025-10-08,10/7/25,2025,Staff,Beets Red - bu,$5.00,,,1,$5.00,,actual
2025-10-08,10/7/25,2025,Staff,Broccolini - bu,$6.00,,,15,$90.00,,actual
2025-10-08,10/7/25,2025,Staff,Cabbage Chinese - lb,$4.00,,,2,$8.00,,actual
2025-10-08,10/7/25,2025,Staff,Cabbage Cone - lb,$2.50,,,1,$2.50,,actual
2025-10-08,10/7/25,2025,Staff,Cabbage Red - lb,$2.50,,,1,$2.50,,actual
2025-10-08,10/7/25,2025,Staff,Cabbage Savoy - lb,$2.50,,,1,$2.50,,actual
2025-10-08,10/7/25,2025,Staff,Carrot - bu,$6.00,,,9,$54.00,,actual
2025-10-08,10/7/25,2025,Staff,Celery - bu,$5.00,,,2,$10.00,,actual
2025-10-08,10/7/25,2025,Staff,Cilantro - bu,$4.00,,,3,$12.00,,actual
2025-10-08,10/7/25,2025,Staff,Collards - bu,$5.00,,,5,$25.00,,actual
2025-10-08,10/7/25,2025,Staff,Dandelion - bu,$5.00,,,2,$10.00,,actual
2025-10-08,10/7/25,2025,Staff,Eggplant Italian Black - lb,$5.00,,,6,$30.00,,actual
2025-10-08,10/7/25,2025,Staff,Eggplant Italian Striped - lb,$5.00,,,6,$30.00,,actual
2025-10-08,10/7/25,2025,Staff,Escarole - ea,$5.00,,,2,$10.00,,actual
2025-10-08,10/7/25,2025,Staff,Fennel - ea,$4.00,,,5,$20.00,,actual
2025-10-08,10/7/25,2025,Staff,Kale Lacinato - bu,$5.00,,,5,$25.00,,actual
2025-10-08,10/7/25,2025,Staff,Kohlrabi - bu,$5.00,,,2,$10.00,,actual
2025-10-08,10/7/25,2025,Staff,Parsley - bu,$4.00,,,5,$20.00,,actual
2025-10-08,10/7/25,2025,Staff,Pepper Carmen - lb,$5.00,,,22,$110.00,,actual
2025-10-08,10/7/25,2025,Staff,Pepper Shishito - Qt,$11.00,,,2,$22.00,,actual
2025-10-08,10/7/25,2025,Staff,Puntarelle - lb,$9.00,,,1,$9.00,,actual
2025-10-08,10/7/25,2025,Staff,Radicchio Round - lb,$9.00,,,1,$9.00,,actual
2025-10-08,10/7/25,2025,Staff,Radicchio Treviso - lb,$9.00,,,2,$18.00,,actual
2025-10-08,10/7/25,2025,Staff,Radicchio Variegated - lb,$9.00,,,1,$9.00,,actual
2025-10-08,10/7/25,2025,Staff,Radish Daikon Mix - bu,$3.50,,,4,$14.00,,actual
2025-10-08,10/7/25,2025,Staff,Radish French Breakfast - bu,$4.00,,,1,$4.00,,actual
2025-10-08,10/7/25,2025,Staff,Radish Purple - bu,$4.00,,,1,$4.00,,actual
2025-10-08,10/7/25,2025,Staff,Salad Mix - 2/3 lb ,$14.00,,,6,$84.00,,actual
2025-10-08,10/7/25,2025,Staff,Scallion - bu,$4.00,,,7,$28.00,,actual
2025-10-08,10/7/25,2025,Staff,Winter Squash Delicata - lb,$4.00,,,7,$28.00,,actual
2025-10-11,10/9/25,2025,Eliza @ KFM,Pepper Carmen - lb,$5.00,,,10,$50.00,,actual
2025-10-11,10/9/25,2025,Eliza @ KFM,Radicchio Round - lb,$6.00,,,8,$48.02,,actual
2025-10-11,10/9/25,2025,Emmet,Scallion - bu,$2.80,,,10,$28.00,,actual
2025-10-11,10/9/25,2025,Emmet,Radicchio Round - lb,$6.00,,,4,$24.01,,actual
2025-10-11,10/9/25,2025,Emmet,Radicchio Variegated - lb,$6.00,,,4,$24.01,,actual
2025-10-11,10/9/25,2025,Emmet,Kale Lacinato - bu,$3.50,,,8,$28.00,,actual
2025-10-11,10/9/25,2025,Emmet,Garlic - lb,$16.00,,,1,$16.00,,actual
2025-10-11,10/9/25,2025,Emmet,Pepper Carmen - lb,$5.00,,,4,$20.00,,actual
2025-10-11,10/9/25,2025,Emmet,Kohlrabi - bu,$5.00,,,4,$20.00,,actual
2025-10-18,10/16/2025,2025,Staff,Beets Golden - bu,$5.00,,,4,$20.00,,actual
2025-10-18,10/16/2025,2025,Staff,Beets Red - bu,$5.00,,,3,$15.00,,actual
2025-10-18,10/16/2025,2025,Staff,Braising Mix - 1 lb,$9.00,,,6,$54.00,,actual
2025-10-18,10/16/2025,2025,Staff,Cabbage Chinese - lb,$4.00,,,2,$8.00,,actual
2025-10-18,10/16/2025,2025,Staff,Cabbage Cone - lb,$2.50,,,1,$2.50,,actual
2025-10-18,10/16/2025,2025,Staff,Cabbage Green Storage - lb,$2.50,,,3,$7.50,Variety: rose,actual
2025-10-18,10/16/2025,2025,Staff,Cabbage Savoy - lb,$2.50,,,1,$2.50,,actual
2025-10-18,10/16/2025,2025,Staff,Carrot - bu,$6.00,,,7,$42.00,,actual
2025-10-18,10/16/2025,2025,Staff,Celery - bu,$5.00,,,2,$10.00,,actual
2025-10-18,10/16/2025,2025,Staff,Cilantro - bu,$4.00,,,6,$24.00,,actual
2025-10-18,10/16/2025,2025,Staff,Collards - bu,$5.00,,,4,$20.00,,actual
2025-10-18,10/16/2025,2025,Staff,Escarole - ea,$5.00,,,1,$5.00,,actual
2025-10-18,10/16/2025,2025,Staff,Fennel - ea,$4.00,,,5,$20.00,,actual
2025-10-18,10/16/2025,2025,Staff,Kale Curly - bu,$5.00,,,3,$15.00,,actual
2025-10-18,10/16/2025,2025,Staff,Kale Lacinato - bu,$5.00,,,2,$10.00,,actual
2025-10-18,10/16/2025,2025,Staff,Parsley - bu,$4.00,,,5,$20.00,,actual
2025-10-18,10/16/2025,2025,Staff,Potato Red - lb,$3.50,,,7,$24.50,,actual
2025-10-18,10/16/2025,2025,Staff,Radicchio Round - lb,$9.00,,,1,$9.00,,actual
2025-10-18,10/16/2025,2025,Staff,Radicchio Treviso - lb,$9.00,,,2,$18.00,,actual
2025-10-18,10/16/2025,2025,Staff,Radicchio Variegated - lb,$9.00,,,2,$18.00,,actual
2025-10-18,10/16/2025,2025,Staff,Radish Daikon Mix - bu,$3.50,,,5,$17.50,,actual
2025-10-18,10/16/2025,2025,Staff,Radish Purple - bu,$4.00,,,1,$4.00,,actual
2025-10-18,10/16/2025,2025,Staff,Scallion - bu,$4.00,,,6,$24.00,,actual
2025-10-18,10/16/2025,2025,Staff,Winter Squash Honeynut - lb,$5.00,,,18,$90.00,,actual
2025-10-18,10/16/2025,2025,Emmet,Cabbage Cone - lb,$3.00,,,20,$60.00,,actual
2025-10-18,10/16/2025,2025,Emmet,Parsley - bu,$2.80,,,6,$16.80,,actual
2025-10-18,10/16/2025,2025,Emmet,Cilantro - bu,$2.80,,,6,$16.80,,actual
2025-10-18,10/16/2025,2025,Emmet,Radish Daikon Mix - bu,$3.50,,,6,$21.00,,actual
2025-10-18,10/16/2025,2025,Emmet,Chard - bu,$3.50,,,3,$10.50,,actual
2025-10-18,10/16/2025,2025,Eliza @ KFM,Radicchio Round - lb,$6.00,,,2,$12.01,,actual
2025-10-18,10/16/2025,2025,Eliza @ KFM,Radicchio Treviso - lb,$6.00,,,2,$12.01,,actual
2025-10-18,10/16/2025,2025,Eliza @ KFM,Radicchio Variegated - lb,$6.00,,,2,$12.01,,actual
2025-10-18,10/16/2025,2025,Eliza @ KFM,Chard - bu,$3.50,,,10,$35.00,,actual
2025-10-18,10/16/2025,2025,Eliza @ KFM,Beets Red - bu,$5.00,,,2,$10.00,,actual
2025-10-18,10/16/2025,2025,Eliza @ KFM,Cabbage Cone - lb,$3.00,,,3,$9.00,,actual
2025-10-18,10/16/2025,2025,Misc.,Kale Lacinato - bu,$3.50,,,6,$21.00,,actual
2025-10-18,10/16/2025,2025,Misc.,Chard - bu,$3.50,,,6,$21.00,,actual
2025-10-18,10/16/2025,2025,Misc.,Radicchio Round - lb,$6.00,,,,$0.00,,actual
2025-10-18,10/16/2025,2025,Misc.,Radicchio Treviso - lb,$6.00,,,,$0.00,,actual
2025-10-25,10/23/25,2025,Staff,Beets Golden - bu,$5.00,,,3,$15.00,,actual
2025-10-25,10/23/25,2025,Staff,Beets Red - bu,$5.00,,,3,$15.00,,actual
2025-10-25,10/23/25,2025,Staff,Braising Mix - 1 lb,$9.00,,,5,$45.00,,actual
2025-10-25,10/23/25,2025,Staff,Broccolini - bu,$6.00,,,7,$42.00,,actual
2025-10-25,10/23/25,2025,Staff,Cabbage Chinese - lb,$4.00,,,2,$8.00,,actual
2025-10-25,10/23/25,2025,Staff,Cabbage Green Storage - lb,$2.50,,,1,$2.50,Variety: rose,actual
2025-10-25,10/23/25,2025,Staff,Cabbage Savoy - lb,$2.50,,,3,$7.50,,actual
2025-10-25,10/23/25,2025,Staff,Carrot - bu,$6.00,,,6,$36.00,,actual
2025-10-25,10/23/25,2025,Staff,Celery - bu,$5.00,,,2,$10.00,,actual
2025-10-25,10/23/25,2025,Staff,Cilantro - bu,$4.00,,,4,$16.00,,actual
2025-10-25,10/23/25,2025,Staff,Collards - bu,$5.00,,,5,$25.00,,actual
2025-10-25,10/23/25,2025,Staff,Dandelion - bu,$5.00,,,1,$5.00,,actual
2025-10-25,10/23/25,2025,Staff,Escarole - ea,$5.00,,,1,$5.00,,actual
2025-10-25,10/23/25,2025,Staff,Kale Curly - bu,$5.00,,,2,$10.00,,actual
2025-10-25,10/23/25,2025,Staff,Kale Lacinato - bu,$5.00,,,5,$25.00,,actual
2025-10-25,10/23/25,2025,Staff,Kohlrabi - bu,$5.00,,,2,$10.00,,actual
2025-10-25,10/23/25,2025,Staff,Parsley - bu,$4.00,,,5,$20.00,,actual
2025-10-25,10/23/25,2025,Staff,Radicchio Round - lb,$9.00,,,1,$9.00,,actual
2025-10-25,10/23/25,2025,Staff,Radicchio Treviso - lb,$9.00,,,3,$27.00,,actual
2025-10-25,10/23/25,2025,Staff,Radicchio Variegated - lb,$9.00,,,2,$18.00,,actual
2025-10-25,10/23/25,2025,Staff,Radish Daikon Mix - bu,$3.50,,,5,$17.50,,actual
2025-10-25,10/23/25,2025,Staff,Radish Purple - bu,$4.00,,,3,$12.00,,actual
2025-10-25,10/23/25,2025,Staff,Salad Mix - 1/3 lb,$7.00,,,1,$7.00,,actual
2025-10-25,10/23/25,2025,Staff,Salad Mix - 2/3 lb ,$14.00,,,7,$98.00,,actual
2025-10-25,10/23/25,2025,Staff,Scallion - bu,$4.00,,,10,$40.00,,actual
2025-10-25,10/23/25,2025,Staff,Spinach - 1/2 lb,$7.00,,,10,$70.00,,actual
2025-10-25,10/23/25,2025,Staff,Turnip - bu,$5.00,,,2,$10.00,Variety: scarlet,actual
2025-10-25,10/23/25,2025,Staff,Winter Squash Honeynut - lb,$5.00,,,16,$80.00,,actual
2025-10-25,10/23/25,2025,Emmet,Cabbage Savoy - lb,$3.00,,,20,$60.00,,actual
2025-10-25,10/23/25,2025,Emmet,Radish Daikon Mix - bu,$3.50,,,4,$14.00,,actual
2025-11-01,10/30/2025,2025,Staff,Beets Golden - bu,$5.00,,,2,$10.00,,actual
2025-11-01,10/30/2025,2025,Staff,Beets Red - bu,$5.00,,,1,$5.00,,actual
2025-11-01,10/30/2025,2025,Staff,Braising Mix - 1 lb,$9.00,,,5,$45.00,,actual
2025-11-01,10/30/2025,2025,Staff,Broccolini - bu,$6.00,,,8,$48.00,,actual
2025-11-01,10/30/2025,2025,Staff,Cabbage Green Storage - lb,$2.50,,,3,$7.50,Variety: rose,actual
2025-11-01,10/30/2025,2025,Staff,Carrot - bu,$6.00,,,10,$60.00,,actual
2025-11-01,10/30/2025,2025,Staff,Celery - bu,$5.00,,,2,$10.00,,actual
2025-11-01,10/30/2025,2025,Staff,Cilantro - bu,$4.00,,,4,$16.00,,actual
2025-11-01,10/30/2025,2025,Staff,Collards - bu,$5.00,,,3,$15.00,,actual
2025-11-01,10/30/2025,2025,Staff,Fennel - ea,$4.00,,,2,$8.00,Variety: bunches,actual
2025-11-01,10/30/2025,2025,Staff,Kale Curly - bu,$5.00,,,3,$15.00,,actual
2025-11-01,10/30/2025,2025,Staff,Kale Lacinato - bu,$5.00,,,4,$20.00,,actual
2025-11-01,10/30/2025,2025,Staff,Kohlrabi - bu,$5.00,,,2,$10.00,,actual
2025-11-01,10/30/2025,2025,Staff,Parsley - bu,$4.00,,,2,$8.00,,actual
2025-11-01,10/30/2025,2025,Staff,Radicchio Round - lb,$9.00,,,1,$9.00,,actual
2025-11-01,10/30/2025,2025,Staff,Radicchio Treviso - lb,$9.00,,,1,$9.00,,actual
2025-11-01,10/30/2025,2025,Staff,Radicchio Variegated - lb,$9.00,,,1,$9.00,,actual
2025-11-01,10/30/2025,2025,Staff,Radish Daikon Mix - bu,$3.50,,,1,$3.50,,actual
2025-11-01,10/30/2025,2025,Staff,Radish Purple - bu,$4.00,,,1,$4.00,,actual
2025-11-01,10/30/2025,2025,Staff,Salad Mix - 1/3 lb,$7.00,,,1,$7.00,,actual
2025-11-01,10/30/2025,2025,Staff,Salad Mix - 2/3 lb ,$14.00,,,7,$98.00,,actual
2025-11-01,10/30/2025,2025,Staff,Scallion - bu,$4.00,,,4,$16.00,,actual
2025-11-01,10/30/2025,2025,Staff,Spinach - 1/2 lb,$7.00,,,10,$70.00,,actual
2025-11-01,10/30/2025,2025,Staff,Winter Squash Butternut - lb,$3.00,,,6,$18.00,,actual
2025-11-08,11/06/25,2025,Staff,Arugula - 1/3 lb,$7.00,,,4,$28.00,,actual
2025-11-08,11/06/25,2025,Staff,Beets Golden - bu,$5.00,,,2,$10.00,,actual
2025-11-08,11/06/25,2025,Staff,Beets Red - bu,$5.00,,,1,$5.00,,actual
2025-11-08,11/06/25,2025,Staff,Braising Mix - 1 lb,$9.00,,,2,$18.00,,actual
2025-11-08,11/06/25,2025,Staff,Broccolini - bu,$6.00,,,9,$54.00,,actual
2025-11-08,11/06/25,2025,Staff,Cabbage Chinese - lb,$4.00,,,2,$8.00,,actual
2025-11-08,11/06/25,2025,Staff,Cabbage Flat - lb,$2.50,,,1,$2.50,,actual
2025-11-08,11/06/25,2025,Staff,Cabbage Green Storage - lb,$2.50,,,1,$2.50,,actual
2025-11-08,11/06/25,2025,Staff,Cabbage Savoy - lb,$2.50,,,1,$2.50,,actual
2025-11-08,11/06/25,2025,Staff,Carrot Bulk - lb,$3.50,,,3,$10.50,,actual
2025-11-08,11/06/25,2025,Staff,Celery - bu,$5.00,,,1,$5.00,,actual
2025-11-08,11/06/25,2025,Staff,Chard - bu,$5.00,,,1,$5.00,,actual
2025-11-08,11/06/25,2025,Staff,Cilantro - bu,$4.00,,,4,$16.00,,actual
2025-11-08,11/06/25,2025,Staff,Collards - bu,$5.00,,,3,$15.00,,actual
2025-11-08,11/06/25,2025,Staff,Fennel - ea,$4.00,,,4,$16.00,Variety: bunches,actual
2025-11-08,11/06/25,2025,Staff,Kale Curly - bu,$5.00,,,3,$15.00,,actual
2025-11-08,11/06/25,2025,Staff,Kale Lacinato - bu,$5.00,,,5,$25.00,,actual
2025-11-08,11/06/25,2025,Staff,Mustard - bu,$5.00,,,3,$15.00,,actual
2025-11-08,11/06/25,2025,Staff,Parsley - bu,$4.00,,,2,$8.00,,actual
2025-11-08,11/06/25,2025,Staff,Potato Blue - lb,$3.50,,,1,$3.50,,actual
2025-11-08,11/06/25,2025,Staff,Potato White - lb,$3.50,,,5,$17.50,,actual
2025-11-08,11/06/25,2025,Staff,Radicchio Round - lb,$9.00,,,2,$18.00,,actual
2025-11-08,11/06/25,2025,Staff,Radicchio Variegated - lb,$9.00,,,1,$9.00,,actual
2025-11-08,11/06/25,2025,Staff,Radish Daikon Bulk - lb,$3.50,,,1,$3.50,,actual
2025-11-08,11/06/25,2025,Staff,Radish Purple - bu,$4.00,,,1,$4.00,,actual
2025-11-08,11/06/25,2025,Staff,Salad Mix - 1/3 lb,$7.00,,,1,$7.00,,actual
2025-11-08,11/06/25,2025,Staff,Salad Mix - 2/3 lb,$0.00,,,5,$0.00,,actual
2025-11-08,11/06/25,2025,Staff,Scallion - bu,$4.00,,,10,$40.00,,actual
2025-11-08,11/06/25,2025,Staff,Spinach - 1 lb,$14.00,,,10,$140.00,,actual
2025-11-08,11/06/25,2025,Staff,Spinach - 1/2 lb,$7.00,,,1,$7.00,,actual
2025-11-08,11/06/25,2025,Staff,Sweet Potato Covington - lb,$3.50,,,2,$7.00,,actual
2025-11-08,11/06/25,2025,Staff,Sweet Potato Murasaki - lb,$3.50,,,1,$3.50,,actual
2025-11-08,11/06/25,2025,Staff,Winter Squash Butternut - lb,$3.00,,,4,$12.00,,actual
2025-11-08,11/06/25,2025,Staff,Winter Squash Futsu - lb,$3.00,,,3,$9.00,,actual
2025-11-08,11/06/25,2025,Emmet,Kale Lacinato - bu,$3.50,,,24,$84.00,,actual
2025-11-08,11/06/25,2025,Emmet,Kale Curly - bu,$3.50,,,12,$42.00,,actual
2025-11-08,11/06/25,2025,Emmet,Collards - bu,$3.50,,,12,$42.00,,actual
2025-11-08,11/06/25,2025,Emmet,Dandelion - bu,$3.50,,,12,$42.00,,actual
2025-11-08,11/06/25,2025,Emmet,Parsley - bu,$2.80,,,6,$16.80,,actual
2025-11-15,11/13/2025,2025,Staff,Arugula - 1/3 lb,$7.00,,,2,$14.00,,actual
2025-11-15,11/13/2025,2025,Staff,Beets Golden - bu,$5.00,,,2,$10.00,,actual
2025-11-15,11/13/2025,2025,Staff,Beets Red - bu,$5.00,,,2,$10.00,,actual
2025-11-15,11/13/2025,2025,Staff,Braising Mix - 1 lb,$9.00,,,1,$9.00,,actual
2025-11-15,11/13/2025,2025,Staff,Cabbage Chinese - lb,$4.00,,,2,$8.00,,actual
2025-11-15,11/13/2025,2025,Staff,Cabbage Red - lb,$2.50,,,3,$7.50,,actual
2025-11-15,11/13/2025,2025,Staff,Cabbage Savoy - lb,$2.50,,,1,$2.50,,actual
2025-11-15,11/13/2025,2025,Staff,Carrot Bulk - lb,$3.50,,,2,$7.00,,actual
2025-11-15,11/13/2025,2025,Staff,Celery - bu,$5.00,,,4,$20.00,,actual
2025-11-15,11/13/2025,2025,Staff,Collards - bu,$5.00,,,4,$20.00,,actual
2025-11-15,11/13/2025,2025,Staff,Dandelion - bu,$5.00,,,2,$10.00,,actual
2025-11-15,11/13/2025,2025,Staff,Kale Curly - bu,$5.00,,,3,$15.00,,actual
2025-11-15,11/13/2025,2025,Staff,Kale Lacinato - bu,$5.00,,,8,$40.00,,actual
2025-11-15,11/13/2025,2025,Staff,Kohlrabi Storage - ea,$4.00,,,2,$8.00,,actual
2025-11-15,11/13/2025,2025,Staff,Parsley - bu,$4.00,,,5,$20.00,,actual
2025-11-15,11/13/2025,2025,Staff,Potato Blue - lb,$3.50,,,4,$14.00,,actual
2025-11-15,11/13/2025,2025,Staff,Potato White - lb,$3.50,,,2,$7.00,,actual
2025-11-15,11/13/2025,2025,Staff,Potato Yellow - lb,$3.50,,,2,$7.00,,actual
2025-11-15,11/13/2025,2025,Staff,Radicchio Round - lb,$9.00,,,2,$18.00,,actual
2025-11-15,11/13/2025,2025,Staff,Radicchio Variegated - lb,$9.00,,,1,$9.00,,actual
2025-11-15,11/13/2025,2025,Staff,Scallion - bu,$4.00,,,7,$28.00,,actual
2025-11-15,11/13/2025,2025,Staff,Spinach - 1 lb,$14.00,,,9,$126.00,,actual
2025-11-15,11/13/2025,2025,Staff,Spinach - 1/2 lb,$7.00,,,1,$7.00,,actual
2025-11-15,11/13/2025,2025,Staff,Sweet Potato Covington - lb,$3.50,,,3,$10.50,,actual
2025-11-15,11/13/2025,2025,Staff,Sweet Potato Murasaki - lb,$3.50,,,3,$10.50,,actual
2025-11-15,11/13/2025,2025,Staff,Sweet Potato Murasaki - lb,$3.50,,,5,$17.50,Variety: purple,actual
2025-11-15,11/13/2025,2025,Staff,Turnip Bulk - lb,$3.50,,,1,$3.50,Variety: purple top,actual
2025-11-15,11/13/2025,2025,Staff,Winter Squash Butternut - lb,$3.00,,,4,$12.00,,actual
2025-11-15,11/13/2025,2025,Staff,Winter Squash Futsu - lb,$3.00,,,3,$9.00,,actual
2025-11-22,11/20/2025,2025,Staff,Beets Bulk Golden - lb,$3.50,,,4,$14.00,,actual
2025-11-22,11/20/2025,2025,Staff,Beets Bulk Red - lb,$3.50,,,3,$10.50,,actual
2025-11-22,11/20/2025,2025,Staff,Braising Mix - 1 lb,$9.00,,,6,$54.00,,actual
2025-11-22,11/20/2025,2025,Staff,Brussels Sprouts - ea,$8.00,,,9,$72.00,,actual
2025-11-22,11/20/2025,2025,Staff,Cabbage Green Storage - lb,$2.50,,,1,$2.50,,actual
2025-11-22,11/20/2025,2025,Staff,Cabbage Red - lb,$2.50,,,1,$2.50,,actual
2025-11-22,11/20/2025,2025,Staff,Cabbage Savoy - lb,$2.50,,,1,$2.50,,actual
2025-11-22,11/20/2025,2025,Staff,Carrot Bulk - lb,$3.50,,,1,$3.50,,actual
2025-11-22,11/20/2025,2025,Staff,Celery - bu,$5.00,,,5,$25.00,Variety: eaches,actual
2025-11-22,11/20/2025,2025,Staff,Chard - bu,$5.00,,,3,$15.00,,actual
2025-11-22,11/20/2025,2025,Staff,Collards - bu,$5.00,,,2,$10.00,,actual
2025-11-22,11/20/2025,2025,Staff,Dandelion - bu,$5.00,,,1,$5.00,,actual
2025-11-22,11/20/2025,2025,Staff,Kale Curly - bu,$5.00,,,2,$10.00,,actual
2025-11-22,11/20/2025,2025,Staff,Kale Lacinato - bu,$5.00,,,11,$55.00,,actual
2025-11-22,11/20/2025,2025,Staff,Kohlrabi Storage - ea,$4.00,,,2,$8.00,,actual
2025-11-22,11/20/2025,2025,Staff,Parsley - bu,$4.00,,,3,$12.00,,actual
2025-11-22,11/20/2025,2025,Staff,Potato Blue - lb,$3.50,,,3,$10.50,,actual
2025-11-22,11/20/2025,2025,Staff,Potato White - lb,$3.50,,,13,$45.50,,actual
2025-11-22,11/20/2025,2025,Staff,Potato Yellow - lb,$3.50,,,7,$24.50,,actual
2025-11-22,11/20/2025,2025,Staff,Radicchio Forced - lb,$16.00,,,2,$32.00,Variety: pink,actual
2025-11-22,11/20/2025,2025,Staff,Radicchio Treviso - lb,$9.00,,,3,$27.00,,actual
2025-11-22,11/20/2025,2025,Staff,Radicchio Variegated - lb,$9.00,,,4,$36.00,,actual
2025-11-22,11/20/2025,2025,Staff,Salad Mix - 1/3 lb,$7.00,,,5,$35.00,,actual
2025-11-22,11/20/2025,2025,Staff,Scallion - bu,$4.00,,,5,$20.00,,actual
2025-11-22,11/20/2025,2025,Staff,Spinach - 1 lb,$14.00,,,9,$126.00,,actual
2025-11-22,11/20/2025,2025,Staff,Spinach - 1/2 lb,$7.00,,,1,$7.00,,actual
2025-11-22,11/20/2025,2025,Staff,Sweet Potato Covington - lb,$3.50,,,5,$17.50,,actual
2025-11-22,11/20/2025,2025,Staff,Sweet Potato Murasaki - lb,$3.50,,,3,$10.50,,actual
2025-11-22,11/20/2025,2025,Staff,Sweet Potato Murasaki - lb,$3.50,,,3,$10.50,Variety: purple,actual
2025-11-22,11/20/2025,2025,Staff,Winter Squash Butternut - lb,$3.00,,,4,$12.00,,actual
2025-11-22,11/20/2025,2025,Staff,Winter Squash Futsu - lb,$3.00,,,2,$6.00,,actual
