Planting ID,Walk Date,Condition,Yield Adjust %,Notes,Crop // Variety,Block,Bed,Plan Field Year,Plan Field Week
,2025-01-01,Good,100,,Asparagus // Jersey Supreme,A2,25,2025,1
,2025-01-01,Good,100,,Asparagus // Jersey Supreme,A2,24,2025,1
,2025-01-01,Good,100,,Asparagus // Jersey Supreme,A2,23,2025,1
,2025-01-01,Good,100,,Asparagus // Millenium,A2,23,2025,1
,2025-01-01,Good,100,,Asparagus // Millenium,A2,22,2025,1
,2025-01-01,Good,100,,Asparagus // Millenium,A2,21,2025,1
,2025-01-01,Good,100,Planted Nov 2024,Garlic // German White,D1,2,2025,1
,2025-01-01,Good,100,Planted Nov 2024,Garlic // German White,D1,3,2025,1
,2025-01-01,Good,100,Planted Nov 2024,Garlic // German White,D1,4,2025,1
,2025-01-01,Good,100,Planted Nov 2024,Garlic // Hardneck - Em,D1,7,2025,1
,2025-01-01,Good,100,Planted Nov 2024,Garlic // Hardneck - Em,D1,8,2025,1
,2025-01-01,Good,100,Planted Nov 2024,Garlic // Music,D1,4,2025,1
,2025-01-01,Good,100,Planted Nov 2024,Garlic // Music,D1,5,2025,1
,2025-01-01,Good,100,Planted Nov 2024,Garlic // Music,D1,6,2025,1
,2025-01-01,Good,100,Planted Nov 2024,Garlic // Softneck - Em,D1,6,2025,1
,2025-01-01,Good,100,Planted Nov 2024,Garlic // Softneck - Em,D1,7,2025,1
,2025-02-07,Good,100,Went in SN bed after botrytis die off,Greens Mix Baby Kale // Red Russian Kale,HT3,6,2025,6
,2025-02-07,Good,100,,Arugula // Astro,HT5,8,2025,6
,2025-02-07,Good,100,,Greens Mix Cheap Frills // Cheap Frills,HT5,8,2025,6
,2024-02-21,Good,100,"planted 80', filled in with more raab",Bok Choy // Bopak,HT3,4,2024,7
,2024-02-21,Good,100,west side,Broccoli Raab // Novantina,HT3,3,2024,7
,2024-02-21,Good,100,east side,Broccoli Raab // Quarantina,HT3,3,2024,7
,2025-01-01,Good,100,Cancel,Arugula // Astro,HT5,,2025,7
,2024-02-23,Good,100,,Peas Snap PP // Sugar Snap,HT3,5,2024,8
,2024-02-23,Good,100,,Peas Snap PP // Sugar Snap,HT3,6,2024,8
,2025-01-01,Good,100,Cancel,Bok Choy // Little Shanghai,HT5,,2025,8
,2024-03-14,Good,100,,Bok Choy // Bopak,HT1,8,2024,9
,2024-03-14,Good,100,,Greens Mix Misc // Red Russian Kale,HT1,6,2024,9
,2024-02-28,Good,100,Eaten by critters!,Kale Lacinato // Black Magic,CAT3,1,2024,10
,2024-03-28,Good,100,,Lettuce Mix SN // Red Sweet Crisp,HT1,1,2024,10
,2024-03-14,Good,100,,Arugula // Astro,HT2,5,2024,10
,2024-02-28,Good,100,,Lettuce Mini Gem // Rosaine,HT5,8,2024,10
,2024-02-28,Good,100,Plant 2 rows 1' next time,Broccolini // BC1611,JSS,3,2024,10
,2025-03-28,Good,100,,Spinach // Kolibri,CAT3,1,2025,10
,2025-03-26,Good,100,,Spinach // Kolibri,CAT3,2,2025,10
,2025-03-26,Good,100,,Spinach // Kolibri,CAT3,3,2025,10
,2025-03-05,Good,100,Interplant with peas,Arugula // Astro,HT5,5,2025,10
,2025-03-05,Good,100,Interplant with peas,Arugula // Astro,HT5,7,2025,10
,2025-03-21,Good,100,Interplant with peas,Arugula // Astro,HT5,1,2025,10
,2025-03-21,Good,100,Interplant with peas,Arugula // Astro,HT5,3,2025,10
,2025-03-14,Good,100,75' mei qing / 25' Bl summer,Bok Choy // Little Shanghai,HT5,4,2025,10
,2025-03-05,Good,100,"Not in plan, replaced missed Bok Choy from wk 8",Greens Mix Baby Kale // Red Russian Kale,HT5,6,2025,10
,2025-03-05,Good,100,"Not in plan, replaced missed Bok Choy from wk 8",Greens Mix Cheap Frills // Cheap Frills,HT5,6,2025,10
,2025-03-21,Good,100,"Soaked, then Direct Seeded 5# / bed",Peas Snap PP // Super Sugar Snap,HT5,1,2025,10
,2025-03-21,Good,100,"Soaked, then Direct Seeded 5# / bed",Peas Snap PP // Super Sugar Snap,HT5,3,2025,10
,2025-03-05,Good,100,,Peas Snap PP // Sweet Gem,HT5,7,2025,10
,2025-03-05,Good,100,,Peas Snap PP // Sweet Gem,HT5,5,2025,10
,2024-03-28,Good,100,"4x6"" dibble spacing",Spinach // Kolibri,CAT3,1,2024,11
,2024-03-28,Good,100,"4x6"" dibble spacing",Spinach // Kolibri,CAT3,2,2024,11
,2024-03-28,Good,100,"4x6"" dibble spacing",Spinach // Kolibri,CAT3,3,2024,11
,2025-03-21,Good,100,,Kale Lacinato // Ebony,CAT1,1,2025,11
,2025-03-21,Good,100,,Kale Lacinato // Ebony,CAT1,2,2025,11
,2025-04-04,Good,100,,Kale Lacinato // Ebony,CAT1,3,2025,11
,2024-03-28,Good,100,,Arugula // Astro,HT2,5,2024,12
,2024-04-05,Good,100,Pre-soaked,Pea Snap // Sugar Snap,HT3,7,2024,12
,2024-04-05,Good,100,Pre-soaked,Pea Snap // Sugar Snap,HT3,8,2024,12
,2025-03-21,Good,100,"50 Li Ren, 25' Black Summer', DS Frills in additional 25'",Bok Choy // Little Shanghai,HT5,2,2025,12
,2025-03-21,Good,100,"Not in plan, filled in space at end of Bok bed",Greens Mix Cheap Frills // Cheap Frills,HT5,2,2025,12
,2024-03-28,Good,100,"1/2 plants started wk 3, 1/2 from wk 6 (intended orginally to go outside)",Scallion // Nabechan,CAT2,1,2024,13
,2024-03-28,Good,100,,Spinach // Kolibri,CAT3,7,2024,13
,2024-03-28,Good,100,,Spinach // Kolibri,CAT3,8,2024,13
,2024-03-27,Good,100,"2x12"" large dibbles",Kale Lacinato // Black Magic,CAT4,1,2024,13
,2024-03-27,Good,100,"2x12"" large dibbles",Kale Lacinato // Black Magic,CAT4,2,2024,13
,2024-03-27,Good,100,"2x12"" large dibbles",Kale Lacinato // Black Magic,CAT4,3,2024,13
,2024-03-28,Good,100,seeded under bc1611 transplants,Radish French Breakfast // French Breakfast,HT3,1,2024,13
,2024-03-29,Good,100,Stacy's first seeding!,Radish Red // Sora,HT3,6,2024,13
,2024-03-29,Good,100,,Radish Round Purple // Bacchus,HT3,5,2024,13
,2024-03-28,Good,100,"Violet Queen, seeded beneath bc1611 transplants",Turnip // Hakurei,JSS,3,2024,13
,2025-04-04,Good,100,,Arugula // Astro,A3,1,2025,14
,2025-04-04,Good,100,,Greens Mix Baby Kale // Red Russian Kale,A3,1,2025,14
,2025-04-04,Good,100,,Greens Mix Cheap Frills // Cheap Frills,A3,1,2025,14
,2025-04-04,Good,100,,Greens Mix Mizuna // Central Red,A3,1,2025,14
,2025-04-04,Good,100,,Greens Mix Rosie // Rosie,A3,1,2025,14
,2025-04-04,Good,100,,Greens Mix Tokyo Bekana // Tokyo Bekana,A3,1,2025,14
,2025-04-04,Good,100,,Radish French Breakfast // French Breakfast,A3,2,2025,14
,2025-04-04,Good,100,,Radish Purple // Bacchus,A3,2,2025,14
,2025-04-04,Good,100,,Radish Red // Sora,A3,3,2025,14
,2025-04-04,Good,100,,Lettuce Mix SN // (Spring/Fall) Prismatic + Butters,D2,1,2025,14
,2025-04-04,Good,100,,Lettuce Head // Alkindus,D2,2,2025,14
,2025-04-04,Good,100,,Lettuce Head // Monte Carlo,D2,2,2025,14
,2025-04-04,Good,100,,Lettuce Head // Queen of Hearts,D2,2,2025,14
,2025-04-04,Good,100,,Lettuce Mini Gem // Gatsbi,D2,2,2025,14
,2025-04-04,Good,100,,Lettuce Mini Gem // Rosaine,D2,2,2025,14
,2025-04-04,Good,100,,Frisee // Curlesi,D2,3,2025,14
,2025-04-04,Good,100,"extra, planted with frisee",Lettuce Head // Alkindus,D2,3,2025,14
,2025-04-04,Good,100,"PP Transplanted 100' cat 1 bed 1, and 100' Cat 4 bed 3",Pea Shelling // PLS595,CAT1,1,2025,15
,2025-04-25,Good,100,,Onion Spring // Expression,A2,1,2025,15
,2025-04-25,Good,100,,Onion Spring // Monastrell,A2,3,2025,15
,2000-01-01,Good,100,Cancelled - tropea seed was old and didnt germ,Onion Spring // Red Tropea,A2,3,2025,15
,2025-04-11,Good,100,,Arugula // Astro,A3,3,2025,15
,2025-04-11,Good,100,,Greens Mix Baby Kale // Red Russian Kale,A3,4,2025,15
,2025-04-11,Good,100,,Greens Mix Cheap Frills // Cheap Frills,A3,4,2025,15
,2025-04-11,Good,100,,Greens Mix Mizuna // Central Red,A3,4,2025,15
,2025-04-11,Good,100,,Greens Mix Rosie // Rosie,A3,4,2025,15
,2025-04-11,Good,100,,Greens Mix Tokyo Bekana // Tokyo Bekana,A3,4,2025,15
,2025-04-11,Good,100,,Radish French Breakfast // French Breakfast,A3,4,2025,15
,2025-04-11,Good,100,,Radish Purple // Bacchus,A3,5,2025,15
,2025-04-11,Good,100,,Radish Red // Sora,A3,5,2025,15
,2025-04-11,Good,100,,Scallion // Parade,B3,29,2025,15
,2025-04-11,Good,100,,Cilantro // Cruiser,B3,30,2025,15
,2025-04-18,Good,100,,Arugula // Astro,A3,6,2025,16
,2025-04-18,Good,100,,Greens Mix Baby Kale // Red Russian Kale,A3,6,2025,16
,2025-04-18,Good,100,,Greens Mix Cheap Frills // Cheap Frills,A3,6,2025,16
,2025-04-18,Good,100,,Greens Mix Mizuna // Central Red,A3,6,2025,16
,2025-04-18,Good,100,yyj-24 down,Greens Mix Purslane // Golden ,A3,6,2025,16
,2025-04-18,Good,100,,Greens Mix Tokyo Bekana // Tokyo Bekana,A3,6,2025,16
,2025-04-18,Good,100,,Radish French Breakfast // French Breakfast,A3,7,2025,16
,2025-04-18,Good,100,,Radish Purple // Bacchus,A3,7,2025,16
,2025-04-18,Good,100,,Radish Red // Sora,A3,8,2025,16
,2025-04-18,Good,100,,Bok Choy // Little Shanghai,B2,28,2025,16
,2025-04-18,Good,100,,Broccolini // BC1611,B2,27,2025,16
,2025-04-18,Good,100,,Broccolini // BC1611,B2,26,2025,16
,2025-04-18,Good,100,,Broccolini // BC1611,B2,25,2025,16
,2025-04-18,Good,100,,Broccolini // BC1611,B2,24,2025,16
,2025-04-18,Good,100,,Broccolini // BC1611,B2,23,2025,16
,2025-04-18,Good,100,,Cabbage Savoy // Alcosa,B2,22,2025,16
,2025-04-23,Good,100,,Parsley // Giant of Italy,B3,27,2025,16
,2025-04-17,Good,100,,Scallion // Parade,B3,28,2025,16
,2025-04-17,Good,100,,Chard // Bright Lights,C1,1,2025,16
,2025-04-17,Good,100,,Collards // Flash,C1,2,2025,16
,2025-04-17,Good,100,,Collards // Flash,C1,3,2025,16
,2025-04-17,Good,100,,Kale Curly // Winterbor,C1,4,2025,16
,2025-04-17,Good,100,,Kale Curly // Winterbor,C1,5,2025,16
,2025-04-17,Good,100,,Kale Curly // Winterbor,C1,6,2025,16
,2025-04-17,Good,100,,Kale Lacinato // Ebony,C1,7,2025,16
,2025-04-17,Good,100,,Kale Lacinato // Ebony,C1,8,2025,16
,2025-04-17,Good,100,,Kale Lacinato // Ebony,C1,9,2025,16
,2025-04-17,Good,100,,Kale Lacinato // Ebony,C1,10,2025,16
,2025-04-17,Good,100,,Kale Lacinato // Ebony,C1,11,2025,16
,2025-04-16,Good,100,,Dandelion // Clio,D2,4,2025,16
,2025-04-16,Good,100,,Escarole // Eros,D2,5,2025,16
,2025-04-16,Good,100,,Fennel // Orazio,D2,6,2025,16
,2025-04-16,Good,100,,Lettuce Head // Alkindus,D2,7,2025,16
,2025-04-16,Good,100,,Lettuce Head // Monte Carlo,D2,7,2025,16
,2025-04-16,Good,100,,Lettuce Head // Queen of Hearts,D2,7,2025,16
,2025-04-16,Good,100,,Lettuce Mini Gem // Gatsbi,D2,7,2025,16
,2025-04-16,Good,100,,Lettuce Mini Gem // Rosaine,D2,7,2025,16
,2025-04-16,Good,100,,Lettuce Mix SN // (Spring/Fall) Prismatic + Butters,D2,8,2025,16
,2025-04-18,Good,100,,Radicchio Round // Indigo,D2,9,2025,16
,2025-04-18,Good,100,,Radicchio Variegated // Giorgine,D2,10,2025,16
,2025-04-18,Good,100,,Zucchini Green // Noche,D3,1,2025,16
,2025-04-18,Good,100,,Zucchini Green // Noche,D3,2,2025,16
,2025-04-25,Good,100,,Arugula // Astro,A3,8,2025,17
,2025-04-25,Good,100,,Greens Mix Baby Kale // Red Russian Kale,A3,9,2025,17
,2025-04-25,Good,100,,Greens Mix Cheap Frills // Cheap Frills,A3,9,2025,17
,2025-04-25,Good,100,,Greens Mix Mizuna // Central Red,A3,9,2025,17
,2025-04-25,Good,100,,Greens Mix Purslane // Golden ,A3,9,2025,17
,2025-04-25,Good,100,,Greens Mix Tokyo Bekana // Tokyo Bekana,A3,9,2025,17
,2025-04-25,Good,100,,Radish French Breakfast // French Breakfast,A3,9,2025,17
,2025-04-25,Good,100,,Radish Purple // Bacchus,A3,10,2025,17
,2025-04-25,Good,100,,Radish Red // Sora,A3,10,2025,17
,2025-04-24,Good,100,,Cabbage Chinese // Minuet,B2,21,2025,17
,2025-04-24,Good,100,,Cabbage Chinese // Minuet,B2,20,2025,17
,2025-04-24,Good,100,plus 60' of omero,Cabbage Cone // Caraflex,B2,17,2025,17
,2025-04-24,Good,100,,Cabbage Red // Omero,B2,19,2025,17
,2025-04-24,Good,100,,Cabbage Red // Omero,B2,18,2025,17
,2025-04-24,Good,100,,Cauliflower Sprouting // Fioretto 70,B2,16,2025,17
,2025-04-24,Good,100,,Cauliflower Sprouting // Fioretto 70,B2,15,2025,17
,2025-04-24,Good,100,,Cauliflower Sprouting // Fioretto 70,B2,14,2025,17
,2024-04-23,Good,100,,Scallion // Parade,B3,28,2025,17
,2024-04-23,Good,100,,Frisee // Curlesi,D2,3,2025,17
,2025-04-24,Good,100,,Zucchini Green // Noche,D3,7,2025,17
,2025-04-24,Good,100,,Zucchini Green // Noche,D3,8,2025,17
,2025-04-24,Good,100,,Zucchini Green // Noche,D3,9,2025,17
,2025-04-24,Good,100,,Zucchini Green // Noche,D3,10,2025,17
,2025-04-24,Good,100,,Zucchini Striped // Pantheon,D3,11,2025,17
,2025-04-24,Good,100,,Zucchini Striped // Pantheon,D3,12,2025,17
,2025-04-24,Good,100,,Zucchini Yellow // Golden Glory,D3,13,2025,17
,2025-04-24,Good,100,,Zucchini Yellow // Golden Glory,D3,14,2025,17
,2025-04-25,Good,100,replace tropea,Onion Spring // Expression,A2,2,2025,18
,2025-04-25,Good,100,replace tropea,Onion Spring // Monastrell,A2,2,2025,18
,2025-05-08,Good,100,,Arugula // Astro,A3,11,2025,18
,2025-05-08,Good,100,,Greens Mix Baby Kale // Red Russian Kale,A3,11,2025,18
,2025-05-08,Good,100,,Greens Mix Cheap Frills // Cheap Frills,A3,11,2025,18
,2025-05-08,Good,100,,Greens Mix Mizuna // Central Red,A3,11,2025,18
,2025-01-01,Good,100,Cancelled due to rain - too wet to seed or make beds,Greens Mix Purslane // Golden ,A3,11,2025,18
,2025-05-08,Good,100,,Greens Mix Tokyo Bekana // Tokyo Bekana,A3,11,2025,18
,2025-01-01,Good,100,Cancelled due to rain - too wet to seed or make beds,Radish French Breakfast // French Breakfast,A3,12,2025,18
,2025-01-01,Good,100,Cancelled due to rain - too wet to seed or make beds,Radish Purple // Bacchus,A3,12,2025,18
,2025-01-01,Good,100,Cancelled due to rain - too wet to seed or make beds,Radish Red // Sora,A3,13,2025,18
,2025-04-30,Good,100,,Bok Choy // Little Shanghai,B2,10,2025,18
,2025-04-30,Good,100,,Broccolini // BC1611,B2,13,2025,18
,2025-04-30,Good,100,,Broccolini // BC1611,B2,12,2025,18
,2025-04-30,Good,100,,Broccolini // BC1611,B2,11,2025,18
,2025-05-13,Good,100,"delayed 2 weeks - plants not ready, then too much rain",Celery // merengo,B3,22,2025,18
,2025-04-30,Good,100,,Scallion // Parade,B3,24,2025,18
,2025-05-05,Good,100,,Parsley // Giant of Italy,B3,25,2025,18
,2025-05-02,Good,100,,Cilantro // Cruiser,B3,26,2025,18
,2025-04-30,Good,100,,Collards // Flash,C1,12,2025,18
,2025-04-30,Good,100,,Collards // Flash,C1,13,2025,18
,2025-04-30,Good,100,,Kale Curly // Winterbor,C1,14,2025,18
,2025-04-30,Good,100,,Kale Curly // Winterbor,C1,15,2025,18
,2025-04-30,Good,100,,Kale Lacinato // Ebony,C1,16,2025,18
,2025-04-30,Good,100,,Kale Lacinato // Ebony,C1,17,2025,18
,2025-04-30,Good,100,,Kale Lacinato // Ebony,C1,18,2025,18
,2025-04-30,Good,100,,Kale Lacinato // Ebony,C1,19,2025,18
,2025-05-02,Good,100,,Chard // Bright Lights,C1,20,2025,18
,2025-05-02,Good,100,,Chard // Bright Lights,C1,21,2025,18
,2025-05-02,Good,100,,Beets Golden // Yellow Sunrise,C3,1,2025,18
,2025-05-02,Good,100,,Beets Golden // Yellow Sunrise,C3,2,2025,18
,2025-05-02,Good,100,,Beets Red // Red Ace F1,C3,3,2025,18
,2025-04-30,Good,100,,Escarole // Eliance,D2,11,2025,18
,2025-04-30,Good,100,,Lettuce Head // Alkindus,D2,12,2025,18
,2025-04-30,Good,100,,Lettuce Head // Monte Carlo,D2,12,2025,18
,2025-04-30,Good,100,,Lettuce Head // Queen of Hearts,D2,12,2025,18
,2025-04-30,Good,100,,Lettuce Mini Gem // Gatsbi,D2,12,2025,18
,2025-04-30,Good,100,,Lettuce Mini Gem // Rosaine,D2,12,2025,18
,2025-04-30,Good,100,,Lettuce Mix SN // (Spring/Fall) Prismatic + Butters,D2,13,2025,18
,2025-05-02,Good,100,,Cucumber // Corinto,HT3,4,2025,18
,2025-05-02,Good,100,,Cucumber Persian // Katrina,HT3,1,2025,18
,2025-05-02,Good,100,,Cucumber Persian // Katrina,HT3,2,2025,18
,2025-05-02,Good,100,,Cucumber Pickling // Excelsior,HT3,3,2025,18
,2025-05-15,Good,100,increased seeding size due to missed planting previous week.,Radish French Breakfast // French Breakfast,A3,12,2025,19
,2025-01-01,Good,100,cancelled due to weather,Arugula // Astro,A3,13,2025,19
,2025-05-15,Good,100,increased seeding size due to missed planting previous week.,Radish Purple // Bacchus,A3,13,2025,19
,2025-01-01,Good,100,cancelled due to weather,Greens Mix Baby Kale // Red Russian Kale,A3,14,2025,19
,2025-01-01,Good,100,cancelled due to weather,Greens Mix Cheap Frills // Cheap Frills,A3,14,2025,19
,2025-01-01,Good,100,cancelled due to weather,Greens Mix Mizuna // Central Red,A3,14,2025,19
,2025-01-01,Good,100,cancelled due to weather,Greens Mix Purslane // Golden ,A3,14,2025,19
,2025-01-01,Good,100,cancelled due to weather,Greens Mix Tokyo Bekana // Tokyo Bekana,A3,14,2025,19
,2025-05-15,Good,100,increased seeding size due to missed planting previous week.,Radish Red // Sora,A3,14,2025,19
,2025-05-14,Good,100,,Cabbage Cone // Caraflex,B2,8,2025,19
,2025-05-14,Good,100,,Cabbage Cone // Caraflex,B2,7,2025,19
,2025-05-14,Good,100,,Cabbage Red // Omero,B2,4,2025,19
,2025-05-14,Good,100,,Cabbage Red // Omero,B2,5,2025,19
,2025-05-14,Good,100,,Cabbage Red // Omero,B2,6,2025,19
,2025-05-14,Good,100,,Cabbage Savoy // Alcosa,B2,3,2025,19
,2025-05-15,Good,100,"edited plan so that dill is planted on the same schedule as Cilantro, reduced cilantro to 150""",Dill // Thalia,B3,21,2025,19
,2025-05-08,Good,100,,Scallion // Parade,B3,24,2025,19
,2025-05-13,Good,100,,Fennel // Orazio,D2,14,2025,19
,2025-05-15,Good,100,,Radicchio Round // Indigo,D2,19,2025,19
,2025-05-15,Good,100,,Radicchio Variegated // Giorgine,D2,20,2025,19
,2025-05-12,Good,100,,Zucchini Green // Noche,D3,15,2025,19
,2025-05-12,Good,100,,Zucchini Green // Noche,D3,16,2025,19
,2025-05-12,Good,100,,Zucchini Green // Noche,D3,17,2025,19
,2025-05-12,Good,100,,Zucchini Green // Noche,D3,18,2025,19
,2025-05-12,Good,100,,Zucchini Striped // Pantheon,D3,19,2025,19
,2025-05-12,Good,100,,Zucchini Yellow // Golden Glory,D3,20,2025,19
,2025-05-12,Good,100,,Zucchini Yellow // Golden Glory,D3,21,2025,19
,2025-05-12,Good,100,,Zucchini Yellow // Golden Glory,D3,22,2025,19
,2025-05-12,Good,100,pounds per bed were based on dividing the total order by the number of beds for all varieties. ,Potato White // Dark Red Norland,X1,1,2025,19
,2025-05-12,Good,100,pounds per bed were based on dividing the total order by the number of beds for all varieties. ,Potato White // Dark Red Norland,X1,2,2025,19
,2025-05-12,Good,100,pounds per bed were based on dividing the total order by the number of beds for all varieties. ,Potato White // Dark Red Norland,X1,3,2025,19
,2025-05-12,Good,100,pounds per bed were based on dividing the total order by the number of beds for all varieties. ,Potato White // Dark Red Norland,X1,4,2025,19
,2025-05-12,Good,100,pounds per bed were based on dividing the total order by the number of beds for all varieties. ,Potato White // Kennebec,X1,5,2025,19
,2025-05-12,Good,100,pounds per bed were based on dividing the total order by the number of beds for all varieties. ,Potato White // Kennebec,X1,6,2025,19
,2025-05-12,Good,100,pounds per bed were based on dividing the total order by the number of beds for all varieties. ,Potato White // Kennebec,X1,7,2025,19
,2025-05-12,Good,100,pounds per bed were based on dividing the total order by the number of beds for all varieties. ,Potato White // Kennebec,X1,8,2025,19
,2025-05-12,Good,100,pounds per bed were based on dividing the total order by the number of beds for all varieties. ,Potato White // Kennebec,X1,9,2025,19
,2025-05-12,Good,100,pounds per bed were based on dividing the total order by the number of beds for all varieties. ,Potato White // Kennebec,X1,10,2025,19
,2025-05-12,Good,100,pounds per bed were based on dividing the total order by the number of beds for all varieties. ,Potato White // Kennebec,X1,11,2025,19
,2025-05-12,Good,100,pounds per bed were based on dividing the total order by the number of beds for all varieties. ,Potato White // Kennebec,X1,12,2025,19
,2025-05-12,Good,100,pounds per bed were based on dividing the total order by the number of beds for all varieties. ,Potato White // Kennebec,X1,13,2025,19
,2025-05-12,Good,100,pounds per bed were based on dividing the total order by the number of beds for all varieties. ,Potato White // Kennebec,X1,14,2025,19
,2025-05-12,Good,100,pounds per bed were based on dividing the total order by the number of beds for all varieties. ,Potato White // Purple Viking,X1,15,2025,19
,2025-05-12,Good,100,pounds per bed were based on dividing the total order by the number of beds for all varieties. ,Potato White // Purple Viking,X1,16,2025,19
,2025-05-12,Good,100,pounds per bed were based on dividing the total order by the number of beds for all varieties. ,Potato White // Purple Viking,X1,17,2025,19
,2025-05-12,Good,100,pounds per bed were based on dividing the total order by the number of beds for all varieties. ,Potato Yellow // Satina,X1,18,2025,19
,2025-05-12,Good,100,pounds per bed were based on dividing the total order by the number of beds for all varieties. ,Potato Yellow // Satina,X1,19,2025,19
,2025-05-12,Good,100,pounds per bed were based on dividing the total order by the number of beds for all varieties. ,Potato Yellow // Satina,X1,20,2025,19
,2025-05-12,Good,100,pounds per bed were based on dividing the total order by the number of beds for all varieties. ,Potato Yellow // Satina,X1,21,2025,19
,2025-05-12,Good,100,pounds per bed were based on dividing the total order by the number of beds for all varieties. ,Potato Yellow // Satina,X1,22,2025,19
,2025-05-12,Good,100,pounds per bed were based on dividing the total order by the number of beds for all varieties. ,Potato Yellow // Satina,X1,23,2025,19
,2025-05-12,Good,100,pounds per bed were based on dividing the total order by the number of beds for all varieties. ,Potato Yellow // Satina,X1,24,2025,19
,2025-05-12,Good,100,pounds per bed were based on dividing the total order by the number of beds for all varieties. ,Potato Yellow // Satina,X1,25,2025,19
,2025-05-12,Good,100,pounds per bed were based on dividing the total order by the number of beds for all varieties. ,Potato Yellow // Satina,X1,26,2025,19
,2025-05-12,Good,100,pounds per bed were based on dividing the total order by the number of beds for all varieties. ,Potato Yellow // Satina,X1,27,2025,19
,2025-05-12,Good,100,pounds per bed were based on dividing the total order by the number of beds for all varieties. ,Potato Blue // Adirondack Blue,X2,23,2025,19
,2025-05-12,Good,100,pounds per bed were based on dividing the total order by the number of beds for all varieties. ,Potato Blue // Adirondack Blue,X2,24,2025,19
,2025-05-12,Good,100,pounds per bed were based on dividing the total order by the number of beds for all varieties. ,Potato Blue // Adirondack Blue,X2,25,2025,19
,2025-05-12,Good,100,pounds per bed were based on dividing the total order by the number of beds for all varieties. ,Potato Blue // All Blue,X2,26,2025,19
,2025-05-12,Good,100,pounds per bed were based on dividing the total order by the number of beds for all varieties. ,Potato Blue // All Blue,X2,27,2025,19
,2025-05-12,Good,100,pounds per bed were based on dividing the total order by the number of beds for all varieties. ,Potato Blue // All Blue,X2,28,2025,19
,2025-05-12,Good,100,pounds per bed were based on dividing the total order by the number of beds for all varieties. ,Potato White // Dark Red Norland,X2,29,2025,19
,2025-05-12,Good,100,pounds per bed were based on dividing the total order by the number of beds for all varieties. ,Potato White // Dark Red Norland,X2,30,2025,19
,2025-05-09,Good,100,,Tomato Cherry Mix // Artemis,HT4,8,2025,19
,2025-05-09,Good,100,,Tomato Cherry Mix // Chocolate Sprinkles,HT4,8,2025,19
,2025-05-09,Good,100,,Tomato Cherry Mix // Favorita,HT4,8,2025,19
,2025-05-09,Good,100,,Tomato Cherry Mix // Honey Bee,HT4,7,2025,19
,2025-05-09,Good,100,,Tomato Cherry Mix // HoneyCrisp,HT4,7,2025,19
,2025-05-09,Good,100,,Tomato Cherry Mix // HoneyGold,HT4,7,2025,19
,2025-05-09,Good,100,,Tomato Cherry Mix // Mimi,HT4,7,2025,19
,2025-05-09,Good,100,,Tomato Cherry Mix // SunGreen,HT4,6,2025,19
,2025-05-09,Good,100,,Tomato Cherry Mix // Sunpeach,HT4,6,2025,19
,2025-05-09,Good,100,,Tomato Cherry Sungold // SunOrange,HT4,5,2025,19
,2025-05-09,Good,100,,Tomato Cherry Sungold // SunOrange,HT4,4,2025,19
,2025-05-09,Good,100,,Tomato Cherry Sungold // SunOrange,HT4,3,2025,19
,2025-05-09,Good,100,,Tomato Heirloom // Beorange,HT4,2,2025,19
,2025-05-09,Good,100,,Tomato Heirloom // Marnouar,HT4,1,2025,19
,2025-05-07,Good,100,,Okra // Carmine Splendor,JSS,1,2025,19
,2025-05-07,Good,100,,Okra // Carmine Splendor,JSS,2,2025,19
,2025-05-07,Good,100,,Okra // Jambalaya,JSS,3,2025,19
,2025-01-01,Good,100,CANCEL.  never started seeds.,Bitter Melon // Green Skin,HT3,8,2025,20
,2025-05-15,Good,100,,Cucumber // Corinto,HT3,5,2025,20
,2025-05-15,Good,100,,Cucumber // Corinto,HT3,6,2025,20
,2025-05-15,Good,100,,Cucumber // Corinto,HT3,7,2025,20
,2025-05-15,Good,100,,Cucumber Pickling // Excelsior,HT3,8,2025,20
,2025-05-27,Good,100,not pulling for week 21 planting.  ,Eggplant Asian // Ping Tung,A2,4,2025,20
,2025-05-20,Good,100,,Eggplant Asian // Shinkasen,A2,4,2025,20
,2025-05-20,Good,100,,Eggplant Italian Black // Gaudi,A2,5,2025,20
,2025-05-20,Good,100,,Eggplant Italian Striped // Annina,A2,6,2025,20
,2025-05-20,Good,100,,Eggplant Italian Striped // Annina,A2,7,2025,20
,2025-05-20,Good,100,,Eggplant Mini // Fairytale,A2,8,2025,20
,2025-05-20,Good,100,,Eggplant Mini // Fairytale,A2,9,2025,20
,2025-05-15,Good,100,,Arugula // Astro,A3,15,2025,20
,2025-05-15,Good,100,,Greens Mix Baby Kale // Red Russian Kale,A3,15,2025,20
,2025-05-15,Good,100,,Greens Mix Cheap Frills // Cheap Frills,A3,15,2025,20
,2025-05-15,Good,100,,Greens Mix Mizuna // Central Red,A3,15,2025,20
,2025-05-15,Good,100,,Greens Mix Purslane // Golden ,A3,15,2025,20
,2025-05-15,Good,100,,Greens Mix Tokyo Bekana // Tokyo Bekana,A3,15,2025,20
,2025-05-13,Good,100,,Bok Choy // Little Shanghai,B2,9,2025,20
,2025-05-15,Good,100,,Parsley // Giant of Italy,B3,20,2025,20
,2025-05-15,Good,100,seeded 50 ft. of dill at the western end.  updated future seedings to be 150' cilantro and 50' dill.,Cilantro // Cruiser,B3,21,2025,20
,2025-05-16,Good,100,,Scallion // Parade,B3,23,2025,20
,2025-05-13,Good,100,,Collards // Flash,C1,22,2025,20
,2025-05-13,Good,100,,Kale Curly // Winterbor,C1,23,2025,20
,2025-05-13,Good,100,,Kale Curly // Winterbor,C1,24,2025,20
,2025-05-13,Good,100,,Kale Lacinato // Ebony,C1,25,2025,20
,2025-05-13,Good,100,,Kale Lacinato // Ebony,C1,26,2025,20
,2025-05-13,Good,100,,Kale Lacinato // Ebony,C1,27,2025,20
,2025-05-13,Good,100,,Kale Lacinato // Ebony,C1,28,2025,20
,2025-05-13,Good,100,,Dandelion // Clio,D2,15,2025,20
,2025-05-13,Good,100,filled with 15 feet of queen of hearts.,Escarole // Eliance,D2,16,2025,20
,2025-05-13,Good,100,,Frisee // Curlesi,D2,16,2025,20
,2025-05-13,Good,100,,Lettuce Head // Alkindus,D2,17,2025,20
,2025-05-13,Good,100,,Lettuce Head // Monte Carlo,D2,17,2025,20
,2025-05-13,Good,100,,Lettuce Head // Queen of Hearts,D2,17,2025,20
,2025-05-13,Good,100,,Lettuce Mini Gem // Gatsbi,D2,17,2025,20
,2025-05-13,Good,100,,Lettuce Mini Gem // Rosaine,D2,17,2025,20
,2025-05-13,Good,100,,Lettuce Mix SN // (Spring/Fall) Prismatic + Butters,D2,18,2025,20
,2025-05-28,Good,100,,Pepper Carmen // Carmen,A2,10,2025,21
,2025-05-28,Good,100,,Pepper Carmen // Carmen,A2,11,2025,21
,2025-05-28,Good,100,,Pepper Carmen // Carmen,A2,12,2025,21
,2025-05-28,Good,100,,Pepper Carmen // Carmen,A2,13,2025,21
,2025-05-28,Good,100,added 100 ft carmen because we had the bed space and the plants,Pepper Carmen // Carmen,A2,14,2025,21
,2025-05-28,Good,100,,Pepper Hot // Amazing,A2,14,2025,21
,2025-05-28,Good,100,,Pepper Hot // Jedi Jalapeno,A2,14,2025,21
,2025-05-28,Good,100,,Pepper Shishito // Shishimai,A2,15,2025,21
,2025-05-21,Good,100,added extra planting,Arugula // Astro,A3,16,2025,21
,2025-05-21,Good,100,,Greens Mix Baby Kale // Red Russian Kale,A3,16,2025,21
,2025-05-21,Good,100,,Greens Mix Cheap Frills // Cheap Frills,A3,16,2025,21
,2025-05-21,Good,100,,Greens Mix Mizuna // Central Red,A3,16,2025,21
,2025-05-21,Good,100,,Greens Mix Purslane // Golden ,A3,16,2025,21
,2025-05-21,Good,100,,Greens Mix Tokyo Bekana // Tokyo Bekana,A3,16,2025,21
,2025-05-20,Good,100,,Cabbage Flat // Tendersweet,B2,1,2025,21
,2025-05-20,Good,100,,Cabbage Flat // Tendersweet,B2,2,2025,21
,2025-05-21,Good,100,,Basil // Prospera DMR CG1,B3,18,2025,21
,2025-05-20,Good,100,,Celery // merengo,B3,19,2025,21
,2025-05-26,Good,100,field too wet for week 21 planting,Scallion // Parade,B3,23,2025,21
,2025-05-21,Good,100,,Beets Golden // Yellow Sunrise,C3,4,2025,21
,2025-05-21,Good,100,,Beets Golden // Yellow Sunrise,C3,5,2025,21
,2024-06-01,Good,100,2024 Bulk Harvest,Radicchio Pink // Rosa Alba,D2,20,2024,NA
,2025-05-21,Good,100,,Beets Red // Red Ace F1,C3,6,2025,21
,2025-05-21,Good,100,,Radicchio Round // Indigo,D2,22,2025,21
,2025-05-21,Good,100,,Radicchio Variegated // Giorgine,D2,23,2025,21
,2025-05-28,Good,100,"pushed all 1 week.  too cold, field not ready. ",Zucchini Green // Noche,D3,19,2025,21
,2025-05-28,Good,100,,Zucchini Green // Noche,D3,20,2025,21
,2025-05-28,Good,100,,Zucchini Green // Noche,D3,21,2025,21
,2025-05-28,Good,100,,Zucchini Green // Noche,D3,22,2025,21
,2025-05-28,Good,100,,Zucchini Striped // Pantheon,D3,25,2025,21
,2025-05-28,Good,100,,Zucchini Yellow // Golden Glory,D3,26,2025,21
,2025-05-28,Good,100,,Zucchini Yellow // Golden Glory,D3,23,2025,21
,2025-05-28,Good,100,,Zucchini Yellow // Golden Glory,D3,24,2025,21
,2025-01-01,Good,100,cancel.  had to skip the week and it was too late in the season to seed.,Greens Mix Tokyo Bekana // Tokyo Bekana,A3,17,2025,22
,2025-05-30,Good,100,did 4 inch spacing,Bok Choy // Little Shanghai,A3,17,2025,22
,2025-06-06,Good,100,,Greens Mix Baby Kale // Red Russian Kale,A3,18,2025,22
,2025-06-06,Good,100,combined with week 23 frills,Greens Mix Cheap Frills // Cheap Frills,A3,18,2025,22
,2025-06-06,Good,100,,Greens Mix Mizuna // Central Red,A3,18,2025,22
,2025-06-06,Good,100,,Greens Mix Purslane // Golden ,A3,18,2025,22
,2025-05-30,Good,100,,Cilantro // Cruiser,B3,17,2025,22
,2025-05-30,Good,100,,Dill // Thalia,B3,17,2025,22
,2025-05-29,Good,100,,Chard // Bright Lights,C1,29,2025,22
,2025-05-29,Good,100,,Chard // Bright Lights,C1,30,2025,22
,2025-05-30,Good,100,,Lettuce Head // Alkindus,D2,24,2025,22
,2025-05-30,Good,100,,Lettuce Head // Monte Carlo,D2,24,2025,22
,2025-05-30,Good,100,,Lettuce Head // Queen of Hearts,D2,24,2025,22
,2025-05-30,Good,100,,Lettuce Mini Gem // Gatsbi,D2,24,2025,22
,2025-05-30,Good,100,,Lettuce Mini Gem // Rosaine,D2,24,2025,22
,2025-05-30,Good,100,,Lettuce Mix SN // (Spring/Fall) Prismatic + Butters,D2,25,2025,22
,2025-05-30,Good,100,,Collards // Flash,E1,1,2025,22
,2025-05-30,Good,100,,Collards // Flash,E1,2,2025,22
,2025-05-30,Good,100,,Kale Curly // Winterbor,E1,3,2025,22
,2025-05-30,Good,100,,Kale Curly // Winterbor,E1,4,2025,22
,2025-05-30,Good,100,,Kale Lacinato // Ebony,E1,5,2025,22
,2025-05-30,Good,100,,Kale Lacinato // Ebony,E1,6,2025,22
,2025-05-30,Good,100,,Kale Lacinato // Ebony,E1,7,2025,22
,2025-05-30,Good,100,,Kale Lacinato // Ebony,E1,8,2025,22
,2025-06-06,Good,100,,Sweet Potato Covington // Covington,X2,15,2025,22
,2025-06-06,Good,100,,Sweet Potato Covington // Covington,X2,16,2025,22
,2025-06-06,Good,100,,Sweet Potato Covington // Covington,X2,17,2025,22
,2025-06-05,Good,100,,Sweet Potato Murasaki // Murasaki,X2,19,2025,22
,2025-06-05,Good,100,,Sweet Potato Murasaki // Murasaki,X2,20,2025,22
,2025-06-05,Good,100,,Sweet Potato Murasaki // Murasaki,X2,21,2025,22
,2025-06-05,Good,100,,Sweet Potato Murasaki // Purple Majesty (Trial),X2,18,2025,22
,2025-01-01,Good,100,Cancel,Sweet Potato Murasaki // Murasaki,X2,4,2025,22
,2025-06-06,Good,100,,Greens Mix Amaranth // Polish,A3,18,2025,23
,2025-01-01,Good,100,cancel. combined with week 22 seeding.,Greens Mix Cheap Frills // Cheap Frills,A3,18,2025,23
,2025-06-16,Good,100,,Tomato Sauce // Tiren,A2,16,2025,24
,2025-06-13,Good,100,,Greens Mix Amaranth // Polish,A3,18,2025,24
,2025-06-13,Good,100,,Greens Mix Cheap Frills // Cheap Frills,A3,18,2025,24
,2025-06-11,Good,100,,Bok Choy // Little Shanghai,A3,19,2025,24
,2025-06-13,Good,100,,Cilantro // Cruiser,B3,14,2025,24
,2025-06-13,Good,100,,Dill // Thalia,B3,14,2025,24
,2025-06-11,Good,100,,Basil // Prospera DMR CG1,B3,15,2025,24
,2025-06-11,Good,100,,Parsley // Giant of Italy,B3,16,2025,24
,2025-06-27,Good,100,,Carrot // Naval F1,C3,8,2025,24
,2025-06-27,Good,100,,Carrot // Naval F1,C3,9,2025,24
,2025-06-27,Good,100,,Carrot // Naval F1,C3,7,2025,24
,2025-06-11,Good,100,,Lettuce Head // Fusion,D2,26,2025,24
,2025-06-11,Good,100,,Lettuce Head // Monte Carlo,D2,26,2025,24
,2025-06-11,Good,100,,Lettuce Head // Muir,D2,26,2025,24
,2025-06-11,Good,100,,Lettuce Head // Pomegranate Crunch,D2,26,2025,24
,2025-06-11,Good,100,,Lettuce Head // Purple Fusion,D2,26,2025,24
,2025-06-11,Good,100,,Lettuce Mix SN // (Summer) Foundation Mix + Batavia,D2,27,2025,24
,2025-06-16,Good,100,,Chard // Bright Lights,E1,9,2025,24
,2025-06-16,Good,100,,Kale Curly // Winterbor,E1,10,2025,24
,2025-06-16,Good,100,,Kale Curly // Winterbor,E1,11,2025,24
,2025-06-16,Good,100,,Kale Lacinato // Ebony,E1,12,2025,24
,2025-06-16,Good,100,,Kale Lacinato // Ebony,E1,13,2025,24
,2025-06-16,Good,100,,Kale Lacinato // Ebony,E1,14,2025,24
,2025-06-11,Good,100,,Winter Squash Acorn // Night Shift,X2,13,2025,24
,2025-06-11,Good,100,,Winter Squash Acorn // Night Shift,X2,12,2025,24
,2025-06-11,Good,100,,Winter Squash Butternut // Waltham,X2,7,2025,24
,2025-06-11,Good,100,,Winter Squash Butternut // Waltham,X2,6,2025,24
,2025-06-11,Good,100,,Winter Squash Delicata // Delicata JS,X2,11,2025,24
,2025-06-11,Good,100,,Winter Squash Delicata // Honeyboat,X2,10,2025,24
,2025-06-11,Good,100,,Winter Squash Delicata // Honeyboat,X2,9,2025,24
,2025-06-12,Good,100,,Winter Squash Kabocha // Black Futsu,X2,4,2025,24
,2025-06-12,Good,100,,Winter Squash Kabocha // Tetsukabuto,X2,3,2025,24
,2025-06-12,Good,100,,Winter Squash Kabocha // Tetsukabuto,X2,2,2025,24
,2025-06-12,Good,100,,Winter Squash Honeynut // Honeynut,X3,30,2025,24
,2025-06-12,Good,100,,Winter Squash Honeynut // Honeynut,X3,29,2025,24
,2025-06-12,Good,100,,Winter Squash Koginut // Autumn Frost,X3,28,2025,24
,2025-06-20,Good,100,,Greens Mix Amaranth // Polish,A3,20,2025,25
,2025-06-20,Good,100,,Greens Mix Cheap Frills // Cheap Frills,A3,20,2025,25
,2025-06-20,Good,100,,Cilantro // Cruiser,B3,13,2025,25
,2025-06-20,Good,100,,Dill // Thalia,B3,13,2025,25
,2025-07-10,Good,100,,Celery // merengo,B3,15,2025,25
,2025-06-27,Good,100,,Greens Mix Amaranth // Polish,A3,21,2025,26
,2025-06-27,Good,100,,Greens Mix Cheap Frills // Cheap Frills,A3,21,2025,26
,2025-07-10,Good,100,,Parsley // Giant of Italy,B3,14,2025,26
,2025-07-01,Good,100,,Lettuce Head // Fusion,D1,28,2025,26
,2025-07-01,Good,100,,Lettuce Head // Monte Carlo,D1,28,2025,26
,2025-07-01,Good,100,,Lettuce Head // Muir,D1,28,2025,26
,2025-07-01,Good,100,,Lettuce Head // Pomegranate Crunch,D1,28,2025,26
,2025-07-01,Good,100,,Lettuce Head // Purple Fusion,D1,28,2025,26
,2025-07-01,Good,100,,Lettuce Mix SN // (Summer) Foundation Mix + Batavia,D2,27,2025,26
,2025-07-01,Good,100,,Cauliflower Sprouting // Fioretto 70,X3,25,2025,26
,2025-07-04,Good,100,,Greens Mix Amaranth // Polish,A3,21,2025,27
,2025-07-04,Good,100,,Greens Mix Cheap Frills // Cheap Frills,A3,21,2025,27
,2025-07-11,Good,100,,Basil // Prospera DMR CG1,B3,13,2025,27
,2025-07-04,Good,100,,Carrot Bulk // Bolero,C3,11,2025,27
,2025-07-04,Good,100,,Carrot Bulk // Bolero,C3,12,2025,27
,2025-07-04,Good,100,,Carrot Bulk // Bolero,C3,13,2025,27
,2025-07-04,Good,100,,Carrot Bulk // Bolero,C3,14,2025,27
,2025-07-04,Good,100,,Carrot Bulk // Bolero,C3,15,2025,27
,2025-07-04,Good,100,,Carrot Bulk // Bolero,C3,16,2025,27
,2025-07-04,Good,100,,Carrot Bulk // Bolero,C3,17,2025,27
,2025-07-04,Good,100,,Carrot Bulk // Bolero,C3,18,2025,27
,2025-07-04,Good,100,,Carrot Bulk // Bolero,C3,19,2025,27
,2025-07-04,Good,100,,Carrot Bulk // Bolero,C3,20,2025,27
,2025-07-04,Good,100,,Carrot Bulk // Bolero,C3,10,2025,27
,2025-07-02,Good,100,,Cauliflower // Denali,X3,24,2025,27
,2025-07-02,Good,100,,Cauliflower // Denali,X3,23,2025,27
,2025-07-02,Good,100,,Cauliflower // Denali,X3,22,2025,27
,2025-07-02,Good,100,,Cauliflower // Lavender,X3,21,2025,27
,2025-07-02,Good,100,,Cauliflower // Lavender,X3,20,2025,27
,2025-07-02,Good,100,,Cauliflower // Lavender,X3,19,2025,27
,2025-07-02,Good,100,,Cauliflower // Lavender,X3,18,2025,27
,2025-07-02,Good,100,,Cauliflower // Puntaverde,X3,17,2025,27
,2025-07-02,Good,100,,Cauliflower // Puntaverde,X3,16,2025,27
,2025-07-02,Good,100,,Cauliflower // Puntaverde,X3,15,2025,27
,2025-07-02,Good,100,,Cauliflower // Puntaverde,X3,14,2025,27
,2025-07-02,Good,100,,Cauliflower // Skywalker,X3,13,2025,27
,2025-07-02,Good,100,,Cauliflower // Skywalker,X3,12,2025,27
,2025-07-14,Good,100,,Greens Mix Amaranth // Polish,A3,22,2025,28
,2025-07-14,Good,100,,Greens Mix Cheap Frills // Cheap Frills,A3,22,2025,28
,2025-07-11,Good,100,,Parsley // Giant of Italy,B3,11,2025,28
,2025-07-10,Good,100,,Celery // merengo,B3,12,2025,28
,2025-07-14,Good,100,,Cilantro // Cruiser,B3,9,2025,28
,2025-07-15,Good,100,,Escarole // Eliance,D2,29,2025,28
,2025-07-15,Good,100,,Lettuce Head // Alkindus,D2,29,2025,28
,2025-07-15,Good,100,,Lettuce Head // Monte Carlo,D2,29,2025,28
,2025-07-15,Good,100,,Lettuce Head // Queen of Hearts,D2,29,2025,28
,2025-07-15,Good,100,,Lettuce Head // Truchas,D2,29,2025,28
,2025-07-15,Good,100,,Lettuce Mix SN // (Spring/Fall) Prismatic + Butters,D2,30,2025,28
,2025-07-15,Good,100,,Bok Choy // Little Shanghai,E1,19,2025,28
,2025-07-09,Good,100,,Broccolini // BC1611,E1,16,2025,28
,2025-07-09,Good,100,,Broccolini // BC1611,E1,17,2025,28
,2025-07-09,Good,100,,Broccolini // BC1611,E1,18,2025,28
,2025-07-09,Good,100,,Broccolini // BC1611,E1,15,2025,28
,2025-07-17,Good,100,,Brussels Sprouts // Dagan,X3,5,2025,28
,2025-07-17,Good,100,,Brussels Sprouts // Dagan,X3,6,2025,28
,2025-07-17,Good,100,,Brussels Sprouts // Dagan,X3,7,2025,28
,2025-07-17,Good,100,,Brussels Sprouts // Dagan,X3,8,2025,28
,2025-07-17,Good,100,,Brussels Sprouts // Dagan,X3,9,2025,28
,2025-07-17,Good,100,,Cauliflower Sprouting // Fioretto 70,X3,3,2025,28
,2025-07-17,Good,100,,Cauliflower Sprouting // Fioretto 70,X3,4,2025,28
,2025-07-17,Good,100,,Cauliflower Sprouting // Murasaki Fioretto,X3,1,2025,28
,2025-07-17,Good,100,,Cauliflower Sprouting // Murasaki Fioretto,X3,2,2025,28
,2025-07-18,Good,100,,Greens Mix Amaranth // Polish,A3,22,2025,29
,2025-07-18,Good,100,,Greens Mix Cheap Frills // Cheap Frills,A3,22,2025,29
,2025-07-16,Good,100,,Puntarelle // Medusa,D1,5,2025,29
,2025-07-16,Good,100,,Puntarelle // Medusa,D1,6,2025,29
,2025-07-16,Good,100,,Radicchio Pink // Rosa Alba,D1,1,2025,29
,2025-07-16,Good,100,,Radicchio Pink // Rosa Alba,D1,2,2025,29
,2025-07-16,Good,100,,Radicchio Pink // Rosa Alba,D1,3,2025,29
,2025-07-16,Good,100,,Radicchio Pink // Rosa Alba,D1,4,2025,29
,2025-07-15,Good,100,combined with week 28 plantings,Lettuce Head // Alkindus,D2,29,2025,29
,2025-07-15,Good,100,combined with week 28 plantings,Lettuce Head // Monte Carlo,D2,29,2025,29
,2025-07-15,Good,100,combined with week 28 plantings,Lettuce Head // Queen of Hearts,D2,29,2025,29
,2025-07-15,Good,100,combined with week 28 plantings,Lettuce Head // Truchas,D2,29,2025,29
,2025-07-23,Good,100,,Cabbage Chinese // Merlot,Y1,1,2025,29
,2025-07-23,Good,100,,Cabbage Chinese // Merlot,Y1,2,2025,29
,2025-07-23,Good,100,,Cabbage Chinese // Minuet,Y1,3,2025,29
,2025-07-23,Good,100,,Cabbage Cone // Caraflex,Y1,4,2025,29
,2025-07-23,Good,100,,Cabbage Cone Storage // Murdoc,Y1,5,2025,29
,2025-07-23,Good,100,Ran out of Murdoc.  filled in with 175' promise.,Cabbage Cone Storage // Murdoc,Y1,8,2025,29
,2025-07-23,Good,100,,Cabbage Green Storage // Promise,Y1,8,2025,29
,2025-07-23,Good,100,,Cabbage Green Storage // Promise,Y1,6,2025,29
,2025-07-23,Good,100,,Cabbage Green Storage // Promise,Y1,7,2025,29
,2025-07-23,Good,100,,Cabbage Red // Omero,Y1,9,2025,29
,2025-07-24,Good,100,,Cabbage Red // Pink Cabbage Hybrid,Y1,10,2025,29
,2025-07-24,Good,100,,Cabbage Red // Ruby Perfection,Y1,11,2025,29
,2025-07-24,Good,100,,Cabbage Red // Ruby Perfection,Y1,12,2025,29
,2025-07-24,Good,100,,Cabbage Savoy // Famosa,Y1,13,2025,29
,2025-07-24,Good,100,,Cabbage Savoy // Famosa,Y1,14,2025,29
,2025-07-24,Good,100,,Greens Mix Amaranth // Polish,A3,23,2025,30
,2025-07-24,Good,100,,Greens Mix Cheap Frills // Cheap Frills,A3,23,2025,30
,2025-07-29,Good,100,,Celery // merengo,B3,7,2025,30
,2025-07-24,Good,100,,Cilantro // Cruiser,B3,8,2025,30
,2025-07-28,Good,100,,Scallion // Parade,B3,6,2025,30
,2025-07-22,Good,100,,Collards // Flash,C2,1,2025,30
,2025-07-22,Good,100,,Collards // Flash,C2,2,2025,30
,2025-07-22,Good,100,,Kale Curly // Winterbor,C2,3,2025,30
,2025-07-22,Good,100,,Kale Curly // Winterbor,C2,4,2025,30
,2025-07-22,Good,100,,Kale Lacinato // Ebony,C2,5,2025,30
,2025-07-22,Good,100,,Kale Lacinato // Ebony,C2,6,2025,30
,2025-07-22,Good,100,,Kale Lacinato // Ebony,C2,7,2025,30
,2025-07-22,Good,100,,Kale Lacinato // Ebony,C2,8,2025,30
,2025-07-29,Good,100,,Dandelion // Clio,D1,19,2025,30
,2025-07-25,Good,100,,Escarole // Eliance,D1,18,2025,30
,2025-07-25,Good,100,,Fennel // Orazio,D1,17,2025,30
,2025-07-29,Good,100,,Frisee // Curlesi,D1,18,2025,30
,2025-07-29,Good,100,combined with week 31 planting,Lettuce Head // Alkindus,D1,20,2025,30
,2025-07-29,Good,100,combined with week 31 planting,Lettuce Head // Monte Carlo,D1,20,2025,30
,2025-07-29,Good,100,combined with week 31 planting,Lettuce Head // Queen of Hearts,D1,20,2025,30
,2025-07-29,Good,100,combined with week 31 planting,Lettuce Head // Truchas,D1,20,2025,30
,2025-07-29,Good,100,,Lettuce Mix SN // (Spring/Fall) Prismatic + Butters,D1,21,2025,30
,2025-07-22,Good,100,,Radicchio Round // Indigo,D1,7,2025,30
,2025-07-22,Good,100,,Radicchio Round // T&T,D1,8,2025,30
,2025-07-22,Good,100,,Radicchio Round // Vasari,D1,9,2025,30
,2025-07-22,Good,100,,Radicchio Round // Vasari,D1,10,2025,30
,2025-07-22,Good,100,,Radicchio Treviso // Baldo ,D1,11,2025,30
,2025-07-22,Good,100,,Radicchio Treviso // Regina Rosa,D1,12,2025,30
,2025-07-25,Good,100,,Radicchio Treviso // Sangria,D1,13,2025,30
,2025-07-25,Good,100,,Radicchio Variegated // Beatrice,D1,14,2025,30
,2025-07-25,Good,100,125' Giorgine; 50' Mirabella; 25' Beatrice,Radicchio Variegated // Giorgine,D1,16,2025,30
,2025-07-25,Good,100,,Radicchio Variegated // Mirabella,D1,15,2025,30
,2025-07-29,Good,100,,Bok Choy // Little Shanghai,E1,20,2025,30
,2025-07-23,Good,100,,Broccolini // BC1611,E1,21,2025,30
,2025-07-23,Good,100,,Broccolini // BC1611,E1,22,2025,30
,2025-07-23,Good,100,,Broccolini // BC1611,E1,23,2025,30
,2025-07-23,Good,100,,Broccolini // BC1611,E1,24,2025,30
,2025-07-24,Good,100,,Chard // Bright Lights,E1,25,2025,30
,2025-07-24,Good,100,,Chard // Bright Lights,E1,26,2025,30
,2025-07-24,Good,100,,Cauliflower Sprouting // Fioretto 70,Y1,15,2025,30
,2025-07-24,Good,100,125' Mur Fio.  filled in with 30' Rose and 30' Fio,Cauliflower Sprouting // Murasaki Fioretto,Y1,16,2025,30
,2025-01-01,Good,100,Cancel,Arugula // Astro,A3,22,2025,31
,2025-01-01,Good,100,Cancel,Greens Mix Baby Kale // Red Russian Kale,A3,22,2025,31
,2025-01-01,Good,100,Cancel,Greens Mix Cheap Frills // Cheap Frills,A3,22,2025,31
,2025-01-01,Good,100,Cancel,Greens Mix Rosie // Rosie,A3,22,2025,31
,2025-01-01,Good,100,Cancel,Radish French Breakfast // French Breakfast,A3,23,2025,31
,2025-01-01,Good,100,Cancel,Radish Purple // Bacchus,A3,23,2025,31
,2025-01-01,Good,100,Cancel,Radish Red // Sora,A3,24,2025,31
,2025-07-28,Good,100,,Scallion // Parade,B3,6,2025,31
,2025-07-30,Good,100,,Beets Bulk Golden // Boldor,C3,22,2025,31
,2025-07-30,Good,100,,Beets Bulk Golden // Boldor,C3,23,2025,31
,2025-07-30,Good,100,,Beets Bulk Red // Boro F1,C3,24,2025,31
,2025-07-30,Good,100,,Beets Bulk Red // Boro F1,C3,25,2025,31
,2025-07-29,Good,100,combined with week 30 planting,Lettuce Head // Alkindus,D1,7,2025,31
,2025-07-29,Good,100,combined with week 30 planting,Lettuce Head // Monte Carlo,D1,7,2025,31
,2025-07-29,Good,100,combined with week 30 planting,Lettuce Head // Queen of Hearts,D1,7,2025,31
,2025-07-29,Good,100,combined with week 30 planting,Lettuce Head // Truchas,D1,7,2025,31
,2025-08-05,Good,100,,Radicchio Round // Leonardo,D1,19,2025,31
,2025-08-13,Good,100,,Cabbage Chinese // Minuet,X3,7,2025,31
,2025-08-18,Good,100,,Cilantro // Cruiser,A3,24,2025,32
,2025-01-01,Good,100,Cancel,Greens Mix Baby Kale // Red Russian Kale,A3,24,2025,32
,2025-01-01,Good,100,Cancel,Greens Mix Cheap Frills // Cheap Frills,A3,24,2025,32
,2025-01-01,Good,100,Cancel,Greens Mix Rosie // Rosie,A3,24,2025,32
,2025-08-14,Good,100,,Scallion // Parade,B3,28,2025,32
,2025-08-21,Good,100,,Chard // Bright Lights,C2,9,2025,32
,2025-08-21,Good,100,,Chard // Bright Lights,C2,10,2025,32
,2025-08-13,Good,100,,Collards // Flash,C2,11,2025,32
,2025-08-13,Good,100,,Collards // Flash,C2,12,2025,32
,2025-08-13,Good,100,,Kale Curly // Winterbor,C2,13,2025,32
,2025-08-13,Good,100,,Kale Curly // Winterbor,C2,14,2025,32
,2025-08-13,Good,100,,Kale Lacinato // Ebony,C2,15,2025,32
,2025-08-13,Good,100,,Kale Lacinato // Ebony,C2,16,2025,32
,2025-08-13,Good,100,,Kale Lacinato // Ebony,C2,17,2025,32
,2025-08-13,Good,100,,Kale Lacinato // Ebony,C2,18,2025,32
,2025-08-13,Good,100,,Kale Lacinato // Ebony,C2,19,2025,32
,2025-08-13,Good,100,,Kale Lacinato // Ebony,C2,20,2025,32
,2025-08-13,Good,100,,Dandelion // Clio,D1,20,2025,32
,2025-08-13,Good,100,,Escarole // Eliance,D1,4,2025,32
,2025-08-13,Good,100,,Fennel // Orazio,D1,21,2025,32
,2025-08-13,Good,100,,Frisee // Curlesi,D1,6,2025,32
,2025-08-13,Good,100,,Lettuce Head // Alkindus,D1,22,2025,32
,2025-08-13,Good,100,,Lettuce Head // Monte Carlo,D1,22,2025,32
,2025-08-13,Good,100,,Lettuce Head // Queen of Hearts,D1,22,2025,32
,2025-08-13,Good,100,,Lettuce Head // Truchas,D1,22,2025,32
,2025-08-05,Good,100,,Lettuce Mix SN // (Spring/Fall) Prismatic + Butters,D1,23,2025,32
,2025-08-14,Good,100,,Radish Daikon Bulk // Artesia,D1,24,2025,32
,2025-08-14,Good,100,,Radish Daikon Bulk // Bora Nam,D1,24,2025,32
,2025-08-14,Good,100,,Radish Daikon Bulk // Red King 2,D1,24,2025,32
,2025-08-14,Good,100,,Radish Daikon Bulk // Red Meat,D1,24,2025,32
,2025-08-14,Good,100,,Turnip // Hakurei,D1,25,2025,32
,2025-08-14,Good,100,,Turnip // Hirosaki,D1,25,2025,32
,2025-08-14,Good,100,& 75' Scarlet Queen,Turnip Bulk // Purple Top,D1,26,2025,32
,2025-08-13,Good,100,,Bok Choy // Little Shanghai,E1,27,2025,32
,2025-08-13,Good,100,,Broccolini // BC1611,E1,28,2025,32
,2025-08-13,Good,100,,Broccolini // BC1611,E1,29,2025,32
,2025-08-13,Good,100,,Broccolini // BC1611,E1,30,2025,32
,2025-08-13,Good,100,,Kohlrabi // Kolibri,X3,32,2025,32
,2025-08-13,Good,100,,Kohlrabi Storage // Kossak,X3,33,2025,32
,2025-08-13,Good,100,,Radish Daikon Bulk // Artesia,Y1,1,2025,32
,2025-08-13,Good,100,,Radish Daikon Bulk // Bora Nam,Y1,2,2025,32
,2025-08-13,Good,100,,Radish Daikon Bulk // Red King 2,Y1,3,2025,32
,2024-09-04,Good,100,,Scallion // Nabechan,CAT2,3,2024,36
,2024-09-04,Good,100,,Kale Curly // Winterbor,HT1,6,2024,36
,2024-09-04,Good,100,,Kale Curly // Winterbor,HT1,7,2024,36
,2024-09-04,Good,100,,Kale Curly // Winterbor,HT1,8,2024,36
,2024-09-04,Good,100,,Kale Lacinato // Ebony,HT1,1,2024,36
,2024-09-04,Good,100,,Kale Lacinato // Ebony,HT1,2,2024,36
,2024-09-04,Good,100,,Kale Lacinato // Ebony,HT1,3,2024,36
,2024-09-04,Good,100,,Kale Lacinato // Ebony,HT1,4,2024,36
,2024-09-04,Good,100,,Kale Lacinato // Ebony,HT1,5,2024,36
,2024-09-11,Good,100,,Lettuce Mini Gem // Rosaine,CAT1,1,2024,37
,2024-09-11,Good,100,,Lettuce Mini Gem // Rosaine,CAT1,2,2024,37
,2024-09-11,Good,100,,Kale Russian // Siberian,HT2,1,2024,37
,2024-09-11,Good,100,,Kale Russian // Siberian,HT2,2,2024,37
,2024-09-18,Good,100,,Lettuce Mini Gem // Rosaine,CAT1,3,2024,38
,2024-09-18,Good,100,,Dandelion // Clio,CAT4,1,2024,38
,2024-09-18,Good,100,,Dandelion // Clio,CAT4,2,2024,38
,2024-09-18,Good,100,,Kale Russian // Siberian,HT2,4,2024,38
,2024-09-18,Good,100,,Kale Russian // Siberian,HT2,3,2024,38
,2024-09-18,Good,100,,Kale Russian // Siberian,HT2,5,2024,38
,2024-09-18,Good,100,,Arugula // Astro,HT3,1,2024,38
,2024-09-18,Good,100,,Bok Choy // Li Ren,HT3,7,2024,38
,2024-09-18,Good,100,,Greens Mix Cheap Frills // Cheap Frills,HT3,1,2024,38
,2024-09-18,Good,100,,Lettuce Mix SN // Green Inscised SN,HT3,2,2024,38
,2024-09-18,Good,100,,Lettuce Mix SN // Green Sweet Crisp,HT3,3,2024,38
,2024-09-18,Good,100,,Lettuce Mix SN // Red Sweet Crisp,HT3,5,2024,38
,2024-09-18,Good,100,,Lettuce Mix SN // Red Tango,HT3,6,2024,38
,2024-09-18,Good,100,,Mustard // Miike Giant,HT3,4,2024,38
,2024-09-18,Good,100,,Chard // Bright Lights,HT4,4,2024,38
,2024-09-18,Good,100,,Chard // Bright Lights,HT4,5,2024,38
,2024-09-18,Good,100,,Chard // Bright Lights,HT4,6,2024,38
,2024-09-18,Good,100,,Cilantro // Calypso,JSS,3,2024,38
,2024-09-25,Good,100,,Scallion // Nabechan,CAT2,2,2024,39
,2024-09-25,Good,100,,Spinach // Kolibri,HT4,1,2024,39
,2024-09-25,Good,100,,Spinach // Kolibri,HT4,2,2024,39
,2024-09-25,Good,100,,Spinach // Kolibri,HT4,3,2024,39
,2024-10-02,Good,100,,Lettuce Mini Gem // Rosaine,HT2,8,2024,40
,2024-10-02,Good,100,,Lettuce Mix SN // Green Inscised SN,HT2,7,2024,40
,2024-10-02,Good,100,,Lettuce Mix SN // Green Sweet Crisp,HT2,6,2024,40
,2024-10-09,Good,100,,Scallion // Nabechan,CAT2,1,2024,42
,2024-10-16,Good,100,,Spinach // Kolibri,HT4,8,2024,43
,2024-10-16,Good,100,,Spinach // Kolibri,HT4,7,2024,43
,2024-10-16,Good,100,,Spinach // Kolibri,HT4,6,2024,43
,2024-11-13,Good,100,,Arugula // Astro,HT3,8,2024,46
,2024-11-13,Good,100,,Greens Mix Cheap Frills // Cheap Frills,HT3,8,2024,46
,2024-06-01,Good,100,2024 Bulk Harvest,Radicchio Round // Indigo,A2,20,2024,NA
,2024-06-01,Good,100,2024 Bulk Harvest,Sweet Potato Murasaki // Murasaki,A3,1,2024,NA
,2024-06-01,Good,100,2024 Bulk Harvest,Cabbage Cone Storage // Murdoc,B3,1,2024,NA
,2024-06-01,Good,100,2024 Bulk Harvest,Cabbage Red // Omero,B3,2,2024,NA
,2024-06-01,Good,100,2024 Bulk Harvest,Cabbage Savoy // Famosa,B3,3,2024,NA
,2024-06-01,Good,100,2024 Bulk Harvest,Cabbage Green Storage // Storage No. 4,B3,4,2024,NA
,2024-06-01,Good,100,2024 Bulk Harvest,Potato Yellow // Satina,C1,1,2024,NA
,2024-06-01,Good,100,2024 Bulk Harvest,Carrot Bulk // Bolero,D3,11,2024,NA
,2024-06-01,Good,100,2024 Bulk Harvest,Radish Daikon Bulk // Artesia,E1,20,2024,NA
,2024-06-01,Good,100,2024 Bulk Harvest,Turnip Bulk // Purple Top,E1,19,2024,NA
,2024-06-01,Good,100,2024 Bulk Harvest,Sweet Potato Covington // Covington,A3,2,2024,NA
,2024-06-01,Good,100,2024 Bulk Harvest,Winter Squash Koginut // Koginut,A3,3,2024,NA
,2024-06-01,Good,100,2024 Bulk Harvest,Winter Squash Kabocha // Tetsukabuto,A3,4,2024,NA
,2024-06-01,Good,100,2024 Bulk Harvest,Potato White // Kennebec,C1,10,2024,NA
,2025-08-13,Good,100,,Radish Daikon Bulk // Red Meat,Y1,4,2025,32
,2025-08-18,Good,100,,Arugula // Astro,A3,25,2025,33
,2025-08-18,Good,100,,Greens Mix Baby Kale // Red Russian Kale,A3,25,2025,33
,2025-08-18,Good,100,,Greens Mix Cheap Frills // Cheap Frills,A3,25,2025,33
,2025-08-18,Good,100,,Greens Mix Rosie // Rosie,A3,25,2025,33
,2025-08-18,Good,100,,Radish French Breakfast // French Breakfast,A3,26,2025,33
,2025-08-18,Good,100,,Radish Purple // Bacchus,A3,26,2025,33
,2025-08-18,Good,100,,Radish Red // Sora,A3,27,2025,33
,2025-08-14,Good,100,,Scallion // Parade,B3,28,2025,33
,2025-08-12,Good,100,,Beets Bulk Golden // Yellow Sunrise,C3,26,2025,33
,2025-08-12,Good,100,"S row Boldor, N row Surise",Beets Bulk Golden // Yellow Sunrise,C3,27,2025,33
,2025-08-12,Good,100,S row W 1/2 is Red Ace,Beets Bulk Red // Boro F1,C3,28,2025,33
,2025-08-12,Good,100,"Plan was Boro, ran out of seed, seeded Red Ace",Beets Red // Red Ace F1,C3,29,2025,33
,2025-01-01,Good,100,Cancel,Lettuce Head // Alkindus,D1,22,2025,33
,2025-01-01,Good,100,Cancel,Lettuce Head // Monte Carlo,D1,22,2025,33
,2025-01-01,Good,100,Cancel,Lettuce Head // Queen of Hearts,D1,22,2025,33
,2025-01-01,Good,100,Cancel,Lettuce Head // Truchas,D1,22,2025,33
,2025-01-01,Good,100,Cancel,Greens Mix Baby Kale // Red Russian Kale,A3,27,2025,34
,2025-01-01,Good,100,Cancel,Greens Mix Cheap Frills // Cheap Frills,A3,27,2025,34
,2025-01-01,Good,100,Cancel,Greens Mix Rosie // Rosie,A3,27,2025,34
,2025-01-01,Good,100,Cancel,Cilantro // Cruiser,B3,29,2025,34
,2025-08-22,Good,100,,Broccolini // Burgundy,C2,21,2025,34
,2025-08-22,Good,100,,Broccolini // Burgundy,C2,22,2025,34
,2025-08-22,Good,100,,Broccolini // Burgundy,C2,23,2025,34
,2025-08-22,Good,100,,Chard // Bright Lights,C2,24,2025,34
,2025-08-22,Good,100,,Kale Lacinato // Ebony,C2,25,2025,34
,2025-08-22,Good,100,,Kale Lacinato // Ebony,C2,26,2025,34
,2025-08-22,Good,100,,Kale Lacinato // Ebony,C2,27,2025,34
,2025-08-22,Good,100,,Kale Lacinato // Ebony,C2,28,2025,34
,2025-09-04,Good,100,1 bed in C2,Lettuce Mix SN // (Spring/Fall) Prismatic + Butters,C2,27,2025,34
,2025-01-01,Good,100,Cancel,Turnip // Hakurei,D1,26,2025,34
,2025-01-01,Good,100,Cancel,Bok Choy // Little Shanghai,E1,27,2025,34
,2025-09-03,Good,100,,Arugula // Astro,A3,28,2025,35
,2025-01-01,Good,100,Cancel,Greens Mix Baby Kale // Red Russian Kale,A3,28,2025,35
,2025-01-01,Good,100,Cancel,Greens Mix Cheap Frills // Cheap Frills,A3,28,2025,35
,2025-01-01,Good,100,Cancel,Greens Mix Rosie // Rosie,A3,28,2025,35
,2025-09-03,Good,100,,Radish French Breakfast // French Breakfast,A3,29,2025,35
,2025-09-03,Good,100,,Radish Purple // Bacchus,A3,29,2025,35
,2025-01-01,Good,100,Cancel,Radish Red // Sora,A3,30,2025,35
,2025-01-01,Good,100,Cancel,Cilantro // Cruiser,B3,30,2025,35
,2025-09-10,Good,100,,Dandelion // Clio,CAT3,1,2025,36
,2025-09-10,Good,100,,Dandelion // Clio,CAT3,2,2025,36
,2025-09-10,Good,100,,Lettuce Mix SN // (Winter) Prismatic + Batavian,CAT3,3,2025,36
,2025-09-15,Good,100,,Chard // Bright Lights,HT1,1,2025,36
,2025-09-15,Good,100,,Chard // Bright Lights,HT1,2,2025,36
,2025-09-15,Good,100,,Chard // Bright Lights,HT1,3,2025,36
,2025-09-15,Good,100,,Chard // Bright Lights,HT1,4,2025,36
,2025-09-16,Good,100,,Scallion // Parade,HT1,5,2025,36
,2025-09-16,Good,100,,Bok Choy // Little Shanghai,HT2,1,2025,36
,2025-09-16,Good,100,planted 25' of mizuna,Mustard // Miike Giant,HT2,7,2025,36
,2025-09-03,Good,100,,Greens Mix Baby Kale // Red Russian Kale,A3,30,2025,36
,2025-09-03,Good,100,,Greens Mix Cheap Frills // Cheap Frills,A3,30,2025,36
,2025-09-03,Good,100,,Greens Mix Rosie // Rosie,A3,30,2025,36
,2025-09-04,Good,100,2 beds in C2,Lettuce Mix SN // (Spring/Fall) Prismatic + Butters,C2,28,2025,36
,2025-09-04,Good,100,,Kale Lacinato // Ebony,HT5,6,2025,36
,2025-09-04,Good,100,,Kale Lacinato // Ebony,HT5,7,2025,36
,2025-09-04,Good,100,,Kale Lacinato // Ebony,HT5,8,2025,36
,2025-09-04,Good,100,,Kale Lacinato // Ebony,HT5,1,2025,36
,2025-09-04,Good,100,,Kale Lacinato // Ebony,HT5,2,2025,36
,2025-09-04,Good,100,,Kale Lacinato // Ebony,HT5,3,2025,36
,2025-09-04,Good,100,,Kale Lacinato // Ebony,HT5,4,2025,36
,2025-09-04,Good,100,,Kale Lacinato // Ebony,HT5,5,2025,36
,2025-09-16,Good,100,,Bok Choy // Little Shanghai,HT2,1,2025,37
,2025-09-22,Good,100,,Arugula Wild // Bellezia,CAT1,1,2025,38
,2025-09-22,Good,100,,Arugula Wild // Bellezia,CAT1,2,2025,38
,2025-09-22,Good,100,,Arugula Wild // Bellezia,CAT1,3,2025,38
,2025-09-16,Good,100,,Scallion // Parade,HT1,6,2025,38
,2025-10-08,Good,100,,Bok Choy // Little Shanghai,HT2,2,2025,38
,2025-09-18,Good,100,short 10',Mustard // Miike Giant,HT2,8,2025,38
,2025-09-22,Good,100,PP trays were spotty due to damping off (8/20 seeding),Spinach // Kolibri,HT3,1,2025,38
,2025-09-22,Good,100,PP trays were spotty due to damping off (8/20 seeding),Spinach // Kolibri,HT3,2,2025,38
,2025-09-22,Good,100,from 9/5 seeding,Spinach // Kolibri,HT3,3,2025,38
,2025-09-24,Good,100,DS Kolibiri - PP trays of other types un-usable due to damping off,Spinach // Kolibri,HT3,4,2025,38
,2025-09-24,Good,100,DS Kolibiri - PP trays of other types un-usable due to damping off,Spinach // Kolibri,HT3,5,2025,38
,2025-09-24,Good,100,DS Kolibiri - PP trays of other types un-usable due to damping off,Spinach // Kolibri,HT3,6,2025,38
,2025-09-26,Good,100,,Kale Russian // Siberian,HT4,6,2025,38
,2025-09-26,Good,100,,Kale Russian // Siberian,HT4,7,2025,38
,2025-09-26,Good,100,,Kale Russian // Siberian,HT4,3,2025,38
,2025-10-03,Good,100,,Lettuce Mix SN // (Winter) Prismatic + Batavian,HT4,4,2025,38
,2025-10-08,Good,100,,Bok Choy // Little Shanghai,HT2,2,2025,39
,2025-10-03,Good,100,,Lettuce Mix SN // (Winter) Prismatic + Batavian,HT4,5,2025,39
,2025-10-20,Good,100,,Arugula // Astro,JSS,1,2025,39
,2025-10-20,Good,100,,Greens Mix Cheap Frills // Cheap Frills,JSS,1,2025,39
,2025-10-08,Good,100,,Scallion // Parade,HT1,7,2025,40
,2025-01-01,Good,100,Cancel,Bok Choy // Little Shanghai,HT2,3,2025,40
,2025-01-01,Good,100,Cancel,Spinach // Kolibri,HT3,5,2025,40
,2025-01-01,Good,100,Cancel,Spinach // Kolibri,HT3,6,2025,40
,2025-09-26,Good,100,West side,Spinach // Rangitoto,HT3,7,2025,40
,2025-01-01,Good,100,Cancel,Spinach // Space,HT3,7,2025,40
,2025-09-26,Good,100,"3 N rows Sunangel, S row Rangitoto to W, Tarisier E",Spinach // Sunangel,HT3,8,2025,40
,2025-09-26,Good,100,East side,Spinach // Tarsier,HT3,7,2025,40
,2025-10-13,Good,100,,Lettuce Mix SN // (Winter) Prismatic + Batavian,HT4,6,2025,40
,2025-10-20,Good,100,,Bok Choy // Little Shanghai,HT2,3,2025,41
,2025-10-13,Good,100,,Lettuce Mix SN // (Winter) Prismatic + Batavian,HT4,7,2025,41
,2025-10-20,Good,100,Date is approximate,Arugula // Astro,JSS,2,2025,41
,2025-10-20,Good,100,Date is approximate,Greens Mix Cheap Frills // Cheap Frills,JSS,2,2025,41
,2025-10-20,Good,100,Date is approximate,Scallion // Parade,HT1,8,2025,42
,2025-10-20,Good,100,Date is approximate,Bok Choy // Little Shanghai,HT2,4,2025,42
,2025-10-20,Good,100,Date is approximate,Lettuce Mix SN // (Winter) Prismatic + Batavian,HT4,8,2025,42
,2025-10-20,Good,100,Date is approximate,Bok Choy // Little Shanghai,HT2,4,2025,43
,2025-11-04,Good,100,Date is approximate,Arugula // Astro,JSS,3,2025,43
,2025-11-04,Good,100,Date is approximate,Greens Mix Cheap Frills // Cheap Frills,JSS,3,2025,43
,2025-11-04,Good,100,"Date is approximate / assorted choy varieties, used best plants.",Bok Choy // Bopak,HT2,5,2025,44
,2025-11-04,Good,100,"Date is approximate / assorted choy varieties, used best plants.",Bok Choy // Bopak,HT2,5,2025,45
,2025-11-04,Good,100,"Date is approximate / assorted choy varieties, used best plants.",Bok Choy // Bopak,HT2,6,2025,46
,2025-11-04,Good,100,"Date is approximate / assorted choy varieties, used best plants.",Bok Choy // Bopak,HT2,6,2025,47
,,Good,100,,Greens Mix Baby Kale // Red Russian Kale,CAT2,3,2026,10
,,Good,100,,Greens Mix Cheap Frills // Cheap Frills,CAT3,3,2026,10
,,Good,100,,Radish French Breakfast // French Breakfast,CAT2,2,2026,10
,,Good,100,,Radish Purple // Bacchus,CAT2,1,2026,10
,2026-02-25,Good,100,,Arugula // Astro,HT2,3,2026,8
,2026-02-24,Good,100,,Greens Mix Baby Kale // Red Russian Kale,HT2,4,2026,8
,2026-02-24,Good,100,,Greens Mix Cheap Frills // Cheap Frills,HT2,3,2026,8
,,Good,100,,Greens Mix Cheap Frills // Cheap Frills,HT2,4,2026,9
,,Good,100,,Arugula // Astro,HT2,5,2026,10
,2026-03-31,Good,100,,Garlic // German White,B3,28,2026,12
,2026-03-31,Good,100,,Garlic // German White,B3,27,2026,12
,2026-03-31,Good,100,E side,Garlic // Hardneck - Em,B3,30,2026,12
,2026-03-31,Good,100,E side,Garlic // Hardneck - Em,B3,29,2026,12
,2026-03-31,Good,100,,Garlic // Music,B3,29,2026,12
,2026-03-31,Good,100,W side,Garlic // Music,B3,28,2026,12
,2026-03-31,Good,100,W side,Garlic // Softneck - Em,B3,30,2026,12
,,Good,100,,Pea Shelling // PLS595,HT4,2,2026,12
,,Good,100,,Pea Shelling // PLS595,HT4,1,2026,12
,2026-04-15,Good,100,3.3#/bed. soaked 1 day. drained/seeded day 3,Pea Snap // Super Sugar Snap,JSS,1,2026,12
,2026-04-15,Good,100,3.3#/bed. soaked 1 day. drained/seeded day 3,Pea Snap // Super Sugar Snap,JSS,2,2026,12
,2026-04-15,Good,100,3.3#/bed. soaked 1 day. drained/seeded day 3,Pea Snap // Super Sugar Snap,JSS,3,2026,12
,2026-04-15,Good,100,3.3#/bed. soaked 1 day. drained/seeded day 3,Pea Snap // Sweet Gem,CAT4,1,2026,12
,2026-04-15,Good,100,3.3#/bed. soaked 1 day. drained/seeded day 3,Pea Snap // Sweet Gem,CAT4,2,2026,12
,2026-04-15,Good,100,3.3#/bed. soaked 1 day. drained/seeded day 3,Pea Snap // Sweet Gem,CAT4,3,2026,12
,2026-04-01,Good,100,,Arugula // Astro,B1,1,2026,14
,2026-04-01,Good,100,,Frisee // Curlesi,B1,2,2026,14
,2026-04-01,Good,100,,Greens Mix Baby Kale // Red Russian Kale,B1,3,2026,14
,2026-04-01,Good,100,,Greens Mix Cheap Frills // Cheap Frills,B1,3,2026,14
,2026-04-01,Good,100,,Lettuce Head // Alkindus,B1,4,2026,14
,2026-04-01,Good,100,last 20' Rosaine,Lettuce Mini Gem // Gatsbi,B1,4,2026,14
,2026-04-01,Good,100,,Lettuce Mini Gem // Rosaine,B1,5,2026,14
,2026-04-01,Good,100,,Lettuce Mix SN // (Spring/Fall) Prismatic + Butters,B1,6,2026,14
,2026-04-01,Good,100,,Lettuce Mix SN // (Spring/Fall) Prismatic + Butters,B1,7,2026,14
,2026-04-01,Good,100,,Radish French Breakfast // French Breakfast,B1,8,2026,14
,2026-04-01,Good,100,,Radish Purple // Bacchus,B1,9,2026,14
,2026-04-01,Good,100,,Radish Red // Sora,B1,10,2026,14
,2026-04-10,Good,100,,Arugula // Astro,B1,11,2026,15
,2026-04-10,Good,100,,Cilantro // Cruiser,C3,1,2026,15
,2026-04-10,Good,100,,Greens Mix Baby Kale // Red Russian Kale,B1,12,2026,15
,2026-04-10,Good,100,,Greens Mix Cheap Frills // Cheap Frills,B1,12,2026,15
,2026-04-10,Good,100,came out a little light,Radish French Breakfast // French Breakfast,B1,13,2026,15
,2026-04-10,Good,100,,Radish Purple // Bacchus,B1,14,2026,15
,2026-04-10,Good,100,,Radish Red // Sora,B1,15,2026,15
,2026-04-10,Good,100,,Scallion // Parade,C3,2,2026,15
,2026-04-17,Good,100,,Arugula // Astro,B1,16,2026,16
,2026-04-14,Good,100,,Bok Choy // Li Ren Choi,B1,16,2026,16
,2026-04-14,Good,100,,Bok Choy // Li Ren Choi,B1,17,2026,16
,,Good,100,,Broccolini // BC1611,E2,1,2026,16
,,Good,100,,Broccolini // BC1611,E2,2,2026,16
,,Good,100,,Broccolini // BC1611,E2,3,2026,16
,2026-04-17,Good,100,,Chard // Bright Lights,D3,1,2026,16
,2026-04-17,Good,100,,Collards // Flash,D3,5,2026,16
,2026-04-14,Good,100,filled in with fennel,Dandelion // Clio,B2,1,2026,16
,2026-01-01,Good,100,CANCEL plants died,Escarole // Eros,B2,2,2026,16
,2026-04-14,Good,100,,Fennel // Orazio,B2,2,2026,16
,2026-04-17,Good,100,,Greens Mix Baby Kale // Red Russian Kale,B1,19,2026,16
,2026-04-17,Good,100,,Greens Mix Cheap Frills // Cheap Frills,B1,19,2026,16
,2026-04-17,Good,100,,Kale Curly // Winterbor,D3,5,2026,16
,2026-01-01,Good,100,CANCEL plants died,Kale Curly // Winterbor,D3,4,2026,16
,2026-04-17,Good,100,,Kale Lacinato // Ebony,D3,2,2026,16
,2026-04-17,Good,100,,Kale Lacinato // Ebony,D3,3,2026,16
,2026-04-17,Good,100,,Kale Lacinato // Ebony,D3,4,2026,16
,2026-01-01,Good,100,CANCEL,Kale Lacinato // Ebony,D3,8,2026,16
,2026-04-13,Good,100,,Lettuce Head // Alkindus,B2,3,2026,16
,2026-04-13,Good,100,,Lettuce Mini Gem // Gatsbi,B2,3,2026,16
,2026-04-13,Good,100,,Lettuce Mini Gem // Rosaine,B2,3,2026,16
,2026-04-13,Good,100,,Lettuce Mix SN // (Spring/Fall) Prismatic + Butters,B2,4,2026,16
,2026-04-13,Good,100,,Parsley // Giant of Italy,C3,4,2026,16
,,Good,100,delayed til week 17,Radicchio Round // Indigo,B2,6,2026,16
,,Good,100,delayed til week 17,Radicchio Variegated // Giorgine,B2,7,2026,16
,2026-04-17,Good,100,,Radish French Breakfast // French Breakfast,B1,20,2026,16
,2026-04-17,Good,100,,Radish Purple // Bacchus,B1,21,2026,16
,2026-04-17,Good,100,,Radish Red // Sora,B1,22,2026,16
,,Good,100,,Scallion // Parade,C3,4,2026,16
,,Good,100,,Zucchini Green // Noche,C1,1,2026,16
,,Good,100,,Zucchini Green // Noche,C1,2,2026,16
,,Good,100,,Arugula // Astro,B1,23,2026,17
,,Good,100,,Cabbage Chinese // Minuet,E2,4,2026,17
,,Good,100,,Cabbage Chinese // Minuet,E2,5,2026,17
,,Good,100,,Cabbage Savoy // Alcosa,E2,6,2026,17
,,Good,100,,Cauliflower Sprouting // Song,E2,7,2026,17
,,Good,100,,Cauliflower Sprouting // Song,E2,8,2026,17
,,Good,100,,Frisee // Curlesi,B1,28,2026,17
,,Good,100,,Greens Mix Baby Kale // Red Russian Kale,B1,24,2026,17
,,Good,100,,Greens Mix Cheap Frills // Cheap Frills,B1,24,2026,17
,,Good,100,,Lettuce Mix SN // (Spring/Fall) Prismatic + Butters,B2,8,2026,17
,,Good,100,,Radish French Breakfast // French Breakfast,B1,25,2026,17
,,Good,100,,Radish Purple // Bacchus,B1,26,2026,17
,,Good,100,,Radish Red // Sora,B1,27,2026,17
,,Good,100,,Scallion // Parade,C3,4,2026,17
,,Good,100,,Zucchini Green // Noche,C1,3,2026,17
,,Good,100,,Zucchini Green // Noche,C1,4,2026,17
,,Good,100,,Zucchini Green // Noche,C1,5,2026,17
,,Good,100,,Zucchini Green // Noche,C1,6,2026,17
,,Good,100,,Zucchini Striped // Pantheon,C1,7,2026,17
,,Good,100,,Zucchini Striped // Pantheon,C1,8,2026,17
,,Good,100,,Zucchini Yellow // Golden Glory,C1,9,2026,17
,,Good,100,,Zucchini Yellow // Golden Glory,C1,10,2026,17
,,Good,100,,Arugula // Astro,B1,29,2026,18
,,Good,100,,Beets Golden // Yellow Sunrise,D2,1,2026,18
,,Good,100,,Beets Golden // Yellow Sunrise,D2,2,2026,18
,,Good,100,,Beets Red // Red Ace F1,D2,3,2026,18
,,Good,100,,Bok Choy // Li Ren Choi,D1,1,2026,18
,,Good,100,,Broccolini // Bella Verde,E2,9,2026,18
,,Good,100,,Broccolini // Bella Verde,E2,10,2026,18
,,Good,100,,Broccolini // Happy Rich,E2,11,2026,18
,,Good,100,,Broccolini // Happy Rich,E2,12,2026,18
,,Good,100,,Broccolini // Happy Rich,E2,13,2026,18
,,Good,100,,Cauliflower Sprouting // Song,E2,14,2026,18
,,Good,100,,Cauliflower Sprouting // Song,E2,15,2026,18
,,Good,100,,Celery // merengo,C3,6,2026,18
,,Good,100,,Chard // Bright Lights,D3,9,2026,18
,,Good,100,,Chard // Bright Lights,D3,10,2026,18
,,Good,100,,Cilantro // Cruiser,C3,7,2026,18
,,Good,100,,Collards // Flash,D3,11,2026,18
,,Good,100,,Collards // Flash,D3,12,2026,18
,,Good,100,,Cucumber // Corinto,HT5,3,2026,18
,,Good,100,,Cucumber Katrina // Katrina,HT5,1,2026,18
,,Good,100,,Cucumber Katrina // Katrina,HT5,2,2026,18
,,Good,100,,Cucumber Pickling // Excelsior,HT5,4,2026,18
,,Good,100,,Escarole // Eliance,B2,9,2026,18
,,Good,100,,Greens Mix Baby Kale // Red Russian Kale,D1,2,2026,18
,,Good,100,,Greens Mix Cheap Frills // Cheap Frills,D1,2,2026,18
,,Good,100,,Kale Curly // Winterbor,D3,13,2026,18
,,Good,100,,Kale Curly // Winterbor,D3,14,2026,18
,,Good,100,,Kale Lacinato // Ebony,D3,15,2026,18
,,Good,100,,Kale Lacinato // Ebony,D3,16,2026,18
,,Good,100,,Kale Lacinato // Ebony,D3,17,2026,18
,,Good,100,,Kale Lacinato // Ebony,D3,18,2026,18
,,Good,100,,Lettuce Head // Alkindus,B2,10,2026,18
,,Good,100,,Lettuce Mini Gem // Gatsbi,B2,10,2026,18
,,Good,100,,Lettuce Mini Gem // Rosaine,B2,10,2026,18
,,Good,100,,Lettuce Mix SN // (Spring/Fall) Prismatic + Butters,B2,11,2026,18
,,Good,100,,Radish French Breakfast // French Breakfast,D1,2,2026,18
,,Good,100,,Radish Purple // Bacchus,D1,3,2026,18
,,Good,100,,Radish Red // Sora,D1,3,2026,18
,,Good,100,,Scallion // Parade,C3,5,2026,18
,,Good,100,,Arugula // Astro,D1,4,2026,19
,,Good,100,,Bean Snap TP // Nor'easter,HT4,6,2026,19
,,Good,100,,Bean Snap TP // Nor'easter,HT4,8,2026,19
,,Good,100,,Buckwheat // Standard,C3,15,2026,19
,,Good,100,,Buckwheat // Standard,C3,16,2026,19
,,Good,100,,Buckwheat // Standard,C3,17,2026,19
,,Good,100,,Buckwheat // Standard,C3,18,2026,19
,,Good,100,,Buckwheat // Standard,C3,19,2026,19
,,Good,100,,Buckwheat // Standard,C3,20,2026,19
,,Good,100,,Buckwheat // Standard,C3,21,2026,19
,,Good,100,,Buckwheat // Standard,C3,22,2026,19
,,Good,100,,Buckwheat // Standard,C3,23,2026,19
,,Good,100,,Buckwheat // Standard,C3,24,2026,19
,,Good,100,,Buckwheat // Standard,C3,25,2026,19
,,Good,100,,Buckwheat // Standard,C3,26,2026,19
,,Good,100,,Buckwheat // Standard,C3,27,2026,19
,,Good,100,,Buckwheat // Standard,C3,28,2026,19
,,Good,100,,Buckwheat // Standard,C3,29,2026,19
,,Good,100,,Buckwheat // Standard,C3,30,2026,19
,,Good,100,,Buckwheat // Standard,D1,15,2026,19
,,Good,100,,Buckwheat // Standard,D1,16,2026,19
,,Good,100,,Buckwheat // Standard,D1,17,2026,19
,,Good,100,,Buckwheat // Standard,D1,18,2026,19
,,Good,100,,Buckwheat // Standard,D1,19,2026,19
,,Good,100,,Buckwheat // Standard,D1,20,2026,19
,,Good,100,,Buckwheat // Standard,D1,21,2026,19
,,Good,100,,Buckwheat // Standard,D1,22,2026,19
,,Good,100,,Buckwheat // Standard,D1,23,2026,19
,,Good,100,,Buckwheat // Standard,D1,24,2026,19
,,Good,100,,Buckwheat // Standard,D1,25,2026,19
,,Good,100,,Buckwheat // Standard,D1,26,2026,19
,,Good,100,,Buckwheat // Standard,D1,27,2026,19
,,Good,100,,Buckwheat // Standard,D1,28,2026,19
,,Good,100,,Buckwheat // Standard,D1,29,2026,19
,,Good,100,,Buckwheat // Standard,D1,30,2026,19
,,Good,100,,Buckwheat // Standard,D2,7,2026,19
,,Good,100,,Buckwheat // Standard,D2,8,2026,19
,,Good,100,,Buckwheat // Standard,D2,9,2026,19
,,Good,100,,Buckwheat // Standard,D2,10,2026,19
,,Good,100,,Buckwheat // Standard,D2,11,2026,19
,,Good,100,,Buckwheat // Standard,D2,12,2026,19
,,Good,100,,Buckwheat // Standard,D2,13,2026,19
,,Good,100,,Buckwheat // Standard,D2,14,2026,19
,,Good,100,,Buckwheat // Standard,D2,15,2026,19
,,Good,100,,Buckwheat // Standard,D2,16,2026,19
,,Good,100,,Buckwheat // Standard,D2,17,2026,19
,,Good,100,,Buckwheat // Standard,D2,18,2026,19
,,Good,100,,Buckwheat // Standard,D2,19,2026,19
,,Good,100,,Buckwheat // Standard,D2,20,2026,19
,,Good,100,,Buckwheat // Standard,D2,21,2026,19
,,Good,100,,Buckwheat // Standard,D2,22,2026,19
,,Good,100,,Buckwheat // Standard,D2,23,2026,19
,,Good,100,,Buckwheat // Standard,D2,24,2026,19
,,Good,100,,Buckwheat // Standard,D2,25,2026,19
,,Good,100,,Buckwheat // Standard,D2,26,2026,19
,,Good,100,,Buckwheat // Standard,D2,27,2026,19
,,Good,100,,Buckwheat // Standard,D2,28,2026,19
,,Good,100,,Buckwheat // Standard,D2,29,2026,19
,,Good,100,,Buckwheat // Standard,D2,30,2026,19
,,Good,100,,Buckwheat // Standard,E1,1,2026,19
,,Good,100,,Buckwheat // Standard,E1,2,2026,19
,,Good,100,,Buckwheat // Standard,E1,3,2026,19
,,Good,100,,Buckwheat // Standard,E1,4,2026,19
,,Good,100,,Buckwheat // Standard,E1,5,2026,19
,,Good,100,,Buckwheat // Standard,E1,6,2026,19
,,Good,100,,Buckwheat // Standard,E1,7,2026,19
,,Good,100,,Buckwheat // Standard,E1,8,2026,19
,,Good,100,,Buckwheat // Standard,E1,9,2026,19
,,Good,100,,Buckwheat // Standard,E1,10,2026,19
,,Good,100,,Buckwheat // Standard,E1,11,2026,19
,,Good,100,,Buckwheat // Standard,E1,12,2026,19
,,Good,100,,Buckwheat // Standard,E1,13,2026,19
,,Good,100,,Buckwheat // Standard,E1,14,2026,19
,,Good,100,,Buckwheat // Standard,E1,15,2026,19
,,Good,100,,Buckwheat // Standard,E1,16,2026,19
,,Good,100,,Buckwheat // Standard,E1,17,2026,19
,,Good,100,,Buckwheat // Standard,E1,18,2026,19
,,Good,100,,Buckwheat // Standard,E1,19,2026,19
,,Good,100,,Buckwheat // Standard,E1,20,2026,19
,,Good,100,,Buckwheat // Standard,E1,21,2026,19
,,Good,100,,Buckwheat // Standard,E1,22,2026,19
,,Good,100,,Buckwheat // Standard,E1,23,2026,19
,,Good,100,,Buckwheat // Standard,E1,24,2026,19
,,Good,100,,Buckwheat // Standard,E1,25,2026,19
,,Good,100,,Cabbage Cone // Caraflex,E2,16,2026,19
,,Good,100,,Cabbage Cone // Caraflex,E2,17,2026,19
,,Good,100,,Cabbage Cone // Caraflex,E2,18,2026,19
,,Good,100,,Cabbage Red // Omero,E2,19,2026,19
,,Good,100,,Cabbage Red // Omero,E2,20,2026,19
,,Good,100,,Cabbage Red // Omero,X1,1,2026,19
,,Good,100,,Cabbage Red // Omero,X1,2,2026,19
,,Good,100,,Cabbage Red // Omero,X1,3,2026,19
,,Good,100,,Cabbage Savoy // Alcosa,X1,4,2026,19
,,Good,100,,Fennel // Orazio,B2,12,2026,19
,,Good,100,,Greens Mix Baby Kale // Red Russian Kale,D1,4,2026,19
,,Good,100,,Greens Mix Cheap Frills // Cheap Frills,D1,4,2026,19
,,Good,100,,Greens Mix Rosie // Rosie,D1,5,2026,19
,,Good,100,,Lettuce Mix SN // (Spring/Fall) Prismatic + Butters,B2,13,2026,19
,,Good,100,,Oats & Peas // Standard,A2,1,2026,19
,,Good,100,,Oats & Peas // Standard,A2,2,2026,19
,,Good,100,,Oats & Peas // Standard,A2,3,2026,19
,,Good,100,,Oats & Peas // Standard,A2,4,2026,19
,,Good,100,,Oats & Peas // Standard,A2,5,2026,19
,,Good,100,,Oats & Peas // Standard,A2,6,2026,19
,,Good,100,,Oats & Peas // Standard,A2,7,2026,19
,,Good,100,,Oats & Peas // Standard,A2,8,2026,19
,,Good,100,,Oats & Peas // Standard,A2,9,2026,19
,,Good,100,,Oats & Peas // Standard,A2,10,2026,19
,,Good,100,,Oats & Peas // Standard,A2,11,2026,19
,,Good,100,,Oats & Peas // Standard,A2,12,2026,19
,,Good,100,,Oats & Peas // Standard,A2,13,2026,19
,,Good,100,,Oats & Peas // Standard,A2,14,2026,19
,,Good,100,,Oats & Peas // Standard,A2,15,2026,19
,,Good,100,,Oats & Peas // Standard,A2,16,2026,19
,,Good,100,,Oats & Peas // Standard,A2,17,2026,19
,,Good,100,,Oats & Peas // Standard,A2,18,2026,19
,,Good,100,,Oats & Peas // Standard,A3,1,2026,19
,,Good,100,,Oats & Peas // Standard,A3,2,2026,19
,,Good,100,,Oats & Peas // Standard,A3,3,2026,19
,,Good,100,,Oats & Peas // Standard,A3,4,2026,19
,,Good,100,,Oats & Peas // Standard,A3,5,2026,19
,,Good,100,,Oats & Peas // Standard,A3,6,2026,19
,,Good,100,,Oats & Peas // Standard,A3,7,2026,19
,,Good,100,,Oats & Peas // Standard,A3,8,2026,19
,,Good,100,,Oats & Peas // Standard,A3,9,2026,19
,,Good,100,,Oats & Peas // Standard,A3,10,2026,19
,,Good,100,,Oats & Peas // Standard,A3,11,2026,19
,,Good,100,,Oats & Peas // Standard,A3,12,2026,19
,,Good,100,,Oats & Peas // Standard,A3,13,2026,19
,,Good,100,,Oats & Peas // Standard,A3,14,2026,19
,,Good,100,,Oats & Peas // Standard,A3,15,2026,19
,,Good,100,,Oats & Peas // Standard,A3,16,2026,19
,,Good,100,,Oats & Peas // Standard,A3,17,2026,19
,,Good,100,,Oats & Peas // Standard,A3,18,2026,19
,,Good,100,,Oats & Peas // Standard,A3,19,2026,19
,,Good,100,,Oats & Peas // Standard,A3,20,2026,19
,,Good,100,,Oats & Peas // Standard,A3,21,2026,19
,,Good,100,,Oats & Peas // Standard,A3,22,2026,19
,,Good,100,,Oats & Peas // Standard,A3,23,2026,19
,,Good,100,,Oats & Peas // Standard,A3,24,2026,19
,,Good,100,,Oats & Peas // Standard,A3,25,2026,19
,,Good,100,,Oats & Peas // Standard,A3,26,2026,19
,,Good,100,,Oats & Peas // Standard,A3,27,2026,19
,,Good,100,,Oats & Peas // Standard,A3,28,2026,19
,,Good,100,,Oats & Peas // Standard,A3,29,2026,19
,,Good,100,,Oats & Peas // Standard,A3,30,2026,19
,,Good,100,,Oats & Peas // Standard,B3,1,2026,19
,,Good,100,,Oats & Peas // Standard,B3,2,2026,19
,,Good,100,,Oats & Peas // Standard,B3,3,2026,19
,,Good,100,,Oats & Peas // Standard,B3,4,2026,19
,,Good,100,,Oats & Peas // Standard,B3,5,2026,19
,,Good,100,,Oats & Peas // Standard,B3,6,2026,19
,,Good,100,,Oats & Peas // Standard,B3,7,2026,19
,,Good,100,,Oats & Peas // Standard,B3,8,2026,19
,,Good,100,,Oats & Peas // Standard,B3,9,2026,19
,,Good,100,,Oats & Peas // Standard,B3,10,2026,19
,,Good,100,,Oats & Peas // Standard,B3,11,2026,19
,,Good,100,,Oats & Peas // Standard,B3,12,2026,19
,,Good,100,,Oats & Peas // Standard,B3,13,2026,19
,,Good,100,,Oats & Peas // Standard,B3,14,2026,19
,,Good,100,,Oats & Peas // Standard,B3,15,2026,19
,,Good,100,,Oats & Peas // Standard,B3,16,2026,19
,,Good,100,,Oats & Peas // Standard,B3,17,2026,19
,,Good,100,,Oats & Peas // Standard,B3,18,2026,19
,,Good,100,,Oats & Peas // Standard,B3,19,2026,19
,,Good,100,,Oats & Peas // Standard,B3,20,2026,19
,,Good,100,,Oats & Peas // Standard,B3,21,2026,19
,,Good,100,,Oats & Peas // Standard,B3,22,2026,19
,,Good,100,,Oats & Peas // Standard,B3,23,2026,19
,,Good,100,,Oats & Peas // Standard,B3,24,2026,19
,,Good,100,,Oats & Peas // Standard,B3,25,2026,19
,,Good,100,,Oats & Peas // Standard,B3,26,2026,19
,,Good,100,,Oats & Peas // Standard,B3,27,2026,19
,,Good,100,,Oats & Peas // Standard,B3,28,2026,19
,,Good,100,,Oats & Peas // Standard,B3,29,2026,19
,,Good,100,,Oats & Peas // Standard,B3,30,2026,19
,,Good,100,,Oats & Peas // Standard,C1,19,2026,19
,,Good,100,,Oats & Peas // Standard,C1,20,2026,19
,,Good,100,,Oats & Peas // Standard,C1,21,2026,19
,,Good,100,,Oats & Peas // Standard,C1,22,2026,19
,,Good,100,,Oats & Peas // Standard,C1,23,2026,19
,,Good,100,,Oats & Peas // Standard,C1,24,2026,19
,,Good,100,,Oats & Peas // Standard,C1,25,2026,19
,,Good,100,,Oats & Peas // Standard,C1,26,2026,19
,,Good,100,,Oats & Peas // Standard,C1,27,2026,19
,,Good,100,,Oats & Peas // Standard,C1,28,2026,19
,,Good,100,,Oats & Peas // Standard,C1,29,2026,19
,,Good,100,,Oats & Peas // Standard,C1,30,2026,19
,,Good,100,,Oats & Peas // Standard,C2,15,2026,19
,,Good,100,,Oats & Peas // Standard,C2,16,2026,19
,,Good,100,,Oats & Peas // Standard,C2,17,2026,19
,,Good,100,,Oats & Peas // Standard,C2,18,2026,19
,,Good,100,,Oats & Peas // Standard,C2,19,2026,19
,,Good,100,,Oats & Peas // Standard,C2,20,2026,19
,,Good,100,,Oats & Peas // Standard,C2,21,2026,19
,,Good,100,,Oats & Peas // Standard,C2,22,2026,19
,,Good,100,,Oats & Peas // Standard,C2,23,2026,19
,,Good,100,,Oats & Peas // Standard,C2,24,2026,19
,,Good,100,,Oats & Peas // Standard,C2,25,2026,19
,,Good,100,,Oats & Peas // Standard,C2,26,2026,19
,,Good,100,,Oats & Peas // Standard,C2,27,2026,19
,,Good,100,,Oats & Peas // Standard,C2,28,2026,19
,,Good,100,,Oats & Peas // Standard,C2,29,2026,19
,,Good,100,,Oats & Peas // Standard,C2,30,2026,19
,,Good,100,,Oats & Peas // Standard,X1,1,2026,19
,,Good,100,,Oats & Peas // Standard,X1,2,2026,19
,,Good,100,,Oats & Peas // Standard,X1,3,2026,19
,,Good,100,,Oats & Peas // Standard,X1,4,2026,19
,,Good,100,,Oats & Peas // Standard,X1,5,2026,19
,,Good,100,,Oats & Peas // Standard,X1,6,2026,19
,,Good,100,,Oats & Peas // Standard,X1,7,2026,19
,,Good,100,,Oats & Peas // Standard,X1,8,2026,19
,,Good,100,,Oats & Peas // Standard,X1,9,2026,19
,,Good,100,,Oats & Peas // Standard,X1,10,2026,19
,,Good,100,,Oats & Peas // Standard,X1,11,2026,19
,,Good,100,,Oats & Peas // Standard,X1,12,2026,19
,,Good,100,,Oats & Peas // Standard,X1,13,2026,19
,,Good,100,,Oats & Peas // Standard,X1,14,2026,19
,,Good,100,,Oats & Peas // Standard,X1,15,2026,19
,,Good,100,,Oats & Peas // Standard,X1,16,2026,19
,,Good,100,,Oats & Peas // Standard,X1,17,2026,19
,,Good,100,,Oats & Peas // Standard,X1,18,2026,19
,,Good,100,,Oats & Peas // Standard,X1,19,2026,19
,,Good,100,,Oats & Peas // Standard,X1,20,2026,19
,,Good,100,,Oats & Peas // Standard,X1,21,2026,19
,,Good,100,,Oats & Peas // Standard,X1,22,2026,19
,,Good,100,,Oats & Peas // Standard,X1,23,2026,19
,,Good,100,,Oats & Peas // Standard,X1,24,2026,19
,,Good,100,,Oats & Peas // Standard,X1,25,2026,19
,,Good,100,,Oats & Peas // Standard,X1,26,2026,19
,,Good,100,,Oats & Peas // Standard,X1,27,2026,19
,,Good,100,,Oats & Peas // Standard,X1,28,2026,19
,,Good,100,,Oats & Peas // Standard,X1,29,2026,19
,,Good,100,,Oats & Peas // Standard,X1,30,2026,19
,,Good,100,,Oats & Peas // Standard,X2,1,2026,19
,,Good,100,,Oats & Peas // Standard,X2,2,2026,19
,,Good,100,,Oats & Peas // Standard,X2,3,2026,19
,,Good,100,,Oats & Peas // Standard,X2,4,2026,19
,,Good,100,,Oats & Peas // Standard,X2,5,2026,19
,,Good,100,,Oats & Peas // Standard,X2,6,2026,19
,,Good,100,,Oats & Peas // Standard,X2,7,2026,19
,,Good,100,,Oats & Peas // Standard,X2,8,2026,19
,,Good,100,,Oats & Peas // Standard,X2,9,2026,19
,,Good,100,,Oats & Peas // Standard,X2,10,2026,19
,,Good,100,,Oats & Peas // Standard,X2,11,2026,19
,,Good,100,,Oats & Peas // Standard,X2,12,2026,19
,,Good,100,,Oats & Peas // Standard,X2,13,2026,19
,,Good,100,,Oats & Peas // Standard,X2,14,2026,19
,,Good,100,,Oats & Peas // Standard,X2,15,2026,19
,,Good,100,,Oats & Peas // Standard,X2,16,2026,19
,,Good,100,,Oats & Peas // Standard,X2,17,2026,19
,,Good,100,,Oats & Peas // Standard,X2,18,2026,19
,,Good,100,,Oats & Peas // Standard,X2,19,2026,19
,,Good,100,,Oats & Peas // Standard,X2,20,2026,19
,,Good,100,,Oats & Peas // Standard,X2,21,2026,19
,,Good,100,,Oats & Peas // Standard,X2,22,2026,19
,,Good,100,,Oats & Peas // Standard,X2,23,2026,19
,,Good,100,,Oats & Peas // Standard,X2,24,2026,19
,,Good,100,,Oats & Peas // Standard,X2,25,2026,19
,,Good,100,,Oats & Peas // Standard,X2,26,2026,19
,,Good,100,,Oats & Peas // Standard,X2,27,2026,19
,,Good,100,,Oats & Peas // Standard,X2,28,2026,19
,,Good,100,,Oats & Peas // Standard,X2,29,2026,19
,,Good,100,,Oats & Peas // Standard,X2,30,2026,19
,,Good,100,,Parsley // Giant of Italy,C3,8,2026,19
,,Good,100,,Potato Blue // Adirondack Blue,X3,1,2026,19
,,Good,100,,Potato Blue // Adirondack Blue,X3,2,2026,19
,,Good,100,,Potato Blue // Adirondack Blue,X3,3,2026,19
,,Good,100,,Potato Blue // Adirondack Blue,X3,4,2026,19
,,Good,100,,Potato White // Dark Red Norland,Y3,1,2026,19
,,Good,100,,Potato White // Dark Red Norland,Y3,2,2026,19
,,Good,100,,Potato White // Dark Red Norland,Y3,3,2026,19
,,Good,100,,Potato White // Dark Red Norland,Y3,4,2026,19
,,Good,100,,Potato White // Dark Red Norland,Y3,5,2026,19
,,Good,100,,Potato White // Dark Red Norland,Y3,6,2026,19
,,Good,100,,Potato White // Kennebec,Y3,7,2026,19
,,Good,100,,Potato White // Kennebec,Y3,8,2026,19
,,Good,100,,Potato White // Kennebec,Y3,9,2026,19
,,Good,100,,Potato White // Kennebec,Y3,10,2026,19
,,Good,100,,Potato White // Kennebec,Y3,11,2026,19
,,Good,100,,Potato White // Kennebec,Y3,12,2026,19
,,Good,100,,Potato White // Kennebec,Y3,13,2026,19
,,Good,100,,Potato White // Kennebec,Y3,14,2026,19
,,Good,100,,Potato White // Kennebec,Y3,15,2026,19
,,Good,100,,Potato White // Kennebec,Y3,16,2026,19
,,Good,100,,Potato White // Purple Viking,X3,5,2026,19
,,Good,100,,Potato White // Purple Viking,X3,6,2026,19
,,Good,100,,Potato White // Purple Viking,Y3,17,2026,19
,,Good,100,,Potato White // Purple Viking,Y3,18,2026,19
,,Good,100,,Potato White // Purple Viking,Y3,19,2026,19
,,Good,100,,Potato Yellow // Satina,Y3,20,2026,19
,,Good,100,,Potato Yellow // Satina,Y3,21,2026,19
,,Good,100,,Potato Yellow // Satina,Y3,22,2026,19
,,Good,100,,Potato Yellow // Satina,Y3,23,2026,19
,,Good,100,,Potato Yellow // Satina,Y3,24,2026,19
,,Good,100,,Potato Yellow // Satina,Y3,25,2026,19
,,Good,100,,Potato Yellow // Satina,Y3,26,2026,19
,,Good,100,,Potato Yellow // Satina,Y3,27,2026,19
,,Good,100,,Potato Yellow // Satina,Y3,28,2026,19
,,Good,100,,Potato Yellow // Satina,Y3,29,2026,19
,,Good,100,,Radicchio Round // Indigo,B2,14,2026,19
,,Good,100,,Radicchio Variegated // Giorgine,B2,15,2026,19
,,Good,100,,Radish French Breakfast // French Breakfast,D1,5,2026,19
,,Good,100,,Radish Purple // Bacchus,D1,6,2026,19
,,Good,100,,Radish Red // Sora,D1,6,2026,19
,,Good,100,,Scallion // Parade,C3,5,2026,19
,,Good,100,,Tomato Cherry Mix // Artemis,HT3,7,2026,19
,,Good,100,,Tomato Cherry Mix // Attracta,HT3,7,2026,19
,,Good,100,,Tomato Cherry Mix // Chocolate Sprinkles,HT3,8,2026,19
,,Good,100,,Tomato Cherry Mix // Honey Bee,HT3,8,2026,19
,,Good,100,,Tomato Cherry Mix // Mimi,HT3,7,2026,19
,,Good,100,,Tomato Cherry Mix // SunGreen,HT3,6,2026,19
,,Good,100,,Tomato Cherry Mix // Sunpeach,HT3,6,2026,19
,,Good,100,,Tomato Cherry Sungold // SunOrange,HT3,3,2026,19
,,Good,100,,Tomato Cherry Sungold // SunOrange,HT3,4,2026,19
,,Good,100,,Tomato Cherry Sungold // SunOrange,HT3,5,2026,19
,,Good,100,,Tomato Heirloom // MarMango,HT3,1,2026,19
,,Good,100,,Tomato Heirloom // Marnouar,HT3,2,2026,19
,,Good,100,,Zucchini Green // Noche,C1,11,2026,19
,,Good,100,,Zucchini Green // Noche,C1,12,2026,19
,,Good,100,,Zucchini Green // Noche,C1,13,2026,19
,,Good,100,,Zucchini Green // Noche,C1,14,2026,19
,,Good,100,,Zucchini Striped // Pantheon,C1,15,2026,19
,,Good,100,,Zucchini Yellow // Golden Glory,C1,16,2026,19
,,Good,100,,Zucchini Yellow // Golden Glory,C1,17,2026,19
,,Good,100,,Zucchini Yellow // Golden Glory,C1,18,2026,19
,,Good,100,,,,,,
,,Good,100,,,,,,
,,Good,100,,,,,,
,,Good,100,,,,,,
,,Good,100,,,,,,
,,Good,100,,,,,,
,,Good,100,,,,,,
,,Good,100,,,,,,
,,Good,100,,,,,,
,,Good,100,,,,,,
,,Good,100,,,,,,
,,Good,100,,,,,,
,,Good,100,,,,,,
,,Good,100,,,,,,
,,Good,100,,,,,,
,,Good,100,,,,,,
,,Good,100,,,,,,
,,Good,100,,,,,,
,,Good,100,,,,,,
,,Good,100,,,,,,
,,Good,100,,,,,,
,,Good,100,,,,,,
,,Good,100,,,,,,
,,Good,100,,,,,,
,,Good,100,,,,,,
,,Good,100,,,,,,
,,Good,100,,,,,,
,,Good,100,,,,,,
,,Good,100,,,,,,
,,Good,100,,,,,,
,,Good,100,,,,,,
,,Good,100,,,,,,
,,Good,100,,,,,,
,,Good,100,,,,,,
,,Good,100,,,,,,
,,Good,100,,,,,,
,,Good,100,,,,,,
,,Good,100,,,,,,
,,Good,100,,,,,,
,,Good,100,,,,,,
,,Good,100,,,,,,
,,Good,100,,,,,,
,,Good,100,,,,,,
,,Good,100,,,,,,
,,Good,100,,,,,,
,,Good,100,,,,,,
,,Good,100,,,,,,
,,Good,100,,,,,,
,,Good,100,,,,,,
,,Good,100,,,,,,
,,Good,100,,,,,,
,,Good,100,,,,,,
,,Good,100,,,,,,
,,Good,100,,,,,,
,,Good,100,,,,,,
,,Good,100,,,,,,
,,Good,100,,,,,,
,,Good,100,,,,,,
,,Good,100,,,,,,
,,Good,100,,,,,,
,,Good,100,,,,,,
,,Good,100,,,,,,
,,Good,100,,,,,,
,,Good,100,,,,,,
,,Good,100,,,,,,
,,Good,100,,,,,,
,,Good,100,,,,,,
,,Good,100,,,,,,
,,Good,100,,,,,,
,,Good,100,,,,,,
,,Good,100,,,,,,
,,Good,100,,,,,,
,,Good,100,,,,,,
,,Good,100,,,,,,
,,Good,100,,,,,,
,,Good,100,,,,,,
,,Good,100,,,,,,
,,Good,100,,,,,,
,,Good,100,,,,,,
,,Good,100,,,,,,
,,Good,100,,,,,,
,,Good,100,,,,,,
,,Good,100,,,,,,
,,Good,100,,,,,,
,,Good,100,,,,,,
,,Good,100,,,,,,
,,Good,100,,,,,,
,,Good,100,,,,,,
,,Good,100,,,,,,
,,Good,100,,,,,,
,,Good,100,,,,,,
,,Good,100,,,,,,
,,Good,100,,,,,,
,,Good,100,,,,,,
,,Good,100,,,,,,
,,Good,100,,,,,,
,,Good,100,,,,,,
,,Good,100,,,,,,
,,Good,100,,,,,,
,,Good,100,,,,,,
,,Good,100,,,,,,
,,Good,100,,,,,,
,,Good,100,,,,,,
,,Good,100,,,,,,
,,Good,100,,,,,,
,,Good,100,,,,,,
,,Good,100,,,,,,
,,Good,100,,,,,,
,,Good,100,,,,,,
,,Good,100,,,,,,
,,Good,100,,,,,,
,,Good,100,,,,,,
,,Good,100,,,,,,
,,Good,100,,,,,,
,,Good,100,,,,,,
,,Good,100,,,,,,
,,Good,100,,,,,,
,,Good,100,,,,,,
,,Good,100,,,,,,
,,Good,100,,,,,,
,,Good,100,,,,,,
,,Good,100,,,,,,
,,Good,100,,,,,,
,,Good,100,,,,,,
,,Good,100,,,,,,
,,Good,100,,,,,,
,,Good,100,,,,,,
,,Good,100,,,,,,
,,Good,100,,,,,,
,,Good,100,,,,,,
,,Good,100,,,,,,
,,Good,100,,,,,,
,,Good,100,,,,,,
,,Good,100,,,,,,
,,Good,100,,,,,,
,,Good,100,,,,,,
,,Good,100,,,,,,
,,Good,100,,,,,,
,,Good,100,,,,,,
,,Good,100,,,,,,
,,Good,100,,,,,,
,,Good,100,,,,,,
,,Good,100,,,,,,
,,Good,100,,,,,,
,,Good,100,,,,,,
,,Good,100,,,,,,
,,Good,100,,,,,,
,,Good,100,,,,,,
,,Good,100,,,,,,
,,Good,100,,,,,,
,,Good,100,,,,,,
,,Good,100,,,,,,
,,Good,100,,,,,,
,,Good,100,,,,,,
,,Good,100,,,,,,
,,Good,100,,,,,,
,,Good,100,,,,,,
,,Good,100,,,,,,
,,Good,100,,,,,,
,,Good,100,,,,,,
,,Good,100,,,,,,
,,Good,100,,,,,,
,,Good,100,,,,,,
,,Good,100,,,,,,
,,Good,100,,,,,,
,,Good,100,,,,,,
,,Good,100,,,,,,
,,Good,100,,,,,,
,,Good,100,,,,,,
,,Good,100,,,,,,
,,Good,100,,,,,,
,,Good,100,,,,,,
,,Good,100,,,,,,
,,Good,100,,,,,,
,,Good,100,,,,,,
,,Good,100,,,,,,
,,Good,100,,,,,,
,,Good,100,,,,,,
,,Good,100,,,,,,
,,Good,100,,,,,,
,,Good,100,,,,,,
,,Good,100,,,,,,
,,Good,100,,,,,,
,,Good,100,,,,,,
,,Good,100,,,,,,
,,Good,100,,,,,,
,,Good,100,,,,,,
,,Good,100,,,,,,
,,Good,100,,,,,,
,,Good,100,,,,,,
,,Good,100,,,,,,
,,Good,100,,,,,,
,,Good,100,,,,,,
,,Good,100,,,,,,
,,Good,100,,,,,,
,,Good,100,,,,,,
,,Good,100,,,,,,
,,Good,100,,,,,,
,,Good,100,,,,,,
,,Good,100,,,,,,
,,Good,100,,,,,,
,,Good,100,,,,,,
,,Good,100,,,,,,
,,Good,100,,,,,,
,,Good,100,,,,,,
,,Good,100,,,,,,
,,Good,100,,,,,,
,,Good,100,,,,,,
,,Good,100,,,,,,
,,Good,100,,,,,,
,,Good,100,,,,,,
,,Good,100,,,,,,
,,Good,100,,,,,,
,,Good,100,,,,,,
,,Good,100,,,,,,
,,Good,100,,,,,,
,,Good,100,,,,,,
,,Good,100,,,,,,
,,Good,100,,,,,,
,,Good,100,,,,,,
,,Good,100,,,,,,
,,Good,100,,,,,,
,,Good,100,,,,,,
,,Good,100,,,,,,
,,Good,100,,,,,,
,,Good,100,,,,,,
,,Good,100,,,,,,
,,Good,100,,,,,,
,,Good,100,,,,,,
,,Good,100,,,,,,
,,Good,100,,,,,,
,,Good,100,,,,,,
,,Good,100,,,,,,
,,Good,100,,,,,,
,,Good,100,,,,,,
,,Good,100,,,,,,
,,Good,100,,,,,,
,,Good,100,,,,,,
,,Good,100,,,,,,
,,Good,100,,,,,,
,,Good,100,,,,,,
,,Good,100,,,,,,
,,Good,100,,,,,,
,,Good,100,,,,,,
,,Good,100,,,,,,
,,Good,100,,,,,,
,,Good,100,,,,,,
,,Good,100,,,,,,
,,Good,100,,,,,,
,,Good,100,,,,,,
,,Good,100,,,,,,
,,Good,100,,,,,,
,,Good,100,,,,,,
,,Good,100,,,,,,
,,Good,100,,,,,,
,,Good,100,,,,,,
,,Good,100,,,,,,
,,Good,100,,,,,,
,,Good,100,,,,,,
,,Good,100,,,,,,
,,Good,100,,,,,,
,,Good,100,,,,,,
,,Good,100,,,,,,
,,Good,100,,,,,,
,,Good,100,,,,,,
,,Good,100,,,,,,
,,Good,100,,,,,,
,,Good,100,,,,,,
,,Good,100,,,,,,
,,Good,100,,,,,,
,,Good,100,,,,,,
,,Good,100,,,,,,
,,Good,100,,,,,,
,,Good,100,,,,,,
,,Good,100,,,,,,
,,Good,100,,,,,,
,,Good,100,,,,,,
,,Good,100,,,,,,
,,Good,100,,,,,,
,,Good,100,,,,,,
,,Good,100,,,,,,
,,Good,100,,,,,,
,,Good,100,,,,,,
,,Good,100,,,,,,
,,Good,100,,,,,,
,,Good,100,,,,,,
,,Good,100,,,,,,
,,Good,100,,,,,,
,,Good,100,,,,,,
,,Good,100,,,,,,
,,Good,100,,,,,,
,,Good,100,,,,,,
,,Good,100,,,,,,
,,Good,100,,,,,,
,,Good,100,,,,,,
,,Good,100,,,,,,
,,Good,100,,,,,,
,,Good,100,,,,,,
,,Good,100,,,,,,
,,Good,100,,,,,,
,,Good,100,,,,,,
,,Good,100,,,,,,
,,Good,100,,,,,,
,,Good,100,,,,,,
,,Good,100,,,,,,
,,Good,100,,,,,,
,,Good,100,,,,,,
,,Good,100,,,,,,
,,Good,100,,,,,,
,,Good,100,,,,,,
,,Good,100,,,,,,
,,Good,100,,,,,,
,,Good,100,,,,,,
,,Good,100,,,,,,
,,Good,100,,,,,,
,,Good,100,,,,,,
,,Good,100,,,,,,
,,Good,100,,,,,,
,,Good,100,,,,,,
,,Good,100,,,,,,
,,Good,100,,,,,,
,,Good,100,,,,,,
,,Good,100,,,,,,
,,Good,100,,,,,,
,,Good,100,,,,,,
,,Good,100,,,,,,
,,Good,100,,,,,,
,,Good,100,,,,,,
,,Good,100,,,,,,
,,Good,100,,,,,,
,,Good,100,,,,,,
,,Good,100,,,,,,
,,Good,100,,,,,,
,,Good,100,,,,,,
,,Good,100,,,,,,
,,Good,100,,,,,,
,,Good,100,,,,,,
,,Good,100,,,,,,
,,Good,100,,,,,,
,,Good,100,,,,,,
,,Good,100,,,,,,
,,Good,100,,,,,,
,,Good,100,,,,,,
,,Good,100,,,,,,
,,Good,100,,,,,,
,,Good,100,,,,,,
,,Good,100,,,,,,
,,Good,100,,,,,,
,,Good,100,,,,,,
,,Good,100,,,,,,
,,Good,100,,,,,,
,,Good,100,,,,,,
,,Good,100,,,,,,
,,Good,100,,,,,,
,,Good,100,,,,,,
,,Good,100,,,,,,
,,Good,100,,,,,,
,,Good,100,,,,,,
,,Good,100,,,,,,
,,Good,100,,,,,,
,,Good,100,,,,,,
,,Good,100,,,,,,
,,Good,100,,,,,,
,,Good,100,,,,,,
,,Good,100,,,,,,
,,Good,100,,,,,,
,,Good,100,,,,,,
,,Good,100,,,,,,
,,Good,100,,,,,,
,,Good,100,,,,,,
,,Good,100,,,,,,
,,Good,100,,,,,,
,,Good,100,,,,,,
,,Good,100,,,,,,
,,Good,100,,,,,,
,,Good,100,,,,,,
,,Good,100,,,,,,
,,Good,100,,,,,,
,,Good,100,,,,,,
,,Good,100,,,,,,
,,Good,100,,,,,,
,,Good,100,,,,,,
,,Good,100,,,,,,
,,Good,100,,,,,,
,,Good,100,,,,,,
,,Good,100,,,,,,
,,Good,100,,,,,,
,,Good,100,,,,,,
,,Good,100,,,,,,
,,Good,100,,,,,,
,,Good,100,,,,,,
,,Good,100,,,,,,
,,Good,100,,,,,,
,,Good,100,,,,,,
,,Good,100,,,,,,
,,Good,100,,,,,,
,,Good,100,,,,,,
,,Good,100,,,,,,
,,Good,100,,,,,,
,,Good,100,,,,,,
,,Good,100,,,,,,
,,Good,100,,,,,,
,,Good,100,,,,,,
,,Good,100,,,,,,
,,Good,100,,,,,,
,,Good,100,,,,,,
,,Good,100,,,,,,
,,Good,100,,,,,,
,,Good,100,,,,,,
,,Good,100,,,,,,
,,Good,100,,,,,,
,,Good,100,,,,,,
,,Good,100,,,,,,
,,Good,100,,,,,,
,,Good,100,,,,,,
,,Good,100,,,,,,
,,Good,100,,,,,,
,,Good,100,,,,,,
,,Good,100,,,,,,
,,Good,100,,,,,,
,,Good,100,,,,,,
,,Good,100,,,,,,
,,Good,100,,,,,,
,,Good,100,,,,,,
,,Good,100,,,,,,
,,Good,100,,,,,,
,,Good,100,,,,,,
,,Good,100,,,,,,
,,Good,100,,,,,,
,,Good,100,,,,,,
,,Good,100,,,,,,
,,Good,100,,,,,,
,,Good,100,,,,,,
,,Good,100,,,,,,
,,Good,100,,,,,,
,,Good,100,,,,,,
,,Good,100,,,,,,
,,Good,100,,,,,,
,,Good,100,,,,,,
,,Good,100,,,,,,
,,Good,100,,,,,,
,,Good,100,,,,,,
,,Good,100,,,,,,
,,Good,100,,,,,,
,,Good,100,,,,,,
,,Good,100,,,,,,
,,Good,100,,,,,,
,,Good,100,,,,,,
,,Good,100,,,,,,
,,Good,100,,,,,,
,,Good,100,,,,,,
,,Good,100,,,,,,
,,Good,100,,,,,,
,,Good,100,,,,,,
,,Good,100,,,,,,
,,Good,100,,,,,,
,,Good,100,,,,,,
,,Good,100,,,,,,
,,Good,100,,,,,,
,,Good,100,,,,,,
,,Good,100,,,,,,
,,Good,100,,,,,,
,,Good,100,,,,,,
,,Good,100,,,,,,
,,Good,100,,,,,,
,,Good,100,,,,,,
,,Good,100,,,,,,
,,Good,100,,,,,,
,,Good,100,,,,,,
,,Good,100,,,,,,
,,Good,100,,,,,,
,,Good,100,,,,,,
,,Good,100,,,,,,
,,Good,100,,,,,,
,,Good,100,,,,,,
,,Good,100,,,,,,
,,Good,100,,,,,,
,,Good,100,,,,,,
,,Good,100,,,,,,
,,Good,100,,,,,,
,,Good,100,,,,,,
,,Good,100,,,,,,
,,Good,100,,,,,,
,,Good,100,,,,,,
,,Good,100,,,,,,
,,Good,100,,,,,,
,,Good,100,,,,,,
,,Good,100,,,,,,
,,Good,100,,,,,,
,,Good,100,,,,,,
,,Good,100,,,,,,
,,Good,100,,,,,,
,,Good,100,,,,,,
,,Good,100,,,,,,
,,Good,100,,,,,,
,,Good,100,,,,,,
,,Good,100,,,,,,
,,Good,100,,,,,,
,,Good,100,,,,,,
,,Good,100,,,,,,
,,Good,100,,,,,,
,,Good,100,,,,,,
,,Good,100,,,,,,
,,Good,100,,,,,,
,,Good,100,,,,,,
,,Good,100,,,,,,
,,Good,100,,,,,,
,,Good,100,,,,,,
,,Good,100,,,,,,
,,Good,100,,,,,,
,,Good,100,,,,,,
,,Good,100,,,,,,
,,Good,100,,,,,,
,,Good,100,,,,,,
,,Good,100,,,,,,
,,Good,100,,,,,,
,,Good,100,,,,,,
,,Good,100,,,,,,
,,Good,100,,,,,,
,,Good,100,,,,,,
,,Good,100,,,,,,
,,Good,100,,,,,,
,,Good,100,,,,,,
,,Good,100,,,,,,
,,Good,100,,,,,,
,,Good,100,,,,,,
,,Good,100,,,,,,
,,Good,100,,,,,,
,,Good,100,,,,,,
,,Good,100,,,,,,
,,Good,100,,,,,,
,,Good,100,,,,,,
,,Good,100,,,,,,
,,Good,100,,,,,,
,,Good,100,,,,,,
,,Good,100,,,,,,
,,Good,100,,,,,,
,,Good,100,,,,,,
,,Good,100,,,,,,
,,Good,100,,,,,,
,,Good,100,,,,,,
,,Good,100,,,,,,
,,Good,100,,,,,,
,,Good,100,,,,,,
,,Good,100,,,,,,
,,Good,100,,,,,,
,,Good,100,,,,,,
,,Good,100,,,,,,
,,Good,100,,,,,,
,,Good,100,,,,,,
,,Good,100,,,,,,
,,Good,100,,,,,,
,,Good,100,,,,,,
,,Good,100,,,,,,
,,Good,100,,,,,,
,,Good,100,,,,,,
,,Good,100,,,,,,
,,Good,100,,,,,,
,,Good,100,,,,,,
,,Good,100,,,,,,
,,Good,100,,,,,,
,,Good,100,,,,,,
,,Good,100,,,,,,
,,Good,100,,,,,,
,,Good,100,,,,,,
,,Good,100,,,,,,
,,Good,100,,,,,,
,,Good,100,,,,,,
,,Good,100,,,,,,
,,Good,100,,,,,,
,,Good,100,,,,,,
,,Good,100,,,,,,
,,Good,100,,,,,,
,,Good,100,,,,,,
,,Good,100,,,,,,
,,Good,100,,,,,,
,,Good,100,,,,,,
,,Good,100,,,,,,
,,Good,100,,,,,,
,,Good,100,,,,,,
,,Good,100,,,,,,
,,Good,100,,,,,,
,,Good,100,,,,,,
,,Good,100,,,,,,
,,Good,100,,,,,,
,,Good,100,,,,,,
,,Good,100,,,,,,
,,Good,100,,,,,,
,,Good,100,,,,,,
,,Good,100,,,,,,
,,Good,100,,,,,,
,,Good,100,,,,,,
,,Good,100,,,,,,
,,Good,100,,,,,,
,,Good,100,,,,,,
,,Good,100,,,,,,
,,Good,100,,,,,,
,,Good,100,,,,,,
,,Good,100,,,,,,
,,Good,100,,,,,,
,,Good,100,,,,,,
,,Good,100,,,,,,
,,Good,100,,,,,,
,,Good,100,,,,,,
,,Good,100,,,,,,
,,Good,100,,,,,,
,,Good,100,,,,,,
,,Good,100,,,,,,
,,Good,100,,,,,,
,,Good,100,,,,,,
,,Good,100,,,,,,
,,Good,100,,,,,,
,,Good,100,,,,,,
,,Good,100,,,,,,
,,Good,100,,,,,,
,,Good,100,,,,,,
,,Good,100,,,,,,
,,Good,100,,,,,,
,,Good,100,,,,,,
,,Good,100,,,,,,
,,Good,100,,,,,,
,,Good,100,,,,,,
,,Good,100,,,,,,
,,Good,100,,,,,,
,,Good,100,,,,,,
,,Good,100,,,,,,
,,Good,100,,,,,,
,,Good,100,,,,,,
,,Good,100,,,,,,
,,Good,100,,,,,,
,,Good,100,,,,,,
,,Good,100,,,,,,
,,Good,100,,,,,,
,,Good,100,,,,,,
,,Good,100,,,,,,
,,Good,100,,,,,,
,,Good,100,,,,,,
,,Good,100,,,,,,
,,Good,100,,,,,,
,,Good,100,,,,,,
,,Good,100,,,,,,
,,Good,100,,,,,,
,,Good,100,,,,,,
,,Good,100,,,,,,
,,Good,100,,,,,,
,,Good,100,,,,,,
,,Good,100,,,,,,
,,Good,100,,,,,,
,,Good,100,,,,,,
,,Good,100,,,,,,
,,Good,100,,,,,,
,,Good,100,,,,,,
,,Good,100,,,,,,
,,Good,100,,,,,,
,,Good,100,,,,,,
,,Good,100,,,,,,
,,Good,100,,,,,,
,,Good,100,,,,,,
,,Good,100,,,,,,
,,Good,100,,,,,,
,,Good,100,,,,,,
,,Good,100,,,,,,
,,Good,100,,,,,,
,,Good,100,,,,,,
,,Good,100,,,,,,
,,Good,100,,,,,,
,,Good,100,,,,,,
,,Good,100,,,,,,
,,Good,100,,,,,,
,,Good,100,,,,,,
,,Good,100,,,,,,
,,Good,100,,,,,,
,,Good,100,,,,,,
,,Good,100,,,,,,
,,Good,100,,,,,,
,,Good,100,,,,,,
,,Good,100,,,,,,
,,Good,100,,,,,,
,,Good,100,,,,,,
,,Good,100,,,,,,
,,Good,100,,,,,,
,,Good,100,,,,,,
,,Good,100,,,,,,
,,Good,100,,,,,,
,,Good,100,,,,,,
,,Good,100,,,,,,
,,Good,100,,,,,,
,,Good,100,,,,,,
,,Good,100,,,,,,
,,Good,100,,,,,,
,,Good,100,,,,,,
,,Good,100,,,,,,
,,Good,100,,,,,,
,,Good,100,,,,,,
,,Good,100,,,,,,
,,Good,100,,,,,,
,,Good,100,,,,,,
,,Good,100,,,,,,
,,Good,100,,,,,,
,,Good,100,,,,,,
,,Good,100,,,,,,
,,Good,100,,,,,,
,,Good,100,,,,,,
,,Good,100,,,,,,
,,Good,100,,,,,,
,,Good,100,,,,,,
,,Good,100,,,,,,
,,Good,100,,,,,,
,,Good,100,,,,,,
,,Good,100,,,,,,
,,Good,100,,,,,,
,,Good,100,,,,,,
,,Good,100,,,,,,
,,Good,100,,,,,,
,,Good,100,,,,,,
,,Good,100,,,,,,
,,Good,100,,,,,,
,,Good,100,,,,,,
,,Good,100,,,,,,
,,Good,100,,,,,,
,,Good,100,,,,,,
,,Good,100,,,,,,
,,Good,100,,,,,,
,,Good,100,,,,,,
,,Good,100,,,,,,
,,Good,100,,,,,,
,,Good,100,,,,,,
,,Good,100,,,,,,
,,Good,100,,,,,,
,,Good,100,,,,,,
,,Good,100,,,,,,
,,Good,100,,,,,,
,,Good,100,,,,,,
,,Good,100,,,,,,
,,Good,100,,,,,,
,,Good,100,,,,,,
,,Good,100,,,,,,
,,Good,100,,,,,,
,,Good,100,,,,,,
,,Good,100,,,,,,
,,Good,100,,,,,,
,,Good,100,,,,,,
,,Good,100,,,,,,
,,Good,100,,,,,,
,,Good,100,,,,,,
,,Good,100,,,,,,
,,Good,100,,,,,,
,,Good,100,,,,,,
,,Good,100,,,,,,
,,Good,100,,,,,,
,,Good,100,,,,,,
,,Good,100,,,,,,
,,Good,100,,,,,,
,,Good,100,,,,,,
,,Good,100,,,,,,
,,Good,100,,,,,,
,,Good,100,,,,,,
,,Good,100,,,,,,
,,Good,100,,,,,,
,,Good,100,,,,,,
,,Good,100,,,,,,
,,Good,100,,,,,,
,,Good,100,,,,,,
,,Good,100,,,,,,
,,Good,100,,,,,,
,,Good,100,,,,,,
,,Good,100,,,,,,
,,Good,100,,,,,,
,,Good,100,,,,,,
,,Good,100,,,,,,
,,Good,100,,,,,,
,,Good,100,,,,,,
,,Good,100,,,,,,
,,Good,100,,,,,,
,,Good,100,,,,,,
,,Good,100,,,,,,
,,Good,100,,,,,,
,,Good,100,,,,,,
,,Good,100,,,,,,
,,Good,100,,,,,,
,,Good,100,,,,,,
,,Good,100,,,,,,
,,Good,100,,,,,,
,,Good,100,,,,,,
,,Good,100,,,,,,
,,Good,100,,,,,,
,,Good,100,,,,,,
,,Good,100,,,,,,
,,Good,100,,,,,,
,,Good,100,,,,,,
,,Good,100,,,,,,
,,Good,100,,,,,,
,,Good,100,,,,,,
,,Good,100,,,,,,
,,Good,100,,,,,,
,,Good,100,,,,,,
,,Good,100,,,,,,
,,Good,100,,,,,,
,,Good,100,,,,,,
,,Good,100,,,,,,
,,Good,100,,,,,,
,,Good,100,,,,,,
,,Good,100,,,,,,
,,Good,100,,,,,,
,,Good,100,,,,,,
,,Good,100,,,,,,
,,Good,100,,,,,,
,,Good,100,,,,,,
,,Good,100,,,,,,
,,Good,100,,,,,,
,,Good,100,,,,,,
,,Good,100,,,,,,
,,Good,100,,,,,,
,,Good,100,,,,,,
,,Good,100,,,,,,
,,Good,100,,,,,,
,,Good,100,,,,,,
,,Good,100,,,,,,
,,Good,100,,,,,,
,,Good,100,,,,,,
,,Good,100,,,,,,
,,Good,100,,,,,,
,,Good,100,,,,,,
,,Good,100,,,,,,
,,Good,100,,,,,,
,,Good,100,,,,,,
,,Good,100,,,,,,
,,Good,100,,,,,,
,,Good,100,,,,,,
,,Good,100,,,,,,
,,Good,100,,,,,,
,,Good,100,,,,,,
,,Good,100,,,,,,
,,Good,100,,,,,,
,,Good,100,,,,,,
,,Good,100,,,,,,
,,Good,100,,,,,,
,,Good,100,,,,,,
,,Good,100,,,,,,
,,Good,100,,,,,,
,,Good,100,,,,,,
,,Good,100,,,,,,
,,Good,100,,,,,,
,,Good,100,,,,,,
,,Good,100,,,,,,
,,Good,100,,,,,,
,,Good,100,,,,,,
,,Good,100,,,,,,
,,Good,100,,,,,,
,,Good,100,,,,,,
,,Good,100,,,,,,
,,Good,100,,,,,,
,,Good,100,,,,,,
,,Good,100,,,,,,
,,Good,100,,,,,,
,,Good,100,,,,,,
,,Good,100,,,,,,
,,Good,100,,,,,,
,,Good,100,,,,,,
,,Good,100,,,,,,
,,Good,100,,,,,,
,,Good,100,,,,,,
,,Good,100,,,,,,
,,Good,100,,,,,,
,,Good,100,,,,,,
,,Good,100,,,,,,
,,Good,100,,,,,,
,,Good,100,,,,,,
,,Good,100,,,,,,
,,Good,100,,,,,,
,,Good,100,,,,,,
,,Good,100,,,,,,
,,Good,100,,,,,,
,,Good,100,,,,,,
,,Good,100,,,,,,
,,Good,100,,,,,,
,,Good,100,,,,,,
,,Good,100,,,,,,
,,Good,100,,,,,,
,,Good,100,,,,,,
,,Good,100,,,,,,
,,Good,100,,,,,,
,,Good,100,,,,,,
,,Good,100,,,,,,
,,Good,100,,,,,,
,,Good,100,,,,,,
,,Good,100,,,,,,
,,Good,100,,,,,,
,,Good,100,,,,,,
,,Good,100,,,,,,
,,Good,100,,,,,,
,,Good,100,,,,,,
,,Good,100,,,,,,
,,Good,100,,,,,,
,,Good,100,,,,,,
,,Good,100,,,,,,
,,Good,100,,,,,,
,,Good,100,,,,,,
,,Good,100,,,,,,
,,Good,100,,,,,,
,,Good,100,,,,,,
,,Good,100,,,,,,
,,Good,100,,,,,,
,,Good,100,,,,,,
,,Good,100,,,,,,
,,Good,100,,,,,,
,,Good,100,,,,,,
,,Good,100,,,,,,
,,Good,100,,,,,,
,,Good,100,,,,,,
,,Good,100,,,,,,
,,Good,100,,,,,,
,,Good,100,,,,,,
,,Good,100,,,,,,
,,Good,100,,,,,,
,,Good,100,,,,,,
,,Good,100,,,,,,
,,Good,100,,,,,,
,,Good,100,,,,,,
,,Good,100,,,,,,
,,Good,100,,,,,,
,,Good,100,,,,,,
,,Good,100,,,,,,
,,Good,100,,,,,,
,,Good,100,,,,,,
,,Good,100,,,,,,
,,Good,100,,,,,,
,,Good,100,,,,,,
,,Good,100,,,,,,
,,Good,100,,,,,,
,,Good,100,,,,,,
,,Good,100,,,,,,
,,Good,100,,,,,,
,,Good,100,,,,,,
,,Good,100,,,,,,
,,Good,100,,,,,,
,,Good,100,,,,,,
,,Good,100,,,,,,
,,Good,100,,,,,,
,,Good,100,,,,,,
,,Good,100,,,,,,
,,Good,100,,,,,,
,,Good,100,,,,,,
,,Good,100,,,,,,
,,Good,100,,,,,,
,,Good,100,,,,,,
,,Good,100,,,,,,
,,Good,100,,,,,,
,,Good,100,,,,,,
,,Good,100,,,,,,
,,Good,100,,,,,,
,,Good,100,,,,,,
,,Good,100,,,,,,
,,Good,100,,,,,,
,,Good,100,,,,,,
,,Good,100,,,,,,
,,Good,100,,,,,,
,,Good,100,,,,,,
,,Good,100,,,,,,
,,Good,100,,,,,,
,,Good,100,,,,,,
,,Good,100,,,,,,
,,Good,100,,,,,,
,,Good,100,,,,,,
,,Good,100,,,,,,
,,Good,100,,,,,,
,,Good,100,,,,,,
,,Good,100,,,,,,
,,Good,100,,,,,,
,,Good,100,,,,,,
,,Good,100,,,,,,
,,Good,100,,,,,,
,,Good,100,,,,,,
,,Good,100,,,,,,
,,Good,100,,,,,,
,,Good,100,,,,,,
,,Good,100,,,,,,
,,Good,100,,,,,,
,,Good,100,,,,,,
,,Good,100,,,,,,
,,Good,100,,,,,,
,,Good,100,,,,,,
,,Good,100,,,,,,
,,Good,100,,,,,,
,,Good,100,,,,,,
,,Good,100,,,,,,
,,Good,100,,,,,,
,,Good,100,,,,,,
,,Good,100,,,,,,
,,Good,100,,,,,,
,,Good,100,,,,,,
,,Good,100,,,,,,
,,Good,100,,,,,,
,,Good,100,,,,,,
,,Good,100,,,,,,
,,Good,100,,,,,,
,,Good,100,,,,,,
,,Good,100,,,,,,
,,Good,100,,,,,,
,,Good,100,,,,,,
,,Good,100,,,,,,
,,Good,100,,,,,,
,,Good,100,,,,,,
,,Good,100,,,,,,
,,Good,100,,,,,,
,,Good,100,,,,,,
,,Good,100,,,,,,
,,Good,100,,,,,,
,,Good,100,,,,,,
,,Good,100,,,,,,
,,Good,100,,,,,,
,,Good,100,,,,,,
,,Good,100,,,,,,
,,Good,100,,,,,,
,,Good,100,,,,,,
,,Good,100,,,,,,
,,Good,100,,,,,,
,,Good,100,,,,,,
,,Good,100,,,,,,
,,Good,100,,,,,,
,,Good,100,,,,,,
,,Good,100,,,,,,
,,Good,100,,,,,,
,,Good,100,,,,,,
,,Good,100,,,,,,
,,Good,100,,,,,,
,,Good,100,,,,,,
,,Good,100,,,,,,
,,Good,100,,,,,,
,,Good,100,,,,,,
,,Good,100,,,,,,
,,Good,100,,,,,,
,,Good,100,,,,,,
,,Good,100,,,,,,
,,Good,100,,,,,,
,,Good,100,,,,,,
,,Good,100,,,,,,
,,Good,100,,,,,,
,,Good,100,,,,,,
,,Good,100,,,,,,
,,Good,100,,,,,,
,,Good,100,,,,,,
,,Good,100,,,,,,
,,Good,100,,,,,,
,,Good,100,,,,,,
,,Good,100,,,,,,
,,Good,100,,,,,,
,,Good,100,,,,,,
,,Good,100,,,,,,
,,Good,100,,,,,,
,,Good,100,,,,,,
,,Good,100,,,,,,
,,Good,100,,,,,,
,,Good,100,,,,,,
,,Good,100,,,,,,
,,Good,100,,,,,,
,,Good,100,,,,,,
,,Good,100,,,,,,
,,Good,100,,,,,,
,,Good,100,,,,,,
,,Good,100,,,,,,
,,Good,100,,,,,,
,,Good,100,,,,,,
,,Good,100,,,,,,
,,Good,100,,,,,,
,,Good,100,,,,,,
,,Good,100,,,,,,
,,Good,100,,,,,,
,,Good,100,,,,,,
,,Good,100,,,,,,
,,Good,100,,,,,,
,,Good,100,,,,,,
,,Good,100,,,,,,
,,Good,100,,,,,,
,,Good,100,,,,,,
,,Good,100,,,,,,
,,Good,100,,,,,,
,,Good,100,,,,,,
,,Good,100,,,,,,
,,Good,100,,,,,,
,,Good,100,,,,,,
,,Good,100,,,,,,
,,Good,100,,,,,,
,,Good,100,,,,,,
,,Good,100,,,,,,
,,Good,100,,,,,,
,,Good,100,,,,,,
,,Good,100,,,,,,
,,Good,100,,,,,,
,,Good,100,,,,,,
,,Good,100,,,,,,
,,Good,100,,,,,,
,,Good,100,,,,,,
,,Good,100,,,,,,
,,Good,100,,,,,,
,,Good,100,,,,,,
,,Good,100,,,,,,
,,Good,100,,,,,,
,,Good,100,,,,,,
,,Good,100,,,,,,
,,Good,100,,,,,,
,,Good,100,,,,,,
,,Good,100,,,,,,
,,Good,100,,,,,,
,,Good,100,,,,,,
,,Good,100,,,,,,
,,Good,100,,,,,,
,,Good,100,,,,,,
,,Good,100,,,,,,
,,Good,100,,,,,,
,,Good,100,,,,,,
,,Good,100,,,,,,
,,Good,100,,,,,,
,,Good,100,,,,,,
,,Good,100,,,,,,
,,Good,100,,,,,,
,,Good,100,,,,,,
,,Good,100,,,,,,
,,Good,100,,,,,,
,,Good,100,,,,,,
,,Good,100,,,,,,
,,Good,100,,,,,,
,,Good,100,,,,,,
,,Good,100,,,,,,
,,Good,100,,,,,,
,,Good,100,,,,,,
,,Good,100,,,,,,
,,Good,100,,,,,,
,,Good,100,,,,,,
,,Good,100,,,,,,
,,Good,100,,,,,,
,,Good,100,,,,,,
,,Good,100,,,,,,
,,Good,100,,,,,,
,,Good,100,,,,,,
,,Good,100,,,,,,
,,Good,100,,,,,,
,,Good,100,,,,,,
,,Good,100,,,,,,
,,Good,100,,,,,,
,,Good,100,,,,,,
,,Good,100,,,,,,
,,Good,100,,,,,,
,,Good,100,,,,,,
,,Good,100,,,,,,
,,Good,100,,,,,,
,,Good,100,,,,,,
,,Good,100,,,,,,
,,Good,100,,,,,,
,,Good,100,,,,,,
,,Good,100,,,,,,
,,Good,100,,,,,,
,,Good,100,,,,,,
,,Good,100,,,,,,
,,Good,100,,,,,,
,,Good,100,,,,,,
,,Good,100,,,,,,
,,Good,100,,,,,,
,,Good,100,,,,,,
,,Good,100,,,,,,
,,Good,100,,,,,,
,,Good,100,,,,,,
,,Good,100,,,,,,
,,Good,100,,,,,,
,,Good,100,,,,,,
,,Good,100,,,,,,
,,Good,100,,,,,,
,,Good,100,,,,,,
,,Good,100,,,,,,
,,Good,100,,,,,,
,,Good,100,,,,,,
,,Good,100,,,,,,
,,Good,100,,,,,,
,,Good,100,,,,,,
,,Good,100,,,,,,
,,Good,100,,,,,,
,,Good,100,,,,,,
,,Good,100,,,,,,
,,Good,100,,,,,,
,,Good,100,,,,,,
,,Good,100,,,,,,
,,Good,100,,,,,,
,,Good,100,,,,,,
,,Good,100,,,,,,
,,Good,100,,,,,,
,,Good,100,,,,,,
,,Good,100,,,,,,
,,Good,100,,,,,,
,,Good,100,,,,,,
,,Good,100,,,,,,
,,Good,100,,,,,,
,,Good,100,,,,,,
,,Good,100,,,,,,
,,Good,100,,,,,,
,,Good,100,,,,,,
,,Good,100,,,,,,
,,Good,100,,,,,,
,,Good,100,,,,,,
,,Good,100,,,,,,
,,Good,100,,,,,,
,,Good,100,,,,,,
,,Good,100,,,,,,
,,Good,100,,,,,,
,,Good,100,,,,,,
,,Good,100,,,,,,
,,Good,100,,,,,,
,,Good,100,,,,,,
,,Good,100,,,,,,
,,Good,100,,,,,,
,,Good,100,,,,,,
,,Good,100,,,,,,
,,Good,100,,,,,,
,,Good,100,,,,,,
,,Good,100,,,,,,
,,Good,100,,,,,,
,,Good,100,,,,,,
,,Good,100,,,,,,
,,Good,100,,,,,,
,,Good,100,,,,,,
,,Good,100,,,,,,
,,Good,100,,,,,,
,,Good,100,,,,,,
,,Good,100,,,,,,
,,Good,100,,,,,,
,,Good,100,,,,,,
,,Good,100,,,,,,
,,Good,100,,,,,,
,,Good,100,,,,,,
,,Good,100,,,,,,
,,Good,100,,,,,,
,,Good,100,,,,,,
,,Good,100,,,,,,
,,Good,100,,,,,,
,,Good,100,,,,,,
,,Good,100,,,,,,
,,Good,100,,,,,,
,,Good,100,,,,,,
,,Good,100,,,,,,
,,Good,100,,,,,,
,,Good,100,,,,,,
,,Good,100,,,,,,
,,Good,100,,,,,,
,,Good,100,,,,,,
,,Good,100,,,,,,
,,Good,100,,,,,,
,,Good,100,,,,,,
,,Good,100,,,,,,
,,Good,100,,,,,,
,,Good,100,,,,,,
,,Good,100,,,,,,
,,Good,100,,,,,,
,,Good,100,,,,,,
,,Good,100,,,,,,
,,Good,100,,,,,,
,,Good,100,,,,,,
,,Good,100,,,,,,
,,Good,100,,,,,,
,,Good,100,,,,,,
,,Good,100,,,,,,
,,Good,100,,,,,,
,,Good,100,,,,,,
,,Good,100,,,,,,
,,Good,100,,,,,,
,,Good,100,,,,,,
,,Good,100,,,,,,
,,Good,100,,,,,,
,,Good,100,,,,,,
,,Good,100,,,,,,
,,Good,100,,,,,,
,,Good,100,,,,,,
,,Good,100,,,,,,
,,Good,100,,,,,,
,,Good,100,,,,,,
,,Good,100,,,,,,
,,Good,100,,,,,,
,,Good,100,,,,,,
,,Good,100,,,,,,
,,Good,100,,,,,,
,,Good,100,,,,,,
,,Good,100,,,,,,
,,Good,100,,,,,,
,,Good,100,,,,,,
,,Good,100,,,,,,
,,Good,100,,,,,,
,,Good,100,,,,,,
,,Good,100,,,,,,
,,Good,100,,,,,,
,,Good,100,,,,,,
,,Good,100,,,,,,
,,Good,100,,,,,,
,,Good,100,,,,,,
,,Good,100,,,,,,
,,Good,100,,,,,,
,,Good,100,,,,,,
,,Good,100,,,,,,
,,Good,100,,,,,,
,,Good,100,,,,,,
,,Good,100,,,,,,
,,Good,100,,,,,,
,,Good,100,,,,,,
,,Good,100,,,,,,
,,Good,100,,,,,,
,,Good,100,,,,,,
,,Good,100,,,,,,
,,Good,100,,,,,,
,,Good,100,,,,,,
,,Good,100,,,,,,
,,Good,100,,,,,,
,,Good,100,,,,,,
,,Good,100,,,,,,
,,Good,100,,,,,,
,,Good,100,,,,,,
,,Good,100,,,,,,
,,Good,100,,,,,,
,,Good,100,,,,,,
,,Good,100,,,,,,
,,Good,100,,,,,,
,,Good,100,,,,,,
,,Good,100,,,,,,
,,Good,100,,,,,,
,,Good,100,,,,,,
,,Good,100,,,,,,
,,Good,100,,,,,,
,,Good,100,,,,,,
,,Good,100,,,,,,
,,Good,100,,,,,,
,,Good,100,,,,,,
,,Good,100,,,,,,
,,Good,100,,,,,,
,,Good,100,,,,,,
,,Good,100,,,,,,
,,Good,100,,,,,,
,,Good,100,,,,,,
,,Good,100,,,,,,
,,Good,100,,,,,,
,,Good,100,,,,,,
,,Good,100,,,,,,
,,Good,100,,,,,,
,,Good,100,,,,,,
,,Good,100,,,,,,
,,Good,100,,,,,,
,,Good,100,,,,,,
,,Good,100,,,,,,
,,Good,100,,,,,,
,,Good,100,,,,,,
,,Good,100,,,,,,
,,Good,100,,,,,,
,,Good,100,,,,,,
,,Good,100,,,,,,
,,Good,100,,,,,,
,,Good,100,,,,,,
,,Good,100,,,,,,
,,Good,100,,,,,,
,,Good,100,,,,,,
,,Good,100,,,,,,
,,Good,100,,,,,,
,,Good,100,,,,,,
,,Good,100,,,,,,
,,Good,100,,,,,,
,,Good,100,,,,,,
,,Good,100,,,,,,
,,Good,100,,,,,,
,,Good,100,,,,,,
,,Good,100,,,,,,
,,Good,100,,,,,,
,,Good,100,,,,,,
,,Good,100,,,,,,
,,Good,100,,,,,,
,,Good,100,,,,,,
,,Good,100,,,,,,
,,Good,100,,,,,,
,,Good,100,,,,,,
,,Good,100,,,,,,
,,Good,100,,,,,,
,,Good,100,,,,,,
,,Good,100,,,,,,
,,Good,100,,,,,,
,,Good,100,,,,,,
,,Good,100,,,,,,
,,Good,100,,,,,,
,,Good,100,,,,,,
,,Good,100,,,,,,
,,Good,100,,,,,,
,,Good,100,,,,,,
,,Good,100,,,,,,
,,Good,100,,,,,,
,,Good,100,,,,,,
,,Good,100,,,,,,
,,Good,100,,,,,,
,,Good,100,,,,,,
,,Good,100,,,,,,
,,Good,100,,,,,,
,,Good,100,,,,,,
,,Good,100,,,,,,
,,Good,100,,,,,,
,,Good,100,,,,,,
,,Good,100,,,,,,
,,Good,100,,,,,,
,,Good,100,,,,,,
,,Good,100,,,,,,
,,Good,100,,,,,,
,,Good,100,,,,,,
,,Good,100,,,,,,
,,Good,100,,,,,,
,,Good,100,,,,,,
,,Good,100,,,,,,
,,Good,100,,,,,,
,,Good,100,,,,,,
,,Good,100,,,,,,
,,Good,100,,,,,,
,,Good,100,,,,,,
,,Good,100,,,,,,
,,Good,100,,,,,,
,,Good,100,,,,,,
,,Good,100,,,,,,
,,Good,100,,,,,,
,,Good,100,,,,,,
,,Good,100,,,,,,
,,Good,100,,,,,,
,,Good,100,,,,,,
,,Good,100,,,,,,
,,Good,100,,,,,,
,,Good,100,,,,,,
,,Good,100,,,,,,
,,Good,100,,,,,,
,,Good,100,,,,,,
,,Good,100,,,,,,
,,Good,100,,,,,,
,,Good,100,,,,,,
,,Good,100,,,,,,
,,Good,100,,,,,,
,,Good,100,,,,,,
,,Good,100,,,,,,
,,Good,100,,,,,,
,,Good,100,,,,,,
,,Good,100,,,,,,
,,Good,100,,,,,,
,,Good,100,,,,,,
,,Good,100,,,,,,
,,Good,100,,,,,,
,,Good,100,,,,,,
,,Good,100,,,,,,
,,Good,100,,,,,,
,,Good,100,,,,,,
,,Good,100,,,,,,
,,Good,100,,,,,,
,,Good,100,,,,,,
,,Good,100,,,,,,
,,Good,100,,,,,,
,,Good,100,,,,,,
,,Good,100,,,,,,
,,Good,100,,,,,,
,,Good,100,,,,,,
,,Good,100,,,,,,
,,Good,100,,,,,,
,,Good,100,,,,,,
,,Good,100,,,,,,
,,Good,100,,,,,,
,,Good,100,,,,,,
,,Good,100,,,,,,
,,Good,100,,,,,,
,,Good,100,,,,,,
,,Good,100,,,,,,
,,Good,100,,,,,,
,,Good,100,,,,,,
,,Good,100,,,,,,
,,Good,100,,,,,,
,,Good,100,,,,,,
,,Good,100,,,,,,
,,Good,100,,,,,,
,,Good,100,,,,,,
,,Good,100,,,,,,
,,Good,100,,,,,,
,,Good,100,,,,,,
,,Good,100,,,,,,
,,Good,100,,,,,,
,,Good,100,,,,,,
,,Good,100,,,,,,
,,Good,100,,,,,,
,,Good,100,,,,,,
,,Good,100,,,,,,
,,Good,100,,,,,,
,,Good,100,,,,,,
,,Good,100,,,,,,
,,Good,100,,,,,,
,,Good,100,,,,,,
,,Good,100,,,,,,
,,Good,100,,,,,,
,,Good,100,,,,,,
,,Good,100,,,,,,
,,Good,100,,,,,,
,,Good,100,,,,,,
,,Good,100,,,,,,
,,Good,100,,,,,,
,,Good,100,,,,,,
,,Good,100,,,,,,
,,Good,100,,,,,,
,,Good,100,,,,,,
,,Good,100,,,,,,
,,Good,100,,,,,,
,,Good,100,,,,,,
,,Good,100,,,,,,
,,Good,100,,,,,,
,,Good,100,,,,,,
,,Good,100,,,,,,
,,Good,100,,,,,,
,,Good,100,,,,,,
,,Good,100,,,,,,
,,Good,100,,,,,,
,,Good,100,,,,,,
,,Good,100,,,,,,
,,Good,100,,,,,,
,,Good,100,,,,,,
,,Good,100,,,,,,
,,Good,100,,,,,,
,,Good,100,,,,,,
,,Good,100,,,,,,
,,Good,100,,,,,,
,,Good,100,,,,,,
,,Good,100,,,,,,
,,Good,100,,,,,,
,,Good,100,,,,,,
,,Good,100,,,,,,
,,Good,100,,,,,,
,,Good,100,,,,,,
,,Good,100,,,,,,
,,Good,100,,,,,,
,,Good,100,,,,,,
,,Good,100,,,,,,
,,Good,100,,,,,,
,,Good,100,,,,,,
,,Good,100,,,,,,
,,Good,100,,,,,,
,,Good,100,,,,,,
,,Good,100,,,,,,
,,Good,100,,,,,,
,,Good,100,,,,,,
,,Good,100,,,,,,
,,Good,100,,,,,,
,,Good,100,,,,,,
,,Good,100,,,,,,
,,Good,100,,,,,,
,,Good,100,,,,,,
,,Good,100,,,,,,
,,Good,100,,,,,,
,,Good,100,,,,,,
,,Good,100,,,,,,
,,Good,100,,,,,,
,,Good,100,,,,,,
,,Good,100,,,,,,
,,Good,100,,,,,,
,,Good,100,,,,,,
,,Good,100,,,,,,
,,Good,100,,,,,,
,,Good,100,,,,,,
,,Good,100,,,,,,
,,Good,100,,,,,,
,,Good,100,,,,,,
,,Good,100,,,,,,
,,Good,100,,,,,,
,,Good,100,,,,,,
,,Good,100,,,,,,
,,Good,100,,,,,,
,,Good,100,,,,,,
,,Good,100,,,,,,
,,Good,100,,,,,,
,,Good,100,,,,,,
,,Good,100,,,,,,
,,Good,100,,,,,,
,,Good,100,,,,,,
,,Good,100,,,,,,
,,Good,100,,,,,,
,,Good,100,,,,,,
,,Good,100,,,,,,
,,Good,100,,,,,,
,,Good,100,,,,,,
,,Good,100,,,,,,
,,Good,100,,,,,,
,,Good,100,,,,,,
,,Good,100,,,,,,
,,Good,100,,,,,,
,,Good,100,,,,,,
,,Good,100,,,,,,
,,Good,100,,,,,,
,,Good,100,,,,,,
,,Good,100,,,,,,
,,Good,100,,,,,,
,,Good,100,,,,,,
,,Good,100,,,,,,
,,Good,100,,,,,,
,,Good,100,,,,,,
,,Good,100,,,,,,
,,Good,100,,,,,,
,,Good,100,,,,,,
,,Good,100,,,,,,
,,Good,100,,,,,,
,,Good,100,,,,,,
,,Good,100,,,,,,
,,Good,100,,,,,,
,,Good,100,,,,,,
,,Good,100,,,,,,
,,Good,100,,,,,,
,,Good,100,,,,,,
,,Good,100,,,,,,
,,Good,100,,,,,,
,,Good,100,,,,,,
,,Good,100,,,,,,
,,Good,100,,,,,,
,,Good,100,,,,,,
,,Good,100,,,,,,
,,Good,100,,,,,,
,,Good,100,,,,,,
,,Good,100,,,,,,
,,Good,100,,,,,,
,,Good,100,,,,,,
,,Good,100,,,,,,
,,Good,100,,,,,,
,,Good,100,,,,,,
,,Good,100,,,,,,
,,Good,100,,,,,,
,,Good,100,,,,,,
,,Good,100,,,,,,
,,Good,100,,,,,,
,,Good,100,,,,,,
,,Good,100,,,,,,
,,Good,100,,,,,,
,,Good,100,,,,,,
,,Good,100,,,,,,
,,Good,100,,,,,,
,,Good,100,,,,,,
,,Good,100,,,,,,
,,Good,100,,,,,,
,,Good,100,,,,,,
,,Good,100,,,,,,
,,Good,100,,,,,,
,,Good,100,,,,,,
,,Good,100,,,,,,
,,Good,100,,,,,,
,,Good,100,,,,,,
,,Good,100,,,,,,
,,Good,100,,,,,,
,,Good,100,,,,,,
,,Good,100,,,,,,
,,Good,100,,,,,,
,,Good,100,,,,,,
,,Good,100,,,,,,
,,Good,100,,,,,,
,,Good,100,,,,,,
,,Good,100,,,,,,
,,Good,100,,,,,,
,,Good,100,,,,,,
,,Good,100,,,,,,
,,Good,100,,,,,,
,,Good,100,,,,,,
,,Good,100,,,,,,
,,Good,100,,,,,,
,,Good,100,,,,,,
,,Good,100,,,,,,
,,Good,100,,,,,,
,,Good,100,,,,,,
,,Good,100,,,,,,
,,Good,100,,,,,,
,,Good,100,,,,,,
,,Good,100,,,,,,
,,Good,100,,,,,,
,,Good,100,,,,,,
,,Good,100,,,,,,
,,Good,100,,,,,,
,,Good,100,,,,,,
,,Good,100,,,,,,
,,Good,100,,,,,,
,,Good,100,,,,,,
,,Good,100,,,,,,
,,Good,100,,,,,,
,,Good,100,,,,,,
,,Good,100,,,,,,
,,Good,100,,,,,,
,,Good,100,,,,,,
,,Good,100,,,,,,
,,Good,100,,,,,,
,,Good,100,,,,,,
,,Good,100,,,,,,
,,Good,100,,,,,,
,,Good,100,,,,,,
,,Good,100,,,,,,
,,Good,100,,,,,,
,,Good,100,,,,,,
,,Good,100,,,,,,
,,Good,100,,,,,,
,,Good,100,,,,,,
,,Good,100,,,,,,
,,Good,100,,,,,,
,,Good,100,,,,,,
,,Good,100,,,,,,
,,Good,100,,,,,,
,,Good,100,,,,,,
,,Good,100,,,,,,
,,Good,100,,,,,,
,,Good,100,,,,,,
,,Good,100,,,,,,
,,Good,100,,,,,,
,,Good,100,,,,,,
,,Good,100,,,,,,
,,Good,100,,,,,,
,,Good,100,,,,,,
,,Good,100,,,,,,
,,Good,100,,,,,,
,,Good,100,,,,,,
,,Good,100,,,,,,
,,Good,100,,,,,,
,,Good,100,,,,,,
,,Good,100,,,,,,
,,Good,100,,,,,,
,,Good,100,,,,,,
,,Good,100,,,,,,
,,Good,100,,,,,,
,,Good,100,,,,,,
,,Good,100,,,,,,
,,Good,100,,,,,,
,,Good,100,,,,,,
,,Good,100,,,,,,
,,Good,100,,,,,,
,,Good,100,,,,,,
,,Good,100,,,,,,
,,Good,100,,,,,,
,,Good,100,,,,,,
,,Good,100,,,,,,
,,Good,100,,,,,,
,,Good,100,,,,,,
,,Good,100,,,,,,
