Sale Date,Harvest Date,Planning Year,Channel Name,Product Name,Actual Price,Brought Quantity,Returned Quantity,Actual Quantity,Actual Revenue,Notes,Entry Kind
2023-05-20,2023-05-18,2023,KFM,Spinach - 1/2 lb,$6.00,48,0,48,$288.00,,actual
2023-05-20,2023-05-18,2023,BFM,Spinach - 1/2 lb,$6.00,45,0,45,$270.00,,actual
2023-05-20,2023-05-18,2023,KFM,Lettuce Mini/Gem - head,$3.00,103,0,103,$309.00,Variety: Red,actual
2023-05-20,2023-05-18,2023,BFM,Lettuce Mini/Gem - head,$3.00,80,0,80,$240.00,Variety: Red,actual
2023-05-20,2023-05-18,2023,KFM,Bok Choy - each,$2.00,200,0,200,$400.00,,actual
2023-05-20,2023-05-18,2023,BFM,Bok Choy - each,$2.00,150,0,150,$300.00,,actual
2023-05-20,2023-05-18,2023,KFM,Radish French Breakfast - bunch,$3.50,14,0,14,$49.00,,actual
2023-05-20,2023-05-18,2023,BFM,Radish French Breakfast - bunch,$3.50,13,0,13,$45.50,,actual
2023-05-20,2023-05-18,2023,KFM,Radish Round Purple - bunch,$3.50,28,0,28,$98.00,,actual
2023-05-20,2023-05-18,2023,BFM,Radish Round Purple - bunch,$3.50,28,2,26,$91.00,,actual
2023-05-20,2023-05-18,2023,KFM,Radish Round - bunch,$3.50,5,0,5,$17.50,,actual
2023-05-20,2023-05-18,2023,BFM,Radish Round - bunch,$3.50,5,0,5,$17.50,,actual
2023-05-20,2023-05-18,2023,KFM,Mustard - bunch,$4.00,15,0,15,$60.00,,actual
2023-05-20,2023-05-18,2023,BFM,Mustard - bunch,$4.00,10,0,10,$40.00,,actual
2023-05-20,2023-05-18,2023,KFM,Garlic Green - bunch,$3.50,30,0,30,$105.00,,actual
2023-05-20,2023-05-18,2023,BFM,Garlic Green - bunch,$3.50,21,0,21,$73.50,,actual
2023-05-20,2023-05-18,2023,KFM,Arugula - 1/3 lb,$6.00,10,0,10,$60.00,,actual
2023-05-20,2023-05-18,2023,BFM,Arugula - 1/3 lb,$6.00,10,0,10,$60.00,,actual
2023-05-20,2023-05-18,2023,KFM,Spring Mix - 1/3 lb,$6.00,35,0,35,$210.00,,actual
2023-05-20,2023-05-18,2023,BFM,Spring Mix - 1/3 lb,$6.00,34,0,34,$204.00,,actual
2023-05-20,2023-05-18,2023,KFM,Spring Mix - 2/3 lb,$12.00,15,0,15,$180.00,,actual
2023-05-20,2023-05-18,2023,BFM,Spring Mix - 2/3 lb,$12.00,15,0,15,$180.00,,actual
2023-05-20,2023-05-18,2023,KFM,Asparagus - bunch,$5.00,9,0,9,$45.00,,actual
2023-05-20,2023-05-18,2023,BFM,Asparagus - bunch,$5.00,9,0,9,$45.00,,actual
2023-05-20,2023-05-18,2023,KFM,Carrot Bulk - lb,$3.00,150,60,90,$270.00,,actual
2023-05-20,2023-05-18,2023,BFM,Carrot Bulk - lb,$3.00,100,30,70,$210.00,,actual
2023-05-20,2023-05-18,2023,KFM,Radish Bulk - lb,$3.00,40,5,35,$105.00,,actual
2023-05-20,2023-05-18,2023,BFM,Radish Bulk - lb,$3.00,40,12,28,$84.00,,actual
2023-05-27,5/25/23,2023,BFM,Arugula - 1/3 lb,$6.00,25,0,25,$150.00,,actual
2023-05-27,5/25/23,2023,BFM,Arugula - 2/3 lb,$12.00,12,0,12,$144.00,,actual
2023-05-27,5/25/23,2023,BFM,Bok Choy - each,$2.00,100,20,80,$160.00,,actual
2023-05-27,5/25/23,2023,BFM,Bok Choy - each,$3.00,22,0,22,$66.00,Variety: White,actual
2023-05-27,5/25/2023,2023,BFM,Bok Choy - each,$5.00,15,0,15,$75.00,,actual
2023-05-27,5/25/23,2023,BFM,Carrot Bulk - lb,$3.00,80,30,50,$150.00,,actual
2023-05-27,5/25/23,2023,BFM,Garlic Green - bunch,$3.50,19,0,19,$66.50,,actual
2023-05-27,5/25/23,2023,BFM,Kale Curly - bunch,$4.00,30,0,30,$120.00,,actual
2023-05-27,5/25/23,2023,BFM,Kale Lacinato - bunch,$4.00,50,0,50,$200.00,,actual
2023-05-27,5/25/23,2023,BFM,Lettuce Mini/Gem - head,$3.00,50,0,50,$150.00,Variety: Red,actual
2023-05-27,5/25/23,2023,BFM,Mustard - bunch,$4.00,12,0,12,$48.00,,actual
2023-05-27,5/25/23,2023,BFM,Pea Snap - pint,$5.00,0,0,0,$0.00,,actual
2023-05-27,5/25/23,2023,BFM,Radish Bulk - lb,$3.00,40,20,20,$60.00,,actual
2023-05-27,5/25/23,2023,BFM,Radish French Breakfast - bunch,$3.50,35,0,35,$122.50,,actual
2023-05-27,5/25/23,2023,BFM,Radish Round - bunch,$3.50,11,0,11,$38.50,,actual
2023-05-27,5/25/23,2023,BFM,Radish Round Purple - bunch,$3.50,35,0,35,$122.50,,actual
2023-05-27,5/25/23,2023,BFM,Spinach - 1/2 lb,$6.00,24,0,24,$144.00,,actual
2023-05-27,5/25/23,2023,BFM,Spring Mix - 1/3 lb,$6.00,28,0,28,$168.00,,actual
2023-05-27,5/25/23,2023,BFM,Spring Mix - 2/3 lb,$12.00,20,0,20,$240.00,,actual
2023-05-27,5/25/23,2023,KFM,Arugula - 1/3 lb,$6.00,30,0,30,$180.00,,actual
2023-05-27,5/25/23,2023,KFM,Arugula - 2/3 lb,$12.00,15,0,15,$180.00,,actual
2023-05-27,5/25/23,2023,KFM,Bok Choy - each,$2.00,110,0,110,$220.00,,actual
2023-05-27,5/25/23,2023,KFM,Bok Choy - each,$3.00,23,0,23,$69.00,Variety: White,actual
2023-05-27,5/25/2023,2023,KFM,Bok Choy - each,$4.00,24,0,24,$96.00,,actual
2023-05-27,5/25/23,2023,KFM,Carrot Bulk - lb,$3.00,140,60,80,$240.00,,actual
2023-05-27,5/25/2023,2023,KFM,Collards - bunch,$4.00,11,0,11,$44.00,,actual
2023-05-27,5/25/23,2023,KFM,Garlic Green - bunch,$3.50,20,0,20,$70.00,,actual
2023-05-27,5/25/23,2023,KFM,Kale Curly - bunch,$4.00,40,0,40,$160.00,,actual
2023-05-27,5/25/23,2023,KFM,Kale Lacinato - bunch,$4.00,60,0,60,$240.00,,actual
2023-05-27,5/25/23,2023,KFM,Lettuce Mini/Gem - head,$3.00,72,0,72,$216.00,Variety: Red,actual
2023-05-27,5/25/23,2023,KFM,Mustard - bunch,$4.00,15,0,15,$60.00,,actual
2023-05-27,5/25/23,2023,KFM,Pea Snap - pint,$5.00,0,0,0,$0.00,,actual
2023-05-27,5/25/23,2023,KFM,Radish Bulk - lb,$3.00,40,5,35,$105.00,,actual
2023-05-27,5/25/23,2023,KFM,Radish French Breakfast - bunch,$3.50,46,0,46,$161.00,,actual
2023-05-27,5/25/23,2023,KFM,Radish Round - bunch,$3.50,14,0,14,$49.00,,actual
2023-05-27,5/25/23,2023,KFM,Radish Round Purple - bunch,$3.50,45,0,45,$157.50,,actual
2023-05-27,5/25/23,2023,KFM,Spinach - 1/2 lb,$6.00,29,0,29,$174.00,,actual
2023-05-27,5/25/23,2023,KFM,Spring Mix - 1/3 lb,$6.00,36,0,36,$216.00,,actual
2023-05-27,5/25/23,2023,KFM,Spring Mix - 2/3 lb,$12.00,29,0,29,$348.00,,actual
2023-06-03,6/1/2023,2023,BFM,Arugula - 1/3 lb,$6.00,20,0,20,$120.00,,actual
2023-06-03,6/1/2023,2023,BFM,Arugula - 2/3 lb,$12.00,8,0,8,$96.00,,actual
2023-06-03,6/1/2023,2023,BFM,Bok Choy - each,$2.00,80,0,80,$160.00,,actual
2023-06-03,6/1/2023,2023,BFM,Bok Choy - each,$4.00,15,0,15,$60.00,Variety: White,actual
2023-06-03,6/1/2023,2023,BFM,Carrot Bulk - lb,$3.00,60,3,57,$171.00,,actual
2023-06-03,6/1/2023,2023,BFM,Collards - bunch,$4.00,17,0,17,$68.00,,actual
2023-06-03,6/1/2023,2023,BFM,Kale Curly - bunch,$4.00,35,2,33,$132.00,,actual
2023-06-03,6/1/2023,2023,BFM,Kale Lacinato - bunch,$4.00,55,0,55,$220.00,,actual
2023-06-03,6/1/2023,2023,BFM,Lettuce Mini/Gem - head,$3.00,70,0,70,$210.00,Variety: Red,actual
2023-06-03,6/1/2023,2023,BFM,Mustard - bunch,$4.00,23,2,21,$84.00,,actual
2023-06-03,6/1/2023,2023,BFM,Pea Snap - lb,$9.00,38,0,38,$342.00,,actual
2023-06-03,6/1/2023,2023,BFM,Radish Bulk - lb,$3.00,30,12,18,$54.00,,actual
2023-06-03,6/1/2023,2023,BFM,Radish French Breakfast - bunch,$3.50,40,0,40,$140.00,,actual
2023-06-03,6/1/2023,2023,BFM,Radish Round - bunch,$3.50,25,0,25,$87.50,,actual
2023-06-03,6/1/2023,2023,BFM,Radish Round Purple - bunch,$3.50,50,2,48,$168.00,,actual
2023-06-03,6/1/2023,2023,BFM,Spring Mix - 1/3 lb,$6.00,30,0,30,$180.00,,actual
2023-06-03,6/1/2023,2023,BFM,Spring Mix - 2/3 lb,$12.00,24,0,24,$288.00,,actual
2023-06-03,6/1/2023,2023,KFM,Arugula - 1/3 lb,$6.00,20,0,20,$120.00,,actual
2023-06-03,6/1/2023,2023,KFM,Arugula - 2/3 lb,$12.00,9,0,9,$108.00,,actual
2023-06-03,6/1/2023,2023,KFM,Bok Choy - each,$2.00,120,0,120,$240.00,,actual
2023-06-03,6/1/2023,2023,KFM,Bok Choy - each,$4.00,15,0,15,$60.00,Variety: White,actual
2023-06-03,6/1/2023,2023,KFM,Carrot Bulk - lb,$3.00,100,30,70,$210.00,,actual
2023-06-03,6/1/2023,2023,KFM,Collards - bunch,$4.00,23,0,23,$92.00,,actual
2023-06-03,6/1/2023,2023,KFM,Kale Curly - bunch,$4.00,31,2,29,$116.00,,actual
2023-06-03,6/1/2023,2023,KFM,Kale Lacinato - bunch,$4.00,75,0,75,$300.00,,actual
2023-06-03,6/1/2023,2023,KFM,Lettuce Mini/Gem - head,$3.00,95,0,95,$285.00,Variety: Red,actual
2023-06-03,6/1/2023,2023,KFM,Mustard - bunch,$4.00,25,1,24,$96.00,,actual
2023-06-03,6/1/2023,2023,KFM,Pea Snap - lb,$9.00,48,0,48,$432.00,,actual
2023-06-03,6/1/2023,2023,KFM,Radish Bulk - lb,$3.00,40,7,33,$99.00,,actual
2023-06-03,6/1/2023,2023,KFM,Radish French Breakfast - bunch,$3.50,60,0,60,$210.00,,actual
2023-06-03,6/1/2023,2023,KFM,Radish Round - bunch,$3.50,25,0,25,$87.50,,actual
2023-06-03,6/1/2023,2023,KFM,Radish Round Purple - bunch,$3.50,45,0,45,$157.50,,actual
2023-06-03,6/1/2023,2023,KFM,Spring Mix - 1/3 lb,$6.00,35,0,35,$210.00,,actual
2023-06-03,6/1/2023,2023,KFM,Spring Mix - 2/3 lb,$12.00,25,0,25,$300.00,,actual
2023-06-10,6/8/2023,2023,BFM,Arugula - 1/3 lb,$6.00,30,0,30,$180.00,,actual
2023-06-10,6/8/2023,2023,BFM,Bok Choy - each,$2.00,68,0,68,$136.00,,actual
2023-06-10,6/8/2023,2023,BFM,Cabbage - lb,$3.50,18,0,18,$63.00,Variety: Caraflex,actual
2023-06-10,6/8/2023,2023,BFM,Cabbage Chinese - lb,$3.50,20,0,20,$70.00,,actual
2023-06-10,6/8/2023,2023,BFM,Carrot Bulk - lb,$3.00,65,0,65,$195.00,,actual
2023-06-10,6/8/2023,2023,BFM,Collards - bunch,$4.00,20,1,19,$76.00,,actual
2023-06-10,6/8/2023,2023,BFM,Garlic Scape - bunch,$3.00,35,0,35,$105.00,,actual
2023-06-10,6/8/2023,2023,BFM,Kale Curly - bunch,$4.00,30,0,30,$120.00,,actual
2023-06-10,6/8/2023,2023,BFM,Kale Lacinato - bunch,$4.00,55,1,54,$216.00,,actual
2023-06-10,6/8/2023,2023,BFM,Lettuce Mini/Gem - head,$3.00,85,17,68,$204.00,Variety: Red,actual
2023-06-10,6/8/2023,2023,BFM,Pea Snap - lb,$9.00,91,0,91,$819.00,,actual
2023-06-10,6/8/2023,2023,BFM,Radish Bulk - lb,$3.00,30,5,25,$75.00,,actual
2023-06-10,6/8/2023,2023,BFM,Radish French Breakfast - bunch,$3.50,50,0,50,$175.00,,actual
2023-06-10,6/8/2023,2023,BFM,Radish Round - bunch,$3.50,25,11,14,$49.00,,actual
2023-06-10,6/8/2023,2023,BFM,Radish Round Purple - bunch,$3.50,25,0,25,$87.50,,actual
2023-06-10,6/8/2023,2023,BFM,Spring Mix - 1/3 lb,$6.00,30,0,30,$180.00,,actual
2023-06-10,6/8/2023,2023,BFM,Spring Mix - 2/3 lb,$12.00,30,0,30,$360.00,,actual
2023-06-10,6/8/2023,2023,KFM,Arugula - 1/3 lb,$6.00,35,0,35,$210.00,,actual
2023-06-10,6/8/2023,2023,KFM,Bok Choy - each,$4.00,30,0,30,$120.00,,actual
2023-06-10,6/8/2023,2023,KFM,Cabbage - lb,$3.50,21,0,21,$73.50,Variety: Caraflex,actual
2023-06-10,6/8/2023,2023,KFM,Cabbage Chinese - lb,$3.50,24,0,24,$84.00,,actual
2023-06-10,6/8/2023,2023,KFM,Carrot Bulk - lb,$3.00,75,2,73,$219.00,,actual
2023-06-10,6/8/2023,2023,KFM,Collards - bunch,$4.00,25,6,19,$76.00,,actual
2023-06-10,6/8/2023,2023,KFM,Garlic Scape - bunch,$3.00,51,0,51,$153.00,,actual
2023-06-10,6/8/2023,2023,KFM,Kale Curly - bunch,$4.00,30,2,28,$112.00,,actual
2023-06-10,6/8/2023,2023,KFM,Kale Lacinato - bunch,$4.00,75,6,69,$276.00,,actual
2023-06-10,6/8/2023,2023,KFM,Lettuce Mini/Gem - head,$3.00,125,28,97,$291.00,Variety: Red,actual
2023-06-10,6/8/2023,2023,KFM,Pea Snap - lb,$9.00,105,0,105,$945.00,,actual
2023-06-10,6/8/2023,2023,KFM,Radish Bulk - lb,$3.00,40,5,35,$105.00,,actual
2023-06-10,6/8/2023,2023,KFM,Radish French Breakfast - bunch,$3.50,60,0,60,$210.00,,actual
2023-06-10,6/8/2023,2023,KFM,Radish Round - bunch,$3.50,24,0,24,$84.00,,actual
2023-06-10,6/8/2023,2023,KFM,Radish Round Purple - bunch,$3.50,30,0,30,$105.00,,actual
2023-06-10,6/8/2023,2023,KFM,Spring Mix - 1/3 lb,$6.00,34,0,34,$204.00,,actual
2023-06-10,6/8/2023,2023,KFM,Spring Mix - 2/3 lb,$12.00,35,1,34,$408.00,,actual
2023-06-10,6/8/2023,2023,KFM,Pea Shelling - quart,$9.00,30,0,30,$270.00,,actual
2023-06-10,6/8/2023,2023,BFM,Pea Shelling - quart,$9.00,25,0,25,$225.00,,actual
2023-06-17,6/15/2023,2023,BFM,Arugula - 1/3 lb,$6.00,27,3,24,$144.00,,actual
2023-06-17,6/15/2023,2023,BFM,Arugula - 2/3 lb,$12.00,13,2,11,$132.00,,actual
2023-06-17,6/15/2023,2023,BFM,Bok Choy - each,$2.00,42,0,42,$84.00,,actual
2023-06-17,6/15/2023,2023,BFM,Cabbage - lb,$3.50,22,0,22,$77.00,,actual
2023-06-17,6/15/2023,2023,BFM,Cabbage Chinese - lb,$3.50,12,0,12,$42.00,,actual
2023-06-17,6/15/2023,2023,BFM,Carrot Bulk - lb,$3.00,29,0,29,$87.00,,actual
2023-06-17,6/15/2023,2023,BFM,Chard - bunch,$4.00,15,0,15,$60.00,,actual
2023-06-17,6/15/2023,2023,BFM,Collards - bunch,$4.00,15,1,14,$56.00,,actual
2023-06-17,6/15/2023,2023,BFM,Cucumber - lb,$3.00,21,0,21,$63.00,,actual
2023-06-17,6/15/2023,2023,BFM,Cucumber Pickling - lb,$3.00,8.5,0,8.5,$25.50,,actual
2023-06-17,6/15/2023,2023,BFM,Escarole - head,$4.00,9,0,9,$36.00,,actual
2023-06-17,6/15/2023,2023,BFM,Garlic Scape - bunch,$3.00,65,21,44,$132.00,,actual
2023-06-17,6/15/2023,2023,BFM,Kale Curly - bunch,$4.00,26,1,25,$100.00,,actual
2023-06-17,6/15/2023,2023,BFM,Kale Lacinato - bunch,$4.00,45,6,39,$156.00,,actual
2023-06-17,6/15/2023,2023,BFM,Komatsuna - bunch,$4.00,10,0,10,$40.00,,actual
2023-06-17,6/15/2023,2023,BFM,Lettuce Mini/Gem - head,$3.00,85,18,67,$201.00,,actual
2023-06-17,6/15/2023,2023,BFM,Mustard - bunch,$4.00,10,0,10,$40.00,,actual
2023-06-17,6/15/2023,2023,BFM,Pea Shelling - quart,$9.00,0,0,0,$0.00,,actual
2023-06-17,6/15/2023,2023,BFM,Pea Snap - lb,$9.00,70,0,70,$630.00,,actual
2023-06-17,6/15/2023,2023,BFM,Radicchio Variegated - lb,$3.00,7,2,5,$15.00,,actual
2023-06-17,6/15/2023,2023,BFM,Radish Bulk - lb,$3.00,30,4,26,$78.00,,actual
2023-06-17,6/15/2023,2023,BFM,Radish French Breakfast - bunch,$3.50,35,0,35,$122.50,,actual
2023-06-17,6/15/2023,2023,BFM,Radish Round - bunch,$3.50,15,0,15,$52.50,,actual
2023-06-17,6/15/2023,2023,BFM,Radish Round Purple - bunch,$3.50,30,0,30,$105.00,,actual
2023-06-17,6/15/2023,2023,BFM,Spring Mix - 1/3 lb,$6.00,33,13,20,$120.00,,actual
2023-06-17,6/15/2023,2023,BFM,Spring Mix - 2/3 lb,$11.00,38,5,33,$363.00,,actual
2023-06-17,6/15/2023,2023,BFM,Spring Mix - 1.5 lb,$25.00,9,2,7,$175.00,,actual
2023-06-17,6/15/2023,2023,BFM,Zucchini - lb,$3.00,26,0,26,$78.00,,actual
2023-06-17,6/15/2023,2023,KFM,Arugula - 1/3 lb,$6.00,26,4,22,$132.00,,actual
2023-06-17,6/15/2023,2023,KFM,Arugula - 2/3 lb,$12.00,17,0,17,$204.00,,actual
2023-06-17,6/15/2023,2023,KFM,Bok Choy - each,$2.00,42,0,42,$84.00,,actual
2023-06-17,6/15/2023,2023,KFM,Cabbage - lb,$3.50,25,0,25,$87.50,,actual
2023-06-17,6/15/2023,2023,KFM,Cabbage Chinese - lb,$3.50,20,0,20,$70.00,,actual
2023-06-17,6/15/2023,2023,KFM,Carrot Bulk - lb,$3.00,34,0,34,$102.00,,actual
2023-06-17,6/15/2023,2023,KFM,Chard - bunch,$4.00,18,0,18,$72.00,,actual
2023-06-17,6/15/2023,2023,KFM,Collards - bunch,$4.00,18,0,18,$72.00,,actual
2023-06-17,6/15/2023,2023,KFM,Cucumber - lb,$3.00,25,0,25,$75.00,,actual
2023-06-17,6/15/2023,2023,KFM,Cucumber Pickling - lb,$3.00,8.6,0,8.6,$25.80,,actual
2023-06-17,6/15/2023,2023,KFM,Escarole - head,$4.00,15,0,15,$60.00,,actual
2023-06-17,6/15/2023,2023,KFM,Garlic Scape - bunch,$3.00,75,1,74,$222.00,,actual
2023-06-17,6/15/2023,2023,KFM,Kale Curly - bunch,$4.00,22,0,22,$88.00,,actual
2023-06-17,6/15/2023,2023,KFM,Kale Lacinato - bunch,$4.00,51,0,51,$204.00,,actual
2023-06-17,6/15/2023,2023,KFM,Komatsuna - bunch,$4.00,12,0,12,$48.00,,actual
2023-06-17,6/15/2023,2023,KFM,Lettuce Mini/Gem - head,$3.00,111,6,105,$315.00,,actual
2023-06-17,6/15/2023,2023,KFM,Mustard - bunch,$4.00,12,0,12,$48.00,,actual
2023-06-17,6/15/2023,2023,KFM,Pea Shelling - quart,$9.00,0,0,0,$0.00,,actual
2023-06-17,6/15/2023,2023,KFM,Pea Snap - lb,$9.00,80,0,80,$720.00,,actual
2023-06-17,6/15/2023,2023,KFM,Radicchio Variegated - lb,$3.00,15,0,15,$45.00,,actual
2023-06-17,6/15/2023,2023,KFM,Radish Bulk - lb,$3.00,40,25,15,$45.00,,actual
2023-06-17,6/15/2023,2023,KFM,Radish French Breakfast - bunch,$3.50,46,0,46,$161.00,,actual
2023-06-17,6/15/2023,2023,KFM,Radish Round - bunch,$3.50,20,0,20,$70.00,,actual
2023-06-17,6/15/2023,2023,KFM,Radish Round Purple - bunch,$3.50,40,0,40,$140.00,,actual
2023-06-17,6/15/2023,2023,KFM,Spring Mix - 1/3 lb,$6.00,29,0,29,$174.00,,actual
2023-06-17,6/15/2023,2023,KFM,Spring Mix - 2/3 lb,$11.00,39,8,31,$341.00,,actual
2023-06-17,6/15/2023,2023,KFM,Spring Mix - 1.5 lb,$25.00,15,1,14,$350.00,,actual
2023-06-17,6/15/2023,2023,KFM,Zucchini - lb,$3.00,46.5,0,46.5,$139.50,,actual
2023-06-24,6/22/2023,2023,KFM,Arugula - 1/3 lb,$6.00,23,9,14,$84.00,,actual
2023-06-24,6/22/2023,2023,KFM,Arugula - 2/3 lb,$12.00,10,0,10,$120.00,,actual
2023-06-24,6/22/2023,2023,KFM,Braising Mix - 1 lb,$7.00,0,0,0,$0.00,,actual
2023-06-24,6/22/2023,2023,KFM,Cabbage - lb,$3.50,26,7,19,$66.50,Variety: Caraflex,actual
2023-06-24,6/22/2023,2023,KFM,Cabbage Chinese - lb,$3.50,23,3,20,$70.00,,actual
2023-06-24,6/22/2023,2023,KFM,Chard - bunch,$4.00,16,2,14,$56.00,,actual
2023-06-24,6/22/2023,2023,KFM,Collards - bunch,$4.00,18,0,18,$72.00,,actual
2023-06-24,6/22/2023,2023,KFM,Cucumber - lb,$3.00,75,0,75,$225.00,,actual
2023-06-24,6/22/2023,2023,KFM,Cucumber Pickling - lb,$3.00,54,0,54,$162.00,,actual
2023-06-24,6/22/2023,2023,KFM,Dandelion - bunch,$4.00,18,0,18,$72.00,,actual
2023-06-24,6/22/2023,2023,KFM,Escarole - head,$5.00,16,7,9,$45.00,,actual
2023-06-24,6/22/2023,2023,KFM,Garlic Scape - bunch,$3.00,80,27,53,$159.00,,actual
2023-06-24,6/22/2023,2023,KFM,Kale Curly - bunch,$4.00,22,7,15,$60.00,,actual
2023-06-24,6/22/2023,2023,KFM,Kale Lacinato - bunch,$4.00,48,0,48,$192.00,,actual
2023-06-24,6/22/2023,2023,KFM,Komatsuna - bunch,$4.00,15,0,15,$60.00,,actual
2023-06-24,6/22/2023,2023,KFM,Lettuce Mini/Gem - head,$3.00,70,28,42,$126.00,Variety: Red,actual
2023-06-24,6/22/2023,2023,KFM,Lettuce Mini/Gem - head,$3.00,50,30,20,$60.00,Variety: Blush,actual
2023-06-24,6/22/2023,2023,KFM,Mustard - bunch,$4.00,0,0,0,$0.00,,actual
2023-06-24,6/22/2023,2023,KFM,Pea Snap - lb,$9.00,50,0,50,$450.00,,actual
2023-06-24,6/22/2023,2023,KFM,Radicchio Variegated - lb,$3.50,20,0,20,$70.00,,actual
2023-06-24,6/22/2023,2023,KFM,Radish Bulk - lb,$3.00,20,,20,$60.00,,actual
2023-06-24,6/22/2023,2023,KFM,Radish French Breakfast - bunch,$3.50,50,10,40,$140.00,,actual
2023-06-24,6/22/2023,2023,KFM,Radish Round - bunch,$3.50,20,0,20,$70.00,,actual
2023-06-24,6/22/2023,2023,KFM,Radish Round Purple - bunch,$3.50,42,2,40,$140.00,,actual
2023-06-24,6/22/2023,2023,KFM,Scallion - bunch,$3.00,60,9,51,$153.00,,actual
2023-06-24,6/22/2023,2023,KFM,Spring Mix - 1.5 lb,$25.00,14,6,8,$200.00,,actual
2023-06-24,6/22/2023,2023,KFM,Spring Mix - 1/3 lb,$6.00,30,5,25,$150.00,,actual
2023-06-24,6/22/2023,2023,KFM,Spring Mix - 2/3 lb,$11.00,30,0,30,$330.00,,actual
2023-06-24,6/22/2023,2023,KFM,Zucchini - lb,$3.00,60,4,56,$168.00,,actual
2023-06-24,6/22/2023,2023,BFM,Arugula - 1/3 lb,$6.00,25,6,19,$114.00,,actual
2023-06-24,6/22/2023,2023,BFM,Arugula - 2/3 lb,$12.00,0,0,0,$0.00,,actual
2023-06-24,6/22/2023,2023,BFM,Braising Mix - 1 lb,$7.00,0,0,0,$0.00,,actual
2023-06-24,6/22/2023,2023,BFM,Cabbage - lb,$3.50,21,3,18,$63.00,Variety: Caraflex,actual
2023-06-24,6/22/2023,2023,BFM,Cabbage Chinese - lb,$3.50,16,0,16,$56.00,,actual
2023-06-24,6/22/2023,2023,BFM,Chard - bunch,$4.00,17,0,17,$68.00,,actual
2023-06-24,6/22/2023,2023,BFM,Collards - bunch,$4.00,15,0,15,$60.00,,actual
2023-06-24,6/22/2023,2023,BFM,Cucumber - lb,$3.00,75,0,75,$225.00,,actual
2023-06-24,6/22/2023,2023,BFM,Cucumber Pickling - lb,$3.00,41,0,41,$123.00,,actual
2023-06-24,6/22/2023,2023,BFM,Dandelion - bunch,$4.00,12,0,12,$48.00,,actual
2023-06-24,6/22/2023,2023,BFM,Escarole - head,$5.00,12,0,12,$60.00,,actual
2023-06-24,6/22/2023,2023,BFM,Garlic Scape - bunch,$3.00,50,9,41,$123.00,,actual
2023-06-24,6/22/2023,2023,BFM,Kale Curly - bunch,$4.00,25,0,25,$100.00,,actual
2023-06-24,6/22/2023,2023,BFM,Kale Lacinato - bunch,$4.00,40,0,40,$160.00,,actual
2023-06-24,6/22/2023,2023,BFM,Komatsuna - bunch,$4.00,12,0,12,$48.00,,actual
2023-06-24,6/22/2023,2023,BFM,Lettuce Mini/Gem - head,$3.00,40,6,34,$102.00,Variety: Red,actual
2023-06-24,6/22/2023,2023,BFM,Lettuce Mini/Gem - head,$3.00,34,12,22,$66.00,Variety: Blush,actual
2023-06-24,6/22/2023,2023,BFM,Mustard - bunch,$4.00,0,0,0,$0.00,,actual
2023-06-24,6/22/2023,2023,BFM,Pea Snap - lb,$9.00,34,0,34,$306.00,,actual
2023-06-24,6/22/2023,2023,BFM,Radicchio Variegated - lb,$3.50,6,1,5,$17.50,,actual
2023-06-24,6/22/2023,2023,BFM,Radish Bulk - lb,$3.00,15,0,15,$45.00,,actual
2023-06-24,6/22/2023,2023,BFM,Radish French Breakfast - bunch,$3.50,35,0,35,$122.50,,actual
2023-06-24,6/22/2023,2023,BFM,Radish Round - bunch,$3.50,17,0,17,$59.50,,actual
2023-06-24,6/22/2023,2023,BFM,Radish Round Purple - bunch,$3.50,30,0,30,$105.00,,actual
2023-06-24,6/22/2023,2023,BFM,Scallion - bunch,$3.00,39,-9,48,$144.00,,actual
2023-06-24,6/22/2023,2023,BFM,Spring Mix - 1.5 lb,$25.00,8,2,6,$150.00,,actual
2023-06-24,6/22/2023,2023,BFM,Spring Mix - 1/3 lb,$6.00,25,-3,28,$168.00,,actual
2023-06-24,6/22/2023,2023,BFM,Spring Mix - 2/3 lb,$11.00,30,4,26,$286.00,,actual
2023-06-24,6/22/2023,2023,BFM,Zucchini - lb,$3.00,40,0,40,$120.00,,actual
2023-06-24,6/22/2023,2023,KFM,Zucchini - lb,$3.00,36.2,0,36.2,$108.60,Variety: Striped,actual
2023-06-24,6/22/2023,2023,BFM,Zucchini - lb,$3.00,15,0,15,$45.00,Variety: Striped,actual
2023-06-24,6/22/2023,2023,KFM,Zucchini - lb,$3.00,7.5,0,7.5,$22.50,Variety: Yellow,actual
2023-06-24,6/22/2023,2023,BFM,Zucchini - lb,$3.00,5,0,5,$15.00,Variety: Yellow,actual
2023-07-01,6/29/2023,2023,KFM,Arugula - 1/3 lb,$6.00,19,0,19,$114.00,,actual
2023-07-01,6/29/2023,2023,KFM,Arugula - 2/3 lb,$11.00,8,0,8,$88.00,,actual
2023-07-01,6/29/2023,2023,KFM,Broccoli - lb,$3.00,1,0,1,$3.00,,actual
2023-07-01,6/29/2023,2023,KFM,Cabbage - lb,$2.00,30.3,0,30.3,$60.60,Variety: Caraflex,actual
2023-07-01,6/29/2023,2023,KFM,Cabbage - lb,$2.00,41,0,41,$82.00,Variety: Red,actual
2023-07-01,6/29/2023,2023,KFM,Cabbage Chinese - lb,$2.00,30,0,30,$60.00,,actual
2023-07-01,6/29/2023,2023,KFM,Cauliflower Sprouting - lb,$3.50,14.4,0,14.4,$50.40,,actual
2023-07-01,6/29/2023,2023,KFM,Chard - bunch,$4.00,15,0,15,$60.00,,actual
2023-07-01,6/29/2023,2023,KFM,Collards - bunch,$4.00,19,0,19,$76.00,,actual
2023-07-01,6/29/2023,2023,KFM,Cucumber - lb,$3.00,57,0,57,$171.00,,actual
2023-07-01,6/29/2023,2023,KFM,Cucumber Pickling - lb,$3.00,45,0,45,$135.00,,actual
2023-07-01,6/29/2023,2023,KFM,Dandelion - bunch,$4.00,18,0,18,$72.00,,actual
2023-07-01,6/29/2023,2023,KFM,Escarole - head,$5.00,15,0,15,$75.00,,actual
2023-07-01,6/29/2023,2023,KFM,Fennel - bunch,$4.00,32,0,32,$128.00,,actual
2023-07-01,6/29/2023,2023,KFM,Garlic Scape - bunch,$3.00,65,12,53,$159.00,,actual
2023-07-01,6/29/2023,2023,KFM,Kale Curly - bunch,$4.00,19,0,19,$76.00,,actual
2023-07-01,6/29/2023,2023,KFM,Kale Lacinato - bunch,$4.00,52,0,52,$208.00,,actual
2023-07-01,6/29/2023,2023,KFM,Komatsuna - bunch,$4.00,16,0,16,$64.00,,actual
2023-07-01,6/29/2023,2023,KFM,Lettuce Mini/Gem - head,$3.00,45,0,45,$135.00,Variety: Red,actual
2023-07-01,6/29/2023,2023,KFM,Lettuce Mini/Gem - head,$3.00,33,0,33,$99.00,Variety: Blush,actual
2023-07-01,6/29/2023,2023,KFM,Lettuce Mini/Gem - head,$3.00,26,0,26,$78.00,Variety: Green,actual
2023-07-01,6/29/2023,2023,KFM,Parsley - bunch,$3.00,35,0,35,$105.00,,actual
2023-07-01,6/29/2023,2023,KFM,Radicchio Variegated - lb,$6.00,14,0,14,$84.00,,actual
2023-07-01,6/29/2023,2023,KFM,Radish Bulk - lb,$3.00,30,0,30,$90.00,,actual
2023-07-01,6/29/2023,2023,KFM,Radish French Breakfast - bunch,$3.50,64,0,64,$224.00,,actual
2023-07-01,6/29/2023,2023,KFM,Radish Round - bunch,$3.50,36,0,36,$126.00,,actual
2023-07-01,6/29/2023,2023,KFM,Radish Round Purple - bunch,$3.50,0,0,0,$0.00,,actual
2023-07-01,6/29/2023,2023,KFM,Scallion - bunch,$3.50,64,0,64,$224.00,,actual
2023-07-01,6/29/2023,2023,KFM,Spring Mix - 1.5 lb,$25.00,9,0,9,$225.00,,actual
2023-07-01,6/29/2023,2023,KFM,Spring Mix - 1/3 lb,$6.00,30,0,30,$180.00,,actual
2023-07-01,6/29/2023,2023,KFM,Spring Mix - 2/3 lb,$11.00,30,0,30,$330.00,,actual
2023-07-01,6/29/2023,2023,KFM,Zucchini - lb,$3.00,90,0,90,$270.00,,actual
2023-07-01,6/29/2023,2023,KFM,Zucchini - lb,$3.00,77.5,0,77.5,$232.50,Variety: Striped,actual
2023-07-01,6/29/2023,2023,KFM,Zucchini - lb,$3.00,27.9,0,27.9,$83.70,Variety: Yellow,actual
2023-07-01,6/29/2023,2023,BFM,Arugula - 1/3 lb,$6.00,18,0,18,$108.00,,actual
2023-07-01,6/29/2023,2023,BFM,Arugula - 2/3 lb,$11.00,7,0,7,$77.00,,actual
2023-07-01,6/29/2023,2023,BFM,Broccoli - lb,$3.00,1,0,1,$3.00,,actual
2023-07-01,6/29/2023,2023,BFM,Cabbage - lb,$2.00,28.1,6.2,21.9,$43.80,Variety: Caraflex,actual
2023-07-01,6/29/2023,2023,BFM,Cabbage - lb,$2.00,41.5,0,41.5,$83.00,Variety: Red,actual
2023-07-01,6/29/2023,2023,BFM,Cabbage Chinese - lb,$2.00,30.4,11.2,19.2,$38.40,,actual
2023-07-01,6/29/2023,2023,BFM,Cauliflower Sprouting - lb,$3.50,14.2,0,14.2,$49.70,,actual
2023-07-01,6/29/2023,2023,BFM,Chard - bunch,$4.00,20,0,20,$80.00,,actual
2023-07-01,6/29/2023,2023,BFM,Collards - bunch,$4.00,16,4,12,$48.00,,actual
2023-07-01,6/29/2023,2023,BFM,Cucumber - lb,$3.00,53,0,53,$159.00,,actual
2023-07-01,6/29/2023,2023,BFM,Cucumber Pickling - lb,$3.00,40,0,40,$120.00,,actual
2023-07-01,6/29/2023,2023,BFM,Dandelion - bunch,$4.00,12,0,12,$48.00,,actual
2023-07-01,6/29/2023,2023,BFM,Escarole - head,$5.00,15,1,14,$70.00,,actual
2023-07-01,6/29/2023,2023,BFM,Fennel - bunch,$4.00,22,0,22,$88.00,,actual
2023-07-01,6/29/2023,2023,BFM,Garlic Scape - bunch,$3.00,50,5,45,$135.00,,actual
2023-07-01,6/29/2023,2023,BFM,Kale Curly - bunch,$4.00,25,0,25,$100.00,,actual
2023-07-01,6/29/2023,2023,BFM,Kale Lacinato - bunch,$4.00,42,1,41,$164.00,,actual
2023-07-01,6/29/2023,2023,BFM,Komatsuna - bunch,$4.00,15,4,11,$44.00,,actual
2023-07-01,6/29/2023,2023,BFM,Lettuce Mini/Gem - head,$3.00,35,0,35,$105.00,Variety: Red,actual
2023-07-01,6/29/2023,2023,BFM,Lettuce Mini/Gem - head,$3.00,25,0,25,$75.00,Variety: Blush,actual
2023-07-01,6/29/2023,2023,BFM,Lettuce Mini/Gem - head,$3.00,20,0,20,$60.00,Variety: Green,actual
2023-07-01,6/29/2023,2023,BFM,Parsley - bunch,$3.00,25,0,25,$75.00,,actual
2023-07-01,6/29/2023,2023,BFM,Radicchio Variegated - lb,$6.00,6.2,1.7,4.5,$27.00,,actual
2023-07-01,6/29/2023,2023,BFM,Radish Bulk - lb,$3.00,30,8,22,$66.00,,actual
2023-07-01,6/29/2023,2023,BFM,Radish French Breakfast - bunch,$3.50,45,0,45,$157.50,,actual
2023-07-01,6/29/2023,2023,BFM,Radish Round - bunch,$3.50,33,0,33,$115.50,,actual
2023-07-01,6/29/2023,2023,BFM,Radish Round Purple - bunch,$3.50,0,0,0,$0.00,,actual
2023-07-01,6/29/2023,2023,BFM,Scallion - bunch,$3.50,54,0,54,$189.00,,actual
2023-07-01,6/29/2023,2023,BFM,Spring Mix - 1.5 lb,$25.00,5,0,5,$125.00,,actual
2023-07-01,6/29/2023,2023,BFM,Spring Mix - 1/3 lb,$6.00,28,0,28,$168.00,,actual
2023-07-01,6/29/2023,2023,BFM,Spring Mix - 2/3 lb,$11.00,28,0,28,$308.00,,actual
2023-07-01,6/29/2023,2023,BFM,Zucchini - lb,$3.00,113,13,100,$300.00,,actual
2023-07-01,6/29/2023,2023,BFM,Zucchini - lb,$3.00,71.4,13,58.4,$175.20,Variety: Striped,actual
2023-07-01,6/29/2023,2023,BFM,Zucchini - lb,$3.00,25.4,0,25.4,$76.20,Variety: Yellow,actual
2023-07-01,6/29/2023,2023,KFM,Beets Golden P - bunch,$4.00,15,0,15,$60.00,,actual
2023-07-01,6/29/2023,2023,BFM,Beets Golden P - bunch,$4.00,15,0,15,$60.00,,actual
2023-07-01,6/29/2023,2023,KFM,Radicchio  - lb,$6.00,20.5,0,20.5,$123.00,,actual
2023-07-01,6/29/2023,2023,BFM,Radicchio  - lb,$6.00,5.6,0,5.6,$33.60,,actual
2023-07-08,7/6/2023,2023,KFM,Arugula - 1/3 lb,$6.00,0,0,0,$0.00,,actual
2023-07-08,7/6/2023,2023,KFM,Arugula - 2/3 lb,$11.00,0,0,0,$0.00,,actual
2023-07-08,7/6/2023,2023,KFM,Basil - bunch,$3.00,35,0,35,$105.00,,actual
2023-07-08,7/6/2023,2023,KFM,Beets Golden P - bunch,$4.00,18,0,18,$72.00,,actual
2023-07-08,7/6/2023,2023,KFM,Beets Red - bunch,$4.00,12,0,12,$48.00,,actual
2023-07-08,7/6/2023,2023,KFM,Bok Choy - each,$4.00,15,0,15,$60.00,,actual
2023-07-08,7/6/2023,2023,KFM,Broccoli - lb,$3.00,31.1,0,31.1,$93.30,,actual
2023-07-08,7/6/2023,2023,KFM,Cabbage - lb,$2.00,7.7,1.2,6.5,$13.00,Variety: Caraflex,actual
2023-07-08,7/6/2023,2023,KFM,Cabbage - lb,$2.00,51.9,4.1,47.8,$95.60,Variety: Red,actual
2023-07-08,7/6/2023,2023,KFM,Cabbage - lb,$2.00,6.3,0,6.3,$12.60,Variety: Tendersweet,actual
2023-07-08,7/6/2023,2023,KFM,Cabbage Chinese - lb,$2.00,25.1,1.2,23.9,$47.80,,actual
2023-07-08,7/6/2023,2023,KFM,Cauliflower Sprouting - lb,$3.50,35.9,0,35.9,$125.65,,actual
2023-07-08,7/6/2023,2023,KFM,Chard - bunch,$4.00,16,0,16,$64.00,,actual
2023-07-08,7/6/2023,2023,KFM,Collards - bunch,$4.00,16,4,12,$48.00,,actual
2023-07-08,7/6/2023,2023,KFM,Cucumber - lb,$3.00,160,23.6,136.4,$409.20,,actual
2023-07-08,7/6/2023,2023,KFM,Cucumber Pickling - lb,$3.00,55,0,55,$165.00,,actual
2023-07-08,7/6/2023,2023,KFM,Dandelion - bunch,$4.00,18,3,15,$60.00,,actual
2023-07-08,7/6/2023,2023,KFM,Escarole - head,$5.00,15,1,14,$70.00,,actual
2023-07-08,7/6/2023,2023,KFM,Fennel - bunch,$4.00,60,0,60,$240.00,,actual
2023-07-08,7/6/2023,2023,KFM,Garlic Scape - bunch,$3.00,64,25,39,$117.00,,actual
2023-07-08,7/6/2023,2023,KFM,Kale Curly - bunch,$4.00,22,2,20,$80.00,,actual
2023-07-08,7/6/2023,2023,KFM,Kale Lacinato - bunch,$4.00,53,12,41,$164.00,,actual
2023-07-08,7/6/2023,2023,KFM,Komatsuna - bunch,$4.00,0,0,0,$0.00,,actual
2023-07-08,7/6/2023,2023,KFM,Lettuce Mini/Gem - head,$3.00,104,28,76,$228.00,Variety: Red,actual
2023-07-08,7/6/2023,2023,KFM,Lettuce Mini/Gem - head,$3.00,0,0,0,$0.00,Variety: Blush,actual
2023-07-08,7/6/2023,2023,KFM,Lettuce Mini/Gem - head,$3.00,16,0,16,$48.00,Variety: Green,actual
2023-07-08,7/6/2023,2023,KFM,Onion Spring Red - bunch,$4.00,41,0,41,$164.00,,actual
2023-07-08,7/6/2023,2023,KFM,Parsley - bunch,$3.00,35,0,35,$105.00,,actual
2023-07-08,7/6/2023,2023,KFM,Radicchio  - lb,$6.00,28,0,28,$168.00,,actual
2023-07-08,7/6/2023,2023,KFM,Radicchio Variegated - lb,$6.00,13.6,3.7,9.9,$59.40,,actual
2023-07-08,7/6/2023,2023,KFM,Radish French Breakfast - bunch,$3.50,30,0,30,$105.00,,actual
2023-07-08,7/6/2023,2023,KFM,Radish Round - bunch,$3.50,0,0,0,$0.00,,actual
2023-07-08,7/6/2023,2023,KFM,Scallion - bunch,$3.00,68,1,67,$201.00,,actual
2023-07-08,7/6/2023,2023,KFM,Spring Mix - 1.5 lb,$25.00,10,0,10,$250.00,,actual
2023-07-08,7/6/2023,2023,KFM,Spring Mix - 1/3 lb,$6.00,28,0,28,$168.00,,actual
2023-07-08,7/6/2023,2023,KFM,Spring Mix - 2/3 lb,$11.00,35,11,24,$264.00,,actual
2023-07-08,7/6/2023,2023,KFM,Zucchini - lb,$3.00,62,26.1,35.9,$107.70,,actual
2023-07-08,7/6/2023,2023,KFM,Zucchini - lb,$3.00,89,39.4,49.6,$148.80,Variety: Striped,actual
2023-07-08,7/6/2023,2023,KFM,Zucchini - lb,$3.00,42.5,0,42.5,$127.50,Variety: Yellow,actual
2023-07-08,7/6/2023,2023,BFM,Arugula - 1/3 lb,$6.00,0,0,0,$0.00,,actual
2023-07-08,7/6/2023,2023,BFM,Arugula - 2/3 lb,$11.00,0,0,0,$0.00,,actual
2023-07-08,7/6/2023,2023,BFM,Basil - bunch,$3.00,25,0,25,$75.00,,actual
2023-07-08,7/6/2023,2023,BFM,Beets Golden P - bunch,$4.00,15,0,15,$60.00,,actual
2023-07-08,7/6/2023,2023,BFM,Beets Red - bunch,$4.00,10,0,10,$40.00,,actual
2023-07-08,7/6/2023,2023,BFM,Bok Choy - each,$4.00,16,0,16,$64.00,,actual
2023-07-08,7/6/2023,2023,BFM,Broccoli - lb,$3.00,24.3,0,24.3,$72.90,,actual
2023-07-08,7/6/2023,2023,BFM,Cabbage - lb,$2.00,6.5,0,6.5,$13.00,Variety: Caraflex,actual
2023-07-08,7/6/2023,2023,BFM,Cabbage - lb,$2.00,39.1,6.5,32.6,$65.20,Variety: Red,actual
2023-07-08,7/6/2023,2023,BFM,Cabbage - lb,$2.00,5.7,0,5.7,$11.40,Variety: Tendersweet,actual
2023-07-08,7/6/2023,2023,BFM,Cabbage Chinese - lb,$2.00,13.6,3.4,10.2,$20.40,,actual
2023-07-08,7/6/2023,2023,BFM,Cauliflower Sprouting - lb,$3.50,25.7,0,25.7,$89.95,,actual
2023-07-08,7/6/2023,2023,BFM,Chard - bunch,$4.00,20,0,20,$80.00,,actual
2023-07-08,7/6/2023,2023,BFM,Collards - bunch,$4.00,11,0,11,$44.00,,actual
2023-07-08,7/6/2023,2023,BFM,Cucumber - lb,$3.00,91,,91,$273.00,,actual
2023-07-08,7/6/2023,2023,BFM,Cucumber Pickling - lb,$3.00,44,,44,$132.00,,actual
2023-07-08,7/6/2023,2023,BFM,Dandelion - bunch,$4.00,12,4,8,$32.00,,actual
2023-07-08,7/6/2023,2023,BFM,Escarole - head,$5.00,15,3,12,$60.00,,actual
2023-07-08,7/6/2023,2023,BFM,Fennel - bunch,$4.00,29,4,25,$100.00,,actual
2023-07-08,7/6/2023,2023,BFM,Garlic Scape - bunch,$3.00,55,25,30,$90.00,,actual
2023-07-08,7/6/2023,2023,BFM,Kale Curly - bunch,$4.00,25,0,25,$100.00,,actual
2023-07-08,7/6/2023,2023,BFM,Kale Lacinato - bunch,$4.00,40,4,36,$144.00,,actual
2023-07-08,7/6/2023,2023,BFM,Komatsuna - bunch,$4.00,0,0,0,$0.00,,actual
2023-07-08,7/6/2023,2023,BFM,Lettuce Mini/Gem - head,$3.00,76,10,66,$198.00,Variety: Red,actual
2023-07-08,7/6/2023,2023,BFM,Lettuce Mini/Gem - head,$3.00,0,0,0,$0.00,Variety: Blush,actual
2023-07-08,7/6/2023,2023,BFM,Lettuce Mini/Gem - head,$3.00,10,0,10,$30.00,Variety: Green,actual
2023-07-08,7/6/2023,2023,BFM,Onion Spring Red - bunch,$4.00,30,12,18,$72.00,,actual
2023-07-08,7/6/2023,2023,BFM,Parsley - bunch,$3.00,25,2,23,$69.00,,actual
2023-07-08,7/6/2023,2023,BFM,Radicchio  - lb,$6.00,5.1,0,5.1,$30.60,,actual
2023-07-08,7/6/2023,2023,BFM,Radicchio Variegated - lb,$6.00,10.1,0,10.1,$60.60,,actual
2023-07-08,7/6/2023,2023,BFM,Radish French Breakfast - bunch,$3.50,21,0,21,$73.50,,actual
2023-07-08,7/6/2023,2023,BFM,Radish Round - bunch,$3.50,0,0,0,$0.00,,actual
2023-07-08,7/6/2023,2023,BFM,Scallion - bunch,$3.00,47,5,42,$126.00,,actual
2023-07-08,7/6/2023,2023,BFM,Spring Mix - 1.5 lb,$25.00,6,0,6,$150.00,,actual
2023-07-08,7/6/2023,2023,BFM,Spring Mix - 1/3 lb,$6.00,28,5,23,$138.00,,actual
2023-07-08,7/6/2023,2023,BFM,Spring Mix - 2/3 lb,$11.00,30,8,22,$242.00,,actual
2023-07-08,7/6/2023,2023,BFM,Zucchini - lb,$3.00,111,50,61,$183.00,,actual
2023-07-08,7/6/2023,2023,BFM,Zucchini - lb,$3.00,45,15,30,$90.00,Variety: Striped,actual
2023-07-08,7/6/2023,2023,BFM,Zucchini - lb,$3.00,25,0,25,$75.00,Variety: Yellow,actual
2023-07-08,7/6/2023,2023,KFM,Cabbage - lb,$2.00,8.1,1.3,6.8,$13.60,Variety: Savoy,actual
2023-07-08,7/6/2023,2023,BFM,Cabbage - lb,$2.00,6.5,0,6.5,$13.00,Variety: Savoy,actual
2023-07-08,7/6/2023,2023,KFM,Radish Bulk - lb,$3.00,26,8,18,$54.00,,actual
2023-07-08,7/6/2023,2023,BFM,Radish Bulk - lb,$3.00,26,8,18,$54.00,,actual
2023-07-15,7/13/2023,2023,KFM,Basil - bunch,$3.50,53,0,53,$185.50,,actual
2023-07-15,7/13/2023,2023,KFM,Beets Golden P - bunch,$4.00,27,0,27,$108.00,,actual
2023-07-15,7/13/2023,2023,KFM,Beets Red - bunch,$4.00,17,0,17,$68.00,,actual
2023-07-15,7/13/2023,2023,KFM,Bok Choy - each,$4.00,20,0,20,$80.00,,actual
2023-07-15,7/13/2023,2023,KFM,Broccoli - lb,$5.00,0,0,0,$0.00,,actual
2023-07-15,7/13/2023,2023,KFM,Cabbage - lb,$2.00,11.1,0,11.1,$22.20,Variety: Caraflex,actual
2023-07-15,7/13/2023,2023,KFM,Cabbage - lb,$2.00,41,0,41,$82.00,Variety: Red,actual
2023-07-15,7/13/2023,2023,KFM,Cabbage - lb,$2.00,6.8,0,6.8,$13.60,Variety: Tendersweet,actual
2023-07-15,7/13/2023,2023,KFM,Cabbage - lb,$2.00,13.3,0,13.3,$26.60,Variety: Savoy,actual
2023-07-15,7/13/2023,2023,KFM,Cabbage Chinese - lb,$2.00,17.9,0,17.9,$35.80,,actual
2023-07-15,7/13/2023,2023,KFM,Cauliflower Sprouting - lb,$5.00,0,0,0,$0.00,,actual
2023-07-15,7/13/2023,2023,KFM,Chard - bunch,$4.00,18,0,18,$72.00,,actual
2023-07-15,7/13/2023,2023,KFM,Collards - bunch,$4.00,15,0,15,$60.00,,actual
2023-07-15,7/13/2023,2023,KFM,Cucumber - lb,$3.00,93.5,6,87.5,$262.50,,actual
2023-07-15,7/13/2023,2023,KFM,Cucumber Pickling - lb,$3.00,50.4,0,50.4,$151.20,,actual
2023-07-15,7/13/2023,2023,KFM,Dandelion - bunch,$4.00,16,1,15,$60.00,,actual
2023-07-15,7/13/2023,2023,KFM,Escarole - head,$5.00,16,0,16,$80.00,,actual
2023-07-15,7/13/2023,2023,KFM,Fennel - bunch,$4.00,60,0,60,$240.00,,actual
2023-07-15,7/13/2023,2023,KFM,Garlic Scape - bunch,$3.00,25,0,25,$75.00,,actual
2023-07-15,7/13/2023,2023,KFM,Kale Curly - bunch,$4.00,20,0,20,$80.00,,actual
2023-07-15,7/13/2023,2023,KFM,Kale Lacinato - bunch,$4.00,40,0,40,$160.00,,actual
2023-07-15,7/13/2023,2023,KFM,Onion Spring Red - bunch,$4.00,23,0,23,$92.00,,actual
2023-07-15,7/13/2023,2023,KFM,Parsley - bunch,$3.50,43,6,37,$129.50,,actual
2023-07-15,7/13/2023,2023,KFM,Radicchio  - lb,$6.00,15.4,0,15.4,$92.40,,actual
2023-07-15,7/13/2023,2023,KFM,Radicchio Specialty - lb,$6.00,16.3,0,16.3,$97.80,Variety: Treviso,actual
2023-07-15,7/13/2023,2023,KFM,Radicchio Variegated - lb,$6.00,6.6,0,6.6,$39.60,,actual
2023-07-15,7/13/2023,2023,KFM,Radish French Breakfast - bunch,$3.50,20,0,20,$70.00,,actual
2023-07-15,7/13/2023,2023,KFM,Radish Round - bunch,$3.50,23,0,23,$80.50,,actual
2023-07-15,7/13/2023,2023,KFM,Scallion - bunch,$3.50,34,0,34,$119.00,,actual
2023-07-15,7/13/2023,2023,KFM,Spring Mix - 1.5 lb,$25.00,13,0,13,$325.00,,actual
2023-07-15,7/13/2023,2023,KFM,Spring Mix - 1/3 lb,$6.00,26,0,26,$156.00,,actual
2023-07-15,7/13/2023,2023,KFM,Spring Mix - 2/3 lb,$11.00,25,0,25,$275.00,,actual
2023-07-15,7/13/2023,2023,KFM,Tomato Cherry - pint,$5.00,30,0,30,$150.00,Variety: Sungold,actual
2023-07-15,7/13/2023,2023,KFM,Tomato Cherry - pint,$5.00,20,0,20,$100.00,Variety: Rainbow,actual
2023-07-15,7/13/2023,2023,KFM,Zucchini - lb,$3.00,60.75,10,50.75,$152.25,,actual
2023-07-15,7/13/2023,2023,KFM,Zucchini - lb,$3.00,103.6,50,53.6,$160.80,Variety: Striped,actual
2023-07-15,7/13/2023,2023,KFM,Zucchini - lb,$3.00,41.2,0,41.2,$123.60,Variety: Yellow,actual
2023-07-15,7/13/2023,2023,BFM,Basil - bunch,$3.50,35,0,35,$122.50,,actual
2023-07-15,7/13/2023,2023,BFM,Beets Golden P - bunch,$4.00,19,0,19,$76.00,,actual
2023-07-15,7/13/2023,2023,BFM,Beets Red - bunch,$4.00,15,0,15,$60.00,,actual
2023-07-15,7/13/2023,2023,BFM,Bok Choy - each,$4.00,20,0,20,$80.00,,actual
2023-07-15,7/13/2023,2023,BFM,Broccoli - lb,$5.00,0,0,0,$0.00,,actual
2023-07-15,7/13/2023,2023,BFM,Cabbage - lb,$2.00,10.1,0,10.1,$20.20,Variety: Caraflex,actual
2023-07-15,7/13/2023,2023,BFM,Cabbage - lb,$2.00,30.8,6.8,24,$48.00,Variety: Red,actual
2023-07-15,7/13/2023,2023,BFM,Cabbage - lb,$2.00,5.1,0,5.1,$10.20,Variety: Tendersweet,actual
2023-07-15,7/13/2023,2023,BFM,Cabbage - lb,$2.00,9.8,3.9,5.9,$11.80,Variety: Savoy,actual
2023-07-15,7/13/2023,2023,BFM,Cabbage Chinese - lb,$2.00,15.6,0,15.6,$31.20,,actual
2023-07-15,7/13/2023,2023,BFM,Cauliflower Sprouting - lb,$5.00,0,0,0,$0.00,,actual
2023-07-15,7/13/2023,2023,BFM,Chard - bunch,$4.00,20,2,18,$72.00,,actual
2023-07-15,7/13/2023,2023,BFM,Collards - bunch,$4.00,12,6,6,$24.00,,actual
2023-07-15,7/13/2023,2023,BFM,Cucumber - lb,$3.00,96,25,71,$213.00,,actual
2023-07-15,7/13/2023,2023,BFM,Cucumber Pickling - lb,$3.00,26.2,0,26.2,$78.60,,actual
2023-07-15,7/13/2023,2023,BFM,Dandelion - bunch,$4.00,10,0,10,$40.00,,actual
2023-07-15,7/13/2023,2023,BFM,Escarole - head,$5.00,12,0,12,$60.00,,actual
2023-07-15,7/13/2023,2023,BFM,Fennel - bunch,$4.00,25,2,23,$92.00,,actual
2023-07-15,7/13/2023,2023,BFM,Garlic Scape - bunch,$3.00,20,0,20,$60.00,,actual
2023-07-15,7/13/2023,2023,BFM,Kale Curly - bunch,$4.00,25,6,19,$76.00,,actual
2023-07-15,7/13/2023,2023,BFM,Kale Lacinato - bunch,$4.00,35,0,35,$140.00,,actual
2023-07-15,7/13/2023,2023,BFM,Onion Spring Red - bunch,$4.00,20,0,20,$80.00,,actual
2023-07-15,7/13/2023,2023,BFM,Parsley - bunch,$3.50,25,2,23,$80.50,,actual
2023-07-15,7/13/2023,2023,BFM,Radicchio  - lb,$6.00,6.4,0.8,5.6,$33.60,,actual
2023-07-15,7/13/2023,2023,BFM,Radicchio Specialty - lb,$6.00,3.5,0,3.5,$21.00,Variety: Treviso,actual
2023-07-15,7/13/2023,2023,BFM,Radicchio Variegated - lb,$6.00,3.9,0,3.9,$23.40,,actual
2023-07-15,7/13/2023,2023,BFM,Radish French Breakfast - bunch,$3.50,15,0,15,$52.50,,actual
2023-07-15,7/13/2023,2023,BFM,Radish Round - bunch,$3.50,22,0,22,$77.00,,actual
2023-07-15,7/13/2023,2023,BFM,Scallion - bunch,$3.50,20,0,20,$70.00,,actual
2023-07-15,7/13/2023,2023,BFM,Spring Mix - 1.5 lb,$25.00,8,0,8,$200.00,,actual
2023-07-15,7/13/2023,2023,BFM,Spring Mix - 1/3 lb,$6.00,25,0,25,$150.00,,actual
2023-07-15,7/13/2023,2023,BFM,Spring Mix - 2/3 lb,$11.00,25,0,25,$275.00,,actual
2023-07-15,7/13/2023,2023,BFM,Tomato Cherry - pint,$5.00,24,0,24,$120.00,Variety: Sungold,actual
2023-07-15,7/13/2023,2023,BFM,Tomato Cherry - pint,$5.00,6,0,6,$30.00,Variety: Rainbow,actual
2023-07-15,7/13/2023,2023,BFM,Zucchini - lb,$3.00,42.5,15,27.5,$82.50,,actual
2023-07-15,7/13/2023,2023,BFM,Zucchini - lb,$3.00,63.6,15,48.6,$145.80,Variety: Striped,actual
2023-07-15,7/13/2023,2023,BFM,Zucchini - lb,$3.00,46.9,5,41.9,$125.70,Variety: Yellow,actual
2023-07-15,7/13/2023,2023,KFM,Bean Snap - bunch,$5.00,68,3,65,$325.00,,actual
2023-07-15,7/13/2023,2023,KFM,Cilantro - bunch,$3.50,30,0,30,$105.00,,actual
2023-07-15,7/13/2023,2023,BFM,Bean Snap - bunch,$5.00,33,0,33,$165.00,,actual
2023-07-15,7/13/2023,2023,BFM,Cilantro - bunch,$3.50,20,0,20,$70.00,,actual
2023-07-15,7/13/2023,2023,KFM,Bean Snap - lb,$5.00,4,0,4,$20.00,,actual
2023-07-22,7/20/23,2023,BFM,Basil - bunch,$3.50,40,0,40,$140.00,,actual
2023-07-22,7/20/23,2023,BFM,Bean Snap - bunch,$5.00,30,1,29,$145.00,,actual
2023-07-22,7/20/23,2023,BFM,Bean Snap - lb,$5.00,11.25,0,11.25,$56.25,,actual
2023-07-22,7/20/23,2023,BFM,Beets Golden P - bunch,$4.00,22,0,22,$88.00,,actual
2023-07-22,7/20/23,2023,BFM,Beets Red - bunch,$4.00,17,0,17,$68.00,,actual
2023-07-22,7/20/23,2023,BFM,Cabbage - lb,$2.00,8.5,0,8.5,$17.00,Variety: Caraflex,actual
2023-07-22,7/20/23,2023,BFM,Cabbage - lb,$2.00,25.4,0,25.4,$50.80,Variety: Red,actual
2023-07-22,7/20/23,2023,BFM,Cabbage - lb,$2.00,10.8,0,10.8,$21.60,Variety: Tendersweet,actual
2023-07-22,7/20/23,2023,BFM,Cabbage - lb,$2.00,9.6,0,9.6,$19.20,Variety: Savoy,actual
2023-07-22,7/20/23,2023,BFM,Cabbage Chinese - lb,$2.00,6.6,0,6.6,$13.20,,actual
2023-07-22,7/20/23,2023,BFM,Carrot - bunch,$5.00,42,0,42,$210.00,,actual
2023-07-22,7/20/23,2023,BFM,Celery - bunch,$4.00,17,0,17,$68.00,,actual
2023-07-22,7/20/23,2023,BFM,Chard - bunch,$4.00,18,0,18,$72.00,,actual
2023-07-22,7/20/23,2023,BFM,Cilantro - bunch,$3.50,27,0,27,$94.50,,actual
2023-07-22,7/20/23,2023,BFM,Collards - bunch,$4.00,8,0,8,$32.00,,actual
2023-07-22,7/20/23,2023,BFM,Cucumber - lb,$3.00,90,10,80,$240.00,,actual
2023-07-22,7/20/23,2023,BFM,Cucumber Pickling - lb,$3.00,46,5,41,$123.00,,actual
2023-07-22,7/20/23,2023,BFM,Dandelion - bunch,$4.00,12,0,12,$48.00,,actual
2023-07-22,7/20/23,2023,BFM,Dill - bunch,$3.50,16,0,16,$56.00,,actual
2023-07-22,7/20/23,2023,BFM,Escarole - head,$4.00,10,0,10,$40.00,,actual
2023-07-22,7/20/23,2023,BFM,Fennel - bunch,$3.50,25,2,23,$80.50,,actual
2023-07-22,7/20/23,2023,BFM,Kale Curly - bunch,$4.00,19,0,19,$76.00,,actual
2023-07-22,7/20/23,2023,BFM,Kale Lacinato - bunch,$4.00,35,0,35,$140.00,,actual
2023-07-22,7/20/23,2023,BFM,Onion Spring Red - bunch,$4.00,22,0,22,$88.00,,actual
2023-07-22,7/20/23,2023,BFM,Parsley - bunch,$3.50,25,5,20,$70.00,,actual
2023-07-22,7/20/23,2023,BFM,Radicchio  - lb,$8.00,5,0,5,$40.00,,actual
2023-07-22,7/20/23,2023,BFM,Radicchio Specialty - lb,$8.00,3.9,0,3.9,$31.20,Variety: Treviso,actual
2023-07-22,7/20/23,2023,BFM,Radicchio Variegated - lb,$8.00,1.8,0,1.8,$14.40,,actual
2023-07-22,7/20/23,2023,BFM,Radish French Breakfast - bunch,$3.50,0,0,0,$0.00,,actual
2023-07-22,7/20/23,2023,BFM,Radish Round - bunch,$3.50,0,0,0,$0.00,,actual
2023-07-22,7/20/23,2023,BFM,Scallion - bunch,$3.50,40,0,40,$140.00,,actual
2023-07-22,7/20/23,2023,BFM,Spring Mix - 1.5 lb,$25.00,6,0,6,$150.00,,actual
2023-07-22,7/20/23,2023,BFM,Spring Mix - 1/3 lb,$6.00,35,0,35,$210.00,,actual
2023-07-22,7/20/23,2023,BFM,Spring Mix - 2/3 lb,$11.00,30,0,30,$330.00,,actual
2023-07-22,7/20/23,2023,BFM,Tomato Cherry - pint,$5.00,52,0,52,$260.00,Variety: Sungold,actual
2023-07-22,7/20/23,2023,BFM,Tomato Cherry - pint,$5.00,32,0,32,$160.00,Variety: Rainbow,actual
2023-07-22,7/20/23,2023,BFM,Zucchini - lb,$3.00,0,0,0,$0.00,,actual
2023-07-22,7/20/23,2023,BFM,Zucchini - lb,$3.00,52,0,52,$156.00,Variety: Striped,actual
2023-07-22,7/20/23,2023,BFM,Zucchini - lb,$3.00,20,0,20,$60.00,Variety: Yellow,actual
2023-07-22,7/20/23,2023,KFM,Basil - bunch,$3.50,53,0,53,$185.50,,actual
2023-07-22,7/20/23,2023,KFM,Bean Snap - bunch,$5.00,50,1,49,$245.00,,actual
2023-07-22,7/20/23,2023,KFM,Beets Golden P - bunch,$4.00,31,0,31,$124.00,,actual
2023-07-22,7/20/23,2023,KFM,Beets Red - bunch,$4.00,18,0,18,$72.00,,actual
2023-07-22,7/20/23,2023,KFM,Cabbage - lb,$2.00,12,0,12,$24.00,Variety: Caraflex,actual
2023-07-22,7/20/23,2023,KFM,Cabbage - lb,$2.00,40.6,10.9,29.7,$59.40,Variety: Red,actual
2023-07-22,7/20/23,2023,KFM,Cabbage - lb,$2.00,10.8,0,10.8,$21.60,Variety: Tendersweet,actual
2023-07-22,7/20/23,2023,KFM,Cabbage - lb,$2.00,10.8,0,10.8,$21.60,Variety: Savoy,actual
2023-07-22,7/20/23,2023,KFM,Cabbage Chinese - lb,$2.00,13,0,13,$26.00,,actual
2023-07-22,7/20/23,2023,KFM,Carrot - bunch,$5.00,70,0,70,$350.00,,actual
2023-07-22,7/20/23,2023,KFM,Celery - bunch,$4.00,25,1,24,$96.00,,actual
2023-07-22,7/20/23,2023,KFM,Chard - bunch,$4.00,19,1,18,$72.00,,actual
2023-07-22,7/20/23,2023,KFM,Cilantro - bunch,$3.50,50,0,50,$175.00,,actual
2023-07-22,7/20/23,2023,KFM,Collards - bunch,$4.00,12,0,12,$48.00,,actual
2023-07-22,7/20/23,2023,KFM,Cucumber - lb,$3.00,115,33,82,$246.00,,actual
2023-07-22,7/20/23,2023,KFM,Cucumber Pickling - lb,$3.00,65,0,65,$195.00,,actual
2023-07-22,7/20/23,2023,KFM,Dandelion - bunch,$4.00,16,0,16,$64.00,,actual
2023-07-22,7/20/23,2023,KFM,Dill - bunch,$3.50,24,0,24,$84.00,,actual
2023-07-22,7/20/23,2023,KFM,Escarole - head,$4.00,10,0,10,$40.00,,actual
2023-07-22,7/20/23,2023,KFM,Fennel - bunch,$4.00,60,2,58,$232.00,,actual
2023-07-22,7/20/23,2023,KFM,Kale Curly - bunch,$4.00,19,0,19,$76.00,,actual
2023-07-22,7/20/23,2023,KFM,Kale Lacinato - bunch,$4.00,40,0,40,$160.00,,actual
2023-07-22,7/20/23,2023,KFM,Lettuce Mini/Gem - head,$2.00,45,0,45,$90.00,,actual
2023-07-22,7/20/23,2023,KFM,Onion Spring Red - bunch,$4.00,30,0,30,$120.00,,actual
2023-07-22,7/20/23,2023,KFM,Parsley - bunch,$3.50,36,0,36,$126.00,,actual
2023-07-22,7/20/23,2023,KFM,Radicchio  - lb,$8.00,14.9,0,14.9,$119.20,,actual
2023-07-22,7/20/23,2023,KFM,Radicchio Specialty - lb,$8.00,13.7,0,13.7,$109.60,Variety: Treviso,actual
2023-07-22,7/20/23,2023,KFM,Radicchio Variegated - lb,$8.00,6.8,0,6.8,$54.40,,actual
2023-07-22,7/20/23,2023,KFM,Radish French Breakfast - bunch,$3.50,0,0,0,$0.00,,actual
2023-07-22,7/20/23,2023,KFM,Radish Round - bunch,$3.50,0,0,0,$0.00,,actual
2023-07-22,7/20/23,2023,KFM,Scallion - bunch,$3.50,60,0,60,$210.00,,actual
2023-07-22,7/20/23,2023,KFM,Spring Mix - 1.5 lb,$25.00,9,0,9,$225.00,,actual
2023-07-22,7/20/23,2023,KFM,Spring Mix - 1/3 lb,$6.00,25,0,25,$150.00,,actual
2023-07-22,7/20/23,2023,KFM,Spring Mix - 2/3 lb,$11.00,30,0,30,$330.00,,actual
2023-07-22,7/20/23,2023,KFM,Tomato Cherry - pint,$5.00,86,0,86,$430.00,Variety: Sungold,actual
2023-07-22,7/20/23,2023,KFM,Tomato Cherry - pint,$5.00,27,0,27,$135.00,Variety: Rainbow,actual
2023-07-22,7/20/23,2023,KFM,Zucchini - lb,$3.00,5,0,5,$15.00,,actual
2023-07-22,7/20/23,2023,KFM,Zucchini - lb,$3.00,68.75,5,63.75,$191.25,Variety: Striped,actual
2023-07-22,7/20/23,2023,KFM,Zucchini - lb,$3.00,18.75,0,18.75,$56.25,Variety: Yellow,actual
2023-07-29,7/27/2023,2023,BFM,Artichoke - lb,$9.00,12,0,12,$108.00,,actual
2023-07-29,7/27/2023,2023,BFM,Basil - bunch,$3.50,50,1,49,$171.50,,actual
2023-07-29,7/27/2023,2023,BFM,Bean Snap - bunch,$5.00,0,0,0,$0.00,,actual
2023-07-29,7/27/2023,2023,BFM,Bean Snap - lb,$5.00,0,0,0,$0.00,,actual
2023-07-29,7/27/2023,2023,BFM,Beets Golden P - bunch,$4.00,21,0,21,$84.00,,actual
2023-07-29,7/27/2023,2023,BFM,Beets Red - bunch,$4.00,20,0,20,$80.00,,actual
2023-07-29,7/27/2023,2023,BFM,Cabbage - lb,$2.00,8.25,0,8.25,$16.50,Variety: Caraflex,actual
2023-07-29,7/27/2023,2023,BFM,Cabbage - lb,$2.00,26.3,0,26.3,$52.60,Variety: Red,actual
2023-07-29,7/27/2023,2023,BFM,Cabbage - lb,$2.00,13,0,13,$26.00,Variety: Tendersweet,actual
2023-07-29,7/27/2023,2023,BFM,Cabbage - lb,$2.00,9.3,0,9.3,$18.60,Variety: Savoy,actual
2023-07-29,7/27/2023,2023,BFM,Carrot - bunch,$5.00,60,5,55,$275.00,,actual
2023-07-29,7/27/2023,2023,BFM,Celery - bunch,$4.00,22,2,20,$80.00,,actual
2023-07-29,7/27/2023,2023,BFM,Chard - bunch,$4.00,20,0,20,$80.00,,actual
2023-07-29,7/27/2023,2023,BFM,Cilantro - bunch,$3.50,32,0,32,$112.00,,actual
2023-07-29,7/27/2023,2023,BFM,Collards - bunch,$4.00,0,0,0,$0.00,,actual
2023-07-29,7/27/2023,2023,BFM,Cucumber - lb,$3.00,100,30,70,$210.00,,actual
2023-07-29,7/27/2023,2023,BFM,Cucumber Pickling - lb,$3.00,0,0,0,$0.00,,actual
2023-07-29,7/27/2023,2023,BFM,Dandelion - bunch,$4.00,15,0,15,$60.00,,actual
2023-07-29,7/27/2023,2023,BFM,Dill - bunch,$3.50,22,0,22,$77.00,,actual
2023-07-29,7/27/2023,2023,BFM,Escarole - head,$5.00,0,0,0,$0.00,,actual
2023-07-29,7/27/2023,2023,BFM,Fennel - bunch,$4.00,0,0,0,$0.00,,actual
2023-07-29,7/27/2023,2023,BFM,Kale Curly - bunch,$4.00,22,0,22,$88.00,,actual
2023-07-29,7/27/2023,2023,BFM,Kale Lacinato - bunch,$4.00,0,0,0,$0.00,,actual
2023-07-29,7/27/2023,2023,BFM,Onion Spring Red - bunch,$4.00,21,0,21,$84.00,,actual
2023-07-29,7/27/2023,2023,BFM,Parsley - bunch,$3.50,22,0,22,$77.00,,actual
2023-07-29,7/27/2023,2023,BFM,Radicchio  - lb,$8.00,7.3,1,6.3,$50.40,,actual
2023-07-29,7/27/2023,2023,BFM,Radicchio Specialty - lb,$8.00,4,0,4,$32.00,Variety: Treviso,actual
2023-07-29,7/27/2023,2023,BFM,Radicchio Variegated - lb,$8.00,0,0,0,$0.00,,actual
2023-07-29,7/27/2023,2023,BFM,Scallion - bunch,$3.50,40,0,40,$140.00,,actual
2023-07-29,7/27/2023,2023,BFM,Spring Mix - 1.5 lb,$25.00,0,0,0,$0.00,,actual
2023-07-29,7/27/2023,2023,BFM,Spring Mix - 1/3 lb,$6.00,0,0,0,$0.00,,actual
2023-07-29,7/27/2023,2023,BFM,Spring Mix - 2/3 lb,$11.00,32,0,32,$352.00,,actual
2023-07-29,7/27/2023,2023,BFM,Tomato Cherry - pint,$5.00,40,0,40,$200.00,Variety: Sungold,actual
2023-07-29,7/27/2023,2023,BFM,Tomato Cherry - pint,$5.00,80,0,80,$400.00,Variety: Rainbow,actual
2023-07-29,7/27/2023,2023,BFM,Zucchini - lb,$3.00,25,0,25,$75.00,,actual
2023-07-29,7/27/2023,2023,BFM,Zucchini - lb,$3.00,46,15,31,$93.00,Variety: Striped,actual
2023-07-29,7/27/2023,2023,BFM,Zucchini - lb,$3.00,4.7,0,4.7,$14.10,Variety: Yellow,actual
2023-07-29,7/27/2023,2023,KFM,Artichoke - lb,$9.00,0,0,0,$0.00,,actual
2023-07-29,7/27/2023,2023,KFM,Basil - bunch,$3.50,55,0,55,$192.50,,actual
2023-07-29,7/27/2023,2023,KFM,Bean Snap - bunch,$5.00,0,0,0,$0.00,,actual
2023-07-29,7/27/2023,2023,KFM,Beets Golden P - bunch,$4.00,30,0,30,$120.00,,actual
2023-07-29,7/27/2023,2023,KFM,Beets Red - bunch,$4.00,24,0,24,$96.00,,actual
2023-07-29,7/27/2023,2023,KFM,Cabbage - lb,$2.00,13.1,0,13.1,$26.20,Variety: Caraflex,actual
2023-07-29,7/27/2023,2023,KFM,Cabbage - lb,$2.00,30.1,0,30.1,$60.20,Variety: Red,actual
2023-07-29,7/27/2023,2023,KFM,Cabbage - lb,$2.00,12.7,0,12.7,$25.40,Variety: Tendersweet,actual
2023-07-29,7/27/2023,2023,KFM,Cabbage - lb,$2.00,9.25,0,9.25,$18.50,Variety: Savoy,actual
2023-07-29,7/27/2023,2023,KFM,Carrot - bunch,$5.00,85,14,71,$355.00,,actual
2023-07-29,7/27/2023,2023,KFM,Celery - bunch,$4.00,25,0,25,$100.00,,actual
2023-07-29,7/27/2023,2023,KFM,Chard - bunch,$4.00,18,0,18,$72.00,,actual
2023-07-29,7/27/2023,2023,KFM,Cilantro - bunch,$3.50,52,0,52,$182.00,,actual
2023-07-29,7/27/2023,2023,KFM,Collards - bunch,$4.00,0,0,0,$0.00,,actual
2023-07-29,7/27/2023,2023,KFM,Cucumber - lb,$3.00,90,4.75,85.25,$255.75,,actual
2023-07-29,7/27/2023,2023,KFM,Cucumber Pickling - lb,$3.00,60,23,37,$111.00,,actual
2023-07-29,7/27/2023,2023,KFM,Dandelion - bunch,$4.00,18,0,18,$72.00,,actual
2023-07-29,7/27/2023,2023,KFM,Dill - bunch,$3.50,34,0,34,$119.00,,actual
2023-07-29,7/27/2023,2023,KFM,Escarole - head,$5.00,17,0,17,$85.00,,actual
2023-07-29,7/27/2023,2023,KFM,Fennel - bunch,$4.00,26,0,26,$104.00,,actual
2023-07-29,7/27/2023,2023,KFM,Kale Curly - bunch,$4.00,22,0,22,$88.00,,actual
2023-07-29,7/27/2023,2023,KFM,Kale Lacinato - bunch,$4.00,0,0,0,$0.00,,actual
2023-07-29,7/27/2023,2023,KFM,Onion Spring Red - bunch,$4.00,31,0,31,$124.00,,actual
2023-07-29,7/27/2023,2023,KFM,Parsley - bunch,$3.50,40,0,40,$140.00,,actual
2023-07-29,7/27/2023,2023,KFM,Radicchio  - lb,$8.00,19.9,0,19.9,$159.20,,actual
2023-07-29,7/27/2023,2023,KFM,Radicchio Specialty - lb,$8.00,18.5,1,17.5,$140.00,Variety: Treviso,actual
2023-07-29,7/27/2023,2023,KFM,Radicchio Variegated - lb,$8.00,0,0,0,$0.00,,actual
2023-07-29,7/27/2023,2023,KFM,Scallion - bunch,$3.50,65,0,65,$227.50,,actual
2023-07-29,7/27/2023,2023,KFM,Spring Mix - 1.5 lb,$25.00,0,0,0,$0.00,,actual
2023-07-29,7/27/2023,2023,KFM,Spring Mix - 1/3 lb,$6.00,0,0,0,$0.00,,actual
2023-07-29,7/27/2023,2023,KFM,Spring Mix - 2/3 lb,$11.00,40,0,40,$440.00,,actual
2023-07-29,7/27/2023,2023,KFM,Tomato Cherry - pint,$5.00,68,0,68,$340.00,Variety: Sungold,actual
2023-07-29,7/27/2023,2023,KFM,Tomato Cherry - pint,$5.00,65,0,65,$325.00,Variety: Rainbow,actual
2023-07-29,7/27/2023,2023,KFM,Zucchini - lb,$3.00,25,1.6,23.4,$70.20,,actual
2023-07-29,7/27/2023,2023,KFM,Zucchini - lb,$3.00,50,13,37,$111.00,Variety: Striped,actual
2023-07-29,7/27/2023,2023,KFM,Zucchini - lb,$3.00,25,0,25,$75.00,Variety: Yellow,actual
2023-07-29,7/27/2023,2023,KFM,Lettuce Mini/Gem - head,$3.00,71,0,71,$213.00,,actual
2023-07-29,7/27/2023,2023,BFM,Lettuce Mini/Gem - head,$3.00,50,0,50,$150.00,,actual
2023-08-05,8/3/2023,2023,BFM,Artichoke - lb,$9.00,0,0,0,$0.00,,actual
2023-08-05,8/3/2023,2023,BFM,Basil - bunch,$3.50,50,0,50,$175.00,,actual
2023-08-05,8/3/2023,2023,BFM,Bean Snap - lb,$5.00,0,0,0,$0.00,,actual
2023-08-05,8/3/2023,2023,BFM,Beets Golden P - bunch,$4.00,0,0,0,$0.00,,actual
2023-08-05,8/3/2023,2023,BFM,Beets Red - bunch,$4.00,18,1,17,$68.00,,actual
2023-08-05,8/3/2023,2023,BFM,Cabbage - lb,$2.00,8.1,3,5.1,$10.20,Variety: Caraflex,actual
2023-08-05,8/3/2023,2023,BFM,Cabbage - lb,$2.00,20.3,10.1,10.2,$20.40,Variety: Red,actual
2023-08-05,8/3/2023,2023,BFM,Cabbage - lb,$2.00,16,1.3,14.7,$29.40,Variety: Tendersweet,actual
2023-08-05,8/3/2023,2023,BFM,Cabbage - lb,$2.00,7.7,2.5,5.2,$10.40,Variety: Savoy,actual
2023-08-05,8/3/2023,2023,BFM,Carrot - bunch,$5.00,50,0,50,$250.00,,actual
2023-08-05,8/3/2023,2023,BFM,Celery - bunch,$4.00,20,1,19,$76.00,,actual
2023-08-05,8/3/2023,2023,BFM,Chard - bunch,$4.00,16,0,16,$64.00,,actual
2023-08-05,8/3/2023,2023,BFM,Cilantro - bunch,$3.50,35,0,35,$122.50,,actual
2023-08-05,8/3/2023,2023,BFM,Collards - bunch,$4.00,0,0,0,$0.00,,actual
2023-08-05,8/3/2023,2023,BFM,Cucumber - lb,$3.00,65,6,59,$177.00,,actual
2023-08-05,8/3/2023,2023,BFM,Cucumber Pickling - lb,$3.00,40,6.5,33.5,$100.50,,actual
2023-08-05,8/3/2023,2023,BFM,Dandelion - bunch,$4.00,13,0,13,$52.00,,actual
2023-08-05,8/3/2023,2023,BFM,Dill - bunch,$3.50,20,0,20,$70.00,,actual
2023-08-05,8/3/2023,2023,BFM,Garlic - lb,$16.00,13.5,0,13.5,$216.00,,actual
2023-08-05,8/3/2023,2023,BFM,Kale Curly - bunch,$4.00,32,0,32,$128.00,,actual
2023-08-05,8/3/2023,2023,BFM,Kale Lacinato - bunch,$4.00,19,0,19,$76.00,,actual
2023-08-05,8/3/2023,2023,BFM,Lettuce Mini/Gem - head,$3.00,0,0,0,$0.00,,actual
2023-08-05,8/3/2023,2023,BFM,Onion Spring Red - bunch,$4.00,0,0,0,$0.00,,actual
2023-08-05,8/3/2023,2023,BFM,Parsley - bunch,$3.50,26,7,19,$66.50,,actual
2023-08-05,8/3/2023,2023,BFM,Scallion - bunch,$3.50,32,4,28,$98.00,,actual
2023-08-05,8/3/2023,2023,BFM,Spring Mix - 1.5 lb,$25.00,0,0,0,$0.00,,actual
2023-08-05,8/3/2023,2023,BFM,Spring Mix - 1/3 lb,$6.00,17,0,17,$102.00,,actual
2023-08-05,8/3/2023,2023,BFM,Spring Mix - 2/3 lb,$12.00,28,0,28,$336.00,,actual
2023-08-05,8/3/2023,2023,BFM,Tomato Cherry - pint,$5.00,47,0,47,$235.00,Variety: Sungold,actual
2023-08-05,8/3/2023,2023,BFM,Tomato Cherry - pint,$5.00,90,18,72,$360.00,Variety: Rainbow,actual
2023-08-05,8/3/2023,2023,BFM,Zucchini - lb,$3.00,45,10,35,$105.00,,actual
2023-08-05,8/3/2023,2023,BFM,Zucchini - lb,$3.00,30,8,22,$66.00,Variety: Striped,actual
2023-08-05,8/3/2023,2023,BFM,Zucchini - lb,$3.00,0,0,0,$0.00,Variety: Yellow,actual
2023-08-05,8/3/2023,2023,KFM,Artichoke - lb,$10.00,9.25,0,9.25,$92.50,,actual
2023-08-05,8/3/2023,2023,KFM,Basil - bunch,$3.50,55,0,55,$192.50,,actual
2023-08-05,8/3/2023,2023,KFM,Bean Snap - lb,$5.00,5,0,5,$25.00,,actual
2023-08-05,8/3/2023,2023,KFM,Beets Golden P - bunch,$4.00,0,0,0,$0.00,,actual
2023-08-05,8/3/2023,2023,KFM,Beets Red - bunch,$4.00,19,0,19,$76.00,,actual
2023-08-05,8/3/2023,2023,KFM,Cabbage - lb,$2.00,16.2,0,16.2,$32.40,Variety: Caraflex,actual
2023-08-05,8/3/2023,2023,KFM,Cabbage - lb,$2.00,25.7,0,25.7,$51.40,Variety: Red,actual
2023-08-05,8/3/2023,2023,KFM,Cabbage - lb,$2.00,19.3,0,19.3,$38.60,Variety: Tendersweet,actual
2023-08-05,8/3/2023,2023,KFM,Cabbage - lb,$2.00,10.1,0,10.1,$20.20,Variety: Savoy,actual
2023-08-05,8/3/2023,2023,KFM,Carrot - bunch,$5.00,70,0,70,$350.00,,actual
2023-08-05,8/3/2023,2023,KFM,Celery - bunch,$5.00,26,0,26,$130.00,,actual
2023-08-05,8/3/2023,2023,KFM,Chard - bunch,$4.00,15,0,15,$60.00,,actual
2023-08-05,8/3/2023,2023,KFM,Cilantro - bunch,$3.50,60,0,60,$210.00,,actual
2023-08-05,8/3/2023,2023,KFM,Collards - bunch,$4.00,0,0,0,$0.00,,actual
2023-08-05,8/3/2023,2023,KFM,Cucumber - lb,$3.00,100,11.5,88.5,$265.50,,actual
2023-08-05,8/3/2023,2023,KFM,Cucumber Pickling - lb,$3.00,55,0,55,$165.00,,actual
2023-08-05,8/3/2023,2023,KFM,Dandelion - bunch,$4.00,18,0,18,$72.00,,actual
2023-08-05,8/3/2023,2023,KFM,Dill - bunch,$3.50,35,0,35,$122.50,,actual
2023-08-05,8/3/2023,2023,KFM,Garlic - lb,$16.00,13.5,0,13.5,$216.00,,actual
2023-08-05,8/3/2023,2023,KFM,Kale Curly - bunch,$4.00,32,0,32,$128.00,,actual
2023-08-05,8/3/2023,2023,KFM,Kale Lacinato - bunch,$4.00,20,0,20,$80.00,,actual
2023-08-05,8/3/2023,2023,KFM,Lettuce Mini/Gem - head,$3.00,0,0,0,$0.00,,actual
2023-08-05,8/3/2023,2023,KFM,Onion Spring Red - bunch,$4.00,0,0,0,$0.00,,actual
2023-08-05,8/3/2023,2023,KFM,Parsley - bunch,$3.50,45,0,45,$157.50,,actual
2023-08-05,8/3/2023,2023,KFM,Scallion - bunch,$3.50,35,0,35,$122.50,,actual
2023-08-05,8/3/2023,2023,KFM,Spring Mix - 1.5 lb,$25.00,0,0,0,$0.00,,actual
2023-08-05,8/3/2023,2023,KFM,Spring Mix - 1/3 lb,$6.00,17,0,17,$102.00,,actual
2023-08-05,8/3/2023,2023,KFM,Spring Mix - 2/3 lb,$12.00,30,0,30,$360.00,,actual
2023-08-05,8/3/2023,2023,KFM,Tomato Cherry - pint,$5.00,83,0,83,$415.00,Variety: Sungold,actual
2023-08-05,8/3/2023,2023,KFM,Tomato Cherry - pint,$5.00,115,21,94,$470.00,Variety: Rainbow,actual
2023-08-05,8/3/2023,2023,KFM,Tomato Heirloom - lb,$5.00,30,0,30,$150.00,,actual
2023-08-05,8/3/2023,2023,KFM,Zucchini - lb,$3.00,61.5,16.2,45.3,$135.90,,actual
2023-08-05,8/3/2023,2023,KFM,Zucchini - lb,$3.00,20.5,2.4,18.1,$54.30,Variety: Striped,actual
2023-08-05,8/3/2023,2023,KFM,Zucchini - lb,$3.00,14.5,0.5,14,$42.00,Variety: Yellow,actual
2023-08-12,8/10/2023,2023,KFM,Artichoke - lb,$10.00,9,0,9,$90.00,,actual
2023-08-12,8/10/2023,2023,BFM,Artichoke - lb,$10.00,9.25,0,9.25,$92.50,,actual
2023-08-12,8/10/2023,2023,KFM,Basil - bunch,$3.50,60,0,60,$210.00,,actual
2023-08-12,8/10/2023,2023,BFM,Basil - bunch,$3.50,55,0,55,$192.50,,actual
2023-08-12,8/10/2023,2023,KFM,Bean Snap - bunch,$5.00,34,0,34,$170.00,,actual
2023-08-12,8/10/2023,2023,BFM,Bean Snap - lb,$5.00,6,0,6,$30.00,,actual
2023-08-12,8/10/2023,2023,KFM,Beets Bulk Red - lb,$3.00,13,0,13,$39.00,,actual
2023-08-12,8/10/2023,2023,KFM,Cabbage - lb,$2.00,20.6,0,20.6,$41.20,Variety: Caraflex,actual
2023-08-12,8/10/2023,2023,KFM,Cabbage - lb,$2.00,25,0.76,24.24,$48.48,Variety: Red,actual
2023-08-12,8/10/2023,2023,KFM,Cabbage - lb,$2.00,10.7,0,10.7,$21.40,Variety: Tendersweet,actual
2023-08-12,8/10/2023,2023,KFM,Cabbage - lb,$2.00,9.9,0,9.9,$19.80,Variety: Savoy,actual
2023-08-12,8/10/2023,2023,BFM,Cabbage - lb,$2.00,7.3,1,6.3,$12.60,Variety: Caraflex,actual
2023-08-12,8/10/2023,2023,BFM,Cabbage - lb,$2.00,18,4,14,$28.00,Variety: Red,actual
2023-08-12,8/10/2023,2023,BFM,Cabbage - lb,$2.00,10.1,5,5.1,$10.20,Variety: Tendersweet,actual
2023-08-12,8/10/2023,2023,BFM,Cabbage - lb,$2.00,8.9,3,5.9,$11.80,Variety: Savoy,actual
2023-08-12,8/10/2023,2023,KFM,Carrot - bunch,$5.00,80,0,80,$400.00,,actual
2023-08-12,8/10/2023,2023,BFM,Carrot - bunch,$5.00,55,5,50,$250.00,,actual
2023-08-12,8/10/2023,2023,KFM,Celery - bunch,$5.00,28,0,28,$140.00,,actual
2023-08-12,8/10/2023,2023,BFM,Celery - bunch,$5.00,20,0,20,$100.00,,actual
2023-08-12,8/10/2023,2023,KFM,Chard - bunch,$4.00,12,0,12,$48.00,,actual
2023-08-12,8/10/2023,2023,BFM,Chard - bunch,$4.00,12,0,12,$48.00,,actual
2023-08-12,8/10/2023,2023,KFM,Cilantro - bunch,$3.50,23,0,23,$80.50,,actual
2023-08-12,8/10/2023,2023,BFM,Cilantro - bunch,$3.50,15,0,15,$52.50,,actual
2023-08-12,8/10/2023,2023,KFM,Cucumber - lb,$3.00,95,30,65,$195.00,,actual
2023-08-12,8/10/2023,2023,BFM,Cucumber - lb,$3.00,60,15,45,$135.00,,actual
2023-08-12,8/10/2023,2023,KFM,Cucumber Pickling - lb,$3.00,65,7.8,57.2,$171.60,,actual
2023-08-12,8/10/2023,2023,BFM,Cucumber Pickling - lb,$3.00,40,10,30,$90.00,,actual
2023-08-12,8/10/2023,2023,KFM,Dandelion - bunch,$4.00,22,3,19,$76.00,,actual
2023-08-12,8/10/2023,2023,BFM,Dandelion - bunch,$4.00,15,1,14,$56.00,,actual
2023-08-12,8/10/2023,2023,KFM,Dill - bunch,$3.50,26,0,26,$91.00,,actual
2023-08-12,8/10/2023,2023,BFM,Dill - bunch,$3.50,0,0,0,$0.00,,actual
2023-08-12,8/10/2023,2023,BFM,Eggplant - lb,$4.00,10,0,10,$40.00,,actual
2023-08-12,8/10/2023,2023,KFM,Eggplant - lb,$4.00,13,0,13,$52.00,,actual
2023-08-12,8/10/2023,2023,KFM,Eggplant Mini - pint,$5.00,18,0,18,$90.00,,actual
2023-08-12,8/10/2023,2023,KFM,Garlic - lb,$16.00,15,0,15,$240.00,,actual
2023-08-12,8/10/2023,2023,BFM,Garlic - lb,$16.00,15,0,15,$240.00,,actual
2023-08-12,8/10/2023,2023,KFM,Kale Curly - bunch,$4.00,35,3,32,$128.00,,actual
2023-08-12,8/10/2023,2023,BFM,Kale Curly - bunch,$4.00,39,0,39,$156.00,,actual
2023-08-12,8/10/2023,2023,KFM,Kale Lacinato - bunch,$4.00,25,0,25,$100.00,,actual
2023-08-12,8/10/2023,2023,BFM,Kale Lacinato - bunch,$4.00,15,0,15,$60.00,,actual
2023-08-12,8/10/2023,2023,KFM,Parsley - bunch,$3.50,54,10,44,$154.00,,actual
2023-08-12,8/10/2023,2023,BFM,Parsley - bunch,$3.50,22,1,21,$73.50,,actual
2023-08-12,8/10/2023,2023,KFM,Pepper Hot - each,$1.00,30,0,30,$30.00,,actual
2023-08-12,8/10/2023,2023,BFM,Pepper Hot - each,$1.00,20,0,20,$20.00,,actual
2023-08-12,8/10/2023,2023,KFM,Pepper Shishito - pint,$5.00,14,0,14,$70.00,,actual
2023-08-12,8/10/2023,2023,BFM,Pepper Shishito - pint,$5.00,14,0,14,$70.00,,actual
2023-08-12,8/10/2023,2023,BFM,Pepper Shishito - quart,$9.00,9,0,9,$81.00,,actual
2023-08-12,8/10/2023,2023,KFM,Pepper Shishito - quart,$9.00,27,0,27,$243.00,,actual
2023-08-12,8/10/2023,2023,KFM,Potato White - lb,$3.50,90,25,65,$227.50,Variety: Red,actual
2023-08-12,8/10/2023,2023,BFM,Potato White - lb,$3.50,63,25,38,$133.00,Variety: Red,actual
2023-08-12,8/10/2023,2023,KFM,Spring Mix - 1/3 lb,$6.00,20,0,20,$120.00,,actual
2023-08-12,8/10/2023,2023,BFM,Spring Mix - 1/3 lb,$6.00,19,0,19,$114.00,,actual
2023-08-12,8/10/2023,2023,KFM,Spring Mix - 2/3 lb,$12.00,20,0,20,$240.00,,actual
2023-08-12,8/10/2023,2023,BFM,Spring Mix - 2/3 lb,$12.00,20,0,20,$240.00,,actual
2023-08-12,8/10/2023,2023,KFM,Tomato Cherry - pint,$5.00,60,0,60,$300.00,Variety: Sungold,actual
2023-08-12,8/10/2023,2023,KFM,Tomato Cherry - pint,$5.00,105,27,78,$390.00,Variety: Rainbow,actual
2023-08-12,8/10/2023,2023,BFM,Tomato Cherry - pint,$5.00,50,12,38,$190.00,Variety: Sungold,actual
2023-08-12,8/10/2023,2023,BFM,Tomato Cherry - pint,$5.00,90,21,69,$345.00,Variety: Rainbow,actual
2023-08-12,8/10/2023,2023,KFM,Tomato Heirloom - lb,$5.00,75,0,75,$375.00,,actual
2023-08-12,8/10/2023,2023,BFM,Tomato Heirloom - lb,$5.00,50,0,50,$250.00,,actual
2023-08-12,8/10/2023,2023,KFM,Zucchini - lb,$3.00,40,2.7,37.3,$111.90,,actual
2023-08-12,8/10/2023,2023,BFM,Zucchini - lb,$3.00,21,0,21,$63.00,,actual
2023-08-19,8/17/2023,2023,BFM,Basil - bunch,$3.50,64,6,58,$203.00,,actual
2023-08-19,8/17/2023,2023,BFM,Bean Snap - bunch,$5.00,40,6,34,$170.00,,actual
2023-08-19,8/17/2023,2023,BFM,Bean Snap - lb,$5.00,12,0,12,$60.00,,actual
2023-08-19,8/17/2023,2023,BFM,Cabbage - lb,$2.00,11.25,0,11.25,$22.50,Variety: Caraflex,actual
2023-08-19,8/17/2023,2023,BFM,Cabbage - lb,$2.00,16.6,0,16.6,$33.20,Variety: Red,actual
2023-08-19,8/17/2023,2023,BFM,Cabbage - lb,$2.00,14,0,14,$28.00,Variety: Tendersweet,actual
2023-08-19,8/17/2023,2023,BFM,Cabbage - lb,$2.00,9.6,1.2,8.4,$16.80,Variety: Savoy,actual
2023-08-19,8/17/2023,2023,BFM,Carrot - bunch,$5.00,39,0,39,$195.00,,actual
2023-08-19,8/17/2023,2023,BFM,Celery - bunch,$5.00,22,2,20,$100.00,,actual
2023-08-19,8/17/2023,2023,BFM,Chard - bunch,$4.00,8,0,8,$32.00,,actual
2023-08-19,8/17/2023,2023,BFM,Cilantro - bunch,$3.50,19,0,19,$66.50,,actual
2023-08-19,8/17/2023,2023,BFM,Cucumber - lb,$3.00,60,0,60,$180.00,,actual
2023-08-19,8/17/2023,2023,BFM,Cucumber Pickling - lb,$3.00,40,0,40,$120.00,,actual
2023-08-19,8/17/2023,2023,BFM,Dandelion - bunch,$4.00,15,0,15,$60.00,,actual
2023-08-19,8/17/2023,2023,BFM,Eggplant - lb,$4.00,0,0,0,$0.00,,actual
2023-08-19,8/17/2023,2023,BFM,Garlic - lb,$16.00,10,0,10,$160.00,,actual
2023-08-19,8/17/2023,2023,BFM,Kale Curly - bunch,$4.00,40,0,40,$160.00,,actual
2023-08-19,8/17/2023,2023,BFM,Kale Lacinato - bunch,$4.00,18,0,18,$72.00,,actual
2023-08-19,8/17/2023,2023,BFM,Parsley - bunch,$3.50,23,1,22,$77.00,,actual
2023-08-19,8/17/2023,2023,BFM,Pepper Hot - each,$1.00,95,41,54,$54.00,,actual
2023-08-19,8/17/2023,2023,BFM,Pepper Shishito - pint,$5.00,14,1,13,$65.00,,actual
2023-08-19,8/17/2023,2023,BFM,Pepper Shishito - quart,$9.00,9,0,9,$81.00,,actual
2023-08-19,8/17/2023,2023,BFM,Potato White - lb,$3.50,60,4,56,$196.00,Variety: Red,actual
2023-08-19,8/17/2023,2023,BFM,Spring Mix - 1/3 lb,$6.00,12,0,12,$72.00,,actual
2023-08-19,8/17/2023,2023,BFM,Spring Mix - 2/3 lb,$12.00,15,0,15,$180.00,,actual
2023-08-19,8/17/2023,2023,BFM,Tomato Cherry - pint,$5.00,45,22,23,$115.00,Variety: Sungold,actual
2023-08-19,8/17/2023,2023,BFM,Tomato Cherry - pint,$5.00,75,24,51,$255.00,Variety: Rainbow,actual
2023-08-19,8/17/2023,2023,BFM,Tomato Heirloom - lb,$5.00,105,50,55,$275.00,,actual
2023-08-19,8/17/2023,2023,KFM,Basil - bunch,$3.50,70,0,70,$245.00,,actual
2023-08-19,8/17/2023,2023,KFM,Bean Snap - bunch,$5.00,67,0,67,$335.00,,actual
2023-08-19,8/17/2023,2023,KFM,Beets Bulk Red - lb,$3.00,0,0,0,$0.00,,actual
2023-08-19,8/17/2023,2023,KFM,Cabbage - lb,$2.00,21.7,0,21.7,$43.40,Variety: Caraflex,actual
2023-08-19,8/17/2023,2023,KFM,Cabbage - lb,$2.00,32.5,0,32.5,$65.00,Variety: Red,actual
2023-08-19,8/17/2023,2023,KFM,Cabbage - lb,$2.00,20,0,20,$40.00,Variety: Tendersweet,actual
2023-08-19,8/17/2023,2023,KFM,Cabbage - lb,$2.00,10.3,0,10.3,$20.60,Variety: Savoy,actual
2023-08-19,8/17/2023,2023,KFM,Carrot - bunch,$5.00,60,0,60,$300.00,,actual
2023-08-19,8/17/2023,2023,KFM,Celery - bunch,$5.00,28,1,27,$135.00,,actual
2023-08-19,8/17/2023,2023,KFM,Chard - bunch,$4.00,0,0,0,$0.00,,actual
2023-08-19,8/17/2023,2023,KFM,Cilantro - bunch,$3.50,20,0,20,$70.00,,actual
2023-08-19,8/17/2023,2023,KFM,Cucumber - lb,$3.00,81.75,20,61.75,$185.25,,actual
2023-08-19,8/17/2023,2023,KFM,Cucumber Pickling - lb,$3.00,65,14,51,$153.00,,actual
2023-08-19,8/17/2023,2023,KFM,Dandelion - bunch,$4.00,20,0,20,$80.00,,actual
2023-08-19,8/17/2023,2023,KFM,Eggplant - lb,$4.00,0,0,0,$0.00,,actual
2023-08-19,8/17/2023,2023,KFM,Eggplant Mini - pint,$5.00,0,0,0,$0.00,,actual
2023-08-19,8/17/2023,2023,KFM,Garlic - lb,$16.00,20,0,20,$320.00,,actual
2023-08-19,8/17/2023,2023,KFM,Kale Curly - bunch,$4.00,30,0,30,$120.00,,actual
2023-08-19,8/17/2023,2023,KFM,Kale Lacinato - bunch,$4.00,25,0,25,$100.00,,actual
2023-08-19,8/17/2023,2023,KFM,Parsley - bunch,$3.50,46,0,46,$161.00,,actual
2023-08-19,8/17/2023,2023,KFM,Pepper Hot - each,$1.00,118,13,105,$105.00,,actual
2023-08-19,8/17/2023,2023,KFM,Pepper Shishito - pint,$5.00,18,0,18,$90.00,,actual
2023-08-19,8/17/2023,2023,KFM,Pepper Shishito - quart,$9.00,21,0,21,$189.00,,actual
2023-08-19,8/17/2023,2023,KFM,Potato White - lb,$3.50,70,8.1,61.9,$216.65,Variety: Red,actual
2023-08-19,8/17/2023,2023,KFM,Spring Mix - 1/3 lb,$6.00,15,0,15,$90.00,,actual
2023-08-19,8/17/2023,2023,KFM,Spring Mix - 2/3 lb,$12.00,15,0,15,$180.00,,actual
2023-08-19,8/17/2023,2023,KFM,Tomato Cherry - pint,$5.00,60,24,36,$180.00,Variety: Sungold,actual
2023-08-19,8/17/2023,2023,KFM,Tomato Cherry - pint,$5.00,78,24,54,$270.00,Variety: Rainbow,actual
2023-08-19,8/17/2023,2023,KFM,Tomato Heirloom - lb,$5.00,110,39,71,$355.00,,actual
2023-08-19,8/17/2023,2023,KFM,Cucumber Pickling - lb,$2.00,55,0,55,$110.00,,actual
2023-08-26,8/24/2023,2023,BFM,Basil - bunch,$3.50,60,4,56,$196.00,,actual
2023-08-26,8/24/2023,2023,BFM,Bean Snap - bunch,$5.00,31,2,29,$145.00,,actual
2023-08-26,8/24/2023,2023,BFM,Bean Snap - lb,$5.00,13.75,0,13.75,$68.75,,actual
2023-08-26,8/24/2023,2023,BFM,Cabbage - lb,$2.00,9.5,0,9.5,$19.00,Variety: Caraflex,actual
2023-08-26,8/24/2023,2023,BFM,Cabbage - lb,$2.00,16.1,0,16.1,$32.20,Variety: Red,actual
2023-08-26,8/24/2023,2023,BFM,Cabbage - lb,$2.00,12,1.6,10.4,$20.80,Variety: Tendersweet,actual
2023-08-26,8/24/2023,2023,BFM,Cabbage - lb,$2.00,10.3,1,9.3,$18.60,Variety: Savoy,actual
2023-08-26,8/24/2023,2023,BFM,Carrot Bulk - lb,$3.50,60,10,50,$175.00,,actual
2023-08-26,8/24/2023,2023,BFM,Celery - bunch,$4.00,20,4,16,$64.00,,actual
2023-08-26,8/24/2023,2023,BFM,Cilantro - bunch,$3.50,35,5,30,$105.00,,actual
2023-08-26,8/24/2023,2023,BFM,Cucumber - lb,$3.00,80,0,80,$240.00,,actual
2023-08-26,8/24/2023,2023,BFM,Cucumber Pickling - lb,$3.00,37,0,37,$111.00,,actual
2023-08-26,8/24/2023,2023,BFM,Dandelion - bunch,$4.00,15,0,15,$60.00,,actual
2023-08-26,8/24/2023,2023,BFM,Eggplant - lb,$4.00,17.5,2,15.5,$62.00,,actual
2023-08-26,8/24/2023,2023,BFM,Eggplant Mini - pint,$5.00,11,0,11,$55.00,,actual
2023-08-26,8/24/2023,2023,BFM,Eggplant Mini - quart,$9.00,9,0,9,$81.00,,actual
2023-08-26,8/24/2023,2023,BFM,Garlic - lb,$16.00,5,0,5,$80.00,,actual
2023-08-26,8/24/2023,2023,BFM,Kale Curly - bunch,$4.00,40,0,40,$160.00,,actual
2023-08-26,8/24/2023,2023,BFM,Kale Lacinato - bunch,$4.00,30,0,30,$120.00,,actual
2023-08-26,8/24/2023,2023,BFM,Lettuce Mini/Gem - head,$3.00,0,0,0,$0.00,,actual
2023-08-26,8/24/2023,2023,BFM,Parsley - bunch,$3.50,22,4,18,$63.00,,actual
2023-08-26,8/24/2023,2023,BFM,Pepper Carmen - lb,$4.00,0,0,0,$0.00,,actual
2023-08-26,8/24/2023,2023,BFM,Pepper Hot - each,$1.00,45,0,45,$45.00,,actual
2023-08-26,8/24/2023,2023,BFM,Pepper Hot - each,$1.00,20,0,20,$20.00,Variety: Long,actual
2023-08-26,8/24/2023,2023,BFM,Pepper Shishito - pint,$5.00,19,14,5,$25.00,,actual
2023-08-26,8/24/2023,2023,BFM,Pepper Shishito - quart,$9.00,18,2,16,$144.00,,actual
2023-08-26,8/24/2023,2023,BFM,Potato White - lb,$3.50,60,15,45,$157.50,Variety: Red,actual
2023-08-26,8/24/2023,2023,BFM,Tomato Cherry - pint,$5.00,16,0,16,$80.00,Variety: Sungold,actual
2023-08-26,8/24/2023,2023,BFM,Tomato Cherry - pint,$5.00,74,13,61,$305.00,Variety: Rainbow,actual
2023-08-26,8/24/2023,2023,BFM,Tomato Heirloom - lb,$5.00,130,30,100,$500.00,,actual
2023-08-26,8/24/2023,2023,BFM,Winter Squash Acorn Type - lb,$3.00,0,0,0,$0.00,,actual
2023-08-26,8/24/2023,2023,BFM,Winter Squash Delicata - lb,$3.50,24,0,24,$84.00,,actual
2023-08-26,8/24/2023,2023,KFM,Basil - bunch,$3.50,70,0,70,$245.00,,actual
2023-08-26,8/24/2023,2023,KFM,Bean Snap - bunch,$5.00,56,0,56,$280.00,,actual
2023-08-26,8/24/2023,2023,KFM,Cabbage - lb,$2.00,17.7,0,17.7,$35.40,Variety: Caraflex,actual
2023-08-26,8/24/2023,2023,KFM,Cabbage - lb,$2.00,28.5,0,28.5,$57.00,Variety: Red,actual
2023-08-26,8/24/2023,2023,KFM,Cabbage - lb,$2.00,16,0,16,$32.00,Variety: Tendersweet,actual
2023-08-26,8/24/2023,2023,KFM,Cabbage - lb,$2.00,9.7,0,9.7,$19.40,Variety: Savoy,actual
2023-08-26,8/24/2023,2023,KFM,Carrot Bulk - lb,$3.50,82,21,61,$213.50,,actual
2023-08-26,8/24/2023,2023,KFM,Celery - bunch,$4.00,28,0,28,$112.00,,actual
2023-08-26,8/24/2023,2023,KFM,Cilantro - bunch,$3.50,70,0,70,$245.00,,actual
2023-08-26,8/24/2023,2023,KFM,Cucumber - lb,$3.00,73,2.4,70.6,$211.80,,actual
2023-08-26,8/24/2023,2023,KFM,Cucumber Pickling - lb,$3.00,65,6.8,58.2,$174.60,,actual
2023-08-26,8/24/2023,2023,KFM,Dandelion - bunch,$4.00,20,0,20,$80.00,,actual
2023-08-26,8/24/2023,2023,KFM,Dill - bunch,$3.50,18,0,18,$63.00,,actual
2023-08-26,8/24/2023,2023,KFM,Eggplant - lb,$4.00,30,5.8,24.2,$96.80,,actual
2023-08-26,8/24/2023,2023,KFM,Eggplant Mini - pint,$5.00,23,0,23,$115.00,,actual
2023-08-26,8/24/2023,2023,KFM,Eggplant Mini - quart,$9.00,18,0,18,$162.00,,actual
2023-08-26,8/24/2023,2023,KFM,Garlic - lb,$16.00,15,0,15,$240.00,,actual
2023-08-26,8/24/2023,2023,KFM,Kale Curly - bunch,$4.00,35,0,35,$140.00,,actual
2023-08-26,8/24/2023,2023,KFM,Kale Lacinato - bunch,$4.00,35,0,35,$140.00,,actual
2023-08-26,8/24/2023,2023,KFM,Lettuce Mini/Gem - head,$3.00,0,0,0,$0.00,,actual
2023-08-26,8/24/2023,2023,KFM,Parsley - bunch,$3.50,50,3,47,$164.50,,actual
2023-08-26,8/24/2023,2023,KFM,Pepper Carmen - lb,$4.00,0,0,0,$0.00,,actual
2023-08-26,8/24/2023,2023,KFM,Pepper Hot - each,$1.00,75,0,75,$75.00,,actual
2023-08-26,8/24/2023,2023,KFM,Pepper Hot - each,$1.00,40,0,40,$40.00,Variety: Long,actual
2023-08-26,8/24/2023,2023,KFM,Pepper Shishito - pint,$5.00,25,5,20,$100.00,,actual
2023-08-26,8/24/2023,2023,KFM,Pepper Shishito - quart,$9.00,39,5,34,$306.00,,actual
2023-08-26,8/24/2023,2023,KFM,Potato White - lb,$3.50,65,14.2,50.8,$177.80,Variety: Red,actual
2023-08-26,8/24/2023,2023,KFM,Tomato Cherry - pint,$5.00,35,0,35,$175.00,Variety: Sungold,actual
2023-08-26,8/24/2023,2023,KFM,Tomato Cherry - pint,$5.00,60,0,60,$300.00,Variety: Rainbow,actual
2023-08-26,8/24/2023,2023,KFM,Tomato Heirloom - lb,$4.00,150,3,147,$588.00,,actual
2023-08-26,8/24/2023,2023,KFM,Winter Squash Acorn Type - lb,$3.00,0,0,0,$0.00,,actual
2023-08-26,8/24/2023,2023,KFM,Winter Squash Delicata - lb,$3.50,27.9,0,27.9,$97.65,,actual
2023-09-02,8/31/2023,2023,BFM,Basil - bunch,$3.50,50,0,50,$175.00,,actual
2023-09-02,8/31/2023,2023,BFM,Bean Snap - bunch,$5.00,19,0,19,$95.00,,actual
2023-09-02,8/31/2023,2023,BFM,Bean Snap - lb,$5.00,0,0,0,$0.00,,actual
2023-09-02,8/31/2023,2023,BFM,Beets Red - bunch,$4.00,18,0,18,$72.00,,actual
2023-09-02,8/31/2023,2023,BFM,Cabbage - lb,$2.00,24.2,4.8,19.4,$38.80,Variety: Caraflex,actual
2023-09-02,8/31/2023,2023,BFM,Cabbage - lb,$2.00,28.3,4.2,24.1,$48.20,Variety: Red,actual
2023-09-02,8/31/2023,2023,BFM,Cabbage - lb,$2.00,6.75,0,6.75,$13.50,Variety: Tendersweet,actual
2023-09-02,8/31/2023,2023,BFM,Cabbage - lb,$2.00,9.6,3.2,6.4,$12.80,Variety: Savoy,actual
2023-09-02,8/31/2023,2023,BFM,Carrot Bulk - lb,$3.50,63,30,33,$115.50,,actual
2023-09-02,8/31/2023,2023,BFM,Chard - bunch,$4.00,25,0,25,$100.00,,actual
2023-09-02,8/31/2023,2023,BFM,Cilantro - bunch,$3.50,0,0,0,$0.00,,actual
2023-09-02,8/31/2023,2023,BFM,Collards - bunch,$4.00,20,1,19,$76.00,,actual
2023-09-02,8/31/2023,2023,BFM,Cucumber - lb,$3.00,90,20,70,$210.00,,actual
2023-09-02,8/31/2023,2023,BFM,Cucumber Pickling - lb,$3.00,55,5,50,$150.00,,actual
2023-09-02,8/31/2023,2023,BFM,Dandelion - bunch,$4.00,15,6,9,$36.00,,actual
2023-09-02,8/31/2023,2023,BFM,Eggplant - lb,$4.00,14,6,8,$32.00,,actual
2023-09-02,8/31/2023,2023,BFM,Eggplant Mini - pint,$5.00,0,0,0,$0.00,,actual
2023-09-02,8/31/2023,2023,BFM,Eggplant Mini - quart,$9.00,0,0,0,$0.00,,actual
2023-09-02,8/31/2023,2023,BFM,Garlic - lb,$16.00,20,5,15,$240.00,,actual
2023-09-02,8/31/2023,2023,BFM,Kale Curly - bunch,$4.00,40,4,36,$144.00,,actual
2023-09-02,8/31/2023,2023,BFM,Kale Lacinato - bunch,$4.00,40,0,40,$160.00,,actual
2023-09-02,8/31/2023,2023,BFM,Lettuce Mini/Gem - head,$3.00,20,4,16,$48.00,Variety: Red,actual
2023-09-02,8/31/2023,2023,BFM,Lettuce Mini/Gem - head,$3.00,44,1,43,$129.00,Variety: Blush,actual
2023-09-02,8/31/2023,2023,BFM,Parsley - bunch,$3.50,20,6,14,$49.00,,actual
2023-09-02,8/31/2023,2023,BFM,Pepper Carmen - lb,$5.00,34.4,12,22.4,$112.00,,actual
2023-09-02,8/31/2023,2023,BFM,Pepper Hot - each,$1.00,65,44,21,$21.00,,actual
2023-09-02,8/31/2023,2023,BFM,Pepper Hot - each,$1.00,35,8,27,$27.00,Variety: Long,actual
2023-09-02,8/31/2023,2023,BFM,Pepper Shishito - pint,$5.00,10,1,9,$45.00,,actual
2023-09-02,8/31/2023,2023,BFM,Pepper Shishito - quart,$9.00,18,2,16,$144.00,,actual
2023-09-02,8/31/2023,2023,BFM,Potato Blue - lb,$3.50,30,2,28,$98.00,,actual
2023-09-02,8/31/2023,2023,BFM,Potato White - lb,$3.50,40,2,38,$133.00,,actual
2023-09-02,8/31/2023,2023,BFM,Summer Mix - 1/3 lb,$6.00,24,0,24,$144.00,,actual
2023-09-02,8/31/2023,2023,BFM,Summer Mix - 2/3 lb,$12.00,25,0,25,$300.00,,actual
2023-09-02,8/31/2023,2023,BFM,Tomato Cherry - pint,$5.00,0,0,0,$0.00,Variety: Sungold,actual
2023-09-02,8/31/2023,2023,BFM,Tomato Cherry - pint,$5.00,66,4,62,$310.00,Variety: Rainbow,actual
2023-09-02,8/31/2023,2023,BFM,Tomato Heirloom - lb,$4.00,125,60,65,$260.00,,actual
2023-09-02,8/31/2023,2023,BFM,Winter Squash Acorn Type - lb,$3.00,39.75,24.4,15.35,$46.05,,actual
2023-09-02,8/31/2023,2023,BFM,Winter Squash Delicata - lb,$3.50,48.3,0,48.3,$169.05,,actual
2023-09-02,8/31/2023,2023,KFM,Basil - bunch,$3.50,66,0,66,$231.00,,actual
2023-09-02,8/31/2023,2023,KFM,Bean Snap - bunch,$5.00,66,0,66,$330.00,,actual
2023-09-02,8/31/2023,2023,KFM,Beets Red - bunch,$4.00,27,0,27,$108.00,,actual
2023-09-02,8/31/2023,2023,KFM,Cabbage - lb,$2.00,27.6,0,27.6,$55.20,Variety: Caraflex,actual
2023-09-02,8/31/2023,2023,KFM,Cabbage - lb,$2.00,43,4.4,38.6,$77.20,Variety: Red,actual
2023-09-02,8/31/2023,2023,KFM,Cabbage - lb,$2.00,12.8,0,12.8,$25.60,Variety: Tendersweet,actual
2023-09-02,8/31/2023,2023,KFM,Cabbage - lb,$2.00,10.5,0,10.5,$21.00,Variety: Savoy,actual
2023-09-02,8/31/2023,2023,KFM,Carrot Bulk - lb,$3.50,83,40,43,$150.50,,actual
2023-09-02,8/31/2023,2023,KFM,Celery - bunch,$4.00,17,0,17,$68.00,,actual
2023-09-02,8/31/2023,2023,KFM,Chard - bunch,$4.00,20,0,20,$80.00,,actual
2023-09-02,8/31/2023,2023,KFM,Cilantro - bunch,$3.50,42,0,42,$147.00,,actual
2023-09-02,8/31/2023,2023,KFM,Collards - bunch,$4.00,30,4,26,$104.00,,actual
2023-09-02,8/31/2023,2023,KFM,Cucumber - lb,$3.00,80,7.5,72.5,$217.50,,actual
2023-09-02,8/31/2023,2023,KFM,Cucumber Pickling - lb,$3.00,75,16,59,$177.00,,actual
2023-09-02,8/31/2023,2023,KFM,Dandelion - bunch,$4.00,20,1,19,$76.00,,actual
2023-09-02,8/31/2023,2023,KFM,Dill - bunch,$3.50,0,0,0,$0.00,,actual
2023-09-02,8/31/2023,2023,KFM,Eggplant - lb,$4.00,17,0,17,$68.00,,actual
2023-09-02,8/31/2023,2023,KFM,Eggplant Mini - pint,$5.00,11,0,11,$55.00,,actual
2023-09-02,8/31/2023,2023,KFM,Eggplant Mini - quart,$9.00,0,0,0,$0.00,,actual
2023-09-02,8/31/2023,2023,KFM,Garlic - lb,$16.00,25,0,25,$400.00,,actual
2023-09-02,8/31/2023,2023,KFM,Kale Curly - bunch,$4.00,35,0,35,$140.00,,actual
2023-09-02,8/31/2023,2023,KFM,Kale Lacinato - bunch,$4.00,60,0,60,$240.00,,actual
2023-09-02,8/31/2023,2023,KFM,Lettuce Mini/Gem - head,$3.00,26,0,26,$78.00,Variety: Red,actual
2023-09-02,8/31/2023,2023,KFM,Lettuce Mini/Gem - head,$3.00,51,0,51,$153.00,Variety: Blush,actual
2023-09-02,8/31/2023,2023,KFM,Parsley - bunch,$3.50,48,0,48,$168.00,,actual
2023-09-02,8/31/2023,2023,KFM,Pepper Carmen - lb,$5.00,57.4,1,56.4,$282.00,,actual
2023-09-02,8/31/2023,2023,KFM,Pepper Hot - each,$1.00,100,5,95,$95.00,,actual
2023-09-02,8/31/2023,2023,KFM,Pepper Hot - each,$1.00,50,0,50,$50.00,Variety: Long,actual
2023-09-02,8/31/2023,2023,KFM,Pepper Mini - quart,$7.00,10,0,10,$70.00,,actual
2023-09-02,8/31/2023,2023,KFM,Pepper Shishito - pint,$5.00,20,0,20,$100.00,,actual
2023-09-02,8/31/2023,2023,KFM,Pepper Shishito - quart,$9.00,35,1,34,$306.00,,actual
2023-09-02,8/31/2023,2023,KFM,Potato Blue - lb,$3.50,39,2,37,$129.50,,actual
2023-09-02,8/31/2023,2023,KFM,Potato White - lb,$3.50,47.75,2,45.75,$160.13,,actual
2023-09-02,8/31/2023,2023,KFM,Summer Mix - 1/3 lb,$6.00,25,0,25,$150.00,,actual
2023-09-02,8/31/2023,2023,KFM,Summer Mix - 2/3 lb,$12.00,40,0,40,$480.00,,actual
2023-09-02,8/31/2023,2023,KFM,Tomato Cherry - pint,$5.00,29,0,29,$145.00,Variety: Sungold,actual
2023-09-02,8/31/2023,2023,KFM,Tomato Cherry - pint,$5.00,86,0,86,$430.00,Variety: Rainbow,actual
2023-09-02,8/31/2023,2023,KFM,Tomato Heirloom - lb,$4.00,200,74,126,$504.00,,actual
2023-09-02,8/31/2023,2023,KFM,Winter Squash Acorn Type - lb,$3.00,59.6,40,19.6,$58.80,,actual
2023-09-02,8/31/2023,2023,KFM,Winter Squash Delicata - lb,$3.50,59.2,4,55.2,$193.20,,actual
2023-09-09,9/7/2023,2023,BFM,Arugula - 1/3 lb,$6.00,0,0,0,$0.00,,actual
2023-09-09,9/7/2023,2023,BFM,Arugula - 2/3 lb,$12.00,0,0,0,$0.00,,actual
2023-09-09,9/7/2023,2023,BFM,Basil - bunch,$3.50,40,0,40,$140.00,,actual
2023-09-09,9/7/2023,2023,BFM,Bean Snap - bunch,$5.00,0,0,0,$0.00,,actual
2023-09-09,9/7/2023,2023,BFM,Beets Golden - bunch,$5.00,16,0,16,$80.00,,actual
2023-09-09,9/7/2023,2023,BFM,Beets Red - bunch,$4.00,13,0,13,$52.00,,actual
2023-09-09,9/7/2023,2023,BFM,Broccolini - bunch,$6.00,44,0,44,$264.00,,actual
2023-09-09,9/7/2023,2023,BFM,Cabbage - lb,$2.00,0,0,0,$0.00,Variety: Caraflex,actual
2023-09-09,9/7/2023,2023,BFM,Cabbage - lb,$2.00,0,0,0,$0.00,Variety: Red,actual
2023-09-09,9/7/2023,2023,BFM,Cabbage - lb,$2.00,0,0,0,$0.00,Variety: Tendersweet,actual
2023-09-09,9/7/2023,2023,BFM,Cabbage - lb,$2.00,0,0,0,$0.00,Variety: Savoy,actual
2023-09-09,9/7/2023,2023,BFM,Carrot Bulk - lb,$3.50,40,0,40,$140.00,,actual
2023-09-09,9/7/2023,2023,BFM,Chard - bunch,$4.00,26,0,26,$104.00,,actual
2023-09-09,9/7/2023,2023,BFM,Cilantro - bunch,$3.50,30,4,26,$91.00,,actual
2023-09-09,9/7/2023,2023,BFM,Collards - bunch,$4.00,18,0,18,$72.00,,actual
2023-09-09,9/7/2023,2023,BFM,Cucumber - lb,$3.00,90,0,90,$270.00,,actual
2023-09-09,9/7/2023,2023,BFM,Cucumber Pickling - lb,$3.00,29,0,29,$87.00,,actual
2023-09-09,9/7/2023,2023,BFM,Dandelion - bunch,$4.00,10,0,10,$40.00,,actual
2023-09-09,9/7/2023,2023,BFM,Garlic - lb,$16.00,10,0,10,$160.00,,actual
2023-09-09,9/7/2023,2023,BFM,Kale Curly - bunch,$4.00,35,1,34,$136.00,,actual
2023-09-09,9/7/2023,2023,BFM,Kale Lacinato - bunch,$4.00,40,0,40,$160.00,,actual
2023-09-09,9/7/2023,2023,BFM,Pepper Carmen - lb,$5.00,50,16,34,$170.00,,actual
2023-09-09,9/7/2023,2023,BFM,Pepper Hot - each,$1.00,45,29,16,$16.00,,actual
2023-09-09,9/7/2023,2023,BFM,Pepper Hot - each,$1.00,30,7,23,$23.00,Variety: Long,actual
2023-09-09,9/7/2023,2023,BFM,Pepper Mini - pint,$4.00,6,0,6,$24.00,,actual
2023-09-09,9/7/2023,2023,BFM,Pepper Mini - quart,$7.00,22,3,19,$133.00,,actual
2023-09-09,9/7/2023,2023,BFM,Pepper Shishito - pint,$5.00,9,1,8,$40.00,,actual
2023-09-09,9/7/2023,2023,BFM,Pepper Shishito - quart,$9.00,16,5,11,$99.00,,actual
2023-09-09,9/7/2023,2023,BFM,Potato White - lb,$3.50,0,0,0,$0.00,Variety: Red,actual
2023-09-09,9/7/2023,2023,BFM,Radish Round Purple - bunch,$3.50,30,0,30,$105.00,,actual
2023-09-09,9/7/2023,2023,BFM,Summer Mix - 1/3 lb,$6.00,25,0,25,$150.00,,actual
2023-09-09,9/7/2023,2023,BFM,Summer Mix - 2/3 lb,$12.00,25,0,25,$300.00,,actual
2023-09-09,9/7/2023,2023,BFM,Tomato Cherry - pint,$5.00,15,0,15,$75.00,Variety: Sungold,actual
2023-09-09,9/7/2023,2023,BFM,Tomato Cherry - pint,$5.00,45,6,39,$195.00,Variety: Rainbow,actual
2023-09-09,9/7/2023,2023,BFM,Tomato Heirloom - lb,$5.00,50,5,45,$225.00,,actual
2023-09-09,9/7/2023,2023,BFM,Winter Squash Acorn Type - lb,$3.50,35,5,30,$105.00,,actual
2023-09-09,9/7/2023,2023,BFM,Winter Squash Delicata - lb,$3.50,7,0,7,$24.50,,actual
2023-09-09,9/7/2023,2023,KFM,Arugula - 1/3 lb,$6.00,0,0,0,$0.00,,actual
2023-09-09,9/7/2023,2023,KFM,Arugula - 2/3 lb,$12.00,0,0,0,$0.00,,actual
2023-09-09,9/7/2023,2023,KFM,Basil - bunch,$3.50,60,0,60,$210.00,,actual
2023-09-09,9/7/2023,2023,KFM,Bean Snap - bunch,$5.00,30,0,30,$150.00,,actual
2023-09-09,9/7/2023,2023,KFM,Beets Golden - bunch,$5.00,23,0,23,$115.00,,actual
2023-09-09,9/7/2023,2023,KFM,Beets Red - bunch,$4.00,22,0,22,$88.00,,actual
2023-09-09,9/7/2023,2023,KFM,Broccolini - bunch,$5.00,66,0,66,$330.00,,actual
2023-09-09,9/7/2023,2023,KFM,Cabbage - lb,$2.00,0,0,0,$0.00,Variety: Caraflex,actual
2023-09-09,9/7/2023,2023,KFM,Cabbage - lb,$2.00,0,0,0,$0.00,Variety: Red,actual
2023-09-09,9/7/2023,2023,KFM,Cabbage - lb,$2.00,0,0,0,$0.00,Variety: Tendersweet,actual
2023-09-09,9/7/2023,2023,KFM,Cabbage - lb,$2.00,0,0,0,$0.00,Variety: Savoy,actual
2023-09-09,9/7/2023,2023,KFM,Carrot Bulk - lb,$3.50,50,0,50,$175.00,,actual
2023-09-09,9/7/2023,2023,KFM,Chard - bunch,$4.00,22,0,22,$88.00,,actual
2023-09-09,9/7/2023,2023,KFM,Cilantro - bunch,$3.50,66,0,66,$231.00,,actual
2023-09-09,9/7/2023,2023,KFM,Collards - bunch,$4.00,25,2,23,$92.00,,actual
2023-09-09,9/7/2023,2023,KFM,Cucumber - lb,$3.00,75.5,0,75.5,$226.50,,actual
2023-09-09,9/7/2023,2023,KFM,Cucumber Pickling - lb,$3.00,50,0,50,$150.00,,actual
2023-09-09,9/7/2023,2023,KFM,Dandelion - bunch,$4.00,20,2,18,$72.00,,actual
2023-09-09,9/7/2023,2023,KFM,Garlic - lb,$16.00,15,0,15,$240.00,,actual
2023-09-09,9/7/2023,2023,KFM,Kale Curly - bunch,$4.00,30,0,30,$120.00,,actual
2023-09-09,9/7/2023,2023,KFM,Kale Lacinato - bunch,$4.00,61,0,61,$244.00,,actual
2023-09-09,9/7/2023,2023,KFM,Pepper Carmen - lb,$5.00,94,7,87,$435.00,,actual
2023-09-09,9/7/2023,2023,KFM,Pepper Hot - each,$1.00,120,20,100,$100.00,,actual
2023-09-09,9/7/2023,2023,KFM,Pepper Hot - each,$1.00,50,12,38,$38.00,Variety: Long,actual
2023-09-09,9/7/2023,2023,KFM,Pepper Mini - pint,$4.00,6,0,6,$24.00,,actual
2023-09-09,9/7/2023,2023,KFM,Pepper Mini - quart,$7.00,27,4,23,$161.00,,actual
2023-09-09,9/7/2023,2023,KFM,Pepper Shishito - pint,$5.00,20,1,19,$95.00,,actual
2023-09-09,9/7/2023,2023,KFM,Pepper Shishito - quart,$9.00,30,4,26,$234.00,,actual
2023-09-09,9/7/2023,2023,KFM,Potato White - lb,$3.50,40,1.6,38.4,$134.40,Variety: Red,actual
2023-09-09,9/7/2023,2023,KFM,Radish Round Purple - bunch,$3.50,30,0,30,$105.00,,actual
2023-09-09,9/7/2023,2023,KFM,Summer Mix - 1/3 lb,$6.00,30,0,30,$180.00,,actual
2023-09-09,9/7/2023,2023,KFM,Summer Mix - 2/3 lb,$12.00,40,0,40,$480.00,,actual
2023-09-09,9/7/2023,2023,KFM,Tomato Cherry - pint,$5.00,56,0,56,$280.00,Variety: Sungold,actual
2023-09-09,9/7/2023,2023,KFM,Tomato Cherry - pint,$5.00,26,0,26,$130.00,Variety: Rainbow,actual
2023-09-09,9/7/2023,2023,KFM,Tomato Heirloom - lb,$5.00,75,2.5,72.5,$362.50,,actual
2023-09-09,9/7/2023,2023,KFM,Winter Squash Acorn Type - lb,$3.50,15,1,14,$49.00,,actual
2023-09-09,9/7/2023,2023,KFM,Winter Squash Delicata - lb,$3.50,33,0,33,$115.50,,actual
2023-09-16,9/14/2023,2023,BFM,Arugula - 1/3 lb,$6.00,20,0,20,$120.00,,actual
2023-09-16,9/14/2023,2023,BFM,Arugula - 2/3 lb,$12.00,8,0,8,$96.00,,actual
2023-09-16,9/14/2023,2023,BFM,Basil - bunch,$3.50,30,0,30,$105.00,,actual
2023-09-16,9/14/2023,2023,BFM,Beets Golden - bunch,$5.00,22,0,22,$110.00,,actual
2023-09-16,9/14/2023,2023,BFM,Beets Red - bunch,$4.00,17,0,17,$68.00,,actual
2023-09-16,9/14/2023,2023,BFM,Braising Mix - 1 lb,$7.00,0,0,0,$0.00,,actual
2023-09-16,9/14/2023,2023,BFM,Broccolini - bunch,$6.00,80,0,80,$480.00,,actual
2023-09-16,9/14/2023,2023,BFM,Cabbage - lb,$2.00,0,0,0,$0.00,Variety: Caraflex,actual
2023-09-16,9/14/2023,2023,BFM,Cabbage - lb,$2.00,37.2,0,37.2,$74.40,Variety: Red,actual
2023-09-16,9/14/2023,2023,BFM,Cabbage - lb,$2.00,0,0,0,$0.00,Variety: Tendersweet,actual
2023-09-16,9/14/2023,2023,BFM,Cabbage - lb,$2.00,0,0,0,$0.00,Variety: Savoy,actual
2023-09-16,9/14/2023,2023,BFM,Cabbage Chinese - lb,$2.00,13.75,0,13.75,$27.50,,actual
2023-09-16,9/14/2023,2023,BFM,Carrot - bunch,$5.00,33,0,33,$165.00,,actual
2023-09-16,9/14/2023,2023,BFM,Chard - bunch,$4.00,27,2,25,$100.00,,actual
2023-09-16,9/14/2023,2023,BFM,Collards - bunch,$4.00,18,5,13,$52.00,,actual
2023-09-16,9/14/2023,2023,BFM,Cucumber - lb,$3.00,135,40,95,$285.00,,actual
2023-09-16,9/14/2023,2023,BFM,Cucumber Pickling - lb,$3.00,25,0,25,$75.00,,actual
2023-09-16,9/14/2023,2023,BFM,Dandelion - bunch,$4.00,12,0,12,$48.00,,actual
2023-09-16,9/14/2023,2023,BFM,Garlic - lb,$16.00,10,0,10,$160.00,,actual
2023-09-16,9/14/2023,2023,BFM,Kale Curly - bunch,$4.00,30,3,27,$108.00,,actual
2023-09-16,9/14/2023,2023,BFM,Kale Lacinato - bunch,$4.00,53,3,50,$200.00,,actual
2023-09-16,9/14/2023,2023,BFM,Kohlrabi - bunch,$4.00,15,1,14,$56.00,,actual
2023-09-16,9/14/2023,2023,BFM,Parsley - bunch,$3.50,18,0,18,$63.00,,actual
2023-09-16,9/14/2023,2023,BFM,Pepper Carmen - lb,$5.00,50,14,36,$180.00,,actual
2023-09-16,9/14/2023,2023,BFM,Pepper Hot - each,$1.00,25,5,20,$20.00,,actual
2023-09-16,9/14/2023,2023,BFM,Pepper Hot - each,$1.00,25,12,13,$13.00,Variety: Long,actual
2023-09-16,9/14/2023,2023,BFM,Pepper Mini - pint,$4.00,11,0,11,$44.00,,actual
2023-09-16,9/14/2023,2023,BFM,Pepper Mini - quart,$7.00,18,0,18,$126.00,,actual
2023-09-16,9/14/2023,2023,BFM,Pepper Shishito - pint,$5.00,9,0,9,$45.00,,actual
2023-09-16,9/14/2023,2023,BFM,Pepper Shishito - quart,$9.00,10,2,8,$72.00,,actual
2023-09-16,9/14/2023,2023,BFM,Potato White - lb,$3.50,40,5,35,$122.50,Variety: Red,actual
2023-09-16,9/14/2023,2023,BFM,Radish French Breakfast - bunch,$3.50,41,3,38,$133.00,,actual
2023-09-16,9/14/2023,2023,BFM,Radish Round - bunch,$3.50,16,0,16,$56.00,,actual
2023-09-16,9/14/2023,2023,BFM,Radish Round Purple - bunch,$3.50,23,0,23,$80.50,,actual
2023-09-16,9/14/2023,2023,BFM,Summer Mix - 1/3 lb,$6.00,14,0,14,$84.00,,actual
2023-09-16,9/14/2023,2023,BFM,Summer Mix - 2/3 lb,$12.00,30,0,30,$360.00,,actual
2023-09-16,9/14/2023,2023,BFM,Tomato Cherry - pint,$5.00,41,0,41,$205.00,Variety: Sungold,actual
2023-09-16,9/14/2023,2023,BFM,Tomato Cherry - pint,$5.00,30,0,30,$150.00,Variety: Rainbow,actual
2023-09-16,9/14/2023,2023,BFM,Tomato Heirloom - lb,$5.00,34,0,34,$170.00,,actual
2023-09-16,9/14/2023,2023,BFM,Winter Squash Acorn Type - lb,$3.50,28.75,7,21.75,$76.13,,actual
2023-09-16,9/14/2023,2023,BFM,Winter Squash Delicata - lb,$3.50,30.6,4,26.6,$93.10,,actual
2023-09-16,9/14/2023,2023,KFM,Arugula - 1/3 lb,$6.00,20,0,20,$120.00,,actual
2023-09-16,9/14/2023,2023,KFM,Arugula - 2/3 lb,$12.00,10,0,10,$120.00,,actual
2023-09-16,9/14/2023,2023,KFM,Basil - bunch,$3.50,50,2,48,$168.00,,actual
2023-09-16,9/14/2023,2023,KFM,Bean Snap - bunch,$5.00,21,0,21,$105.00,,actual
2023-09-16,9/14/2023,2023,KFM,Beets Golden - bunch,$5.00,27,0,27,$135.00,,actual
2023-09-16,9/14/2023,2023,KFM,Beets Red - bunch,$4.00,23,0,23,$92.00,,actual
2023-09-16,9/14/2023,2023,KFM,Braising Mix - 1 lb,$7.00,0,0,0,$0.00,,actual
2023-09-16,9/14/2023,2023,KFM,Broccolini - bunch,$6.00,146,0,146,$876.00,,actual
2023-09-16,9/14/2023,2023,KFM,Cabbage - lb,$2.00,0,0,0,$0.00,Variety: Caraflex,actual
2023-09-16,9/14/2023,2023,KFM,Cabbage - lb,$2.00,49.6,2,47.6,$95.20,Variety: Red,actual
2023-09-16,9/14/2023,2023,KFM,Cabbage - lb,$2.00,0,0,0,$0.00,Variety: Tendersweet,actual
2023-09-16,9/14/2023,2023,KFM,Cabbage - lb,$2.00,0,0,0,$0.00,Variety: Savoy,actual
2023-09-16,9/14/2023,2023,KFM,Cabbage Chinese - lb,$2.00,25,0,25,$50.00,,actual
2023-09-16,9/14/2023,2023,KFM,Carrot - bunch,$5.00,50,0,50,$250.00,,actual
2023-09-16,9/14/2023,2023,KFM,Chard - bunch,$4.00,22,0,22,$88.00,,actual
2023-09-16,9/14/2023,2023,KFM,Collards - bunch,$4.00,22,0,22,$88.00,,actual
2023-09-16,9/14/2023,2023,KFM,Cucumber - lb,$3.00,90,2,88,$264.00,,actual
2023-09-16,9/14/2023,2023,KFM,Cucumber Pickling - lb,$3.00,49,3,46,$138.00,,actual
2023-09-16,9/14/2023,2023,KFM,Dandelion - bunch,$4.00,18,0,18,$72.00,,actual
2023-09-16,9/14/2023,2023,KFM,Garlic - lb,$16.00,15,0,15,$240.00,,actual
2023-09-16,9/14/2023,2023,KFM,Kale Curly - bunch,$4.00,30,1,29,$116.00,,actual
2023-09-16,9/14/2023,2023,KFM,Kale Lacinato - bunch,$4.00,75,0,75,$300.00,,actual
2023-09-16,9/14/2023,2023,KFM,Kohlrabi - bunch,$4.00,22,0,22,$88.00,,actual
2023-09-16,9/14/2023,2023,KFM,Parsley - bunch,$3.50,22,0,22,$77.00,,actual
2023-09-16,9/14/2023,2023,KFM,Pepper Carmen - lb,$5.00,210,27,183,$915.00,,actual
2023-09-16,9/14/2023,2023,KFM,Pepper Hot - each,$1.00,100,16,84,$84.00,,actual
2023-09-16,9/14/2023,2023,KFM,Pepper Hot - each,$1.00,40,10,30,$30.00,Variety: Long,actual
2023-09-16,9/14/2023,2023,KFM,Pepper Mini - pint,$4.00,14,1,13,$52.00,,actual
2023-09-16,9/14/2023,2023,KFM,Pepper Mini - quart,$7.00,18,3,15,$105.00,,actual
2023-09-16,9/14/2023,2023,KFM,Pepper Shishito - pint,$5.00,20,2,18,$90.00,,actual
2023-09-16,9/14/2023,2023,KFM,Pepper Shishito - quart,$9.00,12,1,11,$99.00,,actual
2023-09-16,9/14/2023,2023,KFM,Potato White - lb,$3.50,45,14,31,$108.50,Variety: Red,actual
2023-09-16,9/14/2023,2023,KFM,Radish French Breakfast - bunch,$3.50,48,19,29,$101.50,,actual
2023-09-16,9/14/2023,2023,KFM,Radish Round - bunch,$3.50,20,3,17,$59.50,,actual
2023-09-16,9/14/2023,2023,KFM,Radish Round Purple - bunch,$3.50,60,8,52,$182.00,,actual
2023-09-16,9/14/2023,2023,KFM,Summer Mix - 1/3 lb,$6.00,14,0,14,$84.00,,actual
2023-09-16,9/14/2023,2023,KFM,Summer Mix - 2/3 lb,$12.00,40,0,40,$480.00,,actual
2023-09-16,9/14/2023,2023,KFM,Tomato Cherry - pint,$5.00,41,0,41,$205.00,Variety: Sungold,actual
2023-09-16,9/14/2023,2023,KFM,Tomato Cherry - pint,$5.00,88,11,77,$385.00,Variety: Rainbow,actual
2023-09-16,9/14/2023,2023,KFM,Tomato Heirloom - lb,$5.00,40,0,40,$200.00,,actual
2023-09-16,9/14/2023,2023,KFM,Winter Squash Acorn Type - lb,$3.50,20.3,2,18.3,$64.05,,actual
2023-09-16,9/14/2023,2023,KFM,Winter Squash Delicata - lb,$3.50,43.7,0,43.7,$152.95,,actual
2023-09-23,9/21/2023,2023,KFM,Arugula - 1/3 lb,$6.00,28,10,18,$108.00,,actual
2023-09-23,9/21/2023,2023,KFM,Arugula - 2/3 lb,$12.00,15,6,9,$108.00,,actual
2023-09-23,9/21/2023,2023,KFM,Basil - bunch,$3.50,0,0,0,$0.00,,actual
2023-09-23,9/21/2023,2023,KFM,Beets Golden - bunch,$5.00,24,0,24,$120.00,,actual
2023-09-23,9/21/2023,2023,KFM,Beets Red - bunch,$4.00,25,1,24,$96.00,,actual
2023-09-23,9/21/2023,2023,KFM,Braising Mix - 1/2 lb,$4.00,18,1,17,$68.00,,actual
2023-09-23,9/21/2023,2023,KFM,Broccolini - bunch,$6.00,174,9,165,$990.00,,actual
2023-09-23,9/21/2023,2023,KFM,Cabbage - lb,$2.00,28.4,0,28.4,$56.80,Variety: Caraflex,actual
2023-09-23,9/21/2023,2023,KFM,Cabbage Chinese - lb,$3.00,31,16,15,$45.00,,actual
2023-09-23,9/21/2023,2023,KFM,Carrot - bunch,$5.00,70,0,70,$350.00,,actual
2023-09-23,9/21/2023,2023,KFM,Cauliflower Sprouting - lb,$4.00,9.4,0,9.4,$37.60,,actual
2023-09-23,9/21/2023,2023,KFM,Celery - bunch,$4.00,20,0,20,$80.00,,actual
2023-09-23,9/21/2023,2023,KFM,Chard - bunch,$4.00,21,0,21,$84.00,,actual
2023-09-23,9/21/2023,2023,KFM,Collards - bunch,$4.00,21,3,18,$72.00,,actual
2023-09-23,9/21/2023,2023,KFM,Cucumber - lb,$3.00,100,30,70,$210.00,,actual
2023-09-23,9/21/2023,2023,KFM,Cucumber Pickling - lb,$3.00,31,0,31,$93.00,,actual
2023-09-23,9/21/2023,2023,KFM,Dandelion - bunch,$4.00,16,1,15,$60.00,,actual
2023-09-23,9/21/2023,2023,KFM,Escarole - head,$4.00,16,2,14,$56.00,,actual
2023-09-23,9/21/2023,2023,KFM,Garlic - lb,$16.00,15,0,15,$240.00,,actual
2023-09-23,9/21/2023,2023,KFM,Kale Curly - bunch,$4.00,28,13,15,$60.00,,actual
2023-09-23,9/21/2023,2023,KFM,Kale Lacinato - bunch,$4.00,72,19,53,$212.00,,actual
2023-09-23,9/21/2023,2023,KFM,Kohlrabi - bunch,$4.00,25,3,22,$88.00,,actual
2023-09-23,9/21/2023,2023,KFM,Parsley - bunch,$3.50,40,0,40,$140.00,,actual
2023-09-23,9/21/2023,2023,KFM,Pepper Carmen - lb,$4.00,165,0,165,$660.00,,actual
2023-09-23,9/21/2023,2023,KFM,Pepper Hot - each,$1.00,90,45,45,$45.00,,actual
2023-09-23,9/21/2023,2023,KFM,Pepper Hot - each,$1.00,40,8,32,$32.00,Variety: Long,actual
2023-09-23,9/21/2023,2023,KFM,Pepper Mini - pint,$4.00,20,8,12,$48.00,,actual
2023-09-23,9/21/2023,2023,KFM,Pepper Mini - quart,$7.00,24,10,14,$98.00,,actual
2023-09-23,9/21/2023,2023,KFM,Pepper Shishito - pint,$5.00,22,10,12,$60.00,,actual
2023-09-23,9/21/2023,2023,KFM,Pepper Shishito - quart,$9.00,25,10,15,$135.00,,actual
2023-09-23,9/21/2023,2023,KFM,Potato White - lb,$3.50,48,1.5,46.5,$162.75,,actual
2023-09-23,9/21/2023,2023,KFM,Puntarelle - lb,$9.00,9.5,0,9.5,$85.50,,actual
2023-09-23,9/21/2023,2023,KFM,Radish French Breakfast - bunch,$3.50,25,2,23,$80.50,,actual
2023-09-23,9/21/2023,2023,KFM,Radish Round - bunch,$3.50,15,1,14,$49.00,,actual
2023-09-23,9/21/2023,2023,KFM,Radish Round Purple - bunch,$3.50,40,8,32,$112.00,,actual
2023-09-23,9/21/2023,2023,KFM,Summer Mix - 1.5 lb,$25.00,5,0,5,$125.00,,actual
2023-09-23,9/21/2023,2023,KFM,Summer Mix - 1/3 lb,$6.00,30,2,28,$168.00,,actual
2023-09-23,9/21/2023,2023,KFM,Summer Mix - 2/3 lb,$12.00,41,17,24,$288.00,,actual
2023-09-23,9/21/2023,2023,KFM,Tomato Cherry - pint,$5.00,45,0,45,$225.00,Variety: Sungold,actual
2023-09-23,9/21/2023,2023,KFM,Tomato Cherry - pint,$5.00,74,9,65,$325.00,Variety: Rainbow,actual
2023-09-23,9/21/2023,2023,KFM,Tomato Heirloom - lb,$5.00,20,2.3,17.7,$88.50,,actual
2023-09-23,9/21/2023,2023,KFM,Turnip - bunch,$4.00,0,0,0,$0.00,Variety: White,actual
2023-09-23,9/21/2023,2023,KFM,Winter Squash Acorn Type - lb,$3.50,26.7,3.3,23.4,$81.90,,actual
2023-09-23,9/21/2023,2023,KFM,Winter Squash Delicata - lb,$3.50,54.8,3.5,51.3,$179.55,,actual
2023-09-30,9/28/2023,2023,BFM,Arugula - 1/3 lb,$6.00,0,0,0,$0.00,,actual
2023-09-30,9/28/2023,2023,BFM,Arugula - 2/3 lb,$12.00,0,0,0,$0.00,,actual
2023-09-30,9/28/2023,2023,BFM,Beets Golden - bunch,$5.00,26,4,22,$110.00,,actual
2023-09-30,9/28/2023,2023,BFM,Beets Red - bunch,$4.00,14,4,10,$40.00,,actual
2023-09-30,9/28/2023,2023,BFM,Braising Mix - 1/2 lb,$4.00,16,-2,18,$72.00,,actual
2023-09-30,9/28/2023,2023,BFM,Broccolini - bunch,$6.00,90,0,90,$540.00,,actual
2023-09-30,9/28/2023,2023,BFM,Cabbage - lb,$2.00,28,0,28,$56.00,Variety: Caraflex,actual
2023-09-30,9/28/2023,2023,BFM,Cabbage Chinese - lb,$3.00,23,4.1,18.9,$56.70,,actual
2023-09-30,9/28/2023,2023,BFM,Carrot Bulk - lb,$3.50,40,0,40,$140.00,,actual
2023-09-30,9/28/2023,2023,BFM,Cauliflower Sprouting - lb,$4.00,7.5,0,7.5,$30.00,,actual
2023-09-30,9/28/2023,2023,BFM,Celery - bunch,$4.00,18,0,18,$72.00,,actual
2023-09-30,9/28/2023,2023,BFM,Chard - bunch,$4.00,25,8,17,$68.00,,actual
2023-09-30,9/28/2023,2023,BFM,Collards - bunch,$4.00,15,6,9,$36.00,,actual
2023-09-30,9/28/2023,2023,BFM,Cucumber - lb,$3.00,75,0,75,$225.00,,actual
2023-09-30,9/28/2023,2023,BFM,Dandelion - bunch,$4.00,12,-1,13,$52.00,,actual
2023-09-30,9/28/2023,2023,BFM,Escarole - head,$4.00,12,4,8,$32.00,,actual
2023-09-30,9/28/2023,2023,BFM,Garlic - lb,$16.00,10,0,10,$160.00,,actual
2023-09-30,9/28/2023,2023,BFM,Kale Curly - bunch,$4.00,28,2,26,$104.00,,actual
2023-09-30,9/28/2023,2023,BFM,Kale Lacinato - bunch,$4.00,49,-7,56,$224.00,,actual
2023-09-30,9/28/2023,2023,BFM,Kohlrabi - bunch,$4.00,15,6,9,$36.00,,actual
2023-09-30,9/28/2023,2023,BFM,Komatsuna - bunch,$4.00,0,0,0,$0.00,,actual
2023-09-30,9/28/2023,2023,BFM,Parsley - bunch,$3.50,0,0,0,$0.00,,actual
2023-09-30,9/28/2023,2023,BFM,Pepper Carmen - lb,$4.00,25,0,25,$100.00,,actual
2023-09-30,9/28/2023,2023,BFM,Pepper Hot - each,$1.00,20,10,10,$10.00,,actual
2023-09-30,9/28/2023,2023,BFM,Pepper Hot - each,$1.00,20,10,10,$10.00,Variety: Long,actual
2023-09-30,9/28/2023,2023,BFM,Pepper Mini - pint,$4.00,14,0,14,$56.00,,actual
2023-09-30,9/28/2023,2023,BFM,Pepper Mini - quart,$7.00,9,0,9,$63.00,,actual
2023-09-30,9/28/2023,2023,BFM,Pepper Shishito - pint,$5.00,14,3,11,$55.00,,actual
2023-09-30,9/28/2023,2023,BFM,Pepper Shishito - quart,$9.00,9,-1,10,$90.00,,actual
2023-09-30,9/28/2023,2023,BFM,Potato White - lb,$3.50,0,-14.75,14.75,$51.63,,actual
2023-09-30,9/28/2023,2023,BFM,Puntarelle - lb,$9.00,10,1.8,8.2,$73.80,,actual
2023-09-30,9/28/2023,2023,BFM,Radish French Breakfast - bunch,$3.50,24,1,23,$80.50,,actual
2023-09-30,9/28/2023,2023,BFM,Radish Round - bunch,$3.50,15,3,12,$42.00,,actual
2023-09-30,9/28/2023,2023,BFM,Radish Round Purple - bunch,$3.50,30,16,14,$49.00,,actual
2023-09-30,9/28/2023,2023,BFM,Scallion - bunch,$3.00,0,0,0,$0.00,,actual
2023-09-30,9/28/2023,2023,BFM,Summer Mix - 1/3 lb,$6.00,0,0,0,$0.00,,actual
2023-09-30,9/28/2023,2023,BFM,Summer Mix - 2/3 lb,$12.00,0,0,0,$0.00,,actual
2023-09-30,9/28/2023,2023,BFM,Tomato Cherry - pint,$5.00,0,0,0,$0.00,Variety: Sungold,actual
2023-09-30,9/28/2023,2023,BFM,Tomato Cherry - pint,$5.00,30,0,30,$150.00,Variety: Rainbow,actual
2023-09-30,9/28/2023,2023,BFM,Tomato Heirloom - lb,$5.00,0,0,0,$0.00,,actual
2023-09-30,9/28/2023,2023,BFM,Turnip - bunch,$4.00,18,2,16,$64.00,Variety: White,actual
2023-09-30,9/28/2023,2023,BFM,Winter Squash Acorn Type - lb,$3.50,30,7.5,22.5,$78.75,,actual
2023-09-30,9/28/2023,2023,BFM,Winter Squash Delicata - lb,$3.50,27,22.1,4.9,$17.15,,actual
2023-09-30,9/28/2023,2023,KFM,Arugula - 1/3 lb,$6.00,0,0,0,$0.00,,actual
2023-09-30,9/28/2023,2023,KFM,Arugula - 2/3 lb,$12.00,0,0,0,$0.00,,actual
2023-09-30,9/28/2023,2023,KFM,Beets Golden - bunch,$5.00,28,3,25,$125.00,,actual
2023-09-30,9/28/2023,2023,KFM,Beets Red - bunch,$4.00,17,3,14,$56.00,,actual
2023-09-30,9/28/2023,2023,KFM,Braising Mix - 1/2 lb,$4.00,16,3,13,$52.00,,actual
2023-09-30,9/28/2023,2023,KFM,Broccolini - bunch,$6.00,161,1,160,$960.00,,actual
2023-09-30,9/28/2023,2023,KFM,Cabbage - lb,$2.00,28,4.2,23.8,$47.60,Variety: Caraflex,actual
2023-09-30,9/28/2023,2023,KFM,Cabbage Chinese - lb,$3.00,26.5,0,26.5,$79.50,,actual
2023-09-30,9/28/2023,2023,KFM,Carrot Bulk - lb,$3.50,40,0,40,$140.00,,actual
2023-09-30,9/28/2023,2023,KFM,Cauliflower Sprouting - lb,$4.00,14,0,14,$56.00,,actual
2023-09-30,9/28/2023,2023,KFM,Celery - bunch,$4.00,25,0,25,$100.00,,actual
2023-09-30,9/28/2023,2023,KFM,Chard - bunch,$4.00,20,0,20,$80.00,,actual
2023-09-30,9/28/2023,2023,KFM,Collards - bunch,$4.00,20,3,17,$68.00,,actual
2023-09-30,9/28/2023,2023,KFM,Cucumber - lb,$3.00,75,0,75,$225.00,,actual
2023-09-30,9/28/2023,2023,KFM,Dandelion - bunch,$4.00,15,3,12,$48.00,,actual
2023-09-30,9/28/2023,2023,KFM,Escarole - head,$4.00,15,0,15,$60.00,,actual
2023-09-30,9/28/2023,2023,KFM,Garlic - lb,$16.00,15,0,15,$240.00,,actual
2023-09-30,9/28/2023,2023,KFM,Kale Curly - bunch,$4.00,25,8,17,$68.00,,actual
2023-09-30,9/28/2023,2023,KFM,Kale Lacinato - bunch,$4.00,65,13,52,$208.00,,actual
2023-09-30,9/28/2023,2023,KFM,Kohlrabi - bunch,$4.00,22,8,14,$56.00,,actual
2023-09-30,9/28/2023,2023,KFM,Komatsuna - bunch,$4.00,0,0,0,$0.00,,actual
2023-09-30,9/28/2023,2023,KFM,Parsley - bunch,$3.50,41,8,33,$115.50,,actual
2023-09-30,9/28/2023,2023,KFM,Pepper Carmen - lb,$4.00,44,3,41,$164.00,,actual
2023-09-30,9/28/2023,2023,KFM,Pepper Hot - each,$1.00,60,25,35,$35.00,,actual
2023-09-30,9/28/2023,2023,KFM,Pepper Hot - each,$1.00,40,5,35,$35.00,Variety: Long,actual
2023-09-30,9/28/2023,2023,KFM,Pepper Mini - pint,$4.00,15,2,13,$52.00,,actual
2023-09-30,9/28/2023,2023,KFM,Pepper Mini - quart,$7.00,15,4,11,$77.00,,actual
2023-09-30,9/28/2023,2023,KFM,Pepper Shishito - pint,$5.00,18,7,11,$55.00,,actual
2023-09-30,9/28/2023,2023,KFM,Pepper Shishito - quart,$9.00,18,9,9,$81.00,,actual
2023-09-30,9/28/2023,2023,KFM,Potato White - lb,$3.50,65,14.75,50.25,$175.88,,actual
2023-09-30,9/28/2023,2023,KFM,Puntarelle - lb,$9.00,20,0,20,$180.00,,actual
2023-09-30,9/28/2023,2023,KFM,Radicchio  - lb,$6.00,0,0,0,$0.00,,actual
2023-09-30,9/28/2023,2023,KFM,Radish French Breakfast - bunch,$3.50,25,0,25,$87.50,,actual
2023-09-30,9/28/2023,2023,KFM,Radish Round - bunch,$3.50,16,0,16,$56.00,,actual
2023-09-30,9/28/2023,2023,KFM,Radish Round Purple - bunch,$3.50,30,10,20,$70.00,,actual
2023-09-30,9/28/2023,2023,KFM,Scallion - bunch,$3.50,0,0,0,$0.00,,actual
2023-09-30,9/28/2023,2023,KFM,Summer Mix - 1/3 lb,$6.00,0,0,0,$0.00,,actual
2023-09-30,9/28/2023,2023,KFM,Summer Mix - 2/3 lb,$12.00,0,0,0,$0.00,,actual
2023-09-30,9/28/2023,2023,KFM,Tomato Cherry - pint,$5.00,25,0,25,$125.00,Variety: Sungold,actual
2023-09-30,9/28/2023,2023,KFM,Tomato Cherry - pint,$5.00,30,0,30,$150.00,Variety: Rainbow,actual
2023-09-30,9/28/2023,2023,KFM,Tomato Heirloom - lb,$5.00,5,0,5,$25.00,,actual
2023-09-30,9/28/2023,2023,KFM,Turnip - bunch,$4.00,22,0,22,$88.00,Variety: White,actual
2023-09-30,9/28/2023,2023,KFM,Winter Squash Acorn Type - lb,$3.50,40,24.5,15.5,$54.25,,actual
2023-09-30,9/28/2023,2023,KFM,Winter Squash Delicata - lb,$3.50,50,17,33,$115.50,,actual
2023-10-07,10/5/2023,2023,BFM,Arugula - 1/3 lb,$6.00,20,3,17,$102.00,,actual
2023-10-07,10/5/2023,2023,BFM,Arugula - 2/3 lb,$12.00,10,4,6,$72.00,,actual
2023-10-07,10/5/2023,2023,BFM,Beets Golden - bunch,$5.00,22,0,22,$110.00,,actual
2023-10-07,10/5/2023,2023,BFM,Braising Mix - 1/2 lb,$4.00,14,0,14,$56.00,,actual
2023-10-07,10/5/2023,2023,BFM,Broccolini - bunch,$6.00,140,0,140,$840.00,,actual
2023-10-07,10/5/2023,2023,BFM,Cabbage - lb,$2.00,18.9,8.2,10.7,$21.40,Variety: Caraflex,actual
2023-10-07,10/5/2023,2023,BFM,Cabbage - lb,$2.00,9.4,1,8.4,$16.80,Variety: Savoy,actual
2023-10-07,10/5/2023,2023,BFM,Cabbage Chinese - lb,$3.00,9.7,3.2,6.5,$19.50,,actual
2023-10-07,10/5/2023,2023,BFM,Carrot - bunch,$5.00,50,-6,56,$280.00,,actual
2023-10-07,10/5/2023,2023,BFM,Cauliflower Sprouting - lb,$4.00,9,0,9,$36.00,,actual
2023-10-07,10/5/2023,2023,BFM,Celery - bunch,$4.00,23,13,10,$40.00,,actual
2023-10-07,10/5/2023,2023,BFM,Chard - bunch,$4.00,20,0,20,$80.00,,actual
2023-10-07,10/5/2023,2023,BFM,Collards - bunch,$4.00,12,0,12,$48.00,,actual
2023-10-07,10/5/2023,2023,BFM,Dandelion - bunch,$4.00,12,0,12,$48.00,,actual
2023-10-07,10/5/2023,2023,BFM,Escarole - head,$5.00,10,7,3,$15.00,,actual
2023-10-07,10/5/2023,2023,BFM,Garlic - lb,$16.00,10,0,10,$160.00,,actual
2023-10-07,10/5/2023,2023,BFM,Kale Curly - bunch,$4.00,28,-1,29,$116.00,,actual
2023-10-07,10/5/2023,2023,BFM,Kale Lacinato - bunch,$4.00,57,1,56,$224.00,,actual
2023-10-07,10/5/2023,2023,BFM,Kohlrabi - bunch,$4.00,12,2,10,$40.00,,actual
2023-10-07,10/5/2023,2023,BFM,Pepper Carmen - lb,$5.00,30,0,30,$150.00,,actual
2023-10-07,10/5/2023,2023,BFM,Pepper Hot - each,$1.00,15,0,15,$15.00,,actual
2023-10-07,10/5/2023,2023,BFM,Pepper Hot - each,$1.00,15,0,15,$15.00,Variety: Long,actual
2023-10-07,10/5/2023,2023,BFM,Pepper Mini - pint,$4.00,12,-3,15,$60.00,,actual
2023-10-07,10/5/2023,2023,BFM,Pepper Mini - quart,$7.00,14,0,14,$98.00,,actual
2023-10-07,10/5/2023,2023,BFM,Pepper Shishito - pint,$5.00,5,-2,7,$35.00,,actual
2023-10-07,10/5/2023,2023,BFM,Pepper Shishito - quart,$9.00,9,-2,11,$99.00,,actual
2023-10-07,10/5/2023,2023,BFM,Potato White - lb,$3.50,45,7,38,$133.00,,actual
2023-10-07,10/5/2023,2023,BFM,Puntarelle - lb,$9.00,13.25,3.5,9.75,$87.75,,actual
2023-10-07,10/5/2023,2023,BFM,Radicchio  - lb,$6.00,4.75,0,4.75,$28.50,,actual
2023-10-07,10/5/2023,2023,BFM,Radish French Breakfast - bunch,$3.50,24,-3,27,$94.50,,actual
2023-10-07,10/5/2023,2023,BFM,Radish Round - bunch,$3.50,20,0,20,$70.00,,actual
2023-10-07,10/5/2023,2023,BFM,Radish Round Purple - bunch,$3.50,20,2,18,$63.00,,actual
2023-10-07,10/5/2023,2023,BFM,Scallion - bunch,$3.50,0,0,0,$0.00,,actual
2023-10-07,10/5/2023,2023,BFM,Summer Mix - 1/3 lb,$6.00,35,-9,44,$264.00,,actual
2023-10-07,10/5/2023,2023,BFM,Summer Mix - 2/3 lb,$12.00,35,2,33,$396.00,,actual
2023-10-07,10/5/2023,2023,BFM,Tomato Cherry - pint,$5.00,25,0,25,$125.00,Variety: Sungold,actual
2023-10-07,10/5/2023,2023,BFM,Tomato Cherry - pint,$5.00,30,0,30,$150.00,Variety: Rainbow,actual
2023-10-07,10/5/2023,2023,BFM,Tomato Heirloom - lb,$5.00,5,0,5,$25.00,,actual
2023-10-07,10/5/2023,2023,BFM,Turnip - bunch,$4.00,22,2,20,$80.00,,actual
2023-10-07,10/5/2023,2023,BFM,Winter Squash Acorn Type - lb,$3.50,20,-4.8,24.8,$86.80,,actual
2023-10-07,10/5/2023,2023,BFM,Winter Squash Delicata - lb,$3.50,8,-8,16,$56.00,,actual
2023-10-07,10/5/2023,2023,KFM,Arugula - 1/3 lb,$6.00,15,0,15,$90.00,,actual
2023-10-07,10/5/2023,2023,KFM,Arugula - 2/3 lb,$12.00,10,1,9,$108.00,,actual
2023-10-07,10/5/2023,2023,KFM,Beets Golden - bunch,$5.00,23,0,23,$115.00,,actual
2023-10-07,10/5/2023,2023,KFM,Braising Mix - 1/2 lb,$4.00,18,2,16,$64.00,,actual
2023-10-07,10/5/2023,2023,KFM,Broccolini - bunch,$6.00,166,0,166,$996.00,,actual
2023-10-07,10/5/2023,2023,KFM,Cabbage - lb,$2.00,19.2,6,13.2,$26.40,Variety: Caraflex,actual
2023-10-07,10/5/2023,2023,KFM,Cabbage - lb,$2.00,11.1,0,11.1,$22.20,Variety: Savoy,actual
2023-10-07,10/5/2023,2023,KFM,Cabbage Chinese - lb,$3.00,13.3,5.3,8,$24.00,,actual
2023-10-07,10/5/2023,2023,KFM,Carrot - bunch,$5.00,73,10,63,$315.00,,actual
2023-10-07,10/5/2023,2023,KFM,Cauliflower Sprouting - lb,$4.00,16,0,16,$64.00,,actual
2023-10-07,10/5/2023,2023,KFM,Celery - bunch,$4.00,31,11,20,$80.00,,actual
2023-10-07,10/5/2023,2023,KFM,Chard - bunch,$4.00,18,0,18,$72.00,,actual
2023-10-07,10/5/2023,2023,KFM,Collards - bunch,$4.00,18,0,18,$72.00,,actual
2023-10-07,10/5/2023,2023,KFM,Dandelion - bunch,$4.00,12,0,12,$48.00,,actual
2023-10-07,10/5/2023,2023,KFM,Escarole - head,$4.00,11,0,11,$44.00,,actual
2023-10-07,10/5/2023,2023,KFM,Garlic - lb,$16.00,15,0,15,$240.00,,actual
2023-10-07,10/5/2023,2023,KFM,Kale Curly - bunch,$4.00,20,1,19,$76.00,,actual
2023-10-07,10/5/2023,2023,KFM,Kale Lacinato - bunch,$4.00,55,2,53,$212.00,,actual
2023-10-07,10/5/2023,2023,KFM,Kohlrabi - bunch,$4.00,15,2,13,$52.00,,actual
2023-10-07,10/5/2023,2023,KFM,Pepper Carmen - lb,$5.00,42,10,32,$160.00,,actual
2023-10-07,10/5/2023,2023,KFM,Pepper Hot - each,$1.00,40,20,20,$20.00,,actual
2023-10-07,10/5/2023,2023,KFM,Pepper Hot - each,$1.00,40,20,20,$20.00,Variety: Long,actual
2023-10-07,10/5/2023,2023,KFM,Pepper Mini - pint,$4.00,11,4,7,$28.00,,actual
2023-10-07,10/5/2023,2023,KFM,Pepper Mini - quart,$7.00,12,2,10,$70.00,,actual
2023-10-07,10/5/2023,2023,KFM,Pepper Shishito - pint,$5.00,10,2,8,$40.00,,actual
2023-10-07,10/5/2023,2023,KFM,Pepper Shishito - quart,$9.00,8,2,6,$54.00,,actual
2023-10-07,10/5/2023,2023,KFM,Potato White - lb,$3.50,55,0,55,$192.50,,actual
2023-10-07,10/5/2023,2023,KFM,Puntarelle - lb,$9.00,40,11,29,$261.00,,actual
2023-10-07,10/5/2023,2023,KFM,Radicchio  - lb,$6.00,18.25,0,18.25,$109.50,,actual
2023-10-07,10/5/2023,2023,KFM,Radish French Breakfast - bunch,$3.50,30,7,23,$80.50,,actual
2023-10-07,10/5/2023,2023,KFM,Radish Round - bunch,$3.50,20,0,20,$70.00,,actual
2023-10-07,10/5/2023,2023,KFM,Radish Round Purple - bunch,$3.50,20,1,19,$66.50,,actual
2023-10-07,10/5/2023,2023,KFM,Scallion - bunch,$3.50,20,0,20,$70.00,,actual
2023-10-07,10/5/2023,2023,KFM,Summer Mix - 1/3 lb,$6.00,30,9,21,$126.00,,actual
2023-10-07,10/5/2023,2023,KFM,Summer Mix - 2/3 lb,$12.00,30,0,30,$360.00,,actual
2023-10-07,10/5/2023,2023,KFM,Tomato Cherry - pint,$5.00,26,0,26,$130.00,Variety: Sungold,actual
2023-10-07,10/5/2023,2023,KFM,Tomato Cherry - pint,$5.00,44,0,44,$220.00,Variety: Rainbow,actual
2023-10-07,10/5/2023,2023,KFM,Tomato Heirloom - lb,$5.00,0,0,0,$0.00,,actual
2023-10-07,10/5/2023,2023,KFM,Turnip - bunch,$4.00,30,0,30,$120.00,,actual
2023-10-07,10/5/2023,2023,KFM,Winter Squash Acorn Type - lb,$3.50,22,8.5,13.5,$47.25,,actual
2023-10-07,10/5/2023,2023,KFM,Winter Squash Delicata - lb,$3.50,46,11,35,$122.50,,actual
2023-10-14,10/12/2023,2023,BFM,Arugula - 1/3 lb,$4.00,25,8,17,$68.00,,actual
2023-10-14,10/12/2023,2023,BFM,Braising Mix - 1/2 lb,$4.00,18,1,17,$68.00,Variety: Red,actual
2023-10-14,10/12/2023,2023,BFM,Broccolini - bunch,$6.00,101,0,101,$606.00,,actual
2023-10-14,10/12/2023,2023,BFM,Cabbage - lb,$2.00,9.4,1.1,8.3,$16.60,Variety: Savoy,actual
2023-10-14,10/12/2023,2023,BFM,Cabbage - lb,$2.00,7.5,0,7.5,$15.00,Variety: Caraflex,actual
2023-10-14,10/12/2023,2023,BFM,Cabbage - lb,$2.00,18.6,0,18.6,$37.20,Variety: Red,actual
2023-10-14,10/12/2023,2023,BFM,Cabbage - lb,$2.00,26.8,5.3,21.5,$43.00,Variety: Green,actual
2023-10-14,10/12/2023,2023,BFM,Cabbage Chinese - lb,$3.00,0,0,0,$0.00,,actual
2023-10-14,10/12/2023,2023,BFM,Carrot Bulk - lb,$3.50,50,17,33,$115.50,,actual
2023-10-14,10/12/2023,2023,BFM,Cauliflower - lb,$3.50,0,0,0,$0.00,Variety: Green,actual
2023-10-14,10/12/2023,2023,BFM,Cauliflower - lb,$3.50,0,0,0,$0.00,Variety: White,actual
2023-10-14,10/12/2023,2023,BFM,Cauliflower Sprouting - lb,$4.00,27.8,0,27.8,$111.20,,actual
2023-10-14,10/12/2023,2023,BFM,Celery - bunch,$4.00,12,0,12,$48.00,,actual
2023-10-14,10/12/2023,2023,BFM,Chard - bunch,$4.00,22,0,22,$88.00,,actual
2023-10-14,10/12/2023,2023,BFM,Cilantro - bunch,$3.50,25,0,25,$87.50,,actual
2023-10-14,10/12/2023,2023,BFM,Collards - bunch,$4.00,16,2,14,$56.00,,actual
2023-10-14,10/12/2023,2023,BFM,Dandelion - bunch,$4.00,16,2,14,$56.00,,actual
2023-10-14,10/12/2023,2023,BFM,Escarole - head,$5.00,0,0,0,$0.00,,actual
2023-10-14,10/12/2023,2023,BFM,Fall Mix - 1/3 lb,$6.00,33,0,33,$198.00,,actual
2023-10-14,10/12/2023,2023,BFM,Fall Mix - 2/3 lb,$12.00,35,0,35,$420.00,,actual
2023-10-14,10/12/2023,2023,BFM,Garlic - lb,$16.00,0,0,0,$0.00,,actual
2023-10-14,10/12/2023,2023,BFM,Kale Curly - bunch,$4.00,28,0,28,$112.00,,actual
2023-10-14,10/12/2023,2023,BFM,Kale Lacinato - bunch,$4.00,57,3,54,$216.00,,actual
2023-10-14,10/12/2023,2023,BFM,Kohlrabi - bunch,$4.00,12,1,11,$44.00,,actual
2023-10-14,10/12/2023,2023,BFM,Pepper Carmen - lb,$5.00,39,0,39,$195.00,,actual
2023-10-14,10/12/2023,2023,BFM,Pepper Hot - each,$1.00,15,10,5,$5.00,Variety: Long,actual
2023-10-14,10/12/2023,2023,BFM,Pepper Hot - each,$1.00,15,0,15,$15.00,,actual
2023-10-14,10/12/2023,2023,BFM,Pepper Mini - pint,$4.00,15,5,10,$40.00,,actual
2023-10-14,10/12/2023,2023,BFM,Pepper Mini - quart,$7.00,10,0,10,$70.00,,actual
2023-10-14,10/12/2023,2023,BFM,Pepper Shishito - pint,$5.00,0,,0,$0.00,,actual
2023-10-14,10/12/2023,2023,BFM,Pepper Shishito - quart,$9.00,0,,0,$0.00,,actual
2023-10-14,10/12/2023,2023,BFM,Potato White - lb,$3.50,48,0,48,$168.00,,actual
2023-10-14,10/12/2023,2023,BFM,Puntarelle - lb,$9.00,11.5,2.8,8.7,$78.30,,actual
2023-10-14,10/12/2023,2023,BFM,Radicchio  - lb,$6.00,7.25,1.5,5.75,$34.50,,actual
2023-10-14,10/12/2023,2023,BFM,Radicchio Variegated - lb,$6.00,0,0,0,$0.00,,actual
2023-10-14,10/12/2023,2023,BFM,Radish Round - bunch,$3.50,36,0,36,$126.00,,actual
2023-10-14,10/12/2023,2023,BFM,Tomato Cherry - pint,$5.00,43,2,41,$205.00,Variety: Rainbow,actual
2023-10-14,10/12/2023,2023,BFM,Tomato Cherry - pint,$5.00,30,0,30,$150.00,Variety: Sungold,actual
2023-10-14,10/12/2023,2023,BFM,Tomato Heirloom - lb,$5.00,0,0,0,$0.00,,actual
2023-10-14,10/12/2023,2023,BFM,Turnip - bunch,$4.00,16,4,12,$48.00,Variety: White,actual
2023-10-14,10/12/2023,2023,BFM,Turnip - bunch,$4.00,8,1,7,$28.00,Variety: Purple Top,actual
2023-10-14,10/12/2023,2023,BFM,Winter Squash Acorn Type - lb,$3.50,39,10.4,28.6,$100.10,,actual
2023-10-14,10/12/2023,2023,BFM,Winter Squash Honeynut - lb,$3.50,39,0,39,$136.50,,actual
2023-10-14,10/12/2023,2023,KFM,Arugula - 1/3 lb,$4.00,25,9,16,$64.00,,actual
2023-10-14,10/12/2023,2023,KFM,Braising Mix - 1/2 lb,$4.00,20,0,20,$80.00,Variety: Red,actual
2023-10-14,10/12/2023,2023,KFM,Broccolini - bunch,$6.00,135,2,133,$798.00,,actual
2023-10-14,10/12/2023,2023,KFM,Cabbage - lb,$3.00,13.5,0,13.5,$40.50,Variety: Savoy,actual
2023-10-14,10/12/2023,2023,KFM,Cabbage - lb,$3.00,10.5,0,10.5,$31.50,Variety: Caraflex,actual
2023-10-14,10/12/2023,2023,KFM,Cabbage - lb,$3.00,22.5,0,22.5,$67.50,Variety: Red,actual
2023-10-14,10/12/2023,2023,KFM,Cabbage - lb,$2.00,27.6,5.5,22.1,$44.20,Variety: Green,actual
2023-10-14,10/12/2023,2023,KFM,Cabbage Chinese - lb,$3.00,7.1,0,7.1,$21.30,,actual
2023-10-14,10/12/2023,2023,KFM,Carrot Bulk - lb,$3.50,50,15,35,$122.50,,actual
2023-10-14,10/12/2023,2023,KFM,Cauliflower - lb,$4.00,7.4,0,7.4,$29.60,Variety: Green,actual
2023-10-14,10/12/2023,2023,KFM,Cauliflower - lb,$4.00,4,0,4,$16.00,Variety: White,actual
2023-10-14,10/12/2023,2023,KFM,Cauliflower Sprouting - lb,$4.00,40.6,0,40.6,$162.40,,actual
2023-10-14,10/12/2023,2023,KFM,Celery - bunch,$4.00,22,0,22,$88.00,,actual
2023-10-14,10/12/2023,2023,KFM,Chard - bunch,$4.00,18,0,18,$72.00,,actual
2023-10-14,10/12/2023,2023,KFM,Cilantro - bunch,$3.50,35,0,35,$122.50,,actual
2023-10-14,10/12/2023,2023,KFM,Collards - bunch,$4.00,18,6,12,$48.00,,actual
2023-10-14,10/12/2023,2023,KFM,Dandelion - bunch,$4.00,15,4,11,$44.00,,actual
2023-10-14,10/12/2023,2023,KFM,Escarole - head,$4.00,12,0,12,$48.00,,actual
2023-10-14,10/12/2023,2023,KFM,Fall Mix - 1/3 lb,$6.00,30,5,25,$150.00,,actual
2023-10-14,10/12/2023,2023,KFM,Fall Mix - 2/3 lb,$12.00,30,0,30,$360.00,,actual
2023-10-14,10/12/2023,2023,KFM,Garlic - lb,$16.00,15,0,15,$240.00,,actual
2023-10-14,10/12/2023,2023,KFM,Kale Curly - bunch,$4.00,20,0,20,$80.00,,actual
2023-10-14,10/12/2023,2023,KFM,Kale Lacinato - bunch,$4.00,55,3,52,$208.00,,actual
2023-10-14,10/12/2023,2023,KFM,Kohlrabi - bunch,$4.00,15,10,5,$20.00,,actual
2023-10-14,10/12/2023,2023,KFM,Pepper Carmen - lb,$5.00,45,13.5,31.5,$157.50,,actual
2023-10-14,10/12/2023,2023,KFM,Pepper Hot - each,$1.00,25,6,19,$19.00,Variety: Long,actual
2023-10-14,10/12/2023,2023,KFM,Pepper Hot - each,$1.00,25,7,18,$18.00,,actual
2023-10-14,10/12/2023,2023,KFM,Pepper Mini - pint,$4.00,8,0,8,$32.00,,actual
2023-10-14,10/12/2023,2023,KFM,Pepper Mini - quart,$7.00,10,4,6,$42.00,,actual
2023-10-14,10/12/2023,2023,KFM,Pepper Shishito - pint,$5.00,10,0,10,$50.00,,actual
2023-10-14,10/12/2023,2023,KFM,Pepper Shishito - quart,$9.00,8,0,8,$72.00,,actual
2023-10-14,10/12/2023,2023,KFM,Potato White - lb,$3.50,60,0,60,$210.00,,actual
2023-10-14,10/12/2023,2023,KFM,Puntarelle - lb,$9.00,31.1,10.6,20.5,$184.50,,actual
2023-10-14,10/12/2023,2023,KFM,Radicchio  - lb,$6.00,20.25,2.5,17.75,$106.50,,actual
2023-10-14,10/12/2023,2023,KFM,Radicchio Variegated - lb,$6.00,10.9,0,10.9,$65.40,,actual
2023-10-14,10/12/2023,2023,KFM,Radish Round - bunch,$3.50,40,10,30,$105.00,,actual
2023-10-14,10/12/2023,2023,KFM,Tomato Cherry - pint,$5.00,71,6,65,$325.00,Variety: Rainbow,actual
2023-10-14,10/12/2023,2023,KFM,Tomato Cherry - pint,$5.00,46,0,46,$230.00,Variety: Sungold,actual
2023-10-14,10/12/2023,2023,KFM,Tomato Heirloom - lb,$5.00,5,0,5,$25.00,,actual
2023-10-14,10/12/2023,2023,KFM,Turnip - bunch,$4.00,25,7,18,$72.00,Variety: White,actual
2023-10-14,10/12/2023,2023,KFM,Turnip - bunch,$4.00,10,0,10,$40.00,Variety: Purple Top,actual
2023-10-14,10/12/2023,2023,KFM,Winter Squash Acorn Type - lb,$3.50,46,0,46,$161.00,,actual
2023-10-14,10/12/2023,2023,KFM,Winter Squash Honeynut - lb,$3.50,53,0,53,$185.50,,actual
2023-10-21,10/19/2023,2023,BFM,Arugula - 1/3 lb,$6.00,22,0,22,$132.00,,actual
2023-10-21,10/19/2023,2023,BFM,Bok Choy - each,$4.00,18,1,17,$68.00,Variety: Red,actual
2023-10-21,10/19/2023,2023,BFM,Braising Mix - 1 lb,$7.00,24,0,24,$168.00,,actual
2023-10-21,10/19/2023,2023,BFM,Broccolini - bunch,$6.00,75,0,75,$450.00,,actual
2023-10-21,10/19/2023,2023,BFM,Cabbage - lb,$3.00,16.9,4.2,12.7,$38.10,Variety: Savoy,actual
2023-10-21,10/19/2023,2023,BFM,Cabbage - lb,$3.00,9.6,0,9.6,$28.80,Variety: Caraflex,actual
2023-10-21,10/19/2023,2023,BFM,Cabbage - lb,$3.00,20.5,0,20.5,$61.50,Variety: Red,actual
2023-10-21,10/19/2023,2023,BFM,Cabbage - lb,$2.00,24.2,9.6,14.6,$29.20,Variety: Green,actual
2023-10-21,10/19/2023,2023,BFM,Cabbage Chinese - lb,$3.00,6,1.5,4.5,$13.50,,actual
2023-10-21,10/19/2023,2023,BFM,Carrot Bulk - lb,$3.50,58,11,47,$164.50,,actual
2023-10-21,10/19/2023,2023,BFM,Cauliflower - lb,$4.00,9.5,0,9.5,$38.00,Variety: Green,actual
2023-10-21,10/19/2023,2023,BFM,Cauliflower - lb,$4.00,27.8,0,27.8,$111.20,Variety: White,actual
2023-10-21,10/19/2023,2023,BFM,Cauliflower - lb,$4.00,11.6,0,11.6,$46.40,Variety: Purple Top,actual
2023-10-21,10/19/2023,2023,BFM,Cauliflower Sprouting - lb,$4.00,11.8,0,11.8,$47.20,,actual
2023-10-21,10/19/2023,2023,BFM,Celery - bunch,$4.00,14,0,14,$56.00,,actual
2023-10-21,10/19/2023,2023,BFM,Chard - bunch,$4.00,25,-5,30,$120.00,,actual
2023-10-21,10/19/2023,2023,BFM,Cilantro - bunch,$3.50,25,0,25,$87.50,,actual
2023-10-21,10/19/2023,2023,BFM,Collards - bunch,$4.00,15,7,8,$32.00,,actual
2023-10-21,10/19/2023,2023,BFM,Dandelion - bunch,$4.00,15,9,6,$24.00,,actual
2023-10-21,10/19/2023,2023,BFM,Escarole - head,$4.00,0,0,0,$0.00,,actual
2023-10-21,10/19/2023,2023,BFM,Fennel - each,$4.00,25,1,24,$96.00,,actual
2023-10-21,10/19/2023,2023,BFM,Frisee - lb,$12.00,0,0,0,$0.00,,actual
2023-10-21,10/19/2023,2023,BFM,Garlic - lb,$16.00,10,0,10,$160.00,,actual
2023-10-21,10/19/2023,2023,BFM,Kale Curly - bunch,$4.00,30,7,23,$92.00,,actual
2023-10-21,10/19/2023,2023,BFM,Kale Lacinato - bunch,$4.00,55,3,52,$208.00,,actual
2023-10-21,10/19/2023,2023,BFM,Kohlrabi - bunch,$4.00,7,1,6,$24.00,,actual
2023-10-21,10/19/2023,2023,BFM,Kohlrabi Storage - each,$4.00,9,2,7,$28.00,,actual
2023-10-21,10/19/2023,2023,BFM,Parsley - bunch,$3.50,22,0,22,$77.00,,actual
2023-10-21,10/19/2023,2023,BFM,Pepper Carmen - lb,$5.00,15,0,15,$75.00,,actual
2023-10-21,10/19/2023,2023,BFM,Pepper Hot - each,$1.00,15,12,3,$3.00,Variety: Long,actual
2023-10-21,10/19/2023,2023,BFM,Pepper Hot - each,$1.00,15,9,6,$6.00,,actual
2023-10-21,10/19/2023,2023,BFM,Pepper Mini - pint,$4.00,15,1,14,$56.00,,actual
2023-10-21,10/19/2023,2023,BFM,Pepper Mini - quart,$7.00,18,4,14,$98.00,,actual
2023-10-21,10/19/2023,2023,BFM,Pepper Shishito - pint,$5.00,0,0,0,$0.00,,actual
2023-10-21,10/19/2023,2023,BFM,Pepper Shishito - quart,$9.00,0,0,0,$0.00,,actual
2023-10-21,10/19/2023,2023,BFM,Potato White - lb,$3.50,62,24,38,$133.00,,actual
2023-10-21,10/19/2023,2023,BFM,Puntarelle - lb,$9.00,11.4,0,11.4,$102.60,,actual
2023-10-21,10/19/2023,2023,BFM,Radicchio  - lb,$6.00,6.7,0,6.7,$40.20,,actual
2023-10-21,10/19/2023,2023,BFM,Radicchio Variegated - lb,$6.00,4.6,0,4.6,$27.60,,actual
2023-10-21,10/19/2023,2023,BFM,Radish Mix - bunch,$4.00,18,0,18,$72.00,,actual
2023-10-21,10/19/2023,2023,BFM,Tomato Cherry - pint,$5.00,23,0,23,$115.00,Variety: Rainbow,actual
2023-10-21,10/19/2023,2023,BFM,Tomato Cherry - pint,$5.00,23,0,23,$115.00,Variety: Sungold,actual
2023-10-21,10/19/2023,2023,BFM,Tomato Heirloom - lb,$5.00,0,0,0,$0.00,,actual
2023-10-21,10/19/2023,2023,BFM,Turnip - bunch,$4.00,10,3,7,$28.00,Variety: White,actual
2023-10-21,10/19/2023,2023,BFM,Turnip - bunch,$4.00,6,0,6,$24.00,Variety: Purple Top,actual
2023-10-21,10/19/2023,2023,BFM,Turnip - bunch,$4.00,6,0,6,$24.00,Variety: Red,actual
2023-10-21,10/19/2023,2023,BFM,Winter Squash Acorn Type - lb,$3.50,43,41,2,$7.00,,actual
2023-10-21,10/19/2023,2023,BFM,Winter Squash Honeynut - lb,$4.00,69.8,3,66.8,$267.20,,actual
2023-10-21,10/19/2023,2023,KFM,Arugula - 1/3 lb,$6.00,22,0,22,$132.00,,actual
2023-10-21,10/19/2023,2023,KFM,Bok Choy - each,$4.00,22,0,22,$88.00,Variety: Red,actual
2023-10-21,10/19/2023,2023,KFM,Braising Mix - 1 lb,$7.00,28,0,28,$196.00,,actual
2023-10-21,10/19/2023,2023,KFM,Broccolini - bunch,$6.00,67,0,67,$402.00,,actual
2023-10-21,10/19/2023,2023,KFM,Cabbage - lb,$3.00,17.7,1.1,16.6,$49.80,Variety: Savoy,actual
2023-10-21,10/19/2023,2023,KFM,Cabbage - lb,$3.00,16.5,3.3,13.2,$39.60,Variety: Caraflex,actual
2023-10-21,10/19/2023,2023,KFM,Cabbage - lb,$3.00,16.7,0,16.7,$50.10,Variety: Red,actual
2023-10-21,10/19/2023,2023,KFM,Cabbage - lb,$2.00,24.8,4.9,19.9,$39.80,Variety: Green,actual
2023-10-21,10/19/2023,2023,KFM,Cabbage Chinese - lb,$3.00,6,0,6,$18.00,,actual
2023-10-21,10/19/2023,2023,KFM,Carrot Bulk - lb,$3.50,58,0,58,$203.00,,actual
2023-10-21,10/19/2023,2023,KFM,Cauliflower - lb,$4.00,14,0,14,$56.00,Variety: Green,actual
2023-10-21,10/19/2023,2023,KFM,Cauliflower - lb,$4.00,14.3,0,14.3,$57.20,Variety: White,actual
2023-10-21,10/19/2023,2023,KFM,Cauliflower - lb,$4.00,22.9,0,22.9,$91.60,Variety: Purple Top,actual
2023-10-21,10/19/2023,2023,KFM,Cauliflower Sprouting - lb,$4.00,32.75,0,32.75,$131.00,,actual
2023-10-21,10/19/2023,2023,KFM,Celery - bunch,$4.00,22,1,21,$84.00,,actual
2023-10-21,10/19/2023,2023,KFM,Chard - bunch,$4.00,22,5,17,$68.00,,actual
2023-10-21,10/19/2023,2023,KFM,Cilantro - bunch,$3.50,40,0,40,$140.00,,actual
2023-10-21,10/19/2023,2023,KFM,Collards - bunch,$4.00,15,0,15,$60.00,,actual
2023-10-21,10/19/2023,2023,KFM,Dandelion - bunch,$4.00,12,1,11,$44.00,,actual
2023-10-21,10/19/2023,2023,KFM,Escarole - head,$4.00,0,0,0,$0.00,,actual
2023-10-21,10/19/2023,2023,KFM,Fennel - each,$4.00,35,0,35,$140.00,,actual
2023-10-21,10/19/2023,2023,KFM,Frisee - lb,$3.50,0,0,0,$0.00,,actual
2023-10-21,10/19/2023,2023,KFM,Garlic - lb,$16.00,15,0,15,$240.00,,actual
2023-10-21,10/19/2023,2023,KFM,Kale Curly - bunch,$4.00,22,3,19,$76.00,,actual
2023-10-21,10/19/2023,2023,KFM,Kale Lacinato - bunch,$4.00,53,0,53,$212.00,,actual
2023-10-21,10/19/2023,2023,KFM,Kohlrabi - bunch,$4.00,5,0,5,$20.00,,actual
2023-10-21,10/19/2023,2023,KFM,Kohlrabi Storage - each,$4.00,10,0,10,$40.00,,actual
2023-10-21,10/19/2023,2023,KFM,Parsley - bunch,$3.50,30,0,30,$105.00,,actual
2023-10-21,10/19/2023,2023,KFM,Pepper Carmen - lb,$5.00,27,2,25,$125.00,,actual
2023-10-21,10/19/2023,2023,KFM,Pepper Hot - each,$1.00,25,5,20,$20.00,Variety: Long,actual
2023-10-21,10/19/2023,2023,KFM,Pepper Hot - each,$1.00,25,5,20,$20.00,,actual
2023-10-21,10/19/2023,2023,KFM,Pepper Mini - pint,$4.00,12,1,11,$44.00,,actual
2023-10-21,10/19/2023,2023,KFM,Pepper Mini - quart,$7.00,10,0,10,$70.00,,actual
2023-10-21,10/19/2023,2023,KFM,Pepper Shishito - pint,$5.00,3,3,0,$0.00,,actual
2023-10-21,10/19/2023,2023,KFM,Pepper Shishito - quart,$9.00,6,0,6,$54.00,,actual
2023-10-21,10/19/2023,2023,KFM,Potato White - lb,$3.50,75,10,65,$227.50,,actual
2023-10-21,10/19/2023,2023,KFM,Puntarelle - lb,$9.00,22.2,0,22.2,$199.80,,actual
2023-10-21,10/19/2023,2023,KFM,Radicchio  - lb,$6.00,17.7,0,17.7,$106.20,,actual
2023-10-21,10/19/2023,2023,KFM,Radicchio Variegated - lb,$6.00,10.9,0,10.9,$65.40,,actual
2023-10-21,10/19/2023,2023,KFM,Radish Mix - bunch,$4.00,20,0,20,$80.00,,actual
2023-10-21,10/19/2023,2023,KFM,Tomato Cherry - pint,$5.00,30,0,30,$150.00,Variety: Rainbow,actual
2023-10-21,10/19/2023,2023,KFM,Tomato Cherry - pint,$5.00,30,0,30,$150.00,Variety: Sungold,actual
2023-10-21,10/19/2023,2023,KFM,Tomato Heirloom - lb,$5.00,0,0,0,$0.00,,actual
2023-10-21,10/19/2023,2023,KFM,Turnip - bunch,$4.00,15,0,15,$60.00,Variety: White,actual
2023-10-21,10/19/2023,2023,KFM,Turnip - bunch,$4.00,10,0,10,$40.00,Variety: Purple Top,actual
2023-10-21,10/19/2023,2023,KFM,Turnip - bunch,$4.00,10,0,10,$40.00,Variety: Red,actual
2023-10-21,10/19/2023,2023,KFM,Winter Squash Acorn Type - lb,$3.50,52.9,13.2,39.7,$138.95,,actual
2023-10-21,10/19/2023,2023,KFM,Winter Squash Honeynut - lb,$4.00,81.7,3.4,78.3,$313.20,,actual
2023-10-28,10/26/2023,2023,KFM,Arugula - 1/3 lb,$6.00,20,0,20,$120.00,,actual
2023-10-28,10/26/2023,2023,KFM,Arugula - 2/3 lb,$12.00,10,0,10,$120.00,,actual
2023-10-28,10/26/2023,2023,KFM,Bok Choy - each,$4.00,0,0,0,$0.00,Variety: Red,actual
2023-10-28,10/26/2023,2023,KFM,Braising Mix - 1 lb,$8.00,38,3,35,$280.00,,actual
2023-10-28,10/26/2023,2023,KFM,Broccolini - bunch,$6.00,57,0,57,$342.00,,actual
2023-10-28,10/26/2023,2023,KFM,Cabbage - lb,$3.00,43.7,17,26.7,$80.10,Variety: Savoy,actual
2023-10-28,10/26/2023,2023,KFM,Cabbage - lb,$3.00,12.4,0,12.4,$37.20,Variety: Caraflex,actual
2023-10-28,10/26/2023,2023,KFM,Cabbage - lb,$3.00,29.4,10.5,18.9,$56.70,Variety: Red,actual
2023-10-28,10/26/2023,2023,KFM,Cabbage - lb,$2.00,25.8,15.4,10.4,$20.80,Variety: Green,actual
2023-10-28,10/26/2023,2023,KFM,Carrot Bulk - lb,$3.50,55,0,55,$192.50,,actual
2023-10-28,10/26/2023,2023,KFM,Cauliflower - lb,$4.00,45.6,0,45.6,$182.40,Variety: Green,actual
2023-10-28,10/26/2023,2023,KFM,Cauliflower - lb,$4.00,43.7,0,43.7,$174.80,Variety: White,actual
2023-10-28,10/26/2023,2023,KFM,Cauliflower - lb,$4.00,29.2,0,29.2,$116.80,Variety: Purple Top,actual
2023-10-28,10/26/2023,2023,KFM,Cauliflower Sprouting - lb,$4.00,7.8,0,7.8,$31.20,,actual
2023-10-28,10/26/2023,2023,KFM,Celery - bunch,$4.00,22,0,22,$88.00,,actual
2023-10-28,10/26/2023,2023,KFM,Chard - bunch,$4.00,18,1,17,$68.00,,actual
2023-10-28,10/26/2023,2023,KFM,Cilantro - bunch,$3.50,49,0,49,$171.50,,actual
2023-10-28,10/26/2023,2023,KFM,Collards - bunch,$4.00,18,0,18,$72.00,,actual
2023-10-28,10/26/2023,2023,KFM,Dandelion - bunch,$4.00,14,0,14,$56.00,,actual
2023-10-28,10/26/2023,2023,KFM,Fall Mix - 1/3 lb,$6.00,30,0,30,$180.00,,actual
2023-10-28,10/26/2023,2023,KFM,Fall Mix - 2/3 lb,$12.00,30,0,30,$360.00,,actual
2023-10-28,10/26/2023,2023,KFM,Fennel - each,$4.00,45,10,35,$140.00,,actual
2023-10-28,10/26/2023,2023,KFM,Garlic - lb,$16.00,15,0,15,$240.00,,actual
2023-10-28,10/26/2023,2023,KFM,Kale Curly - bunch,$4.00,22,0,22,$88.00,,actual
2023-10-28,10/26/2023,2023,KFM,Kale Lacinato - bunch,$4.00,63,0,63,$252.00,,actual
2023-10-28,10/26/2023,2023,KFM,Kohlrabi - bunch,$4.00,6,1,5,$20.00,,actual
2023-10-28,10/26/2023,2023,KFM,Kohlrabi Storage - each,$4.00,14,9,5,$20.00,,actual
2023-10-28,10/26/2023,2023,KFM,Parsley - bunch,$3.50,40,0,40,$140.00,,actual
2023-10-28,10/26/2023,2023,KFM,Pepper Carmen - lb,$5.00,27.5,0,27.5,$137.50,,actual
2023-10-28,10/26/2023,2023,KFM,Pepper Hot - each,$1.00,25,8,17,$17.00,Variety: Long,actual
2023-10-28,10/26/2023,2023,KFM,Pepper Hot - each,$1.00,25,0,25,$25.00,,actual
2023-10-28,10/26/2023,2023,KFM,Pepper Mini - pint,$4.00,14,1,13,$52.00,,actual
2023-10-28,10/26/2023,2023,KFM,Pepper Mini - quart,$7.00,14,0,14,$98.00,,actual
2023-10-28,10/26/2023,2023,KFM,Potato White - lb,$3.50,80,30,50,$175.00,,actual
2023-10-28,10/26/2023,2023,KFM,Puntarelle - lb,$9.00,33.6,7.5,26.1,$234.90,,actual
2023-10-28,10/26/2023,2023,KFM,Radicchio  - lb,$6.00,34.2,12.9,21.3,$127.80,,actual
2023-10-28,10/26/2023,2023,KFM,Radicchio Variegated - lb,$6.00,11.5,2.7,8.8,$52.80,,actual
2023-10-28,10/26/2023,2023,KFM,Radish Mix - bunch,$4.00,25,0,25,$100.00,,actual
2023-10-28,10/26/2023,2023,KFM,Sweet Potatoes - lb,$3.50,45,0.5,44.5,$155.75,,actual
2023-10-28,10/26/2023,2023,KFM,Tomato Cherry - pint,$5.00,54,0,54,$270.00,Variety: Rainbow,actual
2023-10-28,10/26/2023,2023,KFM,Tomato Cherry - pint,$5.00,30,0,30,$150.00,Variety: Sungold,actual
2023-10-28,10/26/2023,2023,KFM,Tomato Heirloom - lb,$5.00,0,0,0,$0.00,,actual
2023-10-28,10/26/2023,2023,KFM,Turnip - bunch,$4.00,16,0,16,$64.00,Variety: White,actual
2023-10-28,10/26/2023,2023,KFM,Turnip - bunch,$4.00,14,2,12,$48.00,Variety: Purple Top,actual
2023-10-28,10/26/2023,2023,KFM,Turnip - bunch,$4.00,12,6,6,$24.00,Variety: Red,actual
2023-10-28,10/26/2023,2023,KFM,Winter Squash Acorn Type - lb,$3.50,30,4,26,$91.00,,actual
2023-10-28,10/26/2023,2023,KFM,Winter Squash Honeynut - lb,$4.00,83.5,0,83.5,$334.00,,actual
2023-10-28,10/26/2023,2023,KFM,Winter Squash Butternut - lb,$2.50,42,11.2,30.8,$77.00,,actual
2023-10-28,10/26/2023,2023,BFM,Arugula - 1/3 lb,$6.00,23,3,20,$120.00,,actual
2023-10-28,10/26/2023,2023,BFM,Arugula - 2/3 lb,$12.00,6,2,4,$48.00,,actual
2023-10-28,10/26/2023,2023,BFM,Bok Choy - each,$4.00,0,0,0,$0.00,Variety: Red,actual
2023-10-28,10/26/2023,2023,BFM,Braising Mix - 1 lb,$8.00,28,14,14,$112.00,,actual
2023-10-28,10/26/2023,2023,BFM,Broccolini - bunch,$6.00,40,0,40,$240.00,,actual
2023-10-28,10/26/2023,2023,BFM,Cabbage - lb,$3.00,34.1,17,17.1,$51.30,Variety: Savoy,actual
2023-10-28,10/26/2023,2023,BFM,Cabbage - lb,$3.00,7.5,0,7.5,$22.50,Variety: Caraflex,actual
2023-10-28,10/26/2023,2023,BFM,Cabbage - lb,$3.00,21.4,0,21.4,$64.20,Variety: Red,actual
2023-10-28,10/26/2023,2023,BFM,Cabbage - lb,$2.00,32.3,6.4,25.9,$51.80,Variety: Green,actual
2023-10-28,10/26/2023,2023,BFM,Carrot Bulk - lb,$3.50,45,0,45,$157.50,,actual
2023-10-28,10/26/2023,2023,BFM,Cauliflower - lb,$4.00,24.2,0,24.2,$96.80,Variety: Green,actual
2023-10-28,10/26/2023,2023,BFM,Cauliflower - lb,$4.00,37.3,0,37.3,$149.20,Variety: White,actual
2023-10-28,10/26/2023,2023,BFM,Cauliflower - lb,$4.00,0,0,0,$0.00,Variety: Purple Top,actual
2023-10-28,10/26/2023,2023,BFM,Cauliflower Sprouting - lb,$4.00,0,0,0,$0.00,,actual
2023-10-28,10/26/2023,2023,BFM,Celery - bunch,$4.00,14,0,14,$56.00,,actual
2023-10-28,10/26/2023,2023,BFM,Chard - bunch,$4.00,25,6,19,$76.00,,actual
2023-10-28,10/26/2023,2023,BFM,Cilantro - bunch,$3.50,30,5,25,$87.50,,actual
2023-10-28,10/26/2023,2023,BFM,Collards - bunch,$4.00,12,0,12,$48.00,,actual
2023-10-28,10/26/2023,2023,BFM,Dandelion - bunch,$4.00,8,5,3,$12.00,,actual
2023-10-28,10/26/2023,2023,BFM,Fall Mix - 1/3 lb,$6.00,30,7,23,$138.00,,actual
2023-10-28,10/26/2023,2023,BFM,Fall Mix - 2/3 lb,$12.00,30,9,21,$252.00,,actual
2023-10-28,10/26/2023,2023,BFM,Fennel - each,$4.00,21,4,17,$68.00,,actual
2023-10-28,10/26/2023,2023,BFM,Garlic - lb,$16.00,10,,10,$160.00,,actual
2023-10-28,10/26/2023,2023,BFM,Kale Curly - bunch,$4.00,24,5,19,$76.00,,actual
2023-10-28,10/26/2023,2023,BFM,Kale Lacinato - bunch,$4.00,55,4,51,$204.00,,actual
2023-10-28,10/26/2023,2023,BFM,Kohlrabi - bunch,$4.00,7,2,5,$20.00,,actual
2023-10-28,10/26/2023,2023,BFM,Kohlrabi Storage - each,$4.00,9,4,5,$20.00,,actual
2023-10-28,10/26/2023,2023,BFM,Parsley - bunch,$3.50,25,10,15,$52.50,,actual
2023-10-28,10/26/2023,2023,BFM,Pepper Carmen - lb,$5.00,19,4,15,$75.00,,actual
2023-10-28,10/26/2023,2023,BFM,Pepper Hot - each,$1.00,15,7,8,$8.00,Variety: Long,actual
2023-10-28,10/26/2023,2023,BFM,Pepper Hot - each,$1.00,15,5,10,$10.00,,actual
2023-10-28,10/26/2023,2023,BFM,Pepper Mini - pint,$4.00,10,0,10,$40.00,,actual
2023-10-28,10/26/2023,2023,BFM,Pepper Mini - quart,$7.00,12,1,11,$77.00,,actual
2023-10-28,10/26/2023,2023,BFM,Potato White - lb,$3.50,50,0,50,$175.00,,actual
2023-10-28,10/26/2023,2023,BFM,Puntarelle - lb,$9.00,12.3,0,12.3,$110.70,,actual
2023-10-28,10/26/2023,2023,BFM,Radicchio  - lb,$6.00,5.8,1.4,4.4,$26.40,,actual
2023-10-28,10/26/2023,2023,BFM,Radicchio Variegated - lb,$6.00,2.4,1.4,1,$6.00,,actual
2023-10-28,10/26/2023,2023,BFM,Radish Mix - bunch,$4.00,20,0,20,$80.00,,actual
2023-10-28,10/26/2023,2023,BFM,Sweet Potatoes - lb,$3.50,30,0,30,$105.00,,actual
2023-10-28,10/26/2023,2023,BFM,Tomato Cherry - pint,$5.00,28,0,28,$140.00,Variety: Rainbow,actual
2023-10-28,10/26/2023,2023,BFM,Tomato Cherry - pint,$5.00,28,0,28,$140.00,Variety: Sungold,actual
2023-10-28,10/26/2023,2023,BFM,Tomato Heirloom - lb,$5.00,0,0,0,$0.00,,actual
2023-10-28,10/26/2023,2023,BFM,Turnip - bunch,$4.00,8,0,8,$32.00,Variety: White,actual
2023-10-28,10/26/2023,2023,BFM,Turnip - bunch,$4.00,10,4,6,$24.00,Variety: Purple Top,actual
2023-10-28,10/26/2023,2023,BFM,Turnip - bunch,$4.00,8,7,1,$4.00,Variety: Red,actual
2023-10-28,10/26/2023,2023,BFM,Winter Squash Acorn Type - lb,$3.50,0,0,0,$0.00,,actual
2023-10-28,10/26/2023,2023,BFM,Winter Squash Honeynut - lb,$4.00,62.25,3.3,58.95,$235.80,,actual
2023-10-28,10/26/2023,2023,BFM,Winter Squash Butternut - lb,$2.50,40.25,11.5,28.75,$71.88,,actual
2023-10-28,10/26/2023,2023,KFM,Fall Mix - 1.5 lb,$25.00,4,0,4,$100.00,,actual
2023-11-04,11/2/2023,2023,KFM,Arugula - 1/3 lb,$6.00,22,0,22,$132.00,,actual
2023-11-04,11/2/2023,2023,KFM,Arugula - 2/3 lb,$12.00,10,0,10,$120.00,,actual
2023-11-04,11/2/2023,2023,KFM,Bok Choy - each,$4.00,0,0,0,$0.00,Variety: Red,actual
2023-11-04,11/2/2023,2023,KFM,Braising Mix - 1 lb,$8.00,36,2,34,$272.00,,actual
2023-11-04,11/2/2023,2023,KFM,Broccolini - bunch,$6.00,56,0,56,$336.00,,actual
2023-11-04,11/2/2023,2023,KFM,Cabbage - lb,$3.00,32.25,0,32.25,$96.75,Variety: Savoy,actual
2023-11-04,11/2/2023,2023,KFM,Cabbage - lb,$3.00,0,0,0,$0.00,Variety: Caraflex,actual
2023-11-04,11/2/2023,2023,KFM,Cabbage - lb,$3.00,51,7.8,43.2,$129.60,Variety: Red,actual
2023-11-04,11/2/2023,2023,KFM,Cabbage - lb,$2.00,27.5,0,27.5,$55.00,Variety: Green,actual
2023-11-04,11/2/2023,2023,KFM,Carrot Bulk - lb,$3.50,65,0,65,$227.50,,actual
2023-11-04,11/2/2023,2023,KFM,Cauliflower - lb,$4.00,30.9,0,30.9,$123.60,Variety: Green,actual
2023-11-04,11/2/2023,2023,KFM,Cauliflower - lb,$4.00,137.7,0,137.7,$550.80,Variety: White,actual
2023-11-04,11/2/2023,2023,KFM,Cauliflower - lb,$4.00,34,0,34,$136.00,Variety: Purple Top,actual
2023-11-04,11/2/2023,2023,KFM,Cauliflower Sprouting - lb,$4.00,0,0,0,$0.00,,actual
2023-11-04,11/2/2023,2023,KFM,Celery - bunch,$4.00,32,0,32,$128.00,,actual
2023-11-04,11/2/2023,2023,KFM,Chard - bunch,$4.00,0,0,0,$0.00,,actual
2023-11-04,11/2/2023,2023,KFM,Cilantro - bunch,$3.50,55,0,55,$192.50,,actual
2023-11-04,11/2/2023,2023,KFM,Collards - bunch,$4.00,20,0,20,$80.00,,actual
2023-11-04,11/2/2023,2023,KFM,Dandelion - bunch,$4.00,15,0,15,$60.00,,actual
2023-11-04,11/2/2023,2023,KFM,Fall Mix - 1/3 lb,$6.00,35,0,35,$210.00,,actual
2023-11-04,11/2/2023,2023,KFM,Fall Mix - 2/3 lb,$12.00,36,0,36,$432.00,,actual
2023-11-04,11/2/2023,2023,KFM,Fennel - each,$4.00,35,0,35,$140.00,,actual
2023-11-04,11/2/2023,2023,KFM,Garlic - lb,$16.00,15,0,15,$240.00,,actual
2023-11-04,11/2/2023,2023,KFM,Kale Curly - bunch,$4.00,22,0,22,$88.00,,actual
2023-11-04,11/2/2023,2023,KFM,Kale Lacinato - bunch,$4.00,63,0,63,$252.00,,actual
2023-11-04,11/2/2023,2023,KFM,Kohlrabi - bunch,$4.00,12,0,12,$48.00,,actual
2023-11-04,11/2/2023,2023,KFM,Kohlrabi Storage - each,$4.00,0,0,0,$0.00,,actual
2023-11-04,11/2/2023,2023,KFM,Parsley - bunch,$3.50,40,0,40,$140.00,,actual
2023-11-04,11/2/2023,2023,KFM,Pepper Carmen - lb,$5.00,25,2,23,$115.00,,actual
2023-11-04,11/2/2023,2023,KFM,Pepper Hot - each,$1.00,44,10,34,$34.00,Variety: Long,actual
2023-11-04,11/2/2023,2023,KFM,Pepper Hot - each,$1.00,25,10,15,$15.00,,actual
2023-11-04,11/2/2023,2023,KFM,Pepper Mini - pint,$4.00,14,1,13,$52.00,,actual
2023-11-04,11/2/2023,2023,KFM,Pepper Mini - quart,$7.00,14,4,10,$70.00,,actual
2023-11-04,11/2/2023,2023,KFM,Potato White - lb,$3.50,60,1,59,$206.50,,actual
2023-11-04,11/2/2023,2023,KFM,Puntarelle - lb,$9.00,30,3.4,26.6,$239.40,,actual
2023-11-04,11/2/2023,2023,KFM,Radicchio  - lb,$6.00,18.8,5.6,13.2,$79.20,,actual
2023-11-04,11/2/2023,2023,KFM,Radicchio Variegated - lb,$6.00,21,0,21,$126.00,,actual
2023-11-04,11/2/2023,2023,KFM,Radish Mix - bunch,$4.00,30,6,24,$96.00,,actual
2023-11-04,11/2/2023,2023,KFM,Sweet Potatoes - lb,$3.50,65,6,59,$206.50,,actual
2023-11-04,11/2/2023,2023,KFM,Tomato Cherry - pint,$5.00,0,0,0,$0.00,Variety: Rainbow,actual
2023-11-04,11/2/2023,2023,KFM,Tomato Cherry - pint,$5.00,0,0,0,$0.00,Variety: Sungold,actual
2023-11-04,11/2/2023,2023,KFM,Tomato Heirloom - lb,$5.00,0,0,0,$0.00,,actual
2023-11-04,11/2/2023,2023,KFM,Turnip - bunch,$4.00,14,1,13,$52.00,Variety: White,actual
2023-11-04,11/2/2023,2023,KFM,Turnip - bunch,$4.00,12,3,9,$36.00,Variety: Purple Top,actual
2023-11-04,11/2/2023,2023,KFM,Turnip - bunch,$4.00,12,9,3,$12.00,Variety: Red,actual
2023-11-04,11/2/2023,2023,KFM,Winter Squash Acorn Type - lb,$3.50,0,0,0,$0.00,,actual
2023-11-04,11/2/2023,2023,KFM,Winter Squash Honeynut - lb,$4.00,104,5.9,98.1,$392.40,,actual
2023-11-04,11/2/2023,2023,KFM,Winter Squash Butternut - lb,$2.50,40.9,2.7,38.2,$95.50,,actual
2023-11-04,11/2/2023,2023,BFM,Arugula - 1/3 lb,$6.00,18,0,18,$108.00,,actual
2023-11-04,11/2/2023,2023,BFM,Arugula - 2/3 lb,$12.00,0,0,0,$0.00,,actual
2023-11-04,11/2/2023,2023,BFM,Bok Choy - each,$4.00,0,0,0,$0.00,Variety: Red,actual
2023-11-04,11/2/2023,2023,BFM,Braising Mix - 1 lb,$8.00,20,6,14,$112.00,,actual
2023-11-04,11/2/2023,2023,BFM,Broccolini - bunch,$6.00,30,0,30,$180.00,,actual
2023-11-04,11/2/2023,2023,BFM,Cabbage - lb,$3.00,32.2,3.2,29,$87.00,Variety: Savoy,actual
2023-11-04,11/2/2023,2023,BFM,Cabbage - lb,$3.00,0,0,0,$0.00,Variety: Caraflex,actual
2023-11-04,11/2/2023,2023,BFM,Cabbage - lb,$3.00,51,0,51,$153.00,Variety: Red,actual
2023-11-04,11/2/2023,2023,BFM,Cabbage - lb,$2.00,29.3,5.8,23.5,$47.00,Variety: Green,actual
2023-11-04,11/2/2023,2023,BFM,Carrot Bulk - lb,$3.50,55,0,55,$192.50,,actual
2023-11-04,11/2/2023,2023,BFM,Cauliflower - lb,$4.00,22.7,0,22.7,$90.80,Variety: Green,actual
2023-11-04,11/2/2023,2023,BFM,Cauliflower - lb,$4.00,70.7,0,70.7,$282.80,Variety: White,actual
2023-11-04,11/2/2023,2023,BFM,Cauliflower - lb,$4.00,46,0,46,$184.00,Variety: Purple Top,actual
2023-11-04,11/2/2023,2023,BFM,Cauliflower Sprouting - lb,$4.00,0,0,0,$0.00,,actual
2023-11-04,11/2/2023,2023,BFM,Celery - bunch,$4.00,14,0,14,$56.00,,actual
2023-11-04,11/2/2023,2023,BFM,Chard - bunch,$4.00,0,0,0,$0.00,,actual
2023-11-04,11/2/2023,2023,BFM,Cilantro - bunch,$3.50,25,0,25,$87.50,,actual
2023-11-04,11/2/2023,2023,BFM,Collards - bunch,$4.00,12,0,12,$48.00,,actual
2023-11-04,11/2/2023,2023,BFM,Dandelion - bunch,$4.00,0,0,0,$0.00,,actual
2023-11-04,11/2/2023,2023,BFM,Fall Mix - 1/3 lb,$6.00,34,0,34,$204.00,,actual
2023-11-04,11/2/2023,2023,BFM,Fall Mix - 2/3 lb,$12.00,22,0,22,$264.00,,actual
2023-11-04,11/2/2023,2023,BFM,Fennel - each,$4.00,20,6,14,$56.00,,actual
2023-11-04,11/2/2023,2023,BFM,Garlic - lb,$16.00,10,0,10,$160.00,,actual
2023-11-04,11/2/2023,2023,BFM,Kale Curly - bunch,$4.00,23,0,23,$92.00,,actual
2023-11-04,11/2/2023,2023,BFM,Kale Lacinato - bunch,$4.00,52,0,52,$208.00,,actual
2023-11-04,11/2/2023,2023,BFM,Kohlrabi - bunch,$4.00,10,1,9,$36.00,,actual
2023-11-04,11/2/2023,2023,BFM,Kohlrabi Storage - each,$4.00,0,0,0,$0.00,,actual
2023-11-04,11/2/2023,2023,BFM,Parsley - bunch,$3.50,0,0,0,$0.00,,actual
2023-11-04,11/2/2023,2023,BFM,Pepper Carmen - lb,$5.00,15,0,15,$75.00,,actual
2023-11-04,11/2/2023,2023,BFM,Pepper Hot - each,$1.00,20,0,20,$20.00,Variety: Long,actual
2023-11-04,11/2/2023,2023,BFM,Pepper Hot - each,$1.00,15,0,15,$15.00,,actual
2023-11-04,11/2/2023,2023,BFM,Pepper Mini - pint,$4.00,15,0,15,$60.00,,actual
2023-11-04,11/2/2023,2023,BFM,Pepper Mini - quart,$7.00,12,0,12,$84.00,,actual
2023-11-04,11/2/2023,2023,BFM,Potato White - lb,$3.50,50,0,50,$175.00,,actual
2023-11-04,11/2/2023,2023,BFM,Puntarelle - lb,$9.00,10.25,0,10.25,$92.25,,actual
2023-11-04,11/2/2023,2023,BFM,Radicchio  - lb,$6.00,5.4,0,5.4,$32.40,,actual
2023-11-04,11/2/2023,2023,BFM,Radicchio Variegated - lb,$6.00,5,1.8,3.2,$19.20,,actual
2023-11-04,11/2/2023,2023,BFM,Radish Mix - bunch,$4.00,20,0,20,$80.00,,actual
2023-11-04,11/2/2023,2023,BFM,Sweet Potatoes - lb,$3.50,50,21,29,$101.50,,actual
2023-11-04,11/2/2023,2023,BFM,Tomato Cherry - pint,$5.00,0,0,0,$0.00,Variety: Rainbow,actual
2023-11-04,11/2/2023,2023,BFM,Tomato Cherry - pint,$5.00,0,0,0,$0.00,Variety: Sungold,actual
2023-11-04,11/2/2023,2023,BFM,Tomato Heirloom - lb,$5.00,0,0,0,$0.00,,actual
2023-11-04,11/2/2023,2023,BFM,Turnip - bunch,$4.00,10,0,10,$40.00,Variety: White,actual
2023-11-04,11/2/2023,2023,BFM,Turnip - bunch,$4.00,5,0,5,$20.00,Variety: Purple Top,actual
2023-11-04,11/2/2023,2023,BFM,Turnip - bunch,$4.00,8,2,6,$24.00,Variety: Red,actual
2023-11-04,11/2/2023,2023,BFM,Winter Squash Acorn Type - lb,$3.50,0,0,0,$0.00,,actual
2023-11-04,11/2/2023,2023,BFM,Winter Squash Honeynut - lb,$4.00,51.7,0,51.7,$206.80,,actual
2023-11-04,11/2/2023,2023,BFM,Winter Squash Butternut - lb,$2.50,44.6,2.9,41.7,$104.25,,actual
2023-11-04,11/2/2023,2023,BFM,Kale Russian - bunch,$4.00,7,0,7,$28.00,,actual
2023-11-04,11/2/2023,2023,KFM,Kale Russian - bunch,$4.00,12,0,12,$48.00,,actual
2023-11-04,11/2/2023,2023,KFM,Spinach - 1/2 lb,$6.00,18,0,18,$108.00,,actual
2023-11-04,11/2/2023,2023,KFM,Brussels Sprouts - stalk,$7.00,12,0,12,$84.00,,actual
2023-11-04,11/2/2023,2023,BFM,Spinach - 1/2 lb,$6.00,14,0,14,$84.00,,actual
2023-11-04,11/2/2023,2023,BFM,Brussels Sprouts - stalk,$7.00,8,0,8,$56.00,,actual
2023-11-04,11/2/2023,2023,KFM,Radicchio Specialty - lb,$6.00,30.4,0,30.4,$182.40,,actual
2023-11-04,11/2/2023,2023,BFM,Radicchio Specialty - lb,$6.00,5.4,2,3.4,$20.40,,actual
2023-11-11,11/9/2023,2023,KFM,Arugula - 1/3 lb,$6.00,20,0,20,$120.00,,actual
2023-11-11,11/9/2023,2023,KFM,Beets Bulk Red - lb,$3.50,0,0,0,$0.00,,actual
2023-11-11,11/9/2023,2023,KFM,Braising Mix - 1 lb,$8.00,39,5,34,$272.00,,actual
2023-11-11,11/9/2023,2023,KFM,Broccolini - bunch,$6.00,40,0,40,$240.00,,actual
2023-11-11,11/9/2023,2023,KFM,Brussels Sprouts - stalk,$6.00,45,0,45,$270.00,,actual
2023-11-11,11/9/2023,2023,KFM,Cabbage - lb,$3.00,30,0,30,$90.00,Variety: Green,actual
2023-11-11,11/9/2023,2023,KFM,Cabbage - lb,$3.00,42.5,29,13.5,$40.50,Variety: Red,actual
2023-11-11,11/9/2023,2023,KFM,Cabbage - lb,$3.00,29,2.5,26.5,$79.50,Variety: Savoy,actual
2023-11-11,11/9/2023,2023,KFM,Carrot - bunch,$5.00,80,0,80,$400.00,,actual
2023-11-11,11/9/2023,2023,KFM,Cauliflower - lb,$4.00,39.7,0,39.7,$158.80,Variety: Green,actual
2023-11-11,11/9/2023,2023,KFM,Cauliflower - lb,$4.00,38.8,0,38.8,$155.20,Variety: Purple Top,actual
2023-11-11,11/9/2023,2023,KFM,Cauliflower - lb,$4.00,178.75,0,178.75,$715.00,Variety: White,actual
2023-11-11,11/9/2023,2023,KFM,Celery - bunch,$4.00,38,0,38,$152.00,,actual
2023-11-11,11/9/2023,2023,KFM,Chard - bunch,$4.00,0,0,0,$0.00,,actual
2023-11-11,11/9/2023,2023,KFM,Cilantro - bunch,$3.50,55,0,55,$192.50,,actual
2023-11-11,11/9/2023,2023,KFM,Collards - bunch,$4.00,25,0,25,$100.00,,actual
2023-11-11,11/9/2023,2023,KFM,Dandelion - bunch,$4.00,15,0,15,$60.00,,actual
2023-11-11,11/9/2023,2023,KFM,Fall Mix - 1/3 lb,$6.00,35,0,35,$210.00,,actual
2023-11-11,11/9/2023,2023,KFM,Fall Mix - 2/3 lb,$12.00,40,0,40,$480.00,,actual
2023-11-11,11/9/2023,2023,KFM,Fall Mix - 1.5 lb,$25.00,0,0,0,$0.00,,actual
2023-11-11,11/9/2023,2023,KFM,Fennel - each,$4.00,45,0,45,$180.00,,actual
2023-11-11,11/9/2023,2023,KFM,Garlic - lb,$16.00,15,0,15,$240.00,,actual
2023-11-11,11/9/2023,2023,KFM,Kale Curly - bunch,$4.00,22,0,22,$88.00,,actual
2023-11-11,11/9/2023,2023,KFM,Kale Lacinato - bunch,$4.00,70,0,70,$280.00,,actual
2023-11-11,11/9/2023,2023,KFM,Kale Russian - bunch,$4.00,15,0,15,$60.00,,actual
2023-11-11,11/9/2023,2023,KFM,Kohlrabi Storage - each,$3.00,10,3,7,$21.00,,actual
2023-11-11,11/9/2023,2023,KFM,Parsley - bunch,$3.50,36,0,36,$126.00,,actual
2023-11-11,11/9/2023,2023,KFM,Pepper Hot - each,$1.00,35,15,20,$20.00,Variety: Long,actual
2023-11-11,11/9/2023,2023,KFM,Pepper Hot - each,$1.00,50,25,25,$25.00,,actual
2023-11-11,11/9/2023,2023,KFM,Potato White - lb,$3.50,0,0,0,$0.00,,actual
2023-11-11,11/9/2023,2023,KFM,Potato Yellow - lb,$3.50,75,1,74,$259.00,,actual
2023-11-11,11/9/2023,2023,KFM,Potato Blue - lb,$3.50,0,0,0,$0.00,,actual
2023-11-11,11/9/2023,2023,KFM,Puntarelle - lb,$9.00,29,1.2,27.8,$250.20,,actual
2023-11-11,11/9/2023,2023,KFM,Radicchio  - lb,$6.00,18.6,5,13.6,$81.60,,actual
2023-11-11,11/9/2023,2023,KFM,Radicchio Specialty - lb,$6.00,34,1.5,32.5,$195.00,,actual
2023-11-11,11/9/2023,2023,KFM,Radicchio Variegated - lb,$6.00,31,9,22,$132.00,,actual
2023-11-11,11/9/2023,2023,KFM,Radish Mix - bunch,$4.00,30,3,27,$108.00,,actual
2023-11-11,11/9/2023,2023,KFM,Spinach - 1/2 lb,$6.00,20,0,20,$120.00,,actual
2023-11-11,11/9/2023,2023,KFM,Sweet Potatoes - lb,$3.50,34.5,1.5,33,$115.50,Variety: White,actual
2023-11-11,11/9/2023,2023,KFM,Sweet Potatoes - lb,$3.50,45.6,1.5,44.1,$154.35,,actual
2023-11-11,11/9/2023,2023,KFM,Turnip - bunch,$4.00,14,8,6,$24.00,Variety: Purple Top,actual
2023-11-11,11/9/2023,2023,KFM,Turnip Bulk - lb,$3.50,25,10,15,$52.50,Variety: White,actual
2023-11-11,11/9/2023,2023,KFM,Winter Squash Honeynut - lb,$4.00,99,0,99,$396.00,,actual
2023-11-11,11/9/2023,2023,KFM,Winter Squash Butternut - lb,$2.50,35.6,10,25.6,$64.00,,actual
2023-11-11,11/9/2023,2023,KFM,Winter Squash Specialty - lb,$2.50,23,0,23,$57.50,,actual
2023-11-11,11/9/2023,2023,BFM,Arugula - 1/3 lb,$6.00,20,0,20,$120.00,,actual
2023-11-11,11/9/2023,2023,BFM,Beets Bulk Red - lb,$3.50,0,0,0,$0.00,,actual
2023-11-11,11/9/2023,2023,BFM,Braising Mix - 1 lb,$8.00,18,2,16,$128.00,,actual
2023-11-11,11/9/2023,2023,BFM,Broccolini - bunch,$6.00,29,0,29,$174.00,,actual
2023-11-11,11/9/2023,2023,BFM,Brussels Sprouts - stalk,$6.00,25,0,25,$150.00,,actual
2023-11-11,11/9/2023,2023,BFM,Cabbage - lb,$3.00,26.5,12,14.5,$43.50,Variety: Green,actual
2023-11-11,11/9/2023,2023,BFM,Cabbage - lb,$3.00,46.5,25,21.5,$64.50,Variety: Red,actual
2023-11-11,11/9/2023,2023,BFM,Cabbage - lb,$3.00,23.8,13,10.8,$32.40,Variety: Savoy,actual
2023-11-11,11/9/2023,2023,BFM,Carrot - bunch,$5.00,50,0,50,$250.00,,actual
2023-11-11,11/9/2023,2023,BFM,Cauliflower - lb,$4.00,26.8,0,26.8,$107.20,Variety: Green,actual
2023-11-11,11/9/2023,2023,BFM,Cauliflower - lb,$4.00,22.8,0,22.8,$91.20,Variety: Purple Top,actual
2023-11-11,11/9/2023,2023,BFM,Cauliflower - lb,$4.00,125.5,0,125.5,$502.00,Variety: White,actual
2023-11-11,11/9/2023,2023,BFM,Celery - bunch,$4.00,20,0,20,$80.00,,actual
2023-11-11,11/9/2023,2023,BFM,Chard - bunch,$4.00,0,0,0,$0.00,,actual
2023-11-11,11/9/2023,2023,BFM,Cilantro - bunch,$3.50,25,0,25,$87.50,,actual
2023-11-11,11/9/2023,2023,BFM,Collards - bunch,$4.00,15,0,15,$60.00,,actual
2023-11-11,11/9/2023,2023,BFM,Dandelion - bunch,$4.00,12,2,10,$40.00,,actual
2023-11-11,11/9/2023,2023,BFM,Fall Mix - 1/3 lb,$6.00,35,1,34,$204.00,,actual
2023-11-11,11/9/2023,2023,BFM,Fall Mix - 2/3 lb,$12.00,25,0,25,$300.00,,actual
2023-11-11,11/9/2023,2023,BFM,Fall Mix - 1.5 lb,$25.00,0,0,0,$0.00,,actual
2023-11-11,11/9/2023,2023,BFM,Fennel - each,$4.00,20,0,20,$80.00,,actual
2023-11-11,11/9/2023,2023,BFM,Garlic - lb,$16.00,10,0,10,$160.00,,actual
2023-11-11,11/9/2023,2023,BFM,Kale Curly - bunch,$4.00,25,7,18,$72.00,,actual
2023-11-11,11/9/2023,2023,BFM,Kale Lacinato - bunch,$4.00,53,2,51,$204.00,,actual
2023-11-11,11/9/2023,2023,BFM,Kale Russian - bunch,$4.00,12,0,12,$48.00,,actual
2023-11-11,11/9/2023,2023,BFM,Kohlrabi Storage - each,$3.00,10,5,5,$15.00,,actual
2023-11-11,11/9/2023,2023,BFM,Parsley - bunch,$3.50,0,0,0,$0.00,,actual
2023-11-11,11/9/2023,2023,BFM,Pepper Hot - each,$1.00,35,15,20,$20.00,Variety: Long,actual
2023-11-11,11/9/2023,2023,BFM,Pepper Hot - each,$1.00,50,15,35,$35.00,,actual
2023-11-11,11/9/2023,2023,BFM,Potato White - lb,$3.50,0,0,0,$0.00,,actual
2023-11-11,11/9/2023,2023,BFM,Potato Yellow - lb,$3.50,60,10,50,$175.00,,actual
2023-11-11,11/9/2023,2023,BFM,Potato Blue - lb,$3.50,0,0,0,$0.00,,actual
2023-11-11,11/9/2023,2023,BFM,Puntarelle - lb,$9.00,10.2,0,10.2,$91.80,,actual
2023-11-11,11/9/2023,2023,BFM,Radicchio  - lb,$6.00,5.4,0,5.4,$32.40,,actual
2023-11-11,11/9/2023,2023,BFM,Radicchio Specialty - lb,$6.00,5.4,0,5.4,$32.40,,actual
2023-11-11,11/9/2023,2023,BFM,Radicchio Variegated - lb,$6.00,5.9,0,5.9,$35.40,,actual
2023-11-11,11/9/2023,2023,BFM,Radish Mix - bunch,$4.00,25,6,19,$76.00,,actual
2023-11-11,11/9/2023,2023,BFM,Spinach - 1/2 lb,$6.00,13,0,13,$78.00,,actual
2023-11-11,11/9/2023,2023,BFM,Sweet Potatoes - lb,$3.50,20,4,16,$56.00,Variety: White,actual
2023-11-11,11/9/2023,2023,BFM,Sweet Potatoes - lb,$3.50,37.5,4,33.5,$117.25,,actual
2023-11-11,11/9/2023,2023,BFM,Turnip - bunch,$4.00,11,8,3,$12.00,Variety: Purple Top,actual
2023-11-11,11/9/2023,2023,BFM,Turnip Bulk - lb,$3.50,22.5,17,5.5,$19.25,Variety: White,actual
2023-11-11,11/9/2023,2023,BFM,Winter Squash Honeynut - lb,$4.00,77.5,0,77.5,$310.00,,actual
2023-11-11,11/9/2023,2023,BFM,Winter Squash Butternut - lb,$2.50,36.8,7.5,29.3,$73.25,,actual
2023-11-11,11/9/2023,2023,BFM,Winter Squash Specialty - lb,$2.50,20,0,20,$50.00,,actual
2023-11-11,11/9/2023,2023,KFM,Arugula - 2/3 lb,$12.00,0,0,0,$0.00,,actual
2023-11-11,11/9/2023,2023,KFM,Kohlrabi - bunch,$4.00,12,8,4,$16.00,,actual
2023-11-11,11/9/2023,2023,BFM,Kohlrabi - bunch,$4.00,10,0,10,$40.00,,actual
2023-11-11,11/9/2023,2023,KFM,Pepper Mini - quart,$7.00,14,0,14,$98.00,,actual
2023-11-11,11/9/2023,2023,KFM,Pepper Mini - pint,$4.00,18,1,17,$68.00,,actual
2023-11-11,11/9/2023,2023,KFM,Cabbage - lb,$3.00,11.25,0,11.25,$33.75,,actual
2023-11-18,11/16/2023,2023,KFM,Arugula - 1/3 lb,$6.00,35,14,21,$126.00,,actual
2023-11-18,11/16/2023,2023,KFM,Beets Bulk Red - lb,$3.50,87,25,62,$217.00,,actual
2023-11-18,11/16/2023,2023,KFM,Braising Mix - 1 lb,$8.00,57,15,42,$336.00,,actual
2023-11-18,11/16/2023,2023,KFM,Broccolini - bunch,$9.00,18,0,18,$162.00,,actual
2023-11-18,11/16/2023,2023,KFM,Brussels Sprouts - stalk,$5.00,232,67,165,$825.00,,actual
2023-11-18,11/16/2023,2023,KFM,Cabbage - lb,$2.00,38.5,0,38.5,$77.00,Variety: Green,actual
2023-11-18,11/16/2023,2023,KFM,Cabbage - lb,$3.00,48,16.4,31.6,$94.80,Variety: Red,actual
2023-11-18,11/16/2023,2023,KFM,Cabbage - lb,$3.00,31,5.1,25.9,$77.70,Variety: Savoy,actual
2023-11-18,11/16/2023,2023,KFM,Carrot Bulk - lb,$3.50,311,30,281,$983.50,,actual
2023-11-18,11/16/2023,2023,KFM,Cauliflower - lb,$4.00,0,0,0,$0.00,Variety: Green,actual
2023-11-18,11/16/2023,2023,KFM,Cauliflower - lb,$4.00,0,0,0,$0.00,Variety: Purple Top,actual
2023-11-18,11/16/2023,2023,KFM,Cauliflower - lb,$4.00,83.4,0,83.4,$333.60,Variety: White,actual
2023-11-18,11/16/2023,2023,KFM,Celery - bunch,$4.00,75,0,75,$300.00,,actual
2023-11-18,11/16/2023,2023,KFM,Chard - bunch,$4.00,15,0,15,$60.00,,actual
2023-11-18,11/16/2023,2023,KFM,Cilantro - bunch,$3.50,0,0,0,$0.00,,actual
2023-11-18,11/16/2023,2023,KFM,Collards - bunch,$4.00,34,0,34,$136.00,,actual
2023-11-18,11/16/2023,2023,KFM,Dandelion - bunch,$4.00,15,3,12,$48.00,,actual
2023-11-18,11/16/2023,2023,KFM,Fall Mix - 1/3 lb,$6.00,20,0,20,$120.00,,actual
2023-11-18,11/16/2023,2023,KFM,Fall Mix - 2/3 lb,$12.00,40,2,38,$456.00,,actual
2023-11-18,11/16/2023,2023,KFM,Fall Mix - 1.5 lb,$25.00,20,5,15,$375.00,,actual
2023-11-18,11/16/2023,2023,KFM,Fennel - each,$4.00,100,7,93,$372.00,,actual
2023-11-18,11/16/2023,2023,KFM,Garlic - lb,$16.00,45,12.5,32.5,$520.00,,actual
2023-11-18,11/16/2023,2023,KFM,Kale Curly - bunch,$4.00,35,7,28,$112.00,,actual
2023-11-18,11/16/2023,2023,KFM,Kale Lacinato - bunch,$4.00,140,42,98,$392.00,,actual
2023-11-18,11/16/2023,2023,KFM,Kale Russian - bunch,$4.00,15,1,14,$56.00,,actual
2023-11-18,11/16/2023,2023,KFM,Kohlrabi Storage - each,$3.00,22,1,21,$63.00,,actual
2023-11-18,11/16/2023,2023,KFM,Parsley - bunch,$3.50,65,6,59,$206.50,,actual
2023-11-18,11/16/2023,2023,KFM,Pepper Hot - each,$1.00,57,30,27,$27.00,Variety: Long,actual
2023-11-18,11/16/2023,2023,KFM,Pepper Hot - each,$1.00,75,20,55,$55.00,,actual
2023-11-18,11/16/2023,2023,KFM,Potato White - lb,$3.50,140,30,110,$385.00,,actual
2023-11-18,11/16/2023,2023,KFM,Potato Yellow - lb,$3.50,140,1.4,138.6,$485.10,,actual
2023-11-18,11/16/2023,2023,KFM,Potato Blue - lb,$3.50,65,0,65,$227.50,,actual
2023-11-18,11/16/2023,2023,KFM,Puntarelle - lb,$9.00,22.6,1.9,20.7,$186.30,,actual
2023-11-18,11/16/2023,2023,KFM,Radicchio  - lb,$6.00,20.6,0,20.6,$123.60,,actual
2023-11-18,11/16/2023,2023,KFM,Radicchio Specialty - lb,$6.00,27,0,27,$162.00,,actual
2023-11-18,11/16/2023,2023,KFM,Radicchio Variegated - lb,$6.00,21.2,1.1,20.1,$120.60,,actual
2023-11-18,11/16/2023,2023,KFM,Radish Mix - bunch,$4.00,35,6,29,$116.00,,actual
2023-11-18,11/16/2023,2023,KFM,Spinach - 1/2 lb,$6.00,30,0,30,$180.00,,actual
2023-11-18,11/16/2023,2023,KFM,Sweet Potatoes - lb,$3.50,60,5,55,$192.50,Variety: White,actual
2023-11-18,11/16/2023,2023,KFM,Sweet Potatoes - lb,$3.50,200,90,110,$385.00,,actual
2023-11-18,11/16/2023,2023,KFM,Turnip Bulk - lb,$4.00,40,20,20,$80.00,Variety: Purple Top,actual
2023-11-18,11/16/2023,2023,KFM,Turnip Bulk - lb,$3.50,33.5,15,18.5,$64.75,Variety: White,actual
2023-11-18,11/16/2023,2023,KFM,Winter Squash Honeynut - lb,$4.00,151.1,18.1,133,$532.00,,actual
2023-11-18,11/16/2023,2023,KFM,Winter Squash Butternut - lb,$2.50,198.4,95,103.4,$258.50,,actual
2023-11-18,11/16/2023,2023,KFM,Winter Squash Specialty - lb,$2.50,179.2,123.2,56,$140.00,,actual
2023-11-18,11/16/2023,2023,BFM,Arugula - 1/3 lb,$6.00,25,-3,28,$168.00,,actual
2023-11-18,11/16/2023,2023,BFM,Beets Bulk Red - lb,$3.50,50,11,39,$136.50,,actual
2023-11-18,11/16/2023,2023,BFM,Braising Mix - 1 lb,$8.00,30,9,21,$168.00,,actual
2023-11-18,11/16/2023,2023,BFM,Broccolini - bunch,$6.00,0,0,0,$0.00,,actual
2023-11-18,11/16/2023,2023,BFM,Brussels Sprouts - stalk,$5.00,141,-34,175,$875.00,,actual
2023-11-18,11/16/2023,2023,BFM,Cabbage - lb,$2.00,28.5,14,14.5,$29.00,Variety: Green,actual
2023-11-18,11/16/2023,2023,BFM,Cabbage - lb,$3.00,55,31,24,$72.00,Variety: Red,actual
2023-11-18,11/16/2023,2023,BFM,Cabbage - lb,$3.00,24,4,20,$60.00,Variety: Savoy,actual
2023-11-18,11/16/2023,2023,BFM,Carrot Bulk - lb,$3.50,153,0,153,$535.50,,actual
2023-11-18,11/16/2023,2023,BFM,Cauliflower - lb,$4.00,0,0,0,$0.00,Variety: Green,actual
2023-11-18,11/16/2023,2023,BFM,Cauliflower - lb,$4.00,0,0,0,$0.00,Variety: Purple Top,actual
2023-11-18,11/16/2023,2023,BFM,Cauliflower - lb,$4.00,59.8,0,59.8,$239.20,Variety: White,actual
2023-11-18,11/16/2023,2023,BFM,Celery - bunch,$4.00,34,0,34,$136.00,,actual
2023-11-18,11/16/2023,2023,BFM,Chard - bunch,$4.00,12,0,12,$48.00,,actual
2023-11-18,11/16/2023,2023,BFM,Cilantro - bunch,$3.50,0,0,0,$0.00,,actual
2023-11-18,11/16/2023,2023,BFM,Collards - bunch,$4.00,20,0,20,$80.00,,actual
2023-11-18,11/16/2023,2023,BFM,Dandelion - bunch,$4.00,12,-3,15,$60.00,,actual
2023-11-18,11/16/2023,2023,BFM,Fall Mix - 1/3 lb,$6.00,30,0,30,$180.00,,actual
2023-11-18,11/16/2023,2023,BFM,Fall Mix - 2/3 lb,$12.00,35,-1,36,$432.00,,actual
2023-11-18,11/16/2023,2023,BFM,Fall Mix - 1.5 lb,$25.00,12,-5,17,$425.00,,actual
2023-11-18,11/16/2023,2023,BFM,Fennel - each,$4.00,44,-6,50,$200.00,,actual
2023-11-18,11/16/2023,2023,BFM,Garlic - lb,$16.00,25,3,22,$352.00,,actual
2023-11-18,11/16/2023,2023,BFM,Kale Curly - bunch,$4.00,25,-4,29,$116.00,,actual
2023-11-18,11/16/2023,2023,BFM,Kale Lacinato - bunch,$4.00,75,-14,89,$356.00,,actual
2023-11-18,11/16/2023,2023,BFM,Kale Russian - bunch,$4.00,19,5,14,$56.00,,actual
2023-11-18,11/16/2023,2023,BFM,Kohlrabi Storage - each,$3.00,20,1,19,$57.00,,actual
2023-11-18,11/16/2023,2023,BFM,Parsley - bunch,$3.50,34,-6,40,$140.00,,actual
2023-11-18,11/16/2023,2023,BFM,Pepper Hot - each,$1.00,32,,32,$32.00,Variety: Long,actual
2023-11-18,11/16/2023,2023,BFM,Pepper Hot - each,$1.00,45,,45,$45.00,,actual
2023-11-18,11/16/2023,2023,BFM,Potato White - lb,$3.50,100,30,70,$245.00,,actual
2023-11-18,11/16/2023,2023,BFM,Potato Yellow - lb,$3.50,100,45,55,$192.50,,actual
2023-11-18,11/16/2023,2023,BFM,Potato Blue - lb,$3.50,50,20,30,$105.00,,actual
2023-11-18,11/16/2023,2023,BFM,Puntarelle - lb,$9.00,10.4,0,10.4,$93.60,,actual
2023-11-18,11/16/2023,2023,BFM,Radicchio  - lb,$6.00,7.4,0,7.4,$44.40,,actual
2023-11-18,11/16/2023,2023,BFM,Radicchio Specialty - lb,$6.00,7,0,7,$42.00,,actual
2023-11-18,11/16/2023,2023,BFM,Radicchio Variegated - lb,$6.00,10,-1.1,11.1,$66.60,,actual
2023-11-18,11/16/2023,2023,BFM,Radish Mix - bunch,$4.00,28,2,26,$104.00,,actual
2023-11-18,11/16/2023,2023,BFM,Spinach - 1/2 lb,$6.00,30,0,30,$180.00,,actual
2023-11-18,11/16/2023,2023,BFM,Sweet Potatoes - lb,$3.50,50,19,31,$108.50,Variety: White,actual
2023-11-18,11/16/2023,2023,BFM,Sweet Potatoes - lb,$3.50,100,60,40,$140.00,,actual
2023-11-18,11/16/2023,2023,BFM,Turnip Bulk - lb,$3.50,20,5,15,$52.50,Variety: Purple Top,actual
2023-11-18,11/16/2023,2023,BFM,Turnip Bulk - lb,$3.50,20,9,11,$38.50,Variety: White,actual
2023-11-18,11/16/2023,2023,BFM,Winter Squash Honeynut - lb,$4.00,88.9,0,88.9,$355.60,,actual
2023-11-18,11/16/2023,2023,BFM,Winter Squash Butternut - lb,$2.50,120.7,75.4,45.3,$113.25,,actual
2023-11-18,11/16/2023,2023,BFM,Winter Squash Specialty - lb,$2.50,108.9,43.5,65.4,$163.50,,actual
2023-11-18,11/16/2023,2023,KFM,Celeriac - each,$4.00,12,0,12,$48.00,,actual
2023-11-18,11/16/2023,2023,KFM,Radicchio Specialty - lb,$9.00,5.6,0,5.6,$50.40,Variety: Blush,actual
2023-11-18,11/16/2023,2023,BFM,Radicchio Specialty - lb,$9.00,2.8,0,2.8,$25.20,Variety: Blush,actual
2023-11-18,11/16/2023,2023,BFM,Celeriac - each,$4.00,9,0,9,$36.00,,actual
2023-11-18,11/16/2023,2023,KFM,Arugula - 2/3 lb,$12.00,10,1,9,$108.00,,actual
2023-11-18,11/16/2023,2023,KFM,Turnip - bunch,$4.00,9,4,5,$20.00,,actual
2023-12-02,11/30/2023,2023,KFM,Arugula - 1/3 lb,$6.00,28,1,27,$162.00,,actual
2023-12-02,11/30/2023,2023,KFM,Arugula - 2/3 lb,$12.00,0,0,0,$0.00,,actual
2023-12-02,11/30/2023,2023,KFM,Beets Bulk Red - lb,$3.50,32,6,26,$91.00,,actual
2023-12-02,11/30/2023,2023,KFM,Braising Mix - 1 lb,$8.00,37,5,32,$256.00,,actual
2023-12-02,11/30/2023,2023,KFM,Broccolini - bunch,$9.00,8.7,0,8.7,$78.30,,actual
2023-12-02,11/30/2023,2023,KFM,Brussels Sprouts - stalk,$5.00,50,20,30,$150.00,,actual
2023-12-02,11/30/2023,2023,KFM,Cabbage - lb,$2.00,28.4,0,28.4,$56.80,Variety: Green,actual
2023-12-02,11/30/2023,2023,KFM,Cabbage - lb,$3.00,30.4,0,30.4,$91.20,Variety: Red,actual
2023-12-02,11/30/2023,2023,KFM,Cabbage - lb,$3.00,11.3,0,11.3,$33.90,Variety: Savoy,actual
2023-12-02,11/30/2023,2023,KFM,Carrot Bulk - lb,$3.50,125,50,75,$262.50,,actual
2023-12-02,11/30/2023,2023,KFM,Cauliflower - lb,$4.00,0,0,0,$0.00,,actual
2023-12-02,11/30/2023,2023,KFM,Chard - bunch,$4.50,15,0,15,$67.50,,actual
2023-12-02,11/30/2023,2023,KFM,Collards - bunch,$4.50,30,3,27,$121.50,,actual
2023-12-02,11/30/2023,2023,KFM,Dandelion - bunch,$4.50,12,0,12,$54.00,,actual
2023-12-02,11/30/2023,2023,KFM,Winter Mix - 1/3 lb,$6.00,30,1,29,$174.00,,actual
2023-12-02,11/30/2023,2023,KFM,Winter Mix - 2/3 lb,$12.00,30,0,30,$360.00,,actual
2023-12-02,11/30/2023,2023,KFM,Fennel - each,$4.00,45,0,45,$180.00,,actual
2023-12-02,11/30/2023,2023,KFM,Garlic - lb,$16.00,15,5.5,9.5,$152.00,,actual
2023-12-02,11/30/2023,2023,KFM,Kale Curly - bunch,$4.50,22,0,22,$99.00,,actual
2023-12-02,11/30/2023,2023,KFM,Kale Lacinato - bunch,$4.50,65,0,65,$292.50,,actual
2023-12-02,11/30/2023,2023,KFM,Kale Russian - bunch,$4.50,15,0,15,$67.50,,actual
2023-12-02,11/30/2023,2023,KFM,Kohlrabi Storage - each,$3.00,15,0,15,$45.00,,actual
2023-12-02,11/30/2023,2023,KFM,Potato Yellow - lb,$3.50,109,10,99,$346.50,,actual
2023-12-02,11/30/2023,2023,KFM,Radicchio  - lb,$6.00,14,3.3,10.7,$64.20,,actual
2023-12-02,11/30/2023,2023,KFM,Radicchio Specialty - lb,$6.00,15.9,2.7,13.2,$79.20,Variety: Treviso,actual
2023-12-02,11/30/2023,2023,KFM,Radicchio Specialty - lb,$9.00,5.7,0,5.7,$51.30,Variety: Blush,actual
2023-12-02,11/30/2023,2023,KFM,Radicchio Variegated - lb,$6.00,14.6,0.5,14.1,$84.60,,actual
2023-12-02,11/30/2023,2023,KFM,Radish Bulk - lb,$3.50,35,17,18,$63.00,,actual
2023-12-02,11/30/2023,2023,KFM,Spinach - 1/2 lb,$6.00,21,0,21,$126.00,,actual
2023-12-02,11/30/2023,2023,KFM,Sweet Potatoes - lb,$3.50,20,0,20,$70.00,Variety: White,actual
2023-12-02,11/30/2023,2023,KFM,Turnip Bulk - lb,$3.50,12,3.3,8.7,$30.45,Variety: White,actual
2023-12-02,11/30/2023,2023,KFM,Winter Squash Butternut - lb,$2.50,55,6.1,48.9,$122.25,,actual
2023-12-02,11/30/2023,2023,KFM,Winter Squash Specialty - lb,$2.50,75,7.1,67.9,$169.75,,actual
2023-12-02,11/30/2023,2023,BFM,Arugula - 1/3 lb,$6.00,20,1,19,$114.00,,actual
2023-12-02,11/30/2023,2023,BFM,Arugula - 2/3 lb,$12.00,0,0,0,$0.00,,actual
2023-12-02,11/30/2023,2023,BFM,Beets Bulk Red - lb,$3.50,0,0,0,$0.00,,actual
2023-12-02,11/30/2023,2023,BFM,Braising Mix - 1 lb,$8.00,20,3,17,$136.00,,actual
2023-12-02,11/30/2023,2023,BFM,Broccolini - bunch,$9.00,0,0,0,$0.00,,actual
2023-12-02,11/30/2023,2023,BFM,Brussels Sprouts - stalk,$3.50,35,-20,55,$192.50,,actual
2023-12-02,11/30/2023,2023,BFM,Cabbage - lb,$2.00,22.9,0,22.9,$45.80,Variety: Green,actual
2023-12-02,11/30/2023,2023,BFM,Cabbage - lb,$3.00,13.6,0,13.6,$40.80,Variety: Red,actual
2023-12-02,11/30/2023,2023,BFM,Cabbage - lb,$3.00,0,0,0,$0.00,Variety: Savoy,actual
2023-12-02,11/30/2023,2023,BFM,Carrot Bulk - lb,$3.50,100,60,40,$140.00,,actual
2023-12-02,11/30/2023,2023,BFM,Cauliflower - lb,$4.00,0,0,0,$0.00,,actual
2023-12-02,11/30/2023,2023,BFM,Chard - bunch,$4.50,14,0,14,$63.00,,actual
2023-12-02,11/30/2023,2023,BFM,Collards - bunch,$4.50,18,7,11,$49.50,,actual
2023-12-02,11/30/2023,2023,BFM,Dandelion - bunch,$4.50,10,0,10,$45.00,,actual
2023-12-02,11/30/2023,2023,BFM,Winter Mix - 1/3 lb,$6.00,25,0,25,$150.00,,actual
2023-12-02,11/30/2023,2023,BFM,Winter Mix - 2/3 lb,$12.00,22,0,22,$264.00,,actual
2023-12-02,11/30/2023,2023,BFM,Fennel - each,$4.00,19,0,19,$76.00,,actual
2023-12-02,11/30/2023,2023,BFM,Garlic - lb,$16.00,0,-4.5,4.5,$72.00,,actual
2023-12-02,11/30/2023,2023,BFM,Kale Curly - bunch,$4.50,18,0,18,$81.00,,actual
2023-12-02,11/30/2023,2023,BFM,Kale Lacinato - bunch,$4.50,44,0,44,$198.00,,actual
2023-12-02,11/30/2023,2023,BFM,Kale Russian - bunch,$4.50,15,0,15,$67.50,,actual
2023-12-02,11/30/2023,2023,BFM,Kohlrabi Storage - each,$3.00,15,5,10,$30.00,,actual
2023-12-02,11/30/2023,2023,BFM,Potato Yellow - lb,$3.50,71,10.8,60.2,$210.70,,actual
2023-12-02,11/30/2023,2023,BFM,Radicchio  - lb,$6.00,7.5,1.25,6.25,$37.50,,actual
2023-12-02,11/30/2023,2023,BFM,Radicchio Specialty - lb,$6.00,6.8,0,6.8,$40.80,Variety: Treviso,actual
2023-12-02,11/30/2023,2023,BFM,Radicchio Specialty - lb,$9.00,4.2,0,4.2,$37.80,Variety: Blush,actual
2023-12-02,11/30/2023,2023,BFM,Radicchio Variegated - lb,$6.00,8.8,0,8.8,$52.80,,actual
2023-12-02,11/30/2023,2023,BFM,Radish Bulk - lb,$3.50,25,0,25,$87.50,,actual
2023-12-02,11/30/2023,2023,BFM,Spinach - 1/2 lb,$6.00,21,0,21,$126.00,,actual
2023-12-02,11/30/2023,2023,BFM,Sweet Potatoes - lb,$3.50,0,0,0,$0.00,Variety: White,actual
2023-12-02,11/30/2023,2023,BFM,Turnip Bulk - lb,$3.50,16,10.4,5.6,$19.60,Variety: Purple Top,actual
2023-12-02,11/30/2023,2023,BFM,Winter Squash Butternut - lb,$2.50,45,9,36,$90.00,,actual
2023-12-02,11/30/2023,2023,BFM,Winter Squash Specialty - lb,$2.50,50,12,38,$95.00,,actual
2023-12-02,11/30/2023,2023,KFM,Bok Choy - each,$3.00,60,0,60,$180.00,,actual
2023-12-02,11/30/2023,2023,BFM,Bok Choy - each,$3.00,32,1,31,$93.00,,actual
2023-12-02,11/30/2023,2023,KFM,Mustard - bunch,$4.50,10,0,10,$45.00,,actual
2023-12-02,11/30/2023,2023,BFM,Mustard - bunch,$4.50,5,0,5,$22.50,,actual
2023-12-02,11/30/2023,2023,KFM,Sweet Potatoes - lb,$3.50,58,23,35,$122.50,,actual
2023-12-02,11/30/2023,2023,BFM,Sweet Potatoes - lb,$3.50,53.9,28,25.9,$90.65,,actual
2023-12-02,11/30/2023,2023,KFM,Turnip Bulk - lb,$3.50,10,3.3,6.7,$23.45,Variety: Purple Top,actual
2023-12-02,11/30/2023,2023,KFM,Turnip Bulk - lb,$3.50,11.8,3.3,8.5,$29.75,Variety: Red,actual
2023-12-09,12/7/2023,2023,BFM,Arugula - 1/3 lb,$6.00,14,0,14,$84.00,,actual
2023-12-09,12/7/2023,2023,BFM,Bok Choy - each,$3.00,35,0,35,$105.00,,actual
2023-12-09,12/7/2023,2023,BFM,Braising Mix - 1 lb,$8.00,24,6,18,$144.00,,actual
2023-12-09,12/7/2023,2023,BFM,Brussels Sprouts - stalk,$3.50,55,0,55,$192.50,,actual
2023-12-09,12/7/2023,2023,BFM,Cabbage - lb,$2.00,23.4,0,23.4,$46.80,Variety: Green,actual
2023-12-09,12/7/2023,2023,BFM,Cabbage - lb,$3.00,25.8,6.4,19.4,$58.20,Variety: Red,actual
2023-12-09,12/7/2023,2023,BFM,Cabbage - lb,$3.00,19.4,0,19.4,$58.20,,actual
2023-12-09,12/7/2023,2023,BFM,Carrot Bulk - lb,$3.50,54.4,7.1,47.3,$165.55,,actual
2023-12-09,12/7/2023,2023,BFM,Cauliflower - lb,$4.00,21.6,0,21.6,$86.40,,actual
2023-12-09,12/7/2023,2023,BFM,Chard - bunch,$4.50,18,0,18,$81.00,,actual
2023-12-09,12/7/2023,2023,BFM,Collards - bunch,$4.50,12,0,12,$54.00,,actual
2023-12-09,12/7/2023,2023,BFM,Dandelion - bunch,$4.50,0,0,0,$0.00,,actual
2023-12-09,12/7/2023,2023,BFM,Fennel - each,$4.00,22,0,22,$88.00,,actual
2023-12-09,12/7/2023,2023,BFM,Garlic - lb,$16.00,0,0,0,$0.00,,actual
2023-12-09,12/7/2023,2023,BFM,Kale Curly - bunch,$4.50,18,0,18,$81.00,,actual
2023-12-09,12/7/2023,2023,BFM,Kale Lacinato - bunch,$4.50,49,0,49,$220.50,,actual
2023-12-09,12/7/2023,2023,BFM,Kale Russian - bunch,$4.50,15,2,13,$58.50,,actual
2023-12-09,12/7/2023,2023,BFM,Kohlrabi Storage - each,$3.00,12,2,10,$30.00,,actual
2023-12-09,12/7/2023,2023,BFM,Mustard - bunch,$4.50,8,0,8,$36.00,,actual
2023-12-09,12/7/2023,2023,BFM,Potato Yellow - lb,$3.50,61.25,8,53.25,$186.38,,actual
2023-12-09,12/7/2023,2023,BFM,Radicchio  - lb,$6.00,3.1,0,3.1,$18.60,,actual
2023-12-09,12/7/2023,2023,BFM,Radicchio Specialty - lb,$6.00,6.4,0,6.4,$38.40,Variety: Treviso,actual
2023-12-09,12/7/2023,2023,BFM,Radicchio Specialty - lb,$9.00,5.8,0,5.8,$52.20,Variety: Blush,actual
2023-12-09,12/7/2023,2023,BFM,Radicchio Variegated - lb,$6.00,8.1,0,8.1,$48.60,,actual
2023-12-09,12/7/2023,2023,BFM,Radish Bulk - lb,$3.50,25,0,25,$87.50,,actual
2023-12-09,12/7/2023,2023,BFM,Spinach - 1/2 lb,$6.00,24,0,24,$144.00,,actual
2023-12-09,12/7/2023,2023,BFM,Sweet Potatoes - lb,$3.50,42.75,9,33.75,$118.13,,actual
2023-12-09,12/7/2023,2023,BFM,Turnip Bulk - lb,$3.50,10,3,7,$24.50,,actual
2023-12-09,12/7/2023,2023,BFM,Winter Mix - 1/3 lb,$6.00,30,3,27,$162.00,,actual
2023-12-09,12/7/2023,2023,BFM,Winter Mix - 2/3 lb,$12.00,34,0,34,$408.00,,actual
2023-12-09,12/7/2023,2023,BFM,Winter Squash Butternut - lb,$2.50,53.8,2.6,51.2,$128.00,,actual
2023-12-09,12/7/2023,2023,BFM,Winter Squash Specialty - lb,$2.50,48.75,1.9,46.85,$117.13,,actual
2023-12-09,12/7/2023,2023,BFM,Radish Round - bunch,$3.50,31,0,31,$108.50,,actual
2023-12-16,12/14/2023,2023,KFM,Arugula - 1/3 lb,$6.00,13,0,13,$78.00,,actual
2023-12-16,12/14/2023,2023,KFM,Bok Choy - each,$3.00,85,0,85,$255.00,,actual
2023-12-16,12/14/2023,2023,KFM,Braising Mix - 1 lb,$8.00,40,0,40,$320.00,,actual
2023-12-16,12/14/2023,2023,KFM,Brussels Sprouts - stalk,$3.50,25,0,25,$87.50,,actual
2023-12-16,12/14/2023,2023,KFM,Cabbage - lb,$3.00,35.6,7.1,28.5,$85.50,Variety: Red,actual
2023-12-16,12/14/2023,2023,KFM,Cabbage - lb,$2.00,26.4,0,26.4,$52.80,Variety: Green,actual
2023-12-16,12/14/2023,2023,KFM,Cabbage - lb,$3.00,34,3.7,30.3,$90.90,,actual
2023-12-16,12/14/2023,2023,KFM,Carrot Bulk - lb,$3.50,116,10,106,$371.00,,actual
2023-12-16,12/14/2023,2023,KFM,Cauliflower - lb,$4.00,30,0,30,$120.00,,actual
2023-12-16,12/14/2023,2023,KFM,Chard - bunch,$4.50,18,0,18,$81.00,,actual
2023-12-16,12/14/2023,2023,KFM,Collards - bunch,$4.50,30,0,30,$135.00,,actual
2023-12-16,12/14/2023,2023,KFM,Fennel - each,$4.00,0,0,0,$0.00,,actual
2023-12-16,12/14/2023,2023,KFM,Kale Curly - bunch,$4.50,26,3,23,$103.50,,actual
2023-12-16,12/14/2023,2023,KFM,Kale Lacinato - bunch,$4.50,90,0,90,$405.00,,actual
2023-12-16,12/14/2023,2023,KFM,Kale Russian - bunch,$4.50,19,0,19,$85.50,,actual
2023-12-16,12/14/2023,2023,KFM,Kohlrabi Storage - each,$3.00,20,1,19,$57.00,,actual
2023-12-16,12/14/2023,2023,KFM,Mustard - bunch,$4.50,12,0,12,$54.00,,actual
2023-12-16,12/14/2023,2023,KFM,Potato Yellow - lb,$3.50,87.5,5,82.5,$288.75,,actual
2023-12-16,12/14/2023,2023,KFM,Potato Blue - lb,$3.50,41,3,38,$133.00,,actual
2023-12-16,12/14/2023,2023,KFM,Radicchio  - lb,$6.00,0,0,0,$0.00,,actual
2023-12-16,12/14/2023,2023,KFM,Radicchio Specialty - lb,$6.00,15,0,15,$90.00,Variety: Treviso,actual
2023-12-16,12/14/2023,2023,KFM,Radicchio Specialty - lb,$9.00,6.2,0,6.2,$55.80,Variety: Blush,actual
2023-12-16,12/14/2023,2023,KFM,Radicchio Variegated - lb,$6.00,9.9,0,9.9,$59.40,,actual
2023-12-16,12/14/2023,2023,KFM,Radish Bulk - lb,$3.50,34.7,0,34.7,$121.45,,actual
2023-12-16,12/14/2023,2023,KFM,Spinach - 1/2 lb,$6.00,0,0,0,$0.00,,actual
2023-12-16,12/14/2023,2023,KFM,Sweet Potatoes - lb,$3.50,45,0,45,$157.50,,actual
2023-12-16,12/14/2023,2023,KFM,Sweet Potatoes - lb,$3.50,35,5,30,$105.00,Variety: White,actual
2023-12-16,12/14/2023,2023,KFM,Turnip Bulk - lb,$3.50,22,0,22,$77.00,Variety: White,actual
2023-12-16,12/14/2023,2023,KFM,Winter Mix - 1/3 lb,$6.00,30,0,30,$180.00,,actual
2023-12-16,12/14/2023,2023,KFM,Winter Mix - 2/3 lb,$12.00,35,0,35,$420.00,,actual
2023-12-16,12/14/2023,2023,KFM,Winter Squash Butternut - lb,$2.50,59.6,0,59.6,$149.00,,actual
2023-12-16,12/14/2023,2023,KFM,Winter Squash Specialty - lb,$2.50,40.5,0,40.5,$101.25,,actual
2023-12-16,12/14/2023,2023,KFM,Winter Squash Specialty - lb,$2.50,51.3,3.4,47.9,$119.75,Variety: Green,actual
2023-12-16,12/14/2023,2023,BFM,Arugula - 1/3 lb,$6.00,12,0,12,$72.00,,actual
2023-12-16,12/14/2023,2023,BFM,Bok Choy - each,$3.00,45,0,45,$135.00,,actual
2023-12-16,12/14/2023,2023,BFM,Braising Mix - 1 lb,$8.00,18,3,15,$120.00,,actual
2023-12-16,12/14/2023,2023,BFM,Brussels Sprouts - stalk,$3.50,20,0,20,$70.00,,actual
2023-12-16,12/14/2023,2023,BFM,Cabbage - lb,$3.00,30.2,8.3,21.9,$65.70,Variety: Red,actual
2023-12-16,12/14/2023,2023,BFM,Cabbage - lb,$2.00,27.8,13.9,13.9,$27.80,Variety: Green,actual
2023-12-16,12/14/2023,2023,BFM,Cabbage - lb,$3.00,25.7,3.2,22.5,$67.50,,actual
2023-12-16,12/14/2023,2023,BFM,Carrot Bulk - lb,$3.50,80,25,55,$192.50,,actual
2023-12-16,12/14/2023,2023,BFM,Cauliflower - lb,$4.00,20,0,20,$80.00,,actual
2023-12-16,12/14/2023,2023,BFM,Chard - bunch,$4.50,20,1,19,$85.50,,actual
2023-12-16,12/14/2023,2023,BFM,Collards - bunch,$4.50,14,0,14,$63.00,,actual
2023-12-16,12/14/2023,2023,BFM,Fennel - each,$4.00,0,0,0,$0.00,,actual
2023-12-16,12/14/2023,2023,BFM,Kale Curly - bunch,$4.50,20,0,20,$90.00,,actual
2023-12-16,12/14/2023,2023,BFM,Kale Lacinato - bunch,$4.50,49,0,49,$220.50,,actual
2023-12-16,12/14/2023,2023,BFM,Kale Russian - bunch,$4.50,14,5,9,$40.50,,actual
2023-12-16,12/14/2023,2023,BFM,Kohlrabi Storage - each,$3.00,14,4,10,$30.00,,actual
2023-12-16,12/14/2023,2023,BFM,Mustard - bunch,$4.50,8,0,8,$36.00,,actual
2023-12-16,12/14/2023,2023,BFM,Potato Yellow - lb,$3.50,50,2,48,$168.00,,actual
2023-12-16,12/14/2023,2023,BFM,Potato Blue - lb,$3.50,30,0,30,$105.00,,actual
2023-12-16,12/14/2023,2023,BFM,Radicchio  - lb,$6.00,0,0,0,$0.00,,actual
2023-12-16,12/14/2023,2023,BFM,Radicchio Specialty - lb,$6.00,6.3,0,6.3,$37.80,Variety: Treviso,actual
2023-12-16,12/14/2023,2023,BFM,Radicchio Specialty - lb,$9.00,1.7,0,1.7,$15.30,Variety: Blush,actual
2023-12-16,12/14/2023,2023,BFM,Radicchio Variegated - lb,$6.00,2.25,0.3,1.95,$11.70,,actual
2023-12-16,12/14/2023,2023,BFM,Radish Bulk - lb,$3.50,30,6.3,23.7,$82.95,,actual
2023-12-16,12/14/2023,2023,BFM,Spinach - 1/2 lb,$6.00,0,0,0,$0.00,,actual
2023-12-16,12/14/2023,2023,BFM,Sweet Potatoes - lb,$3.50,43,15,28,$98.00,,actual
2023-12-16,12/14/2023,2023,BFM,Sweet Potatoes - lb,$3.50,0,0,0,$0.00,Variety: White,actual
2023-12-16,12/14/2023,2023,BFM,Turnip Bulk - lb,$3.50,10,6.8,3.2,$11.20,Variety: White,actual
2023-12-16,12/14/2023,2023,BFM,Winter Mix - 1/3 lb,$6.00,25,0,25,$150.00,,actual
2023-12-16,12/14/2023,2023,BFM,Winter Mix - 2/3 lb,$12.00,25,0,25,$300.00,,actual
2023-12-16,12/14/2023,2023,BFM,Winter Squash Butternut - lb,$2.50,59.8,17.9,41.9,$104.75,,actual
2023-12-16,12/14/2023,2023,BFM,Winter Squash Specialty - lb,$2.50,29.6,0,29.6,$74.00,,actual
2023-12-16,12/14/2023,2023,BFM,Winter Squash Specialty - lb,$2.50,37.6,7.5,30.1,$75.25,Variety: Green,actual
2023-12-16,12/14/2023,2023,KFM,Escarole - head,$4.00,15,0,15,$60.00,,actual
2023-12-16,12/14/2023,2023,BFM,Escarole - head,$4.50,0,0,0,$0.00,,actual
2023-12-16,12/14/2023,2023,KFM,Broccoli - lb,$9.00,9.6,0,9.6,$86.40,,actual
2023-12-16,12/14/2023,2023,KFM,Lettuce Mini/Gem - head,$3.00,54,0,54,$162.00,,actual
2023-12-16,12/14/2023,2023,BFM,Lettuce Mini/Gem - head,$3.00,35,1,34,$102.00,,actual
2023-12-23,12/21/2023,2023,BFM,Escarole - head,$4.00,8,0,8,$32.00,,actual
2023-12-23,12/21/2023,2023,BFM,Bok Choy - each,$3.00,65,30,35,$105.00,,actual
2023-12-23,12/21/2023,2023,BFM,Braising Mix - 1 lb,$8.00,20,4,16,$128.00,,actual
2023-12-23,12/21/2023,2023,BFM,Cabbage - lb,$2.00,28.9,5.7,23.2,$46.40,Variety: Green,actual
2023-12-23,12/21/2023,2023,BFM,Cabbage - lb,$3.00,36.1,18,18.1,$54.30,Variety: Red,actual
2023-12-23,12/21/2023,2023,BFM,Cabbage - lb,$3.00,36,18,18,$54.00,,actual
2023-12-23,12/21/2023,2023,BFM,Carrot Bulk - lb,$3.50,65,20,45,$157.50,,actual
2023-12-23,12/21/2023,2023,BFM,Chard - bunch,$4.50,20,0,20,$90.00,,actual
2023-12-23,12/21/2023,2023,BFM,Collards - bunch,$4.50,18,4,14,$63.00,,actual
2023-12-23,12/21/2023,2023,BFM,Kale Curly - bunch,$4.50,22,7,15,$67.50,,actual
2023-12-23,12/21/2023,2023,BFM,Kale Lacinato - bunch,$4.50,50,12,38,$171.00,,actual
2023-12-23,12/21/2023,2023,BFM,Kale Russian - bunch,$4.50,12,0,12,$54.00,,actual
2023-12-23,12/21/2023,2023,BFM,Kohlrabi Storage - each,$3.00,10,0,10,$30.00,,actual
2023-12-23,12/21/2023,2023,BFM,Lettuce Mini/Gem - head,$3.00,0,0,0,$0.00,,actual
2023-12-23,12/21/2023,2023,BFM,Mustard - bunch,$4.50,8,5,3,$13.50,,actual
2023-12-23,12/21/2023,2023,BFM,Potato White - lb,$3.50,58.25,8,50.25,$175.88,,actual
2023-12-23,12/21/2023,2023,BFM,Potato Blue - lb,$3.50,37,17,20,$70.00,,actual
2023-12-23,12/21/2023,2023,BFM,Radicchio Specialty - lb,$7.00,7,0,7,$49.00,Variety: Treviso,actual
2023-12-23,12/21/2023,2023,BFM,Radicchio Variegated - lb,$7.00,3.8,0.4,3.4,$23.80,,actual
2023-12-23,12/21/2023,2023,BFM,Radish Bulk - lb,$3.50,30,9,21,$73.50,,actual
2023-12-23,12/21/2023,2023,BFM,Spinach - 1/2 lb,$6.00,23,0,23,$138.00,,actual
2023-12-23,12/21/2023,2023,BFM,Sweet Potatoes - lb,$3.50,25,6,19,$66.50,,actual
2023-12-23,12/21/2023,2023,BFM,Sweet Potatoes - lb,$3.50,28.75,6,22.75,$79.63,Variety: White,actual
2023-12-23,12/21/2023,2023,BFM,Turnip Bulk - lb,$3.50,10,4,6,$21.00,Variety: White,actual
2023-12-23,12/21/2023,2023,BFM,Winter Mix - 1/3 lb,$6.00,32,0,32,$192.00,,actual
2023-12-23,12/21/2023,2023,BFM,Winter Mix - 2/3 lb,$12.00,32,0,32,$384.00,,actual
2023-12-23,12/21/2023,2023,BFM,Winter Squash Butternut - lb,$2.50,49.3,4,45.3,$113.25,,actual
2023-12-23,12/21/2023,2023,BFM,Winter Squash Specialty - lb,$2.50,51.1,20.4,30.7,$76.75,,actual
2023-12-23,12/21/2023,2023,BFM,Winter Squash Specialty - lb,$2.50,54.4,43.5,10.9,$27.25,Variety: Green,actual
2023-12-23,12/21/2023,2023,BFM,Scallion - bunch,$3.50,15,0,15,$52.50,,actual
2023-12-30,12/28/2023,2023,KFM,Arugula - 1/3 lb,$6.00,20,0,20,$120.00,,actual
2023-12-30,12/28/2023,2023,KFM,Bok Choy - each,$3.00,40,16,24,$72.00,,actual
2023-12-30,12/28/2023,2023,KFM,Braising Mix - 1 lb,$8.00,45,5,40,$320.00,,actual
2023-12-30,12/28/2023,2023,KFM,Cabbage - lb,$2.00,36.5,3.6,32.9,$65.80,Variety: Green,actual
2023-12-30,12/28/2023,2023,KFM,Cabbage - lb,$3.00,29,2.9,26.1,$78.30,Variety: Red,actual
2023-12-30,12/28/2023,2023,KFM,Cabbage - lb,$3.00,41,8.2,32.8,$98.40,,actual
2023-12-30,12/28/2023,2023,KFM,Carrot Bulk - lb,$3.50,120,25,95,$332.50,,actual
2023-12-30,12/28/2023,2023,KFM,Chard - bunch,$4.50,20,0,20,$90.00,,actual
2023-12-30,12/28/2023,2023,KFM,Collards - bunch,$4.50,30,2,28,$126.00,,actual
2023-12-30,12/28/2023,2023,KFM,Escarole - head,$4.00,19,0,19,$76.00,,actual
2023-12-30,12/28/2023,2023,KFM,Kale Curly - bunch,$4.50,22,0,22,$99.00,,actual
2023-12-30,12/28/2023,2023,KFM,Kale Lacinato - bunch,$4.50,100,20,80,$360.00,,actual
2023-12-30,12/28/2023,2023,KFM,Kale Russian - bunch,$4.50,18,0,18,$81.00,,actual
2023-12-30,12/28/2023,2023,KFM,Kohlrabi Storage - each,$3.00,20,5,15,$45.00,,actual
2023-12-30,12/28/2023,2023,KFM,Mustard - bunch,$4.50,15,0,15,$67.50,,actual
2023-12-30,12/28/2023,2023,KFM,Potato White - lb,$3.50,87.25,2,85.25,$298.38,,actual
2023-12-30,12/28/2023,2023,KFM,Potato Blue - lb,$3.50,46.25,18,28.25,$98.88,,actual
2023-12-30,12/28/2023,2023,KFM,Radicchio Specialty - lb,$7.00,18.3,0,18.3,$128.10,Variety: Treviso,actual
2023-12-30,12/28/2023,2023,KFM,Radicchio Variegated - lb,$7.00,0,0,0,$0.00,,actual
2023-12-30,12/28/2023,2023,KFM,Radish Bulk - lb,$3.50,40,7,33,$115.50,,actual
2023-12-30,12/28/2023,2023,KFM,Scallion - bunch,$3.50,20,0,20,$70.00,,actual
2023-12-30,12/28/2023,2023,KFM,Spinach - 1/2 lb,$7.00,30,5,25,$175.00,,actual
2023-12-30,12/28/2023,2023,KFM,Sweet Potatoes - lb,$3.50,48.9,5,43.9,$153.65,,actual
2023-12-30,12/28/2023,2023,KFM,Sweet Potatoes - lb,$3.50,35,5,30,$105.00,Variety: White,actual
2023-12-30,12/28/2023,2023,KFM,Turnip Bulk - lb,$3.50,27,5,22,$77.00,,actual
2023-12-30,12/28/2023,2023,KFM,Winter Mix - 1/3 lb,$6.00,34,0,34,$204.00,,actual
2023-12-30,12/28/2023,2023,KFM,Winter Mix - 2/3 lb,$12.00,36,0,36,$432.00,,actual
2023-12-30,12/28/2023,2023,KFM,Winter Squash Butternut - lb,$2.50,50.25,0,50.25,$125.63,,actual
2023-12-30,12/28/2023,2023,KFM,Winter Squash Specialty - lb,$2.50,50.2,0,50.2,$125.50,,actual
2023-12-30,12/28/2023,2023,KFM,Winter Squash Specialty - lb,$2.50,55,3,52,$130.00,Variety: Green,actual
2023-12-30,12/28/2023,2023,KFM,Arugula - 2/3 lb,$12.00,6,0,6,$72.00,,actual
2023-12-30,12/28/2023,2023,KFM,Spinach - 1 lb,$13.00,9,0,9,$117.00,,actual
2023-12-30,12/28/2023,2023,KFM,Bok Choy Small - lb,$6.00,15,0,15,$90.00,,actual
2023-01-07,2023-01-05,2023,Staff,Carrot Bulk - lb,$3.00,,,1,$3.00,,actual
2023-06-03,2023-06-01,2023,Staff,Arugula - 1/3 lb,$6.00,,,3,$18.00,,actual
2023-06-03,2023-06-01,2023,Staff,Arugula - 2/3 lb,$11.00,,,2,$22.00,,actual
2023-06-03,2023-06-01,2023,Staff,Bok Choy - each,$2.00,,,8,$16.00,,actual
2023-06-03,2023-06-01,2023,Staff,Bok Choy - each,$2.00,,,2,$4.00,Variety: White,actual
2023-06-03,2023-06-01,2023,Staff,Carrot Bulk - lb,$3.00,,,2,$6.00,,actual
2023-06-03,2023-06-01,2023,Staff,Collards - bunch,$4.00,,,6,$24.00,,actual
2023-06-03,2023-06-01,2023,Staff,Kale Curly - bunch,$4.00,,,2,$8.00,,actual
2023-06-03,2023-06-01,2023,Staff,Kale Lacinato - bunch,$4.00,,,5,$20.00,,actual
2023-06-03,2023-06-01,2023,Staff,Mustard - bunch,$4.00,,,3,$12.00,,actual
2023-06-03,2023-06-01,2023,Staff,Radish Bulk - lb,$3.00,,,0,$0.00,,actual
2023-06-03,2023-06-01,2023,Staff,Radish French Breakfast - bunch,$3.50,,,3,$10.50,,actual
2023-06-03,2023-06-01,2023,Staff,Radish Round - bunch,$3.50,,,0,$0.00,,actual
2023-06-03,2023-06-01,2023,Staff,Radish Round Purple - bunch,$3.50,,,5,$17.50,,actual
2023-06-03,2023-06-01,2023,Staff,Spring Mix - 1/3 lb,$6.00,,,2,$12.00,,actual
2023-06-03,2023-06-01,2023,Staff,Spring Mix - 2/3 lb,$11.00,,,5,$55.00,,actual
2023-06-03,2023-06-01,2023,HNC,Kale Lacinato - bunch,$2.50,,,90,$225.00,,actual
2023-06-03,2023-06-01,2023,HNC,Collards - bunch,$2.50,,,48,$120.00,,actual
2023-06-07,2023-06-06,2023,DGH,Radish Round - bunch,$2.25,,,10,$22.50,,actual
2023-06-07,2023-06-06,2023,DGH,Radish Round Purple - bunch,$2.25,,,10,$22.50,,actual
2023-06-07,2023-06-06,2023,DGH,Radish French Breakfast - bunch,$2.25,,,10,$22.50,,actual
2023-06-07,2023-06-06,2023,DGH,Bok Choy Small - 15 lbs,$45.00,,,1,$45.00,,actual
2023-06-07,2023-06-06,2023,DGH,Kale Curly - bunch,$2.50,,,6,$15.00,,actual
2023-06-07,2023-06-06,2023,HNC,Bok Choy Small - 15 lbs,$45.00,,,2.5,$112.50,,actual
2023-06-07,2023-06-06,2023,HNC,Kale Curly - bunch,$2.50,,,45,$112.50,,actual
2023-06-07,2023-06-06,2023,HNC,Radish Round - bunch,$2.25,,,24,$54.00,,actual
2023-06-07,2023-06-06,2023,HNC,Radish Round Purple - bunch,$2.25,,,24,$54.00,,actual
2023-06-10,2023-06-08,2023,Emmet,Bok Choy Small - 15 lbs,$45.00,,,1,$45.00,,actual
2023-06-10,2023-06-08,2023,Emmet,Kale Lacinato - bunch,$2.50,,,12,$30.00,,actual
2023-06-10,2023-06-08,2023,Emmet,Collards - bunch,$2.50,,,12,$30.00,,actual
2023-06-10,2023-06-08,2023,Emmet,Radish Round Purple - bunch,$2.25,,,5,$11.25,,actual
2023-06-10,2023-06-08,2023,Staff,Bok Choy - each,$2.00,,,8,$16.00,,actual
2023-06-10,2023-06-08,2023,Staff,Carrot Bulk - lb,$3.00,,,6,$18.00,,actual
2023-06-10,2023-06-08,2023,Staff,Collards - bunch,$4.00,,,4,$16.00,,actual
2023-06-10,2023-06-08,2023,Staff,Garlic Scape - bunch,$3.00,,,6,$18.00,,actual
2023-06-10,2023-06-08,2023,Staff,Kale Curly - bunch,$4.00,,,4,$16.00,,actual
2023-06-10,2023-06-08,2023,Staff,Kale Lacinato - bunch,$4.00,,,4,$16.00,,actual
2023-06-10,2023-06-08,2023,Staff,Lettuce Mini/Gem - head,$3.00,,,16,$48.00,Variety: Red,actual
2023-06-10,2023-06-08,2023,Staff,Pea Shelling - quart,$9.00,,,8,$72.00,,actual
2023-06-10,2023-06-08,2023,Staff,Pea Snap - lb,$9.00,,,7,$63.00,,actual
2023-06-10,2023-06-08,2023,Staff,Radish French Breakfast - bunch,$3.50,,,4,$14.00,,actual
2023-06-10,2023-06-08,2023,Staff,Radish Round Purple - bunch,$3.50,,,3,$10.50,,actual
2023-06-10,2023-06-08,2023,Staff,Spring Mix - 1/3 lb,$6.00,,,1,$6.00,,actual
2023-06-10,2023-06-08,2023,Staff,Spring Mix - 2/3 lb,$11.00,,,3,$33.00,,actual
2023-06-10,2023-06-08,2023,HNC,Kale Lacinato - bunch,$2.50,,,60,$150.00,,actual
2023-06-10,2023-06-08,2023,HNC,Kale Curly - bunch,$2.50,,,45,$112.50,,actual
2023-06-10,2023-06-08,2023,HNC,Collards - bunch,$2.50,,,10,$25.00,,actual
2023-06-10,2023-06-08,2023,HNC,Radish Round - bunch,$2.25,,,24,$54.00,,actual
2023-06-10,2023-06-08,2023,HNC,Radish Round Purple - bunch,$2.25,,,15,$33.75,,actual
2023-06-10,2023-06-08,2023,HNC,Bok Choy Small - 15 lbs,$45.00,,,3,$135.00,,actual
2023-06-14,6/13,2023,HNC,Kale Lacinato - bunch,$2.50,,,45,$112.50,,actual
2023-06-14,6/13,2023,HNC,Kale Curly - bunch,$2.50,,,35,$87.50,,actual
2023-06-14,6/13,2023,HNC,Collards - bunch,$2.50,,,15,$37.50,,actual
2023-06-14,6/13,2023,HNC,Radish Round - bunch,$2.25,,,24,$54.00,,actual
2023-06-14,6/13,2023,HNC,Cabbage Chinese - lb,$1.50,,,22.25,$33.38,,actual
2023-06-14,6/13,2023,HNC,Lettuce Head - head,$2.00,,,24,$48.00,Variety: Green,actual
2023-06-14,6/13,2023,DGH,Kale Lacinato - bunch,$2.50,,,8,$20.00,,actual
2023-06-14,6/13,2023,DGH,Kale Curly - bunch,$2.50,,,8,$20.00,,actual
2023-06-14,6/13,2023,DGH,Cabbage Chinese - lb,$1.50,,,10,$15.00,,actual
2023-06-14,6/13,2023,DGH,Lettuce Mini/Gem - lb,$4.50,,,5,$22.50,,actual
2023-06-14,6/13,2023,DGH,Radish French Breakfast - bunch,$2.25,,,5,$11.25,,actual
2023-06-14,6/13,2023,DGH,Radish Round Purple - bunch,$2.25,,,5,$11.25,,actual
2023-06-14,6/13,2023,DGH,Mustard - bunch,$2.50,,,5,$12.50,,actual
2023-06-17,2023-06-15,2023,Emmet,Lettuce Mini/Gem - 5 lbs,$22.50,,,1,$22.50,Variety: Red,actual
2023-06-17,2023-06-15,2023,Emmet,Mustard - bunch,$2.50,,,10,$25.00,,actual
2023-06-17,2023-06-15,2023,Emmet,Cabbage Chinese - lb,$1.50,,,10,$15.00,,actual
2023-06-17,2023-06-15,2023,Emmet,Kale Lacinato - bunch,$2.50,,,6,$15.00,,actual
2023-06-17,6/15/23,2023,Staff,Arugula - 1/3 lb,$6.00,,,4,$24.00,,actual
2023-06-17,6/15/23,2023,Staff,Bok Choy - each,$2.00,,,6,$12.00,,actual
2023-06-17,6/15/23,2023,Staff,Chard - bunch,$4.00,,,0,$0.00,,actual
2023-06-17,6/15/23,2023,Staff,Carrot Bulk - lb,$3.00,,,5,$15.00,,actual
2023-06-17,6/15/23,2023,Staff,Collards - bunch,$4.00,,,6,$24.00,,actual
2023-06-17,6/15/23,2023,Staff,Garlic Scape - bunch,$3.00,,,9,$27.00,,actual
2023-06-17,6/15/23,2023,Staff,Kale Curly - bunch,$4.00,,,4,$16.00,,actual
2023-06-17,6/15/23,2023,Staff,Kale Lacinato - bunch,$4.00,,,6,$24.00,,actual
2023-06-17,6/15/23,2023,Staff,Lettuce Mini/Gem - head,$3.00,,,13,$39.00,,actual
2023-06-17,6/15/23,2023,Staff,Mustard - bunch,$4.00,,,1,$4.00,,actual
2023-06-17,6/15/23,2023,Staff,Pea Shelling - quart,$9.00,,,19,$171.00,,actual
2023-06-17,6/15/23,2023,Staff,Pea Snap - lb,$9.00,,,5,$45.00,,actual
2023-06-17,6/15/23,2023,Staff,Radish Bulk - lb,$3.00,,,0,$0.00,,actual
2023-06-17,6/15/23,2023,Staff,Radish French Breakfast - bunch,$3.50,,,1,$3.50,,actual
2023-06-17,6/15/23,2023,Staff,Radish Round - bunch,$3.50,,,1,$3.50,,actual
2023-06-17,6/15/23,2023,Staff,Radish Round Purple - bunch,$3.50,,,3,$10.50,,actual
2023-06-17,6/15/23,2023,Staff,Spring Mix - 1/3 lb,$6.00,,,1,$6.00,,actual
2023-06-17,6/15/23,2023,Staff,Spring Mix - 2/3 lb,$11.00,,,6,$66.00,,actual
2023-06-17,6/15/23,2023,HNC,Kale Lacinato - bunch,$2.50,,,60,$150.00,,actual
2023-06-17,6/15/23,2023,HNC,Kale Curly - bunch,$2.50,,,35,$87.50,,actual
2023-06-17,6/15/23,2023,HNC,Radish Round - bunch,$2.25,,,20,$45.00,,actual
2023-06-17,6/15/23,2023,HNC,Radish Round Purple - bunch,$2.25,,,12,$27.00,,actual
2023-06-17,6/15/23,2023,HNC,Cabbage Chinese - lb,$1.50,,,47.5,$71.25,,actual
2023-06-17,6/15/23,2023,HNC,Lettuce Head - head,$2.00,,,24,$48.00,Variety: Green,actual
2023-06-17,6/15/23,2023,HNC,Collards - bunch,$2.50,,,24,$60.00,,actual
2023-06-21,6-20-23,2023,Emmet,Arugula - lb,$0.00,,,3,$0.00,,actual
2023-06-21,6-20-23,2023,DGH,Kale Lacinato - bunch,$2.50,,,6,$15.00,,actual
2023-06-21,6-20-23,2023,DGH,Chard - bunch,$2.50,,,6,$15.00,,actual
2023-06-21,6-20-23,2023,DGH,Komatsuna - bunch,$2.50,,,6,$15.00,,actual
2023-06-21,6-20-23,2023,DGH,Lettuce Head - head,$2.00,,,10,$20.00,Variety: Green,actual
2023-06-21,6-20-23,2023,DGH,Radish Round - bunch,$2.25,,,6,$13.50,,actual
2023-06-21,6-20-23,2023,DGH,Radish Round Purple - bunch,$2.25,,,6,$13.50,,actual
2023-06-21,6-20-23,2023,DGH,Radish French Breakfast - bunch,$2.25,,,6,$13.50,,actual
2023-06-21,6-20-23,2023,HNC,Kale Lacinato - bunch,$2.50,,,45,$112.50,,actual
2023-06-21,6-20-23,2023,HNC,Kale Curly - bunch,$2.50,,,30,$75.00,,actual
2023-06-21,6-20-23,2023,HNC,Chard - bunch,$2.50,,,24,$60.00,,actual
2023-06-21,6-20-23,2023,HNC,Lettuce Head - head,$2.00,,,20,$40.00,Variety: green,actual
2023-06-21,6-20-23,2023,HNC,Lettuce Mini/Gem - head,$2.00,,,24,$48.00,Variety: Red,actual
2023-06-21,6-20-23,2023,HNC,Radish Round - bunch,$2.25,,,30,$67.50,,actual
2023-06-24,6/22/2023,2023,Emmet,Komatsuna - bunch,$2.50,,,15,$37.50,,actual
2023-06-24,6/22/2023,2023,Emmet,Lettuce Mini/Gem - 5 lbs,$22.50,,,1,$22.50,Variety: Red,actual
2023-06-24,6/22/2023,2023,Emmet,Chard - bunch,$2.50,,,10,$25.00,,actual
2023-06-24,6/22/2023,2023,Emmet,Cabbage Chinese - 10 lbs,$21.00,,,1,$21.00,,actual
2023-06-24,6/22/2023,2023,Emmet,Pea Snap - pint,$5.00,,,4,$20.00,,actual
2023-06-24,6/22/2023,2023,Emmet,Lettuce Mini/Gem - lb,$5.00,,,3,$15.00,Variety: Blush,actual
2023-06-28,6/27/23,2023,HNC,Lettuce Head - head,$2.00,,,20,$40.00,Variety: Green,actual
2023-06-28,6/27/23,2023,HNC,Escarole - head,$2.50,,,10,$25.00,,actual
2023-06-28,6/27/23,2023,HNC,Kale Curly - bunch,$2.50,,,20,$50.00,,actual
2023-06-28,6/27/23,2023,HNC,Kale Lacinato - bunch,$2.50,,,25,$62.50,,actual
2023-06-28,6/27/23,2023,HNC,Radish Round - bunch,$2.25,,,20,$45.00,,actual
2023-06-28,6/27/23,2023,HNC,Chard - bunch,$2.50,,,12,$30.00,,actual
2023-06-28,6/27/23,2023,HNC,Parsley - bunch,$2.25,,,30,$67.50,,actual
2023-06-28,6/27/23,2023,DGH,Kale Lacinato - bunch,$2.50,,,6,$15.00,,actual
2023-06-28,6/27/23,2023,DGH,Kale Curly - bunch,$2.50,,,6,$15.00,,actual
2023-06-28,6/27/23,2023,DGH,Chard - bunch,$2.50,,,6,$15.00,,actual
2023-06-28,6/27/23,2023,DGH,Escarole - head,$2.50,,,6,$15.00,,actual
2023-06-28,6/27/23,2023,DGH,Radish Round - bunch,$2.25,,,5,$11.25,,actual
2023-06-28,6/27/23,2023,DGH,Radish French Breakfast - bunch,$2.25,,,5,$11.25,,actual
2023-06-28,6/27/23,2023,DGH,Spring Mix - 5 lbs,$45.00,,,1,$45.00,,actual
2023-07-01,6/29/2023,2023,Emmet,Kale Lacinato - bunch,$2.50,,,8,$20.00,,actual
2023-07-01,6/29/2023,2023,Emmet,Spring Mix - 5 lbs,$45.00,,,1,$45.00,,actual
2023-07-01,6/29/2023,2023,Emmet,Collards - bunch,$4.00,,,4,$16.00,,actual
2023-07-01,6/29/2023,2023,Emmet,Cabbage Chinese - lb,$2.00,,,11,$22.00,,actual
2023-07-01,6/29/2023,2023,Emmet,Zucchini - lb,$3.00,,,6,$18.00,,actual
2023-07-01,6/29/2023,2023,Emmet,Radish Bulk - lb,$3.00,,,4,$12.00,,actual
2023-07-01,6/29/2023,2023,Staff,Arugula - 1/3 lb,$6.00,,,3,$18.00,,actual
2023-07-01,6/29/2023,2023,Staff,Arugula - 2/3 lb,$11.00,,,1,$11.00,,actual
2023-07-01,6/29/2023,2023,Staff,Broccoli - lb,$3.00,,,8,$24.00,,actual
2023-07-01,6/29/2023,2023,Staff,Cabbage - lb,$2.00,,,6,$12.00,Variety: Caraflex,actual
2023-07-01,6/29/2023,2023,Staff,Chard - bunch,$4.00,,,1,$4.00,,actual
2023-07-01,6/29/2023,2023,Staff,Collards - bunch,$4.00,,,1,$4.00,,actual
2023-07-01,6/29/2023,2023,Staff,Cucumber - lb,$3.00,,,19,$57.00,,actual
2023-07-01,6/29/2023,2023,Staff,Cucumber Pickling - lb,$3.00,,,8,$24.00,,actual
2023-07-01,6/29/2023,2023,Staff,Dandelion - bunch,$4.00,,,3,$12.00,,actual
2023-07-01,6/29/2023,2023,Staff,Fennel - bunch,$4.00,,,4,$16.00,,actual
2023-07-01,6/29/2023,2023,Staff,Garlic Scape - bunch,$3.00,,,8,$24.00,,actual
2023-07-01,6/29/2023,2023,Staff,Kale Curly - bunch,$4.00,,,1,$4.00,,actual
2023-07-01,6/29/2023,2023,Staff,Kale Lacinato - bunch,$4.00,,,5,$20.00,,actual
2023-07-01,6/29/2023,2023,Staff,Komatsuna - bunch,$4.00,,,2,$8.00,,actual
2023-07-01,6/29/2023,2023,Staff,Lettuce Mini/Gem - head,$3.00,,,2,$6.00,Variety: Red,actual
2023-07-01,6/29/2023,2023,Staff,Lettuce Mini/Gem - head,$3.00,,,5,$15.00,Variety: Blush,actual
2023-07-01,6/29/2023,2023,Staff,Lettuce Mini/Gem - head,$3.00,,,1,$3.00,Variety: Green,actual
2023-07-01,6/29/2023,2023,Staff,Parsley - bunch,$3.00,,,6,$18.00,,actual
2023-07-01,6/29/2023,2023,Staff,Radicchio Variegated - lb,$6.00,,,1,$6.00,,actual
2023-07-01,6/29/2023,2023,Staff,Radish Round - bunch,$3.50,,,4,$14.00,,actual
2023-07-01,6/29/2023,2023,Staff,Scallion - bunch,$3.00,,,4,$12.00,,actual
2023-07-01,6/29/2023,2023,Staff,Spring Mix - 1/3 lb,$6.00,,,2,$12.00,,actual
2023-07-01,6/29/2023,2023,Staff,Spring Mix - 2/3 lb,$11.00,,,2,$22.00,,actual
2023-07-01,6/29/2023,2023,Staff,Zucchini - lb,$3.00,,,6,$18.00,,actual
2023-07-01,6/29/2023,2023,Staff,Zucchini - lb,$3.00,,,7,$21.00,Variety: Striped,actual
2023-07-01,6/29/2023,2023,Staff,Zucchini - lb,$3.00,,,3,$9.00,Variety: Yellow,actual
2023-07-01,6/29/2023,2023,HNC,Chard - bunch,$2.50,,,15,$37.50,,actual
2023-07-01,6/29/2023,2023,HNC,Zucchini - lb,$1.65,,,65,$107.25,,actual
2023-07-01,6/29/2023,2023,HNC,Lettuce Head - head,$2.00,,,20,$40.00,Variety: Green,actual
2023-07-01,6/29/2023,2023,HNC,Radish Round - bunch,$2.25,,,20,$45.00,,actual
2023-07-01,6/29/2023,2023,HNC,Kale Curly - bunch,$2.50,,,45,$112.50,,actual
2023-07-01,6/29/2023,2023,HNC,Kale Lacinato - bunch,$2.50,,,55,$137.50,,actual
2023-07-01,6/29/2023,2023,HNC,Parsley - bunch,$2.25,,,35,$78.75,,actual
2023-07-05,7/4/2023,2023,DGH,Kale Lacinato - bunch,$2.50,,,6,$15.00,,actual
2023-07-05,7/4/2023,2023,DGH,Kale Curly - bunch,$2.50,,,6,$15.00,,actual
2023-07-05,7/4/2023,2023,DGH,Chard - bunch,$2.50,,,6,$15.00,,actual
2023-07-05,7/4/2023,2023,DGH,Radish Round - bunch,$2.25,,,6,$13.50,,actual
2023-07-05,7/4/2023,2023,DGH,Beets Golden - bunch,$2.50,,,6,$15.00,,actual
2023-07-05,7/4/2023,2023,DGH,Fennel - bunch,$2.50,,,6,$15.00,,actual
2023-07-05,7/4/2023,2023,DGH,Spring Mix - 5 lbs,$45.00,,,1,$45.00,,actual
2023-07-05,7/4/2023,2023,HNC,Fennel - bunch,$2.50,,,12,$30.00,,actual
2023-07-05,7/4/2023,2023,HNC,Parsley - bunch,$2.25,,,30,$67.50,,actual
2023-07-05,7/4/2023,2023,HNC,Radish Round - bunch,$2.25,,,24,$54.00,,actual
2023-07-05,7/4/2023,2023,HNC,Escarole - head,$2.50,,,10,$25.00,,actual
2023-07-05,7/4/2023,2023,HNC,Chard - bunch,$2.50,,,15,$37.50,,actual
2023-07-05,7/4/2023,2023,HNC,Lettuce Head - head,$2.00,,,24,$48.00,Variety: Green,actual
2023-07-05,7/4/2023,2023,HNC,Lettuce Mini/Gem - head,$2.00,,,20,$40.00,Variety: Red,actual
2023-07-05,7/4/2023,2023,HNC,Kale Curly - bunch,$2.50,,,35,$87.50,,actual
2023-07-05,7/4/2023,2023,HNC,Kale Lacinato - bunch,$2.50,,,45,$112.50,,actual
2023-07-05,7/4/2023,2023,HNC,Zucchini - lb,$1.65,,,65,$107.25,,actual
2023-07-08,7/6/2023,2023,Emmet,Fennel - bunch,$2.50,,,8,$20.00,,actual
2023-07-08,7/6/2023,2023,Emmet,Kale Lacinato - bunch,$2.50,,,8,$20.00,,actual
2023-07-08,7/6/2023,2023,Emmet,Escarole - head,$2.50,,,1,$2.50,,actual
2023-07-08,7/6/2023,2023,Emmet,Dandelion - bunch,$2.50,,,15,$37.50,,actual
2023-07-08,7/6/2023,2023,Staff,Arugula - 1/3 lb,$6.00,,,2,$12.00,,actual
2023-07-08,7/6/2023,2023,Staff,Beets Golden P - bunch,$4.00,,,6,$24.00,,actual
2023-07-08,7/6/2023,2023,Staff,Beets Red - bunch,$4.00,,,5,$20.00,,actual
2023-07-08,7/6/2023,2023,Staff,Cabbage - lb,$2.00,,,5,$10.00,Variety: Red,actual
2023-07-08,7/6/2023,2023,Staff,Chard - bunch,$4.00,,,2,$8.00,,actual
2023-07-08,7/6/2023,2023,Staff,Collards - bunch,$4.00,,,3,$12.00,,actual
2023-07-08,7/6/2023,2023,Staff,Cucumber - lb,$3.00,,,20,$60.00,,actual
2023-07-08,7/6/2023,2023,Staff,Cucumber Pickling - lb,$3.00,,,14,$42.00,,actual
2023-07-08,7/6/2023,2023,Staff,Dandelion - bunch,$4.00,,,1,$4.00,,actual
2023-07-08,7/6/2023,2023,Staff,Escarole - head,$5.00,,,1,$5.00,,actual
2023-07-08,7/6/2023,2023,Staff,Fennel - bunch,$4.00,,,3,$12.00,,actual
2023-07-08,7/6/2023,2023,Staff,Garlic Scape - bunch,$3.00,,,4,$12.00,,actual
2023-07-08,7/6/2023,2023,Staff,Kale Curly - bunch,$4.00,,,3,$12.00,,actual
2023-07-08,7/6/2023,2023,Staff,Kale Lacinato - bunch,$4.00,,,3,$12.00,,actual
2023-07-08,7/6/2023,2023,Staff,Komatsuna - bunch,$4.00,,,2,$8.00,,actual
2023-07-08,7/6/2023,2023,Staff,Lettuce Mini/Gem - head,$3.00,,,2,$6.00,Variety: Red,actual
2023-07-08,7/6/2023,2023,Staff,Lettuce Mini/Gem - head,$3.00,,,2,$6.00,Variety: Blush,actual
2023-07-08,7/6/2023,2023,Staff,Lettuce Mini/Gem - head,$3.00,,,2,$6.00,Variety: Green,actual
2023-07-08,7/6/2023,2023,Staff,Onion Spring Red - bunch,$4.00,,,8,$32.00,,actual
2023-07-08,7/6/2023,2023,Staff,Parsley - bunch,$3.00,,,2,$6.00,,actual
2023-07-08,7/6/2023,2023,Staff,Radicchio  - lb,$6.00,,,3,$18.00,,actual
2023-07-08,7/6/2023,2023,Staff,Radicchio Variegated - lb,$6.00,,,1,$6.00,,actual
2023-07-08,7/6/2023,2023,Staff,Radish Round - bunch,$3.50,,,1,$3.50,,actual
2023-07-08,7/6/2023,2023,Staff,Scallion - bunch,$3.00,,,5,$15.00,,actual
2023-07-08,7/6/2023,2023,Staff,Spring Mix - 1/3 lb,$6.00,,,2,$12.00,,actual
2023-07-08,7/6/2023,2023,Staff,Spring Mix - 2/3 lb,$11.00,,,2,$22.00,,actual
2023-07-08,7/6/2023,2023,Staff,Zucchini - lb,$3.00,,,9,$27.00,,actual
2023-07-08,7/6/2023,2023,Staff,Zucchini - lb,$3.00,,,4,$12.00,Variety: Striped,actual
2023-07-08,7/6/2023,2023,Staff,Zucchini - lb,$3.00,,,2,$6.00,Variety: Yellow,actual
2023-07-08,7/6/2023,2023,Emmet,Cucumber - lb,$3.00,,,15,$45.00,,actual
2023-07-08,7/6/2023,2023,Emmet,Cabbage Chinese - lb,$2.00,,,12.75,$25.50,,actual
2023-07-08,7/6/2023,2023,HNC,Parsley - bunch,$2.25,,,45,$101.25,,actual
2023-07-08,7/6/2023,2023,HNC,Kale Lacinato - bunch,$2.50,,,60,$150.00,,actual
2023-07-08,7/6/2023,2023,HNC,Kale Curly - bunch,$2.50,,,50,$125.00,,actual
2023-07-08,7/6/2023,2023,HNC,Chard - bunch,$2.50,,,15,$37.50,,actual
2023-07-08,7/6/2023,2023,HNC,Escarole - head,$2.50,,,10,$25.00,,actual
2023-07-08,7/6/2023,2023,HNC,Radish Round - bunch,$2.25,,,24,$54.00,,actual
2023-07-08,7/6/2023,2023,HNC,Dandelion - bunch,$2.50,,,20,$50.00,,actual
2023-07-08,7/6/2023,2023,HNC,Fennel - each,$2.50,,,12,$30.00,,actual
2023-07-08,7/6/2023,2023,HNC,Zucchini - lb,$1.65,,,85,$140.25,,actual
2023-07-12,7/11/2023,2023,DGH,Kale Lacinato - bunch,$2.50,,,6,$15.00,,actual
2023-07-12,7/11/2023,2023,DGH,Kale Curly - bunch,$2.50,,,6,$15.00,,actual
2023-07-12,7/11/2023,2023,DGH,Chard - bunch,$2.50,,,6,$15.00,,actual
2023-07-12,7/11/2023,2023,DGH,Scallion - bunch,$2.25,,,6,$13.50,,actual
2023-07-12,7/11/2023,2023,DGH,Parsley - bunch,$2.25,,,6,$13.50,,actual
2023-07-12,7/11/2023,2023,DGH,Beets Golden - bunch,$2.50,,,6,$15.00,,actual
2023-07-12,7/11/2023,2023,DGH,Beets Red - bunch,$2.50,,,6,$15.00,,actual
2023-07-12,7/11/2023,2023,DGH,Cabbage - lb,$1.25,,,12.1,$15.13,Variety: Caraflex,actual
2023-07-12,7/11/2023,2023,DGH,Spring Mix - 5 lbs,$45.00,,,1,$45.00,,actual
2023-07-12,7/11/2023,2023,HNC,Cabbage - lb,$1.25,,,50,$62.50,Variety: Red,actual
2023-07-12,7/11/2023,2023,HNC,Parsley - bunch,$2.25,,,40,$90.00,,actual
2023-07-12,7/11/2023,2023,HNC,Fennel - each,$2.50,,,12,$30.00,,actual
2023-07-12,7/11/2023,2023,HNC,Zucchini - lb,$1.65,,,80,$132.00,Variety: Green,actual
2023-07-12,7/11/2023,2023,HNC,Chard - bunch,$2.50,,,10,$25.00,,actual
2023-07-12,7/11/2023,2023,HNC,Escarole - head,$2.50,,,12,$30.00,,actual
2023-07-12,7/11/2023,2023,HNC,Dandelion - bunch,$2.50,,,24,$60.00,,actual
2023-07-15,7/13/2023,2023,Emmet,Kale Lacinato - bunch,$2.50,,,12,$30.00,,actual
2023-07-15,7/13/2023,2023,Emmet,Kale Curly - bunch,$2.50,,,12,$30.00,,actual
2023-07-15,7/13/2023,2023,Emmet,Chard - bunch,$2.50,,,12,$30.00,,actual
2023-07-15,7/13/2023,2023,Emmet,Dandelion - bunch,$2.50,,,12,$30.00,,actual
2023-07-15,7/13/2023,2023,Emmet,Parsley - bunch,$2.25,,,8,$18.00,,actual
2023-07-15,7/13/2023,2023,Emmet,Scallion - bunch,$2.25,,,6,$13.50,,actual
2023-07-15,7/13/2023,2023,Emmet,Escarole - head,$2.50,,,10,$25.00,,actual
2023-07-15,7/13/2023,2023,Emmet,Fennel - bunch,$2.50,,,10,$25.00,,actual
2023-07-15,7/13/2023,2023,Emmet,Radicchio  - lb,$6.00,,,10,$60.00,,actual
2023-07-15,7/13/2023,2023,Staff,Zucchini - lb,$3.00,,,11,$33.00,Variety: Striped,actual
2023-07-15,7/13/2023,2023,Staff,Cucumber - lb,$3.00,,,10,$30.00,,actual
2023-07-15,7/13/2023,2023,Staff,Zucchini - lb,$3.00,,,10,$30.00,,actual
2023-07-15,7/13/2023,2023,Staff,Beets Red - bunch,$4.00,,,9,$36.00,,actual
2023-07-15,7/13/2023,2023,Staff,Onion Spring Red - bunch,$4.00,,,9,$36.00,,actual
2023-07-15,7/13/2023,2023,Staff,Scallion - bunch,$3.00,,,7,$21.00,,actual
2023-07-15,7/13/2023,2023,Staff,Zucchini - lb,$3.00,,,7,$21.00,Variety: Yellow,actual
2023-07-15,7/13/2023,2023,Staff,Beets Golden P - bunch,$4.00,,,6,$24.00,,actual
2023-07-15,7/13/2023,2023,Staff,Kale Curly - bunch,$4.00,,,6,$24.00,,actual
2023-07-15,7/13/2023,2023,Staff,Spring Mix - 2/3 lb,$11.00,,,6,$66.00,,actual
2023-07-15,7/13/2023,2023,Staff,Cucumber Pickling - lb,$3.00,,,5,$15.00,,actual
2023-07-15,7/13/2023,2023,Staff,Kale Lacinato - bunch,$4.00,,,5,$20.00,,actual
2023-07-15,7/13/2023,2023,Staff,Cabbage - lb,$2.00,,,4,$8.00,Variety: Tendersweet,actual
2023-07-15,7/13/2023,2023,Staff,Collards - bunch,$4.00,,,4,$16.00,,actual
2023-07-15,7/13/2023,2023,Staff,Parsley - bunch,$3.00,,,4,$12.00,,actual
2023-07-15,7/13/2023,2023,Staff,Radicchio  - lb,$6.00,,,4,$24.00,,actual
2023-07-15,7/13/2023,2023,Staff,Cabbage - lb,$2.00,,,3,$6.00,Variety: Savoy,actual
2023-07-15,7/13/2023,2023,Staff,Garlic Scape - bunch,$3.00,,,3,$9.00,,actual
2023-07-15,7/13/2023,2023,Staff,Radicchio Specialty - lb,$6.00,,,3,$18.00,Variety: Treviso,actual
2023-07-15,7/13/2023,2023,Staff,Radicchio Variegated - lb,$6.00,,,3,$18.00,,actual
2023-07-15,7/13/2023,2023,Staff,Dandelion - bunch,$4.00,,,2,$8.00,,actual
2023-07-15,7/13/2023,2023,Staff,Fennel - bunch,$4.00,,,2,$8.00,,actual
2023-07-15,7/13/2023,2023,Staff,Spring Mix - 1/3 lb,$6.00,,,2,$12.00,,actual
2023-07-15,7/13/2023,2023,Staff,Cabbage - lb,$2.00,,,1,$2.00,Variety: Red,actual
2023-07-15,7/13/2023,2023,Staff,Escarole - head,$5.00,,,1,$5.00,,actual
2023-07-15,7/13/2023,2023,HNC,Scallion - bunch,$2.25,,,60,$135.00,,actual
2023-07-15,7/13/2023,2023,HNC,Beets Red - bunch,$2.50,,,18,$45.00,,actual
2023-07-15,7/13/2023,2023,HNC,Beets Golden - bunch,$2.50,,,18,$45.00,,actual
2023-07-15,7/13/2023,2023,HNC,Cabbage - lb,$1.25,,,50,$62.50,,actual
2023-07-15,7/13/2023,2023,HNC,Parsley - bunch,$2.25,,,30,$67.50,,actual
2023-07-15,7/13/2023,2023,HNC,Zucchini - lb,$1.65,,,85,$140.25,,actual
2023-07-15,7/13/2023,2023,HNC,Dandelion - bunch,$2.50,,,24,$60.00,,actual
2023-07-15,7/13/2023,2023,HNC,Escarole - head,$2.50,,,10,$25.00,,actual
2023-07-15,7/13/2023,2023,HNC,Chard - bunch,$2.50,,,15,$37.50,,actual
2023-07-15,7/13/2023,2023,HNC,Kale Lacinato - bunch,$2.50,,,60,$150.00,,actual
2023-07-15,7/13/2023,2023,HNC,Kale Curly - bunch,$2.50,,,50,$125.00,,actual
2023-07-19,7/18/2023,2023,DGH,Kale Curly - bunch,$2.50,,,6,$15.00,,actual
2023-07-19,7/18/2023,2023,DGH,Chard - bunch,$2.50,,,6,$15.00,,actual
2023-07-19,7/18/2023,2023,DGH,Fennel - bunch,$2.50,,,6,$15.00,,actual
2023-07-19,7/18/2023,2023,DGH,Scallion - bunch,$2.25,,,6,$13.50,,actual
2023-07-19,7/18/2023,2023,DGH,Parsley - bunch,$2.25,,,6,$13.50,,actual
2023-07-19,7/18/2023,2023,DGH,Spring Mix - 5 lbs,$45.00,,,1,$45.00,,actual
2023-07-19,7/18/2023,2023,DGH,Zucchini - lb,$1.65,,,20,$33.00,,actual
2023-07-19,7/18/2023,2023,HNC,Fennel - each,$2.50,,,15,$37.50,,actual
2023-07-19,7/18/2023,2023,HNC,Dandelion - bunch,$2.50,,,20,$50.00,,actual
2023-07-19,7/18/2023,2023,HNC,Parsley - bunch,$2.25,,,35,$78.75,,actual
2023-07-19,7/18/2023,2023,HNC,Cilantro - bunch,$2.25,,,45,$101.25,,actual
2023-07-19,7/18/2023,2023,HNC,Scallion - bunch,$2.25,,,40,$90.00,,actual
2023-07-19,7/18/2023,2023,HNC,Zucchini - lb,$1.65,,,70,$115.50,,actual
2023-07-19,7/18/2023,2023,HNC,Chard - bunch,$2.50,,,12,$30.00,,actual
2023-07-22,7/20/2023,2023,Emmet,Zucchini - lb,$1.65,,,15,$24.75,,actual
2023-07-22,7/20/2023,2023,Emmet,Fennel - bunch,$2.50,,,6,$15.00,,actual
2023-07-22,7/20/2023,2023,Emmet,Scallion - bunch,$2.25,,,10,$22.50,,actual
2023-07-22,7/20/2023,2023,Emmet,Parsley - bunch,$2.25,,,10,$22.50,,actual
2023-07-22,7/20/2023,2023,Emmet,Cilantro - bunch,$2.25,,,4,$9.00,,actual
2023-07-22,7/20/2023,2023,Emmet,Cabbage - lb,$1.25,,,8.7,$10.88,Variety: Caraflex,actual
2023-07-22,7/20/2023,2023,Emmet,Bean Snap - bunch,$4.00,,,12,$48.00,,actual
2023-07-22,7/20/2023,2023,Emmet,Tomato Cherry - pint,$5.00,,,8,$40.00,,actual
2023-07-22,7/20/2023,2023,Staff,Cucumber Pickling - lb,$3.00,,,9,$27.00,,actual
2023-07-22,7/20/2023,2023,Staff,Cucumber - lb,$3.00,,,7,$21.00,,actual
2023-07-22,7/20/2023,2023,Staff,Basil - bunch,$3.00,,,6,$18.00,,actual
2023-07-22,7/20/2023,2023,Staff,Cabbage - lb,$2.00,,,5,$10.00,,actual
2023-07-22,7/20/2023,2023,Staff,Onion Spring Red - bunch,$4.00,,,5,$20.00,,actual
2023-07-22,7/20/2023,2023,Staff,Scallion - bunch,$3.00,,,5,$15.00,,actual
2023-07-22,7/20/2023,2023,Staff,Zucchini - lb,$3.00,,,5,$15.00,,actual
2023-07-22,7/20/2023,2023,Staff,Beets Golden P - bunch,$4.00,,,4,$16.00,,actual
2023-07-22,7/20/2023,2023,Staff,Kale Curly - bunch,$4.00,,,4,$16.00,,actual
2023-07-22,7/20/2023,2023,Staff,Spring Mix - 2/3 lb,$11.00,,,5,$55.00,,actual
2023-07-22,7/20/2023,2023,Staff,Tomato Cherry - pint,$4.00,,,4,$16.00,,actual
2023-07-22,7/20/2023,2023,Staff,Tomato Cherry - pint,$4.00,,,4,$16.00,,actual
2023-07-22,7/20/2023,2023,Staff,Beets Red - bunch,$4.00,,,3,$12.00,,actual
2023-07-22,7/20/2023,2023,Staff,Cabbage - lb,$2.00,,,2,$4.00,,actual
2023-07-22,7/20/2023,2023,Staff,Kale Lacinato - bunch,$4.00,,,2,$8.00,,actual
2023-07-22,7/20/2023,2023,Staff,Parsley - bunch,$3.00,,,2,$6.00,,actual
2023-07-22,7/20/2023,2023,Staff,Radicchio  - lb,$6.00,,,2,$12.00,,actual
2023-07-22,7/20/2023,2023,Staff,Radish Round - bunch,$3.50,,,2,$7.00,,actual
2023-07-22,7/20/2023,2023,Staff,Zucchini - lb,$3.00,,,2,$6.00,,actual
2023-07-22,7/20/2023,2023,Staff,Chard - bunch,$4.00,,,1,$4.00,,actual
2023-07-22,7/20/2023,2023,Staff,Dandelion - bunch,$4.00,,,1,$4.00,,actual
2023-07-22,7/20/2023,2023,Staff,Escarole - head,$5.00,,,1,$5.00,,actual
2023-07-22,7/20/2023,2023,Staff,Radicchio Variegated - lb,$6.00,,,1,$6.00,,actual
2023-07-22,7/20/2023,2023,Staff,Radish French Breakfast - bunch,$3.50,,,1,$3.50,,actual
2023-07-22,7/20/2023,2023,Staff,Zucchini - lb,$3.00,,,1,$3.00,,actual
2023-07-22,7/20/2023,2023,Staff,Cilantro,$0.00,,,1,$0.00,,actual
2023-07-22,7/20/2023,2023,HNC,Cucumber - lb,$1.65,,,65,$107.25,,actual
2023-07-22,7/20/2023,2023,HNC,Zucchini - lb,$1.65,,,80,$132.00,,actual
2023-07-26,7/25/2023,2023,HNC,Cucumber - lb,$1.65,,,65,$107.25,,actual
2023-07-29,7/27/23,2023,Emmet,Zucchini - lb,$1.65,,,20,$33.00,,actual
2023-07-29,7/27/23,2023,Emmet,Zucchini - lb,$1.65,,,5,$8.25,Variety: Striped,actual
2023-07-29,7/27/23,2023,Emmet,Spring Mix - 5 lbs,$45.00,,,1,$45.00,,actual
2023-07-29,7/27/23,2023,Emmet,Fennel - bunch,$2.50,,,8,$20.00,,actual
2023-07-29,7/27/23,2023,Emmet,Parsley - bunch,$2.25,,,8,$18.00,,actual
2023-07-29,7/27/23,2023,Emmet,Scallion - bunch,$2.25,,,8,$18.00,,actual
2023-07-29,7/27/23,2023,Emmet,Radicchio  - lb,$8.00,,,10,$80.00,,actual
2023-07-29,7/27/2023,2023,HNC,Cucumber - lb,$1.65,,,85,$140.25,,actual
2023-08-05,8/3/23,2023,Emmet,Scallion - bunch,$2.25,,,6,$13.50,,actual
2023-08-05,8/3/23,2023,Emmet,Parsley - bunch,$2.25,,,8,$18.00,,actual
2023-08-05,8/3/23,2023,Emmet,Cilantro - bunch,$2.25,,,8,$18.00,,actual
2023-08-05,8/3/23,2023,Emmet,Celery - bunch,$2.50,,,10,$25.00,,actual
2023-08-05,8/3/23,2023,Emmet,Cabbage - lb,$1.25,,,3.6,$4.50,Variety: Red,actual
2023-08-05,8/3/23,2023,Staff,Cucumber Pickling - lb,$3.00,,,10,$30.00,,actual
2023-08-05,8/3/23,2023,Staff,Basil - bunch,$3.00,,,7,$21.00,,actual
2023-08-05,8/3/23,2023,Staff,Carrot - bunch,$5.00,,,7,$35.00,,actual
2023-08-05,8/3/23,2023,Staff,Onion Spring Red - bunch,$4.00,,,7,$28.00,,actual
2023-08-05,8/3/23,2023,Staff,Spring Mix - 2/3 lb,$11.00,,,7,$77.00,,actual
2023-08-05,8/3/23,2023,Staff,Cilantro,$0.00,,,6,$0.00,,actual
2023-08-05,8/3/23,2023,Staff,Cucumber - lb,$3.00,,,6,$18.00,,actual
2023-08-05,8/3/23,2023,Staff,Tomato Cherry - pint,$4.00,,,6,$24.00,Variety: Sungold,actual
2023-08-05,8/3/23,2023,Staff,Dill - bunch,$3.00,,,5,$15.00,,actual
2023-08-05,8/3/23,2023,Staff,Tomato Cherry - pint,$4.00,,,5,$20.00,Variety: Rainbow,actual
2023-08-05,8/3/23,2023,Staff,Zucchini - lb,$3.00,,,5,$15.00,,actual
2023-08-05,8/3/23,2023,Staff,Scallion - bunch,$3.00,,,4,$12.00,,actual
2023-08-05,8/3/23,2023,Staff,Beets Golden P - bunch,$4.00,,,3,$12.00,,actual
2023-08-05,8/3/23,2023,Staff,Kale Curly - bunch,$4.00,,,3,$12.00,,actual
2023-08-05,8/3/23,2023,Staff,Kale Lacinato - bunch,$4.00,,,3,$12.00,,actual
2023-08-05,8/3/23,2023,Staff,Parsley - bunch,$3.00,,,3,$9.00,,actual
2023-08-05,8/3/23,2023,Staff,Beets Red - bunch,$4.00,,,2,$8.00,,actual
2023-08-05,8/3/23,2023,Staff,Cabbage - lb,$2.00,,,2,$4.00,Variety: Savoy,actual
2023-08-05,8/3/23,2023,Staff,Cabbage - lb,$2.00,,,2,$4.00,Variety: Caraflex,actual
2023-08-05,8/3/23,2023,Staff,Celery - bunch,$4.00,,,2,$8.00,,actual
2023-08-05,8/3/23,2023,Staff,Chard - bunch,$4.00,,,2,$8.00,,actual
2023-08-05,8/3/23,2023,Staff,Zucchini - lb,$3.00,,,2,$6.00,Variety: Striped,actual
2023-08-05,8/3/23,2023,Staff,Cabbage - lb,$2.00,,,1,$2.00,Variety: Tendersweet,actual
2023-08-05,8/3/23,2023,Staff,Dandelion - bunch,$4.00,,,1,$4.00,,actual
2023-08-05,8/3/23,2023,Emmet,Spring Mix - lb,$16.00,,,2,$32.00,,actual
2023-08-05,8/3/2023,2023,HNC,Cucumber - lb,$1.65,,,90,$148.50,,actual
2023-08-12,8/10/23,2023,Staff,Cucumber Pickling - lb,$3.00,,,6,$18.00,,actual
2023-08-12,8/10/23,2023,Staff,Cucumber - lb,$3.00,,,6,$18.00,,actual
2023-08-12,8/10/23,2023,Staff,Basil - bunch,$3.00,,,7,$21.00,,actual
2023-08-12,8/10/23,2023,Staff,Cilantro - bunch,$3.00,,,5,$15.00,,actual
2023-08-12,8/10/23,2023,Staff,Parsley - bunch,$3.00,,,2,$6.00,,actual
2023-08-12,8/10/23,2023,Staff,Carrot - bunch,$5.00,,,7,$35.00,,actual
2023-08-12,8/10/23,2023,Staff,Spring Mix - 1/3 lb,$6.00,,,1,$6.00,,actual
2023-08-12,8/10/23,2023,Staff,Spring Mix - 2/3 lb,$11.00,,,5,$55.00,,actual
2023-08-12,8/10/23,2023,Staff,Potato White - lb,$3.00,,,10,$30.00,Variety: Red Norland,actual
2023-08-12,8/10/23,2023,Staff,Tomato Cherry - pint,$4.00,,,7,$28.00,Variety: Sungold,actual
2023-08-12,8/10/23,2023,Staff,Tomato Cherry - pint,$4.00,,,1,$4.00,Variety: Rainbow,actual
2023-08-12,8/10/23,2023,Staff,Tomato Heirloom - lb,$4.50,,,11,$49.50,Variety: All varieties,actual
2023-08-12,8/10/23,2023,Staff,Pepper Shishito - pint,$4.00,,,7,$28.00,,actual
2023-08-12,8/10/23,2023,Staff,Pepper Hot - each,$1.00,,,13,$13.00,Variety: Jalapeno,actual
2023-08-12,8/10/23,2023,Staff,Celery - bunch,$4.00,,,2,$8.00,,actual
2023-08-12,8/10/23,2023,Staff,Kale Curly - bunch,$4.00,,,4,$16.00,,actual
2023-08-12,8/10/23,2023,Staff,Dandelion - bunch,$4.00,,,1,$4.00,,actual
2023-08-12,8/10/23,2023,Staff,Cabbage - lb,$2.00,,,2,$4.00,Variety: Savoy,actual
2023-08-12,8/10/23,2023,Staff,Cabbage - lb,$2.00,,,1,$2.00,Variety: Tendersweet,actual
2023-08-12,8/10/23,2023,Staff,Cabbage - lb,$2.00,,,2,$4.00,Variety: Red,actual
2023-08-12,8/10/2023,2023,Emmet,Parsley - bunch,$2.25,,,10,$22.50,,actual
2023-08-12,8/10/2023,2023,Emmet,Cilantro - bunch,$2.25,,,6,$13.50,,actual
2023-08-12,8/10/2023,2023,Emmet,Pepper Shishito - pint,$3.25,,,10,$32.50,,actual
2023-08-12,8/10/2023,2023,Emmet,Zucchini - lb,$3.00,,,20,$60.00,,actual
2023-08-16,8/15/2023,2023,HNC,Tomato Cherry - pint,$3.25,,,65,$211.25,Variety: Sungold,actual
2023-08-16,8/15/2023,2023,HNC,Tomato Cherry - pint,$3.25,,,70,$227.50,Variety: Rainbow,actual
2023-08-16,8/15/2023,2023,HNC,Cucumber - lb,$1.65,,,65,$107.25,,actual
2023-08-16,8/15/2023,2023,HNC,Tomato Heirloom - lb,$3.25,,,30,$97.50,,actual
2023-08-19,8/17/2023,2023,Staff,Basil - bunch,$3.00,,,6,$18.00,,actual
2023-08-19,8/17/2023,2023,Staff,Bean Snap - lb,$5.00,,,7,$35.00,Variety: Romano,actual
2023-08-19,8/17/2023,2023,Staff,Cabbage - lb,$2.00,,,2,$4.00,Variety: Savoy,actual
2023-08-19,8/17/2023,2023,Staff,Cabbage - lb,$2.00,,,2,$4.00,Variety: Tendersweet,actual
2023-08-19,8/17/2023,2023,Staff,Cabbage - lb,$2.00,,,2,$4.00,Variety: Red,actual
2023-08-19,8/17/2023,2023,Staff,Carrot - bunch,$5.00,,,6,$30.00,,actual
2023-08-19,8/17/2023,2023,Staff,Celery - bunch,$4.00,,,2,$8.00,,actual
2023-08-19,8/17/2023,2023,Staff,Chard - bunch,$4.00,,,1,$4.00,,actual
2023-08-19,8/17/2023,2023,Staff,Cilantro - bunch,$3.00,,,3,$9.00,,actual
2023-08-19,8/17/2023,2023,Staff,Cucumber - lb,$3.00,,,9,$27.00,,actual
2023-08-19,8/17/2023,2023,Staff,Cucumber Pickling - lb,$3.00,,,12,$36.00,,actual
2023-08-19,8/17/2023,2023,Staff,Dandelion - bunch,$4.00,,,1,$4.00,,actual
2023-08-19,8/17/2023,2023,Staff,Garlic - lb,$14.00,,,6,$84.00,,actual
2023-08-19,8/17/2023,2023,Staff,Kale Curly - bunch,$4.00,,,6,$24.00,,actual
2023-08-19,8/17/2023,2023,Staff,Parsley - bunch,$3.00,,,2,$6.00,,actual
2023-08-19,8/17/2023,2023,Staff,Pepper Hot - each,$1.00,,,8,$8.00,Variety: Jalapeno,actual
2023-08-19,8/17/2023,2023,Staff,Pepper Shishito - quart,$7.00,,,4,$28.00,,actual
2023-08-19,8/17/2023,2023,Staff,Potato White - lb,$3.00,,,7,$21.00,,actual
2023-08-19,8/17/2023,2023,Staff,Tomato Cherry - pint,$4.00,,,6,$24.00,Variety: Sungold,actual
2023-08-19,8/17/2023,2023,Staff,Tomato Cherry - pint,$4.00,,,2,$8.00,Variety: Rainbow,actual
2023-08-19,8/17/2023,2023,Staff,Tomato Heirloom - lb,$4.50,,,15,$67.50,,actual
2023-08-19,8/17/2023,2023,Emmet,Cucumber - lb,$1.65,,,12,$19.80,,actual
2023-08-19,8/17/2023,2023,Emmet,Tomato Cherry - pint,$3.50,,,6,$21.00,Variety: Sungold,actual
2023-08-19,8/17/2023,2023,Emmet,Cabbage - lb,$1.25,,,10,$12.50,Variety: Red,actual
2023-08-19,8/17/2023,2023,Emmet,Parsley - bunch,$2.25,,,8,$18.00,,actual
2023-08-19,8/17/2023,2023,Emmet,Cilantro - bunch,$2.25,,,4,$9.00,,actual
2023-08-19,8/17/2023,2023,HNC,Tomato Cherry - pint,$3.25,,,75,$243.75,Variety: Rainbow,actual
2023-08-19,8/17/2023,2023,HNC,Tomato Heirloom - lb,$3.25,,,50,$162.50,,actual
2023-08-19,8/17/2023,2023,HNC,Parsley - bunch,$2.25,,,45,$101.25,,actual
2023-08-19,8/17/2023,2023,HNC,Cucumber - lb,$1.65,,,85,$140.25,,actual
2023-08-23,8/22/2023,2023,HNC,Cucumber - lb,$1.65,,,75,$123.75,,actual
2023-08-23,8/22/2023,2023,HNC,Parsley - bunch,$2.25,,,40,$90.00,,actual
2023-08-23,8/22/2023,2023,HNC,Tomato Cherry - pint,$3.25,,,50,$162.50,Variety: Sungold,actual
2023-08-23,8/22/2023,2023,HNC,Tomato Cherry - pint,$3.25,,,35,$113.75,Variety: Rainbow,actual
2023-08-23,8/22/2023,2023,HNC,Tomato Heirloom - lb,$3.25,,,30,$97.50,,actual
2023-08-26,8/24/2023,2023,Staff,Cabbage - lb,$2.00,,,1,$2.00,Variety: Tendersweet,actual
2023-08-26,8/24/2023,2023,Staff,Dandelion - bunch,$4.00,,,1,$4.00,,actual
2023-08-26,8/24/2023,2023,Staff,Pepper Shishito - pint,$4.00,,,1,$4.00,,actual
2023-08-26,8/24/2023,2023,Staff,Celery - bunch,$4.00,,,2,$8.00,,actual
2023-08-26,8/24/2023,2023,Staff,Parsley - bunch,$3.00,,,2,$6.00,,actual
2023-08-26,8/24/2023,2023,Staff,Tomato Cherry - pint,$4.00,,,2,$8.00,Variety: mixed,actual
2023-08-26,8/24/2023,2023,Staff,Kale Lacinato - bunch,$4.00,,,3,$12.00,,actual
2023-08-26,8/24/2023,2023,Staff,Cilantro - bunch,$3.00,,,4,$12.00,,actual
2023-08-26,8/24/2023,2023,Staff,Bean Snap - bunch,$4.00,,,5,$20.00,Variety: Romano,actual
2023-08-26,8/24/2023,2023,Staff,Carrot - bunch,$5.00,,,5,$25.00,Variety: Rainbow,actual
2023-08-26,8/24/2023,2023,Staff,Kale Curly - bunch,$4.00,,,6,$24.00,,actual
2023-08-26,8/24/2023,2023,Staff,Basil - bunch,$3.00,,,7,$21.00,,actual
2023-08-26,8/24/2023,2023,Staff,Pepper Shishito - quart,$7.00,,,7,$49.00,,actual
2023-08-26,8/24/2023,2023,Staff,Cucumber - lb,$3.00,,,8,$24.00,,actual
2023-08-26,8/24/2023,2023,Staff,Eggplant - lb,$4.00,,,9,$36.00,,actual
2023-08-26,8/24/2023,2023,Staff,Garlic - lb,$14.00,,,9,$126.00,,actual
2023-08-26,8/24/2023,2023,Staff,Tomato Cherry - pint,$4.00,,,9,$36.00,Variety: sungold,actual
2023-08-26,8/24/2023,2023,Staff,Pepper Hot - each,$1.00,,,11,$11.00,Variety: jalapenos,actual
2023-08-26,8/24/2023,2023,Staff,Cucumber Pickling - lb,$3.00,,,12,$36.00,,actual
2023-08-26,8/24/2023,2023,Staff,Potato White - lb,$3.00,,,13,$39.00,Variety: Red Norland,actual
2023-08-26,8/24/2023,2023,Staff,Tomato Heirloom - lb,$4.50,,,14,$63.00,,actual
2023-08-26,8/24/2023,2023,Emmet,Kale Curly - bunch,$2.50,,,5,$12.50,,actual
2023-08-26,8/24/2023,2023,Emmet,Cucumber - lb,$1.65,,,10,$16.50,,actual
2023-08-26,8/24/2023,2023,Emmet,Basil - bunch,$2.25,,,3,$6.75,,actual
2023-08-26,8/24/2023,2023,Emmet,Celery - bunch,$1.25,,,24,$30.00,,actual
2023-08-26,8/24/2023,2023,Emmet,Tomato Cherry - pint,$3.50,,,8,$28.00,Variety: Rainbow,actual
2023-08-26,8/24/2023,2023,Emmet,Tomato Heirloom - lb,$3.50,,,10,$35.00,,actual
2023-08-26,8/24/2023,2023,HNC,Parsley - bunch,$2.25,,,45,$101.25,,actual
2023-08-26,8/24/2023,2023,HNC,Cucumber - lb,$1.65,,,85,$140.25,,actual
2023-08-26,8/24/2023,2023,HNC,Tomato Cherry - pint,$3.25,,,45,$146.25,Variety: Sungold,actual
2023-08-26,8/24/2023,2023,HNC,Tomato Heirloom - lb,$3.25,,,30,$97.50,,actual
2023-08-30,8/29/2023,2023,HNC,Cucumber - lb,$1.65,,,80,$132.00,,actual
2023-08-30,8/29/2023,2023,HNC,Tomato Cherry - pint,$3.50,,,45,$157.50,Variety: Sungold,actual
2023-08-30,8/29/2023,2023,HNC,Tomato Cherry - pint,$3.50,,,30,$105.00,Variety: Rainbow,actual
2023-08-30,8/29/2023,2023,HNC,Tomato Heirloom - lb,$3.50,,,30,$105.00,,actual
2023-09-02,8/31/2023,2023,HNC,Cucumber - lb,$1.65,,,90,$148.50,,actual
2023-09-02,8/31/2023,2023,HNC,Tomato Cherry - pint,$3.50,,,60,$210.00,Variety: Sungold,actual
2023-09-02,8/31/2023,2023,HNC,Tomato Cherry - pint,$3.50,,,55,$192.50,Variety: Rainbow,actual
2023-09-02,8/31/2023,2023,HNC,Tomato Heirloom - lb,$3.50,,,45,$157.50,,actual
2023-09-06,9/5/2023,2023,HNC,Kale Lacinato - bunch,$2.50,,,40,$100.00,,actual
2023-09-06,9/5/2023,2023,HNC,Kale Curly - bunch,$2.50,,,40,$100.00,,actual
2023-09-06,9/5/2023,2023,HNC,Cucumber - lb,$1.65,,,75,$123.75,,actual
2023-09-06,9/5/2023,2023,HNC,Tomato Heirloom - lb,$3.50,,,30,$105.00,,actual
2023-09-06,9/5/2023,2023,HNC,Tomato Cherry - pint,$3.50,,,45,$157.50,Variety: Sungold,actual
2023-09-06,9/5/2023,2023,HNC,Tomato Cherry - pint,$3.50,,,40,$140.00,Variety: Rainbow,actual
2023-09-09,9/7/2023,2023,Emmet,Tomato Cherry - pint,$3.50,,,8,$28.00,,actual
2023-09-09,9/7/2023,2023,Emmet,Cucumber - lb,$1.65,,,10,$16.50,,actual
2023-09-09,9/7/2023,2023,Emmet,Tomato Heirloom - lb,$3.50,,,10,$35.00,,actual
2023-09-09,9/7/2023,2023,Emmet,Kale Lacinato - bunch,$2.50,,,6,$15.00,,actual
2023-09-09,9/7/2023,2023,HNC,Cucumber - lb,$1.65,,,85,$140.25,,actual
2023-09-13,9/12/23,2023,HNC,Kale Lacinato - bunch,$2.50,,,45,$112.50,,actual
2023-09-13,9/12/23,2023,HNC,Kale Curly - bunch,$2.50,,,40,$100.00,,actual
2023-09-13,9/12/23,2023,HNC,Chard - bunch,$2.50,,,25,$62.50,,actual
2023-09-13,9/12/23,2023,HNC,Collards - bunch,$2.50,,,20,$50.00,,actual
2023-09-13,9/12/23,2023,HNC,Dandelion - bunch,$2.50,,,18,$45.00,,actual
2023-09-13,9/12/23,2023,HNC,Radish Round Purple - bunch,$2.25,,,24,$54.00,,actual
2023-09-13,9/12/23,2023,HNC,Cucumber - lb,$1.65,,,75,$123.75,,actual
2023-09-13,9/12/23,2023,HNC,Pepper Hot - lb,$6.00,,,5,$30.00,,actual
2023-09-13,9/12/23,2023,HNC,Tomato Cherry - pint,$3.50,,,60,$210.00,Variety: Sungold,actual
2023-09-13,9/12/23,2023,HNC,Tomato Cherry - pint,$3.50,,,60,$210.00,Variety: Rainbow,actual
2023-09-16,9/14/23,2023,Staff,Garlic - lb,$14.00,,,15,$210.00,,actual
2023-09-16,9/14/23,2023,Staff,Broccolini - bunch,$5.00,,,13,$65.00,,actual
2023-09-16,9/14/23,2023,Staff,Tomato Heirloom - lb,$4.50,,,11,$49.50,Variety: BeOrange,actual
2023-09-16,9/14/23,2023,Staff,Potato White - lb,$3.00,,,11,$33.00,,actual
2023-09-16,9/14/23,2023,Staff,Winter Squash Delicata - lb,$3.00,,,10,$30.00,,actual
2023-09-16,9/14/23,2023,Staff,Basil - bunch,$3.00,,,8,$24.00,,actual
2023-09-16,9/14/23,2023,Staff,Cucumber Pickling - lb,$3.00,,,8,$24.00,,actual
2023-09-16,9/14/23,2023,Staff,Kale Lacinato - bunch,$4.00,,,7,$28.00,,actual
2023-09-16,9/14/23,2023,Staff,Arugula - 1/3 lb,$6.00,,,6,$36.00,,actual
2023-09-16,9/14/23,2023,Staff,Cabbage Chinese - lb,$2.00,,,6,$12.00,,actual
2023-09-16,9/14/23,2023,Staff,Pepper Hot - each,$1.00,,,6,$6.00,Variety: Jalapeno,actual
2023-09-16,9/14/23,2023,Staff,Tomato Cherry - pint,$4.00,,,7,$28.00,Variety: Sungold,actual
2023-09-16,9/14/23,2023,Staff,Kohlrabi - bunch,$3.50,,,5,$17.50,,actual
2023-09-16,9/14/23,2023,Staff,Pepper Mini - quart,$6.00,,,5,$30.00,Variety: Lunch box,actual
2023-09-16,9/14/23,2023,Staff,Summer Mix - 2/3 lb,$11.00,,,6,$66.00,,actual
2023-09-16,9/14/23,2023,Staff,Carrot - bunch,$5.00,,,4,$20.00,,actual
2023-09-16,9/14/23,2023,Staff,Cucumber - lb,$3.00,,,4,$12.00,,actual
2023-09-16,9/14/23,2023,Staff,Arugula - 2/3 lb,$11.00,,,3,$33.00,,actual
2023-09-16,9/14/23,2023,Staff,Braising Mix - 1 lb,$7.00,,,3,$21.00,,actual
2023-09-16,9/14/23,2023,Staff,Collards - bunch,$4.00,,,4,$16.00,,actual
2023-09-16,9/14/23,2023,Staff,Parsley - bunch,$3.00,,,3,$9.00,,actual
2023-09-16,9/14/23,2023,Staff,Pepper Hot - each,$1.00,,,3,$3.00,Variety: Salvatiera,actual
2023-09-16,9/14/23,2023,Staff,Pepper Mini - pint,$3.00,,,3,$9.00,Variety: Lunch box,actual
2023-09-16,9/14/23,2023,Staff,Pepper Shishito - quart,$7.00,,,3,$21.00,,actual
2023-09-16,9/14/23,2023,Staff,Radish French Breakfast - bunch,$3.50,,,3,$10.50,,actual
2023-09-16,9/14/23,2023,Staff,Radish Round Purple - bunch,$3.50,,,4,$14.00,,actual
2023-09-16,9/14/23,2023,Staff,Summer Mix - 1/3 lb,$6.00,,,3,$18.00,,actual
2023-09-16,9/14/23,2023,Staff,Beets Red - bunch,$4.00,,,3,$12.00,,actual
2023-09-16,9/14/23,2023,Staff,Kale Curly - bunch,$4.00,,,3,$12.00,,actual
2023-09-16,9/14/23,2023,Staff,Beets Golden - bunch,$4.00,,,1,$4.00,,actual
2023-09-16,9/14/23,2023,Staff,Pepper Shishito - pint,$4.00,,,2,$8.00,,actual
2023-09-16,9/14/23,2023,Staff,Tomato Cherry - pint,$4.00,,,2,$8.00,Variety: Rainbow,actual
2023-09-16,9/14/23,2023,Staff,Pepper Carmen - lb,$4.00,,,20,$80.00,,actual
2023-09-16,9/14/23,2023,Staff,Radish Round - bunch,$3.50,,,1,$3.50,,actual
2023-09-16,9/14/2023,2023,Emmet,Kale Lacinato - bunch,$2.50,,,24,$60.00,,actual
2023-09-16,9/14/2023,2023,Emmet,Collards - bunch,$2.50,,,6,$15.00,,actual
2023-09-16,9/14/2023,2023,Emmet,Cucumber - lb,$1.65,,,8,$13.20,,actual
2023-09-16,9/14/2023,2023,Emmet,Pepper Carmen - lb,$3.50,,,10,$35.00,,actual
2023-09-16,9/14/2023,2023,Emmet,Pepper Hot - lb,$6.00,,,2,$12.00,,actual
2023-09-16,9/14/23,2023,HNC,Collards - bunch,$2.50,,,15,$37.50,,actual
2023-09-16,9/14/23,2023,HNC,Chard - bunch,$2.50,,,15,$37.50,,actual
2023-09-16,9/14/23,2023,HNC,Kale Lacinato - bunch,$2.50,,,60,$150.00,,actual
2023-09-16,9/14/23,2023,HNC,Kale Curly - bunch,$2.50,,,45,$112.50,,actual
2023-09-16,9/14/23,2023,HNC,Dandelion - bunch,$2.50,,,20,$50.00,,actual
2023-09-16,9/14/23,2023,HNC,Radish Round Purple - bunch,$2.25,,,35,$78.75,,actual
2023-09-16,9/14/23,2023,HNC,Pepper Carmen - lb,$3.50,,,45,$157.50,,actual
2023-09-16,9/14/23,2023,HNC,Tomato Cherry - pint,$3.50,,,30,$105.00,Variety: Rainbow,actual
2023-09-16,9/14/23,2023,HNC,Tomato Cherry - pint,$3.50,,,30,$105.00,Variety: Sungold,actual
2023-09-16,9/14/23,2023,HNC,Cucumber - lb,$1.65,,,85,$140.25,,actual
2023-09-17,9/15/23,2023,Staff,Pepper Carmen - lb,$4.00,,,17,$68.00,,actual
2023-09-20,9/19/2023,2023,HNC,Cucumber - lb,$1.65,,,75,$123.75,,actual
2023-09-20,9/19/2023,2023,HNC,Pepper Carmen - lb,$3.50,,,35,$122.50,,actual
2023-09-20,9/19/2023,2023,HNC,Pepper Hot - lb,$6.00,,,7,$42.00,,actual
2023-09-20,9/19/2023,2023,HNC,Dandelion - bunch,$2.50,,,15,$37.50,,actual
2023-09-20,9/19/2023,2023,HNC,Tomato Cherry - pint,$3.50,,,40,$140.00,,actual
2023-09-20,9/19/2023,2023,HNC,Tomato Cherry - pint,$3.50,,,40,$140.00,,actual
2023-09-23,9/21/2023,2023,Misc - KFM Pickup,Broccolini - bunch,$5.40,,,30,$162.00,,actual
2023-09-23,9/21/2023,2023,Misc - KFM Pickup,Winter Squash Delicata - lb,$3.15,,,40,$126.00,,actual
2023-09-23,9/21/2023,2023,Misc - KFM Pickup,Radish Round - bunch,$3.15,,,12,$37.80,,actual
2023-09-23,9/21/2023,2023,Misc - KFM Pickup,Kale Curly - bunch,$3.60,,,12,$43.20,,actual
2023-09-23,9/21/2023,2023,Misc - KFM Pickup,Kale Lacinato - bunch,$3.60,,,13,$46.80,,actual
2023-09-23,9/21/2023,2023,Misc - KFM Pickup,Chard - bunch,$3.60,,,15,$54.00,,actual
2023-09-23,9/21/2023,2023,Misc - KFM Pickup,Pepper Carmen - lb,$4.50,,,30,$135.00,,actual
2023-09-23,9/21/2023,2023,Misc - KFM Pickup,Arugula - lb,$16.20,,,10,$162.00,,actual
2023-09-23,9/21/2023,2023,Emmet,Pepper Carmen - lb,$3.50,,,12,$42.00,,actual
2023-09-23,9/21/2023,2023,Emmet,Kohlrabi - bunch,$2.50,,,8,$20.00,,actual
2023-09-23,9/21/2023,2023,Emmet,Radish Round Purple - bunch,$2.25,,,6,$13.50,,actual
2023-09-23,9/21/2023,2023,Emmet,Pepper Hot - lb,$6.00,,,1,$6.00,Variety: Jalapeno,actual
2023-09-23,9/21/2023,2023,Emmet,Cucumber - lb,$1.65,,,4.8,$7.92,,actual
2023-09-23,9/21/2023,2023,Staff,Pepper Carmen - lb,$4.00,,,19,$76.00,,actual
2023-09-23,9/21/2023,2023,Staff,Broccolini - bunch,$5.00,,,12,$60.00,,actual
2023-09-23,9/21/2023,2023,Staff,Winter Squash Delicata - lb,$3.00,,,12,$36.00,,actual
2023-09-23,9/21/2023,2023,Staff,Garlic - lb,$14.00,,,10,$140.00,,actual
2023-09-23,9/21/2023,2023,Staff,Tomato Heirloom - lb,$4.50,,,9,$40.50,Variety: BeOrange,actual
2023-09-23,9/21/2023,2023,Staff,Pepper Hot - each,$1.00,,,7,$7.00,Variety: Jalapeno,actual
2023-09-23,9/21/2023,2023,Staff,Cabbage Chinese - lb,$2.00,,,6,$12.00,,actual
2023-09-23,9/21/2023,2023,Staff,Kale Lacinato - bunch,$4.00,,,6,$24.00,,actual
2023-09-23,9/21/2023,2023,Staff,Parsley - bunch,$3.00,,,6,$18.00,,actual
2023-09-23,9/21/2023,2023,Staff,Collards - bunch,$4.00,,,5,$20.00,,actual
2023-09-23,9/21/2023,2023,Staff,Tomato Cherry - pint,$4.00,,,5,$20.00,Variety: Sungold,actual
2023-09-23,9/21/2023,2023,Staff,Carrot - bunch,$5.00,,,4,$20.00,,actual
2023-09-23,9/21/2023,2023,Staff,Arugula - 1/3 lb,$6.00,,,3,$18.00,,actual
2023-09-23,9/21/2023,2023,Staff,Cucumber - lb,$3.00,,,3,$9.00,,actual
2023-09-23,9/21/2023,2023,Staff,Pepper Hot - each,$1.00,,,3,$3.00,Variety: Salvatiera,actual
2023-09-23,9/21/2023,2023,Staff,Summer Mix - 2/3 lb,$11.00,,,3,$33.00,,actual
2023-09-23,9/21/2023,2023,Staff,Basil - bunch,$3.00,,,2,$6.00,,actual
2023-09-23,9/21/2023,2023,Staff,Braising Mix - 1/2 lb,$4.00,,,2,$8.00,Variety: rosie,actual
2023-09-23,9/21/2023,2023,Staff,Kohlrabi - bunch,$3.50,,,2,$7.00,,actual
2023-09-23,9/21/2023,2023,Staff,Pepper Mini - quart,$6.00,,,2,$12.00,Variety: Lunch box,actual
2023-09-23,9/21/2023,2023,Staff,Arugula - 2/3 lb,$11.00,,,1,$11.00,,actual
2023-09-23,9/21/2023,2023,Staff,Beets Golden - bunch,$4.00,,,1,$4.00,,actual
2023-09-23,9/21/2023,2023,Staff,Beets Red - bunch,$4.00,,,1,$4.00,,actual
2023-09-23,9/21/2023,2023,Staff,Braising Mix - 1/2 lb,$4.00,,,1,$4.00,Variety: cheap frills,actual
2023-09-23,9/21/2023,2023,Staff,Kale Curly - bunch,$4.00,,,1,$4.00,,actual
2023-09-23,9/21/2023,2023,Staff,Radish Round Purple - bunch,$3.50,,,1,$3.50,,actual
2023-09-23,9/21/2023,2023,HNC,Collards - bunch,$2.50,,,24,$60.00,,actual
2023-09-23,9/21/2023,2023,HNC,Chard - bunch,$2.50,,,24,$60.00,,actual
2023-09-23,9/21/2023,2023,HNC,Dandelion - bunch,$2.50,,,24,$60.00,,actual
2023-09-23,9/21/2023,2023,HNC,Kale Curly - bunch,$2.50,,,45,$112.50,,actual
2023-09-23,9/21/2023,2023,HNC,Kale Lacinato - bunch,$2.50,,,60,$150.00,,actual
2023-09-23,9/21/2023,2023,HNC,Broccolini - bunch,$3.75,,,50,$187.50,,actual
2023-09-23,9/21/2023,2023,HNC,Radish Round Purple - bunch,$2.25,,,24,$54.00,,actual
2023-09-23,9/21/2023,2023,HNC,Pepper Carmen - lb,$3.50,,,30,$105.00,,actual
2023-09-23,9/21/2023,2023,HNC,Cucumber - lb,$1.65,,,85,$140.25,,actual
2023-09-27,9/26/23,2023,HNC,Dandelion - bunch,$2.50,,,24,$60.00,,actual
2023-09-27,9/26/23,2023,HNC,Chard - bunch,$2.50,,,15,$37.50,,actual
2023-09-27,9/26/23,2023,HNC,Kale Lacinato - bunch,$2.50,,,40,$100.00,,actual
2023-09-27,9/26/23,2023,HNC,Radish Round Purple - bunch,$2.25,,,24,$54.00,,actual
2023-09-27,9/26/23,2023,HNC,Pepper Hot - lb,$6.00,,,12,$72.00,,actual
2023-09-30,9/28/2023,2023,Misc - Wed Pickup,Kale Curly - bunch,$3.00,,,12,$36.00,,actual
2023-09-30,9/28/2023,2023,Misc - Wed Pickup,Kale Lacinato - bunch,$3.00,,,12,$36.00,,actual
2023-09-30,9/28/2023,2023,Staff,Pepper Carmen - lb,$4.00,,,22,$88.00,,actual
2023-09-30,9/28/2023,2023,Staff,Broccolini - bunch,$5.00,,,13,$65.00,,actual
2023-09-30,9/28/2023,2023,Staff,Garlic - lb,$14.00,,,13,$182.00,,actual
2023-09-30,9/28/2023,2023,Staff,Winter Squash Delicata - lb,$3.00,,,10,$30.00,,actual
2023-09-30,9/28/2023,2023,Staff,Tomato Cherry - pint,$4.00,,,7,$28.00,Variety: Sungold,actual
2023-09-30,9/28/2023,2023,Staff,Carrot - bunch,$5.00,,,6,$30.00,,actual
2023-09-30,9/28/2023,2023,Staff,Cucumber - lb,$3.00,,,5,$15.00,,actual
2023-09-30,9/28/2023,2023,Staff,Kale Lacinato - bunch,$4.00,,,5,$20.00,,actual
2023-09-30,9/28/2023,2023,Staff,Escarole - head,$5.00,,,5,$25.00,,actual
2023-09-30,9/28/2023,2023,Staff,Pepper Mini - quart,$6.00,,,4,$24.00,Variety: Lunch box,actual
2023-09-30,9/28/2023,2023,Staff,Beets Red - bunch,$4.00,,,3,$12.00,,actual
2023-09-30,9/28/2023,2023,Staff,Turnip - bunch,$4.00,,,3,$12.00,,actual
2023-09-30,9/28/2023,2023,Staff,Celery - bunch,$4.00,,,3,$12.00,,actual
2023-09-30,9/28/2023,2023,Staff,Cabbage Chinese - lb,$2.00,,,2,$4.00,,actual
2023-09-30,9/28/2023,2023,Staff,Dandelion - bunch,$4.00,,,2,$8.00,,actual
2023-09-30,9/28/2023,2023,Staff,Parsley - bunch,$3.00,,,2,$6.00,,actual
2023-09-30,9/28/2023,2023,Staff,Pepper Hot - each,$1.00,,,2,$2.00,Variety: Jalapeno,actual
2023-09-30,9/28/2023,2023,Staff,Beets Golden - bunch,$4.00,,,1,$4.00,,actual
2023-09-30,9/28/2023,2023,Staff,Braising Mix - 1/2 lb,$4.00,,,1,$4.00,Variety: cheap frills,actual
2023-09-30,9/28/2023,2023,Staff,Collards - bunch,$4.00,,,1,$4.00,,actual
2023-09-30,9/28/2023,2023,Staff,Kale Curly - bunch,$4.00,,,1,$4.00,,actual
2023-09-30,9/28/2023,2023,Staff,Kohlrabi - bunch,$3.50,,,1,$3.50,,actual
2023-09-30,9/28/2023,2023,Staff,Pepper Shishito - quart,$7.00,,,1,$7.00,,actual
2023-09-30,9/28/2023,2023,Staff,Radish French Breakfast - bunch,$3.50,,,1,$3.50,,actual
2023-09-30,9/28/2023,2023,Staff,Summer Mix - 2/3 lb,$11.00,,,1,$11.00,,actual
2023-09-30,9/28/2023,2023,Staff,Tomato Cherry - pint,$4.00,,,1,$4.00,Variety: Rainbow,actual
2023-09-30,9/28/2023,2023,Staff,Tomato Heirloom - lb,$4.50,,,1,$4.50,Variety: BeOrange,actual
2023-09-30,9/28/2023,2023,Staff,Komatsuna - bunch,$4.00,,,1,$4.00,,actual
2023-09-30,9/28/2023,2023,HNC,Cucumber - lb,$1.65,,,75,$123.75,,actual
2023-09-30,9/28/2023,2023,HNC,Turnip - bunch,$2.50,,,24,$60.00,,actual
2023-09-30,9/28/2023,2023,HNC,Dandelion - bunch,$2.50,,,24,$60.00,,actual
2023-09-30,9/28/2023,2023,HNC,Collards - bunch,$2.50,,,24,$60.00,,actual
2023-09-30,9/28/2023,2023,HNC,Chard - bunch,$2.50,,,24,$60.00,,actual
2023-09-30,9/28/2023,2023,HNC,Kale Lacinato - bunch,$2.50,,,60,$150.00,,actual
2023-09-30,9/28/2023,2023,HNC,Kale Curly - bunch,$2.50,,,40,$100.00,,actual
2023-09-30,9/28/2023,2023,HNC,Radish Round Purple - bunch,$2.25,,,24,$54.00,,actual
2023-10-04,10/3/23,2023,HNC,Kale Lacinato - bunch,$2.50,,,45,$112.50,,actual
2023-10-04,10/3/23,2023,HNC,Kale Curly - bunch,$2.50,,,30,$75.00,,actual
2023-10-04,10/3/23,2023,HNC,Turnip - bunch,$2.50,,,12,$30.00,,actual
2023-10-04,10/3/23,2023,HNC,Dandelion - bunch,$2.50,,,15,$37.50,,actual
2023-10-04,10/3/23,2023,HNC,Collards - bunch,$2.50,,,15,$37.50,,actual
2023-10-04,10/3/23,2023,HNC,Chard - bunch,$2.50,,,15,$37.50,,actual
2023-10-04,10/3/23,2023,HNC,Radish Round Purple - bunch,$2.25,,,20,$45.00,,actual
2023-10-07,10/5/23,2023,Misc - KFM Pickup,Kale Curly - bunch,$4.00,,,30,$120.00,,actual
2023-10-07,10/5/23,2023,Misc - KFM Pickup,Pepper Mini - pint,$3.00,,,30,$90.00,,actual
2023-10-07,10/5/23,2023,Staff,Garlic - lb,$14.00,,,11,$154.00,,actual
2023-10-07,10/5/23,2023,Staff,Potato White - lb,$3.00,,,11,$33.00,,actual
2023-10-07,10/5/23,2023,Staff,Winter Squash Honeynut - lb,$3.00,,,11,$33.00,,actual
2023-10-07,10/5/23,2023,Staff,Broccolini - bunch,$5.00,,,8,$40.00,,actual
2023-10-07,10/5/23,2023,Staff,Scallion - bunch,$3.00,,,8,$24.00,,actual
2023-10-07,10/5/23,2023,Staff,Cauliflower Sprouting - lb,$3.50,,,7,$24.50,,actual
2023-10-07,10/5/23,2023,Staff,Tomato Heirloom - lb,$4.50,,,7,$31.50,Variety: BeOrange,actual
2023-10-07,10/5/23,2023,Staff,Cabbage - lb,$2.00,,,6,$12.00,Variety: Caralex,actual
2023-10-07,10/5/23,2023,Staff,Carrot - bunch,$5.00,,,5,$25.00,,actual
2023-10-07,10/5/23,2023,Staff,Kale Lacinato - bunch,$4.00,,,5,$20.00,,actual
2023-10-07,10/5/23,2023,Staff,Tomato Cherry - pint,$4.00,,,5,$20.00,Variety: Sungold,actual
2023-10-07,10/5/23,2023,Staff,Arugula - 1/3 lb,$6.00,,,4,$24.00,,actual
2023-10-07,10/5/23,2023,Staff,Pepper Carmen - lb,$4.00,,,4,$16.00,,actual
2023-10-07,10/5/23,2023,Staff,Pepper Mini - quart,$6.00,,,4,$24.00,Variety: Lunch box,actual
2023-10-07,10/5/23,2023,Staff,Turnip - bunch,$4.00,,,4,$16.00,,actual
2023-10-07,10/5/23,2023,Staff,Winter Squash Delicata - lb,$3.00,,,4,$12.00,,actual
2023-10-07,10/5/23,2023,Staff,Dandelion - bunch,$4.00,,,3,$12.00,,actual
2023-10-07,10/5/23,2023,Staff,Summer Mix - 2/3 lb,$11.00,,,3,$33.00,,actual
2023-10-07,10/5/23,2023,Staff,Arugula - 2/3 lb,$11.00,,,2,$22.00,,actual
2023-10-07,10/5/23,2023,Staff,Celery - bunch,$4.00,,,2,$8.00,,actual
2023-10-07,10/5/23,2023,Staff,Escarole - head,$5.00,,,2,$10.00,,actual
2023-10-07,10/5/23,2023,Staff,Kale Curly - bunch,$4.00,,,2,$8.00,,actual
2023-10-07,10/5/23,2023,Staff,Braising Mix - 1/2 lb,$4.00,,,1,$4.00,Variety: rosie,actual
2023-10-07,10/5/23,2023,Staff,Kohlrabi - bunch,$3.50,,,1,$3.50,,actual
2023-10-07,10/5/23,2023,Staff,Pepper Hot - each,$1.00,,,1,$1.00,Variety: Jalapeno,actual
2023-10-07,10/5/23,2023,Staff,Radish French Breakfast - bunch,$3.50,,,1,$3.50,,actual
2023-10-07,10/5/23,2023,Staff,Summer Mix - 1/3 lb,$6.00,,,1,$6.00,,actual
2023-10-07,10/5/23,2023,Staff,Tomato Cherry - pint,$4.00,,,1,$4.00,Variety: Rainbow,actual
2023-10-07,10/5/2023,2023,Emmet,Kale Lacinato - bunch,$2.50,,,20,$50.00,,actual
2023-10-07,10/5/2023,2023,Emmet,Dandelion - bunch,$2.50,,,12,$30.00,,actual
2023-10-07,10/5/2023,2023,Emmet,Chard - bunch,$2.50,,,2,$5.00,,actual
2023-10-07,10/5/2023,2023,Emmet,Pepper Shishito - lb,$5.00,,,1,$5.00,,actual
2023-10-07,10/5/2023,2023,Emmet,Escarole - head,$4.00,,,1,$4.00,,actual
2023-10-07,10/5/2023,2023,Emmet,Winter Squash Delicata - lb,$3.50,,,10,$35.00,,actual
2023-10-07,10/5/2023,2023,Emmet,Fall Mix - lb,$16.67,,,1.5,$25.01,,actual
2023-10-07,10/5/23,2023,HNC,Kale Curly - bunch,$2.50,,,50,$125.00,,actual
2023-10-07,10/5/23,2023,HNC,Kale Lacinato - bunch,$2.50,,,70,$175.00,,actual
2023-10-07,10/5/23,2023,HNC,Chard - bunch,$2.50,,,15,$37.50,,actual
2023-10-07,10/5/23,2023,HNC,Collards - bunch,$2.50,,,15,$37.50,,actual
2023-10-07,10/5/23,2023,HNC,Dandelion - bunch,$2.50,,,24,$60.00,,actual
2023-10-07,10/5/23,2023,HNC,Radish Round Purple - bunch,$2.25,,,20,$45.00,,actual
2023-10-07,10/5/23,2023,HNC,Turnip - bunch,$2.50,,,24,$60.00,,actual
2023-10-07,10/5/23,2023,HNC,Broccolini - bunch,$3.75,,,50,$187.50,,actual
2023-10-11,10/10/2023,2023,HNC,Kale Lacinato - bunch,$2.50,,,55,$137.50,,actual
2023-10-11,10/10/2023,2023,HNC,Kale Curly - bunch,$2.50,,,25,$62.50,,actual
2023-10-11,10/10/2023,2023,HNC,Collards - bunch,$2.50,,,10,$25.00,,actual
2023-10-11,10/10/2023,2023,HNC,Chard - bunch,$2.50,,,12,$30.00,,actual
2023-10-11,10/10/2023,2023,HNC,Turnip - bunch,$2.50,,,12,$30.00,,actual
2023-10-11,10/10/2023,2023,HNC,Dandelion - bunch,$2.50,,,24,$60.00,,actual
2023-10-11,10/10/2023,2023,HNC,Pepper Hot - lb,$6.00,,,5,$30.00,,actual
2023-10-11,10/10/2023,2023,HNC,Winter Squash Delicata - lb,$1.75,,,30,$52.50,,actual
2023-10-11,10/10/2023,2023,HNC,Pepper Shishito - lb,$5.00,,,5,$25.00,,actual
2023-10-14,10/12/2023,2023,Emmet,Celery - bunch,$2.50,,,6,$15.00,,actual
2023-10-14,10/12/2023,2023,Emmet,Braising Mix - 1/2 lb,$2.50,,,8,$20.00,,actual
2023-10-14,10/12/2023,2023,Emmet,Braising Mix - 1/2 lb,$2.50,,,3,$7.50,,actual
2023-10-14,10/12/2023,2023,Emmet,Chard - bunch,$2.50,,,2,$5.00,,actual
2023-10-14,10/12/2023,2023,Emmet,Pepper Hot - lb,$6.00,,,1,$6.00,,actual
2023-10-14,10/12/2023,2023,Emmet,Winter Squash Delicata - lb,$1.75,,,15,$26.25,,actual
2023-10-14,10/12/2023,2023,Emmet,Broccolini - bunch,$6.00,,,10,$60.00,,actual
2023-10-14,10/12/2023,2023,Staff,Garlic - lb,$14.00,,,24,$336.00,,actual
2023-10-14,10/12/2023,2023,Staff,Winter Squash Honeynut - lb,$3.00,,,16,$48.00,,actual
2023-10-14,10/12/2023,2023,Staff,Potato White - lb,$3.00,,,11,$33.00,,actual
2023-10-14,10/12/2023,2023,Staff,Pepper Hot - each,$1.00,,,10,$10.00,Variety: Jalapeno,actual
2023-10-14,10/12/2023,2023,Staff,Tomato Heirloom - lb,$4.50,,,8,$36.00,Variety: BeOrange,actual
2023-10-14,10/12/2023,2023,Staff,Broccolini - bunch,$5.00,,,7,$35.00,,actual
2023-10-14,10/12/2023,2023,Staff,Cauliflower Sprouting - lb,$3.50,,,7,$24.50,,actual
2023-10-14,10/12/2023,2023,Staff,Cilantro - bunch,$3.00,,,7,$21.00,,actual
2023-10-14,10/12/2023,2023,Staff,Kale Lacinato - bunch,$4.00,,,7,$28.00,,actual
2023-10-14,10/12/2023,2023,Staff,Cabbage - lb,$2.00,,,6,$12.00,Variety: Caraflex,actual
2023-10-14,10/12/2023,2023,Staff,Tomato Cherry - pint,$4.00,,,6,$24.00,Variety: Sungold,actual
2023-10-14,10/12/2023,2023,Staff,Collards - bunch,$4.00,,,5,$20.00,,actual
2023-10-14,10/12/2023,2023,Staff,Radicchio  - lb,$6.00,,,5,$30.00,,actual
2023-10-14,10/12/2023,2023,Staff,Carrot - bunch,$5.00,,,4,$20.00,,actual
2023-10-14,10/12/2023,2023,Staff,Pepper Carmen - lb,$4.00,,,4,$16.00,,actual
2023-10-14,10/12/2023,2023,Staff,Radicchio Variegated - lb,$6.00,,,4,$24.00,,actual
2023-10-14,10/12/2023,2023,Staff,Radish Round - bunch,$3.50,,,4,$14.00,,actual
2023-10-14,10/12/2023,2023,Staff,Turnip - bunch,$4.00,,,4,$16.00,Variety: Violet Queen,actual
2023-10-14,10/12/2023,2023,Staff,Winter Squash Delicata - lb,$3.00,,,4,$12.00,,actual
2023-10-14,10/12/2023,2023,Staff,Cabbage - lb,$2.00,,,3,$6.00,Variety: Savoy,actual
2023-10-14,10/12/2023,2023,Staff,Summer Mix - 2/3 lb,$11.00,,,3,$33.00,,actual
2023-10-14,10/12/2023,2023,Staff,Braising Mix - 1/2 lb,$4.00,,,2,$8.00,Variety: rosie,actual
2023-10-14,10/12/2023,2023,Staff,Chard - bunch,$4.00,,,2,$8.00,,actual
2023-10-14,10/12/2023,2023,Staff,Kale Curly - bunch,$4.00,,,2,$8.00,,actual
2023-10-14,10/12/2023,2023,Staff,Arugula - 1/3 lb,$6.00,,,1,$6.00,,actual
2023-10-14,10/12/2023,2023,Staff,Kohlrabi - bunch,$3.50,,,1,$3.50,,actual
2023-10-14,10/12/2023,2023,Staff,Pepper Mini - quart,$6.00,,,1,$6.00,Variety: Lunch box,actual
2023-10-14,10/12/2023,2023,Staff,Pepper Shishito - quart,$7.00,,,1,$7.00,,actual
2023-10-14,10/12/2023,2023,Staff,Radicchio Specialty - lb,$6.00,,,1,$6.00,Variety: Puntarelle,actual
2023-10-14,10/12/2023,2023,Staff,Summer Mix - 1/3 lb,$6.00,,,1,$6.00,,actual
2023-10-14,10/12/2023,2023,Staff,Tomato Cherry - pint,$4.00,,,1,$4.00,Variety: Rainbow,actual
2023-10-14,10/12/2023,2023,HNC,Turnip - bunch,$2.50,,,15,$37.50,,actual
2023-10-14,10/12/2023,2023,HNC,Chard - bunch,$2.50,,,24,$60.00,,actual
2023-10-14,10/12/2023,2023,HNC,Collards - bunch,$2.50,,,24,$60.00,,actual
2023-10-14,10/12/2023,2023,HNC,Kale Lacinato - bunch,$2.50,,,70,$175.00,,actual
2023-10-14,10/12/2023,2023,HNC,Kale Curly - bunch,$2.50,,,50,$125.00,,actual
2023-10-14,10/12/2023,2023,HNC,Winter Squash Delicata - lb,$1.75,,,15,$26.25,,actual
2023-10-18,10/17/2023,2023,HNC,Kale Lacinato - bunch,$2.50,,,60,$150.00,,actual
2023-10-18,10/17/2023,2023,HNC,Kale Curly - bunch,$2.50,,,45,$112.50,,actual
2023-10-18,10/17/2023,2023,HNC,Chard - bunch,$2.50,,,23,$57.50,,actual
2023-10-18,10/17/2023,2023,HNC,Dandelion - bunch,$2.50,,,24,$60.00,,actual
2023-10-18,10/17/2023,2023,HNC,Turnip - bunch,$2.50,,,15,$37.50,,actual
2023-10-18,10/17/2023,2023,HNC,Collards - bunch,$2.50,,,15,$37.50,,actual
2023-10-18,10/17/2023,2023,HNC,Pepper Hot - lb,$6.00,,,10,$60.00,,actual
2023-10-18,10/17/2023,2023,HNC,Cilantro - bunch,$2.25,,,40,$90.00,,actual
2023-10-21,10/19/2023,2023,Misc - KFM Pickup,Collards - bunch,$2.50,,,50,$125.00,,actual
2023-10-21,10/19/2023,2023,Misc - Wed Pickup,Kale Lacinato - bunch,$4.00,,,4,$16.00,,actual
2023-10-21,10/19/2023,2023,Misc - Wed Pickup,Cabbage - lb,$2.00,,,2,$4.00,Variety: Red,actual
2023-10-21,10/19/2023,2023,Misc - Wed Pickup,Potato White - lb,$3.00,,,4,$12.00,,actual
2023-10-21,10/19/2023,2023,Staff,Potato White - lb,$3.00,,,13,$39.00,,actual
2023-10-21,10/19/2023,2023,Staff,Garlic - lb,$14.00,,,12,$168.00,,actual
2023-10-21,10/19/2023,2023,Staff,Winter Squash Honeynut - lb,$3.00,,,9,$27.00,,actual
2023-10-21,10/19/2023,2023,Staff,Carrot - bunch,$5.00,,,8,$40.00,,actual
2023-10-21,10/19/2023,2023,Staff,Tomato Heirloom - lb,$4.50,,,8,$36.00,Variety: BeOrange,actual
2023-10-21,10/19/2023,2023,Staff,Broccolini - bunch,$5.00,,,7,$35.00,,actual
2023-10-21,10/19/2023,2023,Staff,Pepper Mini - quart,$6.00,,,7,$42.00,Variety: Lunch box,actual
2023-10-21,10/19/2023,2023,Staff,Cabbage - lb,$2.00,,,6,$12.00,Variety: Caraflex,actual
2023-10-21,10/19/2023,2023,Staff,Cauliflower,$0.00,,,6,$0.00,Variety: Green,actual
2023-10-21,10/19/2023,2023,Staff,Cilantro - bunch,$3.00,,,6,$18.00,,actual
2023-10-21,10/19/2023,2023,Staff,Tomato Cherry - pint,$4.00,,,6,$24.00,Variety: Sungold,actual
2023-10-21,10/19/2023,2023,Staff,Braising Mix - 1/2 lb,$4.00,,,4,$16.00,,actual
2023-10-21,10/19/2023,2023,Staff,Kale Curly - bunch,$4.00,,,4,$16.00,,actual
2023-10-21,10/19/2023,2023,Staff,Kale Lacinato - bunch,$4.00,,,4,$16.00,,actual
2023-10-21,10/19/2023,2023,Staff,Pepper Hot - each,$1.00,,,4,$4.00,Variety: Jalapeno,actual
2023-10-21,10/19/2023,2023,Staff,Arugula - 1/3 lb,$6.00,,,3,$18.00,,actual
2023-10-21,10/19/2023,2023,Staff,Parsley - bunch,$3.00,,,3,$9.00,,actual
2023-10-21,10/19/2023,2023,Staff,Radicchio  - lb,$6.00,,,3,$18.00,,actual
2023-10-21,10/19/2023,2023,Staff,Radish Round - bunch,$3.50,,,3,$10.50,,actual
2023-10-21,10/19/2023,2023,Staff,Turnip - bunch,$4.00,,,3,$12.00,Variety: Scarlet,actual
2023-10-21,10/19/2023,2023,Staff,Winter Squash Delicata - lb,$3.00,,,3,$9.00,,actual
2023-10-21,10/19/2023,2023,Staff,Celery - bunch,$4.00,,,2,$8.00,,actual
2023-10-21,10/19/2023,2023,Staff,Collards - bunch,$4.00,,,2,$8.00,,actual
2023-10-21,10/19/2023,2023,Staff,Fennel -,$0.00,,,2,$0.00,,actual
2023-10-21,10/19/2023,2023,Staff,Pepper Carmen - lb,$4.00,,,2,$8.00,,actual
2023-10-21,10/19/2023,2023,Staff,Radicchio Variegated - lb,$6.00,,,2,$12.00,,actual
2023-10-21,10/19/2023,2023,Staff,Tomato Cherry - pint,$4.00,,,2,$8.00,Variety: Rainbow,actual
2023-10-21,10/19/2023,2023,Staff,Turnip - bunch,$4.00,,,2,$8.00,Variety: Violet Queen,actual
2023-10-21,10/19/2023,2023,Staff,Turnip - bunch,$4.00,,,2,$8.00,Variety: Hakurei,actual
2023-10-21,10/19/2023,2023,Staff,Cabbage - lb,$2.00,,,1,$2.00,Variety: Savoy,actual
2023-10-21,10/19/2023,2023,Staff,Cauliflower Sprouting - lb,$3.50,,,1,$3.50,,actual
2023-10-21,10/19/2023,2023,Staff,Kohlrabi - bunch,$3.50,,,1,$3.50,,actual
2023-10-21,10/19/2023,2023,Staff,Pepper Hot - each,$1.00,,,1,$1.00,Variety: Salvatiera,actual
2023-10-21,10/19/2023,2023,Staff,Pepper Shishito - pint,$4.00,,,1,$4.00,,actual
2023-10-21,10/19/2023,2023,Staff,Puntarelle,$0.00,,,1,$0.00,,actual
2023-10-21,10/19/2023,2023,HNC,Turnip - bunch,$2.50,,,15,$37.50,,actual
2023-10-21,10/19/2023,2023,HNC,Kale Lacinato - bunch,$2.50,,,85,$212.50,,actual
2023-10-21,10/19/2023,2023,HNC,Kale Curly - bunch,$2.50,,,75,$187.50,,actual
2023-10-21,10/19/2023,2023,HNC,Cilantro - bunch,$2.25,,,60,$135.00,,actual
2023-10-21,10/19/2023,2023,HNC,Dandelion - bunch,$2.50,,,24,$60.00,,actual
2023-10-21,10/19/2023,2023,HNC,Chard - bunch,$2.50,,,24,$60.00,,actual
2023-10-21,10/19/2023,2023,HNC,Collards - bunch,$2.50,,,10,$25.00,,actual
2023-10-21,10/19/2023,2023,HNC,Winter Squash Delicata - lb,$1.75,,,15,$26.25,,actual
2023-10-21,10/19/2023,2023,HNC,Winter Squash Honeynut - lb,$2.50,,,50,$125.00,,actual
2023-10-21,10/19/2023,2023,Emmet,Celery - bunch,$2.50,,,4,$10.00,,actual
2023-10-21,10/19/2023,2023,Emmet,Collards - bunch,$2.50,,,8,$20.00,,actual
2023-10-21,10/19/2023,2023,Emmet,Cilantro - bunch,$2.25,,,5,$11.25,,actual
2023-10-21,10/19/2023,2023,Emmet,Kale Lacinato - bunch,$2.50,,,12,$30.00,,actual
2023-10-21,10/19/2023,2023,Emmet,Broccolini - bunch,$6.00,,,7,$42.00,,actual
2023-10-25,10/24/2023,2023,HNC,Kale Lacinato - bunch,$2.50,,,85,$212.50,,actual
2023-10-25,10/24/2023,2023,HNC,Dandelion - bunch,$2.50,,,24,$60.00,,actual
2023-10-25,10/24/2023,2023,HNC,Winter Squash Honeynut - lb,$2.50,,,50,$125.00,,actual
2023-10-27,10/26/2023,2023,Emmet,Radicchio Specialty - lb,$6.00,,,3,$18.00,Variety: Mix,actual
2023-10-27,10/26/2023,2023,Emmet,Broccolini - bunch,$5.00,,,15,$75.00,,actual
2023-10-27,10/26/2023,2023,Staff,Sweet Potato - lb,$0.00,,,12,$0.00,,actual
2023-10-27,10/26/2023,2023,Staff,Pepper Carmen - lb,$4.00,,,9,$36.00,,actual
2023-10-27,10/26/2023,2023,Staff,Kale Lacinato - bunch,$4.00,,,8,$32.00,,actual
2023-10-27,10/26/2023,2023,Staff,Potato White - lb,$3.00,,,8,$24.00,,actual
2023-10-27,10/26/2023,2023,Staff,Winter Squash Honeynut - lb,$3.00,,,8,$24.00,,actual
2023-10-27,10/26/2023,2023,Staff,Cauliflower - lb,$3.50,,,7,$24.50,Variety: White,actual
2023-10-27,10/26/2023,2023,Staff,Broccolini - bunch,$5.00,,,5,$25.00,,actual
2023-10-27,10/26/2023,2023,Staff,Carrot Bulk - lb,$3.00,,,5,$15.00,,actual
2023-10-27,10/26/2023,2023,Staff,Pepper Mini - quart,$6.00,,,5,$30.00,,actual
2023-10-27,10/26/2023,2023,Staff,Cabbage - lb,$2.00,,,4,$8.00,Variety: Red,actual
2023-10-27,10/26/2023,2023,Staff,Fennel - each,$4.00,,,4,$16.00,,actual
2023-10-27,10/26/2023,2023,Staff,Garlic - lb,$14.00,,,4,$56.00,,actual
2023-10-27,10/26/2023,2023,Staff,Tomato Heirloom - lb,$4.50,,,4,$18.00,,actual
2023-10-27,10/26/2023,2023,Staff,Arugula - 1/3 lb,$6.00,,,3,$18.00,,actual
2023-10-27,10/26/2023,2023,Staff,Cabbage - lb,$2.00,,,3,$6.00,Variety: Green,actual
2023-10-27,10/26/2023,2023,Staff,Fall Mix - 1/3 lb,$6.00,,,3,$18.00,,actual
2023-10-27,10/26/2023,2023,Staff,Fall Mix - 2/3 lb,$11.00,,,3,$33.00,,actual
2023-10-27,10/26/2023,2023,Staff,Braising Mix - 1 lb,$7.00,,,2,$14.00,,actual
2023-10-27,10/26/2023,2023,Staff,Cauliflower - lb,$3.50,,,2,$7.00,Variety: Romanesco,actual
2023-10-27,10/26/2023,2023,Staff,Cauliflower - lb,$3.50,,,2,$7.00,Variety: Purple,actual
2023-10-27,10/26/2023,2023,Staff,Cilantro - bunch,$3.00,,,2,$6.00,,actual
2023-10-27,10/26/2023,2023,Staff,Parsley - bunch,$3.00,,,2,$6.00,,actual
2023-10-27,10/26/2023,2023,Staff,Pepper Hot - each,$1.00,,,2,$2.00,Variety: Jalapeno,actual
2023-10-27,10/26/2023,2023,Staff,Puntarelle - lb,$6.00,,,2,$12.00,,actual
2023-10-27,10/26/2023,2023,Staff,Tomato Cherry - pint,$4.00,,,2,$8.00,Variety: Mixed,actual
2023-10-27,10/26/2023,2023,Staff,Tomato Cherry - pint,$4.00,,,2,$8.00,Variety: Sungold,actual
2023-10-27,10/26/2023,2023,Staff,Winter Squash Acorn Type - lb,$3.00,,,2,$6.00,,actual
2023-10-27,10/26/2023,2023,Staff,Bok Choy - each,$2.00,,,1,$2.00,,actual
2023-10-27,10/26/2023,2023,Staff,Celery - bunch,$4.00,,,1,$4.00,,actual
2023-10-27,10/26/2023,2023,Staff,Collards - bunch,$4.00,,,1,$4.00,,actual
2023-10-27,10/26/2023,2023,Staff,Dandelion - bunch,$4.00,,,1,$4.00,,actual
2023-10-27,10/26/2023,2023,Staff,Kohlrabi Storage - each,$4.00,,,1,$4.00,,actual
2023-10-27,10/26/2023,2023,Staff,Radicchio  - lb,$6.00,,,1,$6.00,,actual
2023-10-27,10/26/2023,2023,Staff,Radicchio Variegated - lb,$6.00,,,1,$6.00,,actual
2023-10-27,10/26/2023,2023,Staff,Turnip - bunch,$4.00,,,1,$4.00,Variety: Purple Top,actual
2023-10-27,10/26/2023,2023,HNC,Dandelion - bunch,$2.50,,,12,$30.00,,actual
2023-10-27,10/26/2023,2023,HNC,Collards - bunch,$2.50,,,24,$60.00,,actual
2023-10-27,10/26/2023,2023,HNC,Kale Lacinato - bunch,$2.50,,,80,$200.00,,actual
2023-10-27,10/26/2023,2023,HNC,Winter Squash Honeynut - lb,$2.50,,,15,$37.50,,actual
2023-11-01,10/31/2023,2023,HNC,Dandelion - bunch,$2.50,,,36,$90.00,,actual
2023-11-01,10/31/2023,2023,HNC,Collards - bunch,$2.50,,,30,$75.00,,actual
2023-11-01,10/31/2023,2023,HNC,Kale Lacinato - bunch,$2.50,,,50,$125.00,,actual
2023-11-01,10/31/2023,2023,HNC,Pepper Hot - lb,$6.00,,,10,$60.00,,actual
2023-11-04,11/2/2023,2023,Emmet,Winter Squash Honeynut - lb,$2.50,,,20,$50.00,,actual
2023-11-04,11/2/2023,2023,Emmet,Kale Lacinato - bunch,$2.50,,,12,$30.00,,actual
2023-11-04,11/2/2023,2023,Emmet,Kale Curly - bunch,$2.50,,,5,$12.50,,actual
2023-11-04,11/2/2023,2023,Emmet,Cabbage - lb,$1.50,,,20.2,$30.30,Variety: Savoy,actual
2023-11-04,11/2/2023,2023,Emmet,Celery - bunch,$2.50,,,8,$20.00,,actual
2023-11-04,11/2/2023,2023,Emmet,Fennel - each,$4.00,,,25,$100.00,,actual
2023-11-04,11/2/2023,2023,Emmet,Turnip Bulk - lb,$3.50,,,15,$52.50,Variety: Red,actual
2023-11-04,11/2/2023,2023,Staff,Pepper Hot - each,$1.00,,,16,$16.00,Variety: Jalapeno,actual
2023-11-04,11/2/2023,2023,Staff,Garlic - lb,$14.00,,,9,$126.00,,actual
2023-11-04,11/2/2023,2023,Staff,Winter Squash Butternut - lb,$2.00,,,7,$14.00,,actual
2023-11-04,11/2/2023,2023,Staff,Broccolini - bunch,$5.00,,,6,$30.00,,actual
2023-11-04,11/2/2023,2023,Staff,Cauliflower - lb,$3.50,,,6,$21.00,Variety: White,actual
2023-11-04,11/2/2023,2023,Staff,Winter Squash Honeynut - lb,$3.00,,,6,$18.00,,actual
2023-11-04,11/2/2023,2023,Staff,Braising Mix - 1 lb,$7.00,,,4,$28.00,,actual
2023-11-04,11/2/2023,2023,Staff,Pepper Carmen - lb,$4.00,,,4,$16.00,,actual
2023-11-04,11/2/2023,2023,Staff,Potato White - lb,$3.00,,,4,$12.00,,actual
2023-11-04,11/2/2023,2023,Staff,Fennel - each,$4.00,,,3,$12.00,,actual
2023-11-04,11/2/2023,2023,Staff,Kale Lacinato - bunch,$4.00,,,3,$12.00,,actual
2023-11-04,11/2/2023,2023,Staff,Pepper Mini - quart,$6.00,,,3,$18.00,,actual
2023-11-04,11/2/2023,2023,Staff,Tomato Cherry - pint,$4.00,,,3,$12.00,Variety: Sungold,actual
2023-11-04,11/2/2023,2023,Staff,Cabbage - lb,$2.00,,,2,$4.00,Variety: Savoy,actual
2023-11-04,11/2/2023,2023,Staff,Cauliflower - lb,$3.50,,,2,$7.00,Variety: Purple,actual
2023-11-04,11/2/2023,2023,Staff,Fall Mix - 2/3 lb,$11.00,,,2,$22.00,,actual
2023-11-04,11/2/2023,2023,Staff,Kale Russian - bunch,$4.00,,,2,$8.00,,actual
2023-11-04,11/2/2023,2023,Staff,Sweet Potatoes - lb,$3.00,,,2,$6.00,,actual
2023-11-04,11/2/2023,2023,Staff,Arugula - 1/3 lb,$6.00,,,1,$6.00,,actual
2023-11-04,11/2/2023,2023,Staff,Cabbage - lb,$2.00,,,1,$2.00,Variety: Green,actual
2023-11-04,11/2/2023,2023,Staff,Carrot Bulk - lb,$3.00,,,1,$3.00,,actual
2023-11-04,11/2/2023,2023,Staff,Cauliflower - lb,$3.50,,,1,$3.50,Variety: Green,actual
2023-11-04,11/2/2023,2023,Staff,Celery - bunch,$4.00,,,1,$4.00,,actual
2023-11-04,11/2/2023,2023,Staff,Cilantro - bunch,$3.00,,,1,$3.00,,actual
2023-11-04,11/2/2023,2023,Staff,Collards - bunch,$4.00,,,1,$4.00,,actual
2023-11-04,11/2/2023,2023,Staff,Fall Mix - 1/3 lb,$6.00,,,1,$6.00,,actual
2023-11-04,11/2/2023,2023,Staff,Radicchio  - lb,$6.00,,,1,$6.00,,actual
2023-11-04,11/2/2023,2023,Staff,Radicchio Variegated - lb,$6.00,,,1,$6.00,,actual
2023-11-04,11/2/2023,2023,HNC,Winter Squash Honeynut - lb,$2.50,,,50,$125.00,,actual
2023-11-04,11/2/2023,2023,HNC,Winter Squash Butternut - lb,$1.50,,,75,$112.50,,actual
2023-11-11,11/9/23,2023,Staff,Pepper Hot - each,$1.00,,,20,$20.00,Variety: jalapeno,actual
2023-11-11,11/9/23,2023,Staff,Winter Squash Honeynut - lb,$3.00,,,12,$36.00,,actual
2023-11-11,11/9/23,2023,Staff,Brussels Sprouts - stalk,$7.00,,,11,$77.00,,actual
2023-11-11,11/9/23,2023,Staff,Cauliflower - lb,$3.50,,,11,$38.50,Variety: white,actual
2023-11-11,11/9/23,2023,Staff,Pepper Hot - each,$1.00,,,10,$10.00,Variety: salvatierra,actual
2023-11-11,11/9/23,2023,Staff,Potato Yellow - lb,$3.00,,,10,$30.00,,actual
2023-11-11,11/9/23,2023,Staff,Winter Squash Specialty - lb,$2.00,,,10,$20.00,Variety: koginut,actual
2023-11-11,11/9/23,2023,Staff,Garlic - lb,$14.00,,,9,$126.00,,actual
2023-11-11,11/9/23,2023,Staff,Kale Lacinato - bunch,$4.00,,,9,$36.00,,actual
2023-11-11,11/9/23,2023,Staff,Spinach - 1/2 lb,$6.00,,,8,$48.00,,actual
2023-11-11,11/9/23,2023,Staff,Broccolini - bunch,$5.00,,,7,$35.00,,actual
2023-11-11,11/9/23,2023,Staff,Carrot Bulk - lb,$3.00,,,7,$21.00,,actual
2023-11-11,11/9/23,2023,Staff,Sweet Potatoes - lb,$3.00,,,6,$18.00,,actual
2023-11-11,11/9/23,2023,Staff,Braising Mix - 1 lb,$7.00,,,5,$35.00,,actual
2023-11-11,11/9/23,2023,Staff,Cilantro - bunch,$3.00,,,5,$15.00,,actual
2023-11-11,11/9/23,2023,Staff,Sweet Potatoes - lb,$3.00,,,5,$15.00,,actual
2023-11-11,11/9/23,2023,Staff,Arugula - 1/3 lb,$6.00,,,4,$24.00,,actual
2023-11-11,11/9/23,2023,Staff,Collards - bunch,$4.00,,,4,$16.00,,actual
2023-11-11,11/9/23,2023,Staff,Fall Mix - 2/3 lb,$11.00,,,4,$44.00,,actual
2023-11-11,11/9/23,2023,Staff,Cabbage - lb,$2.00,,,3,$6.00,Variety: red,actual
2023-11-11,11/9/23,2023,Staff,Cauliflower - lb,$3.50,,,3,$10.50,Variety: purple,actual
2023-11-11,11/9/23,2023,Staff,Celery - bunch,$4.00,,,3,$12.00,,actual
2023-11-11,11/9/23,2023,Staff,Cabbage - lb,$2.00,,,2,$4.00,Variety: savoy,actual
2023-11-11,11/9/23,2023,Staff,Fall Mix - 1/3 lb,$6.00,,,2,$12.00,,actual
2023-11-11,11/9/23,2023,Staff,Parsley - bunch,$3.00,,,2,$6.00,,actual
2023-11-11,11/9/23,2023,Staff,Turnip Bulk - lb,$3.00,,,2,$6.00,Variety: purple top,actual
2023-11-11,11/9/23,2023,Staff,Winter Squash Butternut - lb,$2.00,,,2,$4.00,,actual
2023-11-11,11/9/23,2023,Staff,Arugula - 2/3 lb,$11.00,,,1,$11.00,,actual
2023-11-11,11/9/23,2023,Staff,Cabbage - lb,$2.00,,,1,$2.00,Variety: murdoc,actual
2023-11-11,11/9/23,2023,Staff,Cauliflower - lb,$3.50,,,1,$3.50,Variety: green,actual
2023-11-11,11/9/23,2023,Staff,Dandelion - bunch,$4.00,,,1,$4.00,,actual
2023-11-11,11/9/23,2023,Staff,Fennel - each,$4.00,,,1,$4.00,,actual
2023-11-11,11/9/23,2023,Staff,Kale Curly - bunch,$4.00,,,1,$4.00,,actual
2023-11-11,11/9/23,2023,Staff,Kale Russian - bunch,$4.00,,,1,$4.00,,actual
2023-11-11,11/9/23,2023,Staff,Radicchio Specialty - lb,$6.00,,,1,$6.00,Variety: treviso,actual
2023-11-11,11/9/23,2023,Staff,Radicchio Variegated - lb,$6.00,,,1,$6.00,,actual
2023-11-11,11/9/23,2023,Staff,Radish Mix - bunch,$4.00,,,1,$4.00,,actual
2023-11-11,11/9/23,2023,Staff,Kohlrabi - bunch,$3.50,,,,$0.00,,actual
2023-11-11,11/9/23,2023,Staff,Puntarelle - lb,$6.00,,,,$0.00,,actual
2023-11-11,11/9/23,2023,Staff,Radicchio  - lb,$6.00,,,,$0.00,Variety: round,actual
2023-11-11,11/9/2023,2023,Emmet,Kale Lacinato - bunch,$2.50,,,15,$37.50,,actual
2023-11-11,11/9/2023,2023,Emmet,Cabbage - lb,$1.50,,,18.5,$27.75,Variety: Savoy,actual
2023-11-11,11/9/2023,2023,Emmet,Pepper Hot - lb,$6.00,,,1,$6.00,,actual
2023-11-11,11/9/2023,2023,Emmet,Winter Squash Butternut - lb,$1.50,,,20,$30.00,,actual
2023-11-11,11/9/2023,2023,HNC,Winter Squash Butternut - lb,$1.50,,,75,$112.50,,actual
2023-11-11,11/9/2023,2023,HNC,Winter Squash Honeynut - lb,$2.50,,,80,$200.00,,actual
2023-11-18,11/16/23,2023,Staff,Potato Yellow - lb,$3.00,,,22,$66.00,,actual
2023-11-18,11/16/23,2023,Staff,Brussels Sprouts - stalk,$7.00,,,17,$119.00,,actual
2023-11-18,11/16/23,2023,Staff,Garlic - lb,$14.00,,,13,$182.00,,actual
2023-11-18,11/16/23,2023,Staff,Kale Lacinato - bunch,$4.00,,,12,$48.00,,actual
2023-11-18,11/16/23,2023,Staff,Sweet Potatoes - lb,$3.00,,,11,$33.00,,actual
2023-11-18,11/16/23,2023,Staff,Winter Squash Honeynut - lb,$3.00,,,9,$27.00,,actual
2023-11-18,11/16/23,2023,Staff,Winter Squash Butternut - lb,$2.00,,,8,$16.00,,actual
2023-11-18,11/16/23,2023,Staff,Cauliflower - lb,$3.50,,,7,$24.50,Variety: white,actual
2023-11-18,11/16/23,2023,Staff,Fennel - each,$4.00,,,7,$28.00,,actual
2023-11-18,11/16/23,2023,Staff,Carrot Bulk - lb,$3.00,,,6,$18.00,,actual
2023-11-18,11/16/23,2023,Staff,Fall Mix - 2/3 lb,$11.00,,,6,$66.00,,actual
2023-11-18,11/16/23,2023,Staff,Spinach - 1/2 lb,$6.00,,,5,$30.00,,actual
2023-11-18,11/16/23,2023,Staff,Turnip Bulk - lb,$3.00,,,5,$15.00,Variety: hakurei,actual
2023-11-18,11/16/23,2023,Staff,Winter Squash Specialty - lb,$2.00,,,5,$10.00,Variety: koginut,actual
2023-11-18,11/16/23,2023,Staff,Collards - bunch,$4.00,,,4,$16.00,,actual
2023-11-18,11/16/23,2023,Staff,Parsley - bunch,$3.00,,,4,$12.00,,actual
2023-11-18,11/16/23,2023,Staff,Arugula - 2/3 lb,$11.00,,,3,$33.00,,actual
2023-11-18,11/16/23,2023,Staff,Braising Mix - 1 lb,$7.00,,,3,$21.00,,actual
2023-11-18,11/16/23,2023,Staff,Celery - bunch,$4.00,,,3,$12.00,,actual
2023-11-18,11/16/23,2023,Staff,Radicchio  - lb,$6.00,,,3,$18.00,Variety: round,actual
2023-11-18,11/16/23,2023,Staff,Radicchio Specialty - lb,$6.00,,,3,$18.00,Variety: treviso,actual
2023-11-18,11/16/23,2023,Staff,Sweet Potatoes - lb,$3.00,,,3,$9.00,,actual
2023-11-18,11/16/23,2023,Staff,Cabbage - lb,$2.00,,,2,$4.00,Variety: savoy,actual
2023-11-18,11/16/23,2023,Staff,Dandelion - bunch,$4.00,,,2,$8.00,,actual
2023-11-18,11/16/23,2023,Staff,Arugula - 1/3 lb,$6.00,,,1,$6.00,,actual
2023-11-18,11/16/23,2023,Staff,Cabbage - lb,$2.00,,,1,$2.00,Variety: red,actual
2023-11-18,11/16/23,2023,Staff,Cabbage - lb,$2.00,,,1,$2.00,Variety: murdoc,actual
2023-11-18,11/16/23,2023,Staff,Cauliflower - lb,$3.50,,,1,$3.50,Variety: purple,actual
2023-11-18,11/16/23,2023,Staff,Kale Curly - bunch,$4.00,,,1,$4.00,,actual
2023-11-18,11/16/23,2023,Staff,Kale Russian - bunch,$4.00,,,1,$4.00,,actual
2023-11-18,11/16/23,2023,Staff,Kohlrabi - each,$0.00,,,1,$0.00,,actual
2023-11-18,11/16/23,2023,Staff,Radicchio Variegated - lb,$6.00,,,1,$6.00,,actual
2023-11-18,11/16/23,2023,Staff,Radish Mix - bunch,$4.00,,,1,$4.00,,actual
2023-11-18,11/16/23,2023,Staff,Turnip Bulk - lb,$3.00,,,1,$3.00,Variety: purple top,actual
2023-12-02,11/30/23,2023,Staff,Garlic - lb,$14.00,,,10,$140.00,,actual
2023-12-02,11/30/23,2023,Staff,Potato Yellow - lb,$3.00,,,8,$24.00,,actual
2023-12-02,11/30/23,2023,Staff,Radish Bulk - lb,$3.00,,,7,$21.00,,actual
2023-12-02,11/30/23,2023,Staff,Carrot Bulk - lb,$3.00,,,6,$18.00,,actual
2023-12-02,11/30/23,2023,Staff,Brussels Sprouts - stalk,$7.00,,,5,$35.00,,actual
2023-12-02,11/30/23,2023,Staff,Kale Russian - bunch,$4.00,,,4,$16.00,,actual
2023-12-02,11/30/23,2023,Staff,Arugula - 1/3 lb,$6.00,,,3,$18.00,,actual
2023-12-02,11/30/23,2023,Staff,Spinach - 1/2 lb,$6.00,,,3,$18.00,,actual
2023-12-02,11/30/23,2023,Staff,Winter Squash Butternut - lb,$2.00,,,3,$6.00,,actual
2023-12-02,11/30/23,2023,Staff,Braising Mix - 1 lb,$7.00,,,2,$14.00,,actual
2023-12-02,11/30/23,2023,Staff,Sweet Potatoes - lb,$3.00,,,2,$6.00,Variety: murasaki,actual
2023-12-02,11/30/23,2023,Staff,Winter Mix - 1/3 lb,$6.00,,,2,$12.00,,actual
2023-12-02,11/30/23,2023,Staff,Winter Mix - 2/3 lb,$11.00,,,2,$22.00,,actual
2023-12-02,11/30/23,2023,Staff,Cabbage - lb,$2.00,,,1,$2.00,Variety: savoy,actual
2023-12-02,11/30/23,2023,Staff,Collards - bunch,$4.00,,,1,$4.00,,actual
2023-12-02,11/30/23,2023,Staff,Dandelion - bunch,$4.00,,,1,$4.00,,actual
2023-12-02,11/30/23,2023,Staff,Fennel - each,$4.00,,,1,$4.00,,actual
2023-12-02,11/30/23,2023,Staff,Kale Lacinato - bunch,$4.00,,,1,$4.00,,actual
2023-12-02,11/30/23,2023,Staff,Kohlrabi Storage - each,$4.00,,,1,$4.00,,actual
2023-12-02,11/30/23,2023,Staff,Radicchio Specialty - lb,$6.00,,,1,$6.00,Variety: Blush,actual
2023-12-02,11/30/23,2023,Staff,Turnip Bulk - lb,$3.00,,,1,$3.00,,actual
2023-12-02,11/30/23,2023,Staff,Winter Squash Specialty - lb,$2.00,,,1,$2.00,,actual
2023-12-09,12/7/23,2023,Staff,Bok Choy - each,$2.00,,,12,$24.00,,actual
2023-12-09,12/7/23,2023,Staff,Garlic - lb,$14.00,,,11,$154.00,,actual
2023-12-09,12/7/23,2023,Staff,Cauliflower - lb,$3.50,,,10,$35.00,,actual
2023-12-09,12/7/23,2023,Staff,Carrot Bulk - lb,$3.00,,,7,$21.00,,actual
2023-12-09,12/7/23,2023,Staff,Winter Mix - 2/3 lb,$11.00,,,5,$55.00,,actual
2023-12-09,12/7/23,2023,Staff,Braising Mix - 1 lb,$7.00,,,4,$28.00,,actual
2023-12-09,12/7/23,2023,Staff,Brussels Sprouts - stalk,$7.00,,,4,$28.00,,actual
2023-12-09,12/7/23,2023,Staff,Fennel - each,$4.00,,,4,$16.00,,actual
2023-12-09,12/7/23,2023,Staff,Sweet Potatoes - lb,$3.00,,,4,$12.00,,actual
2023-12-09,12/7/23,2023,Staff,Kale Lacinato - bunch,$4.00,,,3,$12.00,,actual
2023-12-09,12/7/23,2023,Staff,Potato Yellow - lb,$3.00,,,3,$9.00,,actual
2023-12-09,12/7/23,2023,Staff,Spinach - 1/2 lb,$6.00,,,3,$18.00,,actual
2023-12-09,12/7/23,2023,Staff,Winter Squash Butternut - lb,$2.00,,,3,$6.00,,actual
2023-12-09,12/7/23,2023,Staff,Cabbage - lb,$2.00,,,2,$4.00,Variety: Red,actual
2023-12-09,12/7/23,2023,Staff,Chard - bunch,$4.00,,,2,$8.00,,actual
2023-12-09,12/7/23,2023,Staff,Kale Russian - bunch,$4.00,,,2,$8.00,,actual
2023-12-09,12/7/23,2023,Staff,Mustard - bunch,$4.00,,,2,$8.00,,actual
2023-12-09,12/7/23,2023,Staff,Radish Bulk - lb,$3.00,,,2,$6.00,,actual
2023-12-09,12/7/23,2023,Staff,Winter Squash Specialty - lb,$2.00,,,2,$4.00,,actual
2023-12-09,12/7/23,2023,Staff,Arugula - 1/3 lb,$6.00,,,1,$6.00,,actual
2023-12-09,12/7/23,2023,Staff,Collards - bunch,$4.00,,,1,$4.00,,actual
2023-12-09,12/7/23,2023,Staff,Kale Curly - bunch,$4.00,,,1,$4.00,,actual
2023-12-09,12/7/23,2023,Staff,Kohlrabi Storage - each,$4.00,,,1,$4.00,,actual
2023-12-09,12/7/23,2023,Staff,Radicchio  - lb,$6.00,,,1,$6.00,,actual
2023-12-09,12/7/23,2023,Staff,Radicchio Specialty - lb,$6.00,,,1,$6.00,Variety: Blush,actual
2023-12-09,12/7/23,2023,Staff,Radicchio Variegated - lb,$6.00,,,1,$6.00,,actual
2023-12-09,12/7/23,2023,Staff,Winter Mix - 1/3 lb,$6.00,,,1,$6.00,,actual
2023-12-09,12/7/23,2023,Staff,Cabbage - lb,$2.00,,,0,$0.00,Variety: Green,actual
2023-12-09,12/7/23,2023,Staff,Radicchio Specialty - lb,$6.00,,,0,$0.00,Variety: Treviso,actual
2023-12-09,12/7/23,2023,Staff,Turnip Bulk - lb,$3.00,,,0,$0.00,,actual
2023-12-16,12/14/2023,2023,Staff,Cauliflower - lb,$3.50,,,10,$35.00,,actual
2023-12-16,12/14/2023,2023,Staff,Bok Choy - each,$2.00,,,8,$16.00,,actual
2023-12-16,12/14/2023,2023,Staff,Potato Blue - lb,$3.00,,,8,$24.00,,actual
2023-12-16,12/14/2023,2023,Staff,Radish Bulk - lb,$3.00,,,8,$24.00,,actual
2023-12-16,12/14/2023,2023,Staff,Arugula - 1/3 lb,$6.00,,,5,$30.00,,actual
2023-12-16,12/14/2023,2023,Staff,Braising Mix - 1 lb,$7.00,,,4,$28.00,,actual
2023-12-16,12/14/2023,2023,Staff,Carrot Bulk - lb,$3.00,,,4,$12.00,,actual
2023-12-16,12/14/2023,2023,Staff,Sweet Potatoes - lb,$3.00,,,4,$12.00,,actual
2023-12-16,12/14/2023,2023,Staff,Winter Mix - 2/3 lb,$11.00,,,4,$44.00,,actual
2023-12-16,12/14/2023,2023,Staff,Winter Squash Butternut - lb,$2.00,,,4,$8.00,,actual
2023-12-16,12/14/2023,2023,Staff,Winter Squash Specialty - lb,$2.00,,,4,$8.00,Variety: Green,actual
2023-12-16,12/14/2023,2023,Staff,Collards - bunch,$4.00,,,2,$8.00,,actual
2023-12-16,12/14/2023,2023,Staff,Kale Lacinato - bunch,$4.00,,,2,$8.00,,actual
2023-12-16,12/14/2023,2023,Staff,Kale Russian - bunch,$4.00,,,2,$8.00,,actual
2023-12-16,12/14/2023,2023,Staff,Kohlrabi Storage - each,$4.00,,,2,$8.00,,actual
2023-12-16,12/14/2023,2023,Staff,Radicchio Variegated - lb,$6.00,,,2,$12.00,,actual
2023-12-16,12/14/2023,2023,Staff,Winter Squash Specialty - lb,$2.00,,,2,$4.00,,actual
2023-12-16,12/14/2023,2023,Staff,Cabbage - lb,$2.00,,,1,$2.00,Variety: Green,actual
2023-12-16,12/14/2023,2023,Staff,Cabbage - lb,$2.00,,,1,$2.00,,actual
2023-12-16,12/14/2023,2023,Staff,Kale Curly - bunch,$4.00,,,1,$4.00,,actual
2023-12-16,12/14/2023,2023,Staff,Mustard - bunch,$4.00,,,1,$4.00,,actual
2023-12-16,12/14/2023,2023,Staff,Potato Yellow - lb,$3.00,,,1,$3.00,,actual
2023-12-16,12/14/2023,2023,Emmet,Kale Lacinato - bunch,$4.00,,,24,$96.00,,actual
2023-12-16,12/14/2023,2023,Emmet,Winter Squash Butternut - lb,$2.00,,,25,$50.00,,actual
2023-12-16,12/14/2023,2023,Emmet,Braising Mix - 1 lb,$7.00,,,20,$140.00,,actual
2023-12-23,12/21/2023,2023,Staff,Winter Mix - 2/3 lb,$11.00,,,6,$66.00,,actual
2023-12-23,12/21/2023,2023,Staff,Bok Choy - each,$2.00,,,4,$8.00,,actual
2023-12-23,12/21/2023,2023,Staff,Potato Blue - lb,$3.00,,,4,$12.00,,actual
2023-12-23,12/21/2023,2023,Staff,Carrot Bulk - lb,$3.00,,,3,$9.00,,actual
2023-12-23,12/21/2023,2023,Staff,Spinach - 1/2 lb,$6.00,,,3,$18.00,,actual
2023-12-23,12/21/2023,2023,Staff,Winter Squash Butternut - lb,$2.00,,,3,$6.00,,actual
2023-12-23,12/21/2023,2023,Staff,Escarole - head,$5.00,,,2,$10.00,,actual
2023-12-23,12/21/2023,2023,Staff,Sweet Potatoes - lb,$3.00,,,2,$6.00,Variety: White,actual
2023-12-23,12/21/2023,2023,Staff,Turnip Bulk - lb,$3.00,,,2,$6.00,Variety: White,actual
2023-12-23,12/21/2023,2023,Staff,Winter Squash Specialty - lb,$2.00,,,2,$4.00,Variety: Green,actual
2023-12-23,12/21/2023,2023,Staff,Braising Mix - 1 lb,$7.00,,,1,$7.00,,actual
2023-12-23,12/21/2023,2023,Staff,Cabbage - lb,$2.00,,,1,$2.00,Variety: Red,actual
2023-12-23,12/21/2023,2023,Staff,Collards - bunch,$4.00,,,1,$4.00,,actual
2023-12-23,12/21/2023,2023,Staff,Kale Curly - bunch,$4.00,,,1,$4.00,,actual
2023-12-23,12/21/2023,2023,Staff,Kohlrabi Storage - each,$4.00,,,1,$4.00,,actual
2023-12-23,12/21/2023,2023,Staff,Radicchio Specialty - lb,$6.00,,,1,$6.00,Variety: Treviso,actual
2023-12-23,12/21/2023,2023,Staff,Radish Bulk - lb,$3.00,,,1,$3.00,,actual
2023-12-23,12/21/2023,2023,Staff,Winter Squash Specialty - lb,$2.00,,,1,$2.00,,actual
2023-12-30,12/28/23,2023,Staff,Bok Choy - each,$2.00,,,9,$18.00,,actual
2023-12-30,12/28/23,2023,Staff,Scallion - bunch,$3.00,,,6,$18.00,,actual
2023-12-30,12/28/23,2023,Staff,Winter Mix - 2/3 lb,$11.00,,,6,$66.00,,actual
2023-12-30,12/28/23,2023,Staff,Spinach - 1/2 lb,$6.00,,,5,$30.00,,actual
2023-12-30,12/28/23,2023,Staff,Carrot Bulk - lb,$3.00,,,4,$12.00,,actual
2023-12-30,12/28/23,2023,Staff,Radish Bulk - lb,$3.00,,,4,$12.00,,actual
2023-12-30,12/28/23,2023,Staff,Winter Squash Butternut - lb,$2.00,,,3,$6.00,,actual
2023-12-30,12/28/23,2023,Staff,Escarole - head,$5.00,,,2,$10.00,,actual
2023-12-30,12/28/23,2023,Staff,Kale Russian - bunch,$4.00,,,2,$8.00,,actual
2023-12-30,12/28/23,2023,Staff,Kohlrabi Storage - each,$4.00,,,2,$8.00,,actual
2023-12-30,12/28/23,2023,Staff,Potato Blue - lb,$3.00,,,2,$6.00,,actual
2023-12-30,12/28/23,2023,Staff,Winter Squash Specialty - lb,$2.00,,,2,$4.00,Variety: Green,actual
2023-12-30,12/28/23,2023,Staff,Winter Squash Specialty - lb,$2.00,,,2,$4.00,,actual
2023-12-30,12/28/23,2023,Staff,Braising Mix - 1 lb,$7.00,,,1,$7.00,,actual
2023-12-30,12/28/23,2023,Staff,Cabbage - lb,$2.00,,,1,$2.00,Variety: Red,actual
2023-12-30,12/28/23,2023,Staff,Kale Curly - bunch,$4.00,,,1,$4.00,,actual
2023-12-30,12/28/23,2023,Staff,Kale Lacinato - bunch,$4.00,,,1,$4.00,,actual
2023-12-30,12/28/23,2023,Staff,Mustard - bunch,$4.00,,,1,$4.00,,actual
