Sale Date,Harvest Date,Planning Year,Channel Name,Product Name,Actual Price,Brought Quantity,Returned Quantity,Actual Quantity,Actual Revenue,Notes,Entry Kind
2024-03-23,2024-03-21,2024,BFM,Arugula - 1/3 lb,$7.00,0,0,0,$0.00,,actual
2024-03-23,2024-03-21,2024,KFM,Arugula - 1/3 lb,$7.00,0,0,0,$0.00,,actual
2024-03-23,2024-03-21,2024,BFM,Braising Mix - 1 lb,$8.00,0,0,0,$0.00,,actual
2024-03-23,2024-03-21,2024,KFM,Braising Mix - 1 lb,$8.00,0,0,0,$0.00,,actual
2024-03-23,2024-03-21,2024,BFM,Carrot Bulk - lb,$3.50,0,0,0,$0.00,,actual
2024-03-23,2024-03-21,2024,KFM,Carrot Bulk - lb,$3.50,46,0,46,$161.00,,actual
2024-03-23,2024-03-21,2024,BFM,Chard - bu,$4.50,14,0,14,$63.00,,actual
2024-03-23,2024-03-21,2024,KFM,Chard - bu,$4.50,27,0,27,$121.50,,actual
2024-03-23,2024-03-21,2024,BFM,Collards - bu,$7.00,8,0,8,$55.98,Variety: 2/3 bags,actual
2024-03-23,2024-03-21,2024,KFM,Collards - bu,$7.00,18,0,18,$125.96,Variety: 2/3 bags,actual
2024-03-23,2024-03-21,2024,BFM,Kale Curly - bu,$6.00,0,0,0,$0.00,Variety: rapini,actual
2024-03-23,2024-03-21,2024,BFM,Kale Lacinato - bu,$7.00,15,0,15,$104.96,Variety: 2/3 bags,actual
2024-03-23,2024-03-21,2024,KFM,Kale Lacinato - bu,$7.00,15,0,15,$104.96,Variety: 2/3 bags,actual
2024-03-23,2024-03-21,2024,KFM,Kale Lacinato - bu,$6.00,28,0,28,$167.96,Variety: rapini,actual
2024-03-23,2024-03-21,2024,BFM,Kale Russian - bu,$4.50,14,0,14,$63.00,,actual
2024-03-23,2024-03-21,2024,KFM,Kale Russian - bu,$4.50,27,0,27,$121.50,,actual
2024-03-23,2024-03-21,2024,BFM,Lettuce Mini Gem - ea,$3.00,40,0,40,$120.00,,actual
2024-03-23,2024-03-21,2024,KFM,Lettuce Mini Gem - ea,$3.00,61,0,61,$183.00,,actual
2024-03-23,2024-03-21,2024,BFM,Mustard - bu,$4.50,15,0,15,$67.50,,actual
2024-03-23,2024-03-21,2024,KFM,Mustard - bu,$4.50,16,0,16,$72.00,,actual
2024-03-23,2024-03-21,2024,BFM,Potato White - lb,$3.50,50,0,50,$175.00,,actual
2024-03-23,2024-03-21,2024,KFM,Potato White - lb,$3.50,57,0,57,$199.50,,actual
2024-03-23,2024-03-21,2024,BFM,Radish Bulk - lb,$3.50,30,0,30,$105.00,,actual
2024-03-23,2024-03-21,2024,KFM,Radish Bulk - lb,$3.50,40,0,40,$140.00,,actual
2024-03-23,2024-03-21,2024,BFM,Spinach - 1/2 lb,$7.00,25,0,25,$175.00,,actual
2024-03-23,2024-03-21,2024,KFM,Spinach - 1/2 lb,$7.00,48,0,48,$336.00,,actual
2024-03-23,2024-03-21,2024,BFM,Sweet Potatoes - lb,$3.50,25,0,25,$87.50,,actual
2024-03-23,2024-03-21,2024,KFM,Sweet Potatoes - lb,$3.50,27,0,27,$94.50,,actual
2024-03-23,2024-03-21,2024,BFM,Turnip Bulk - lb,$3.50,0,0,0,$0.00,,actual
2024-03-23,2024-03-21,2024,KFM,Turnip Bulk - lb,$3.50,0,0,0,$0.00,,actual
2024-03-23,2024-03-21,2024,BFM,Winter Mix - 1/3 lb,$7.00,45,0,45,$315.00,,actual
2024-03-23,2024-03-21,2024,KFM,Winter Mix - 1/3 lb,$7.00,64,0,64,$448.00,,actual
2024-03-23,2024-03-21,2024,KFM,Winter Mix - 2/3 lb ,$14.00,10,0,10,$140.00,,actual
2024-03-30,3/28/2024,2024,BFM,Broccoli Raab - bu,$4.50,0,0,0,$0.00,,actual
2024-03-30,3/28/2024,2024,BFM,Chard - bu,$4.50,22,0,22,$99.00,,actual
2024-03-30,3/28/2024,2024,BFM,Kale Curly - bu,$7.00,29,2,27,$188.93,Variety: 2/3 bags,actual
2024-03-30,3/28/2024,2024,BFM,Kale Lacinato - bu,$7.00,10,0,10,$69.98,Variety: 2/3 bags,actual
2024-03-30,3/28/2024,2024,BFM,Kale Lacinato - bu,$10.00,11,0,11,$110.04,Variety: by the pound,actual
2024-03-30,3/28/2024,2024,BFM,Kale Russian - bu,$4.50,18,0,18,$81.00,,actual
2024-03-30,3/28/2024,2024,BFM,Lettuce Mini Gem - ea,$3.00,52,0,52,$156.00,,actual
2024-03-30,3/28/2024,2024,BFM,Mustard - bu,$4.50,10,1,9,$40.50,,actual
2024-03-30,3/28/2024,2024,BFM,Potato White - lb,$3.50,45,0,45,$157.50,,actual
2024-03-30,3/28/2024,2024,BFM,Radish Bulk - lb,$3.50,30,17,13,$45.50,,actual
2024-03-30,3/28/2024,2024,BFM,Spinach - 1/2 lb,$7.00,32,0,32,$224.00,,actual
2024-03-30,3/28/2024,2024,BFM,Winter Mix - 1/3 lb,$7.00,55,0,55,$385.00,,actual
2024-03-30,3/28/2024,2024,BFM,Winter Mix - 2/3 lb ,$14.00,27,0,27,$378.00,,actual
2024-04-06,4/4/24,2024,KFM,Arugula - 1/3 lb,$7.00,20,0,20,$140.00,,actual
2024-04-06,4/4/24,2024,KFM,Bok Choy - ea,$4.50,30,0,30,$135.00,Variety: bunches,actual
2024-04-06,4/4/24,2024,BFM,Broccoli Raab - bu,$4.50,0,0,0,$0.00,,actual
2024-04-06,4/4/24,2024,KFM,Broccoli Raab - bu,$4.50,0,0,0,$0.00,,actual
2024-04-06,4/4/24,2024,BFM,Chard - bu,$4.50,23,0,23,$103.50,,actual
2024-04-06,4/4/24,2024,KFM,Chard - bu,$4.50,27,0,27,$121.50,,actual
2024-04-06,4/4/24,2024,KFM,Dandelion - bu,$4.50,4,0,4,$18.00,,actual
2024-04-06,4/4/24,2024,BFM,Kale Curly - bu,$7.00,16,0,16,$111.96,Variety: 2/3 bags,actual
2024-04-06,4/4/24,2024,KFM,Kale Curly - bu,$7.00,27,0,27,$188.93,Variety: 2/3 bags,actual
2024-04-06,4/4/24,2024,BFM,Kale Lacinato - bu,$7.00,14,0,14,$97.97,Variety: 2/3 bags,actual
2024-04-06,4/4/24,2024,BFM,Kale Lacinato - bu,$10.00,0,0,0,$0.00,Variety: by the pound,actual
2024-04-06,4/4/24,2024,KFM,Kale Lacinato - bu,$7.00,20,0,20,$139.95,Variety: 2/3 bags,actual
2024-04-06,4/4/24,2024,KFM,Kale Lacinato - bu,$10.00,7.2,0,7.2,$72.03,Variety: by the pound,actual
2024-04-06,4/4/24,2024,BFM,Kale Russian - bu,$4.50,18,0,18,$81.00,,actual
2024-04-06,4/4/24,2024,KFM,Kale Russian - bu,$4.50,21,0,21,$94.50,,actual
2024-04-06,4/4/24,2024,BFM,Mustard - bu,$4.50,9,0,9,$40.50,,actual
2024-04-06,4/4/24,2024,KFM,Mustard - bu,$4.50,25,0,25,$112.50,,actual
2024-04-06,4/4/24,2024,BFM,Radish Bulk - lb,$3.50,20,20,0,$0.00,,actual
2024-04-06,4/4/24,2024,BFM,Radish Bulk - lb,$12.50,6,-10,16,$199.92,,actual
2024-04-06,4/4/24,2024,KFM,Radish Bulk - lb,$3.50,30,6,24,$84.00,,actual
2024-04-06,4/4/24,2024,KFM,Radish Bulk - lb,$12.50,16,15,1,$12.50,,actual
2024-04-06,4/4/24,2024,BFM,Spinach - 1/2 lb,$7.00,18,0,18,$126.00,,actual
2024-04-06,4/4/24,2024,KFM,Spinach - 1/2 lb,$7.00,36,0,36,$252.00,,actual
2024-04-06,4/4/24,2024,BFM,Winter Mix - 1/3 lb,$7.00,34,0,34,$238.00,,actual
2024-04-06,4/4/24,2024,KFM,Winter Mix - 1/3 lb,$7.00,36,0,36,$252.00,,actual
2024-04-06,4/4/24,2024,BFM,Winter Mix - 2/3 lb ,$14.00,8,0,8,$112.00,,actual
2024-04-06,4/4/24,2024,KFM,Winter Mix - 2/3 lb ,$14.00,42,0,42,$588.00,,actual
2024-04-13,4/11/2024,2024,BFM,Arugula - 1/3 lb,$7.00,14,0,14,$98.00,,actual
2024-04-13,4/11/2024,2024,BFM,Bok Choy - ea,$4.50,30,0,30,$135.00,Variety: bunches,actual
2024-04-13,4/11/2024,2024,BFM,Broccoli Raab - bu,$4.50,6,0,6,$27.00,,actual
2024-04-13,4/11/2024,2024,BFM,Chard - bu,$4.50,35,0,35,$157.50,,actual
2024-04-13,4/11/2024,2024,BFM,Dandelion - bu,$4.50,8,0,8,$36.00,,actual
2024-04-13,4/11/2024,2024,BFM,Kale Curly - bu,$7.00,25,0,25,$174.94,Variety: 2/3 bags,actual
2024-04-13,4/11/2024,2024,BFM,Kale Curly - bu,$10.00,5,0,5,$50.02,Variety: rapini,actual
2024-04-13,4/11/2024,2024,BFM,Kale Russian - bu,$4.50,9,0,9,$40.50,Variety: rapini,actual
2024-04-13,4/11/2024,2024,BFM,Kale Russian - bu,$4.50,15,0,15,$67.50,,actual
2024-04-13,4/11/2024,2024,BFM,Mustard - bu,$4.50,17,0,17,$76.50,,actual
2024-04-13,4/11/2024,2024,BFM,Radish Bulk - lb,$3.50,18.25,2,16.25,$56.88,,actual
2024-04-13,4/11/2024,2024,BFM,Radish Bulk - lb,$12.50,6,4,2,$24.99,Variety: 5 lb bag,actual
2024-04-13,4/11/2024,2024,BFM,Radish Red - bu,$3.50,36,0,36,$126.00,,actual
2024-04-13,4/11/2024,2024,BFM,Spinach - 1/2 lb,$7.00,0,0,0,$0.00,,actual
2024-04-13,4/11/2024,2024,BFM,Winter Mix - 1/3 lb,$7.00,54,11,43,$301.00,,actual
2024-04-13,4/11/2024,2024,BFM,Winter Mix - 2/3 lb ,$14.00,30,1,29,$406.00,,actual
2024-04-20,4/18/2024,2024,BFM,Arugula - 1/3 lb,$7.00,0,0,0,$0.00,,actual
2024-04-20,4/18/2024,2024,KFM,Arugula - 1/3 lb,$7.00,0,0,0,$0.00,,actual
2024-04-20,4/18/2024,2024,BFM,Bok Choy - ea,$4.50,22,0,22,$99.00,Variety: bunches,actual
2024-04-20,4/18/2024,2024,KFM,Bok Choy - ea,$4.50,40,0,40,$180.00,Variety: bunches,actual
2024-04-20,4/18/2024,2024,BFM,Broccoli Raab - bu,$4.50,0,0,0,$0.00,,actual
2024-04-20,4/18/2024,2024,KFM,Broccoli Raab - bu,$4.50,0,0,0,$0.00,,actual
2024-04-20,4/18/2024,2024,BFM,Chard - bu,$4.50,19,0,19,$85.50,,actual
2024-04-20,4/18/2024,2024,KFM,Chard - bu,$7.00,19,0,19,$132.95,Variety: 2/3 bags,actual
2024-04-20,4/18/2024,2024,BFM,Dandelion - bu,$4.50,8,0,8,$36.00,,actual
2024-04-20,4/18/2024,2024,KFM,Dandelion - bu,$4.50,22,0,22,$99.00,,actual
2024-04-20,4/18/2024,2024,BFM,Garlic Green - bu,$3.50,15,0,15,$52.50,,actual
2024-04-20,4/18/2024,2024,KFM,Garlic Green - bu,$3.50,39,0,39,$136.50,,actual
2024-04-20,4/18/2024,2024,BFM,Kale Curly - bu,$7.00,0,0,0,$0.00,Variety: 2/3 bags,actual
2024-04-20,4/18/2024,2024,BFM,Kale Curly - bu,$10.00,0,0,0,$0.00,Variety: rapini,actual
2024-04-20,4/18/2024,2024,KFM,Kale Curly - bu,$7.00,14,0,14,$97.97,Variety: 2/3 bags,actual
2024-04-20,4/18/2024,2024,KFM,Kale Curly - bu,$10.00,0,0,0,$0.00,Variety: rapini,actual
2024-04-20,4/18/2024,2024,BFM,Kale Russian - bu,$4.50,0,0,0,$0.00,Variety: rapini,actual
2024-04-20,4/18/2024,2024,BFM,Kale Russian - bu,$4.50,30,0,30,$135.00,,actual
2024-04-20,4/18/2024,2024,KFM,Kale Russian - bu,$4.50,17,0,17,$76.50,Variety: rapini,actual
2024-04-20,4/18/2024,2024,KFM,Kale Russian - bu,$4.50,47,0,47,$211.50,,actual
2024-04-20,4/18/2024,2024,BFM,Mustard - bu,$4.50,15,0,15,$67.50,,actual
2024-04-20,4/18/2024,2024,KFM,Mustard - bu,$4.50,25,0,25,$112.50,,actual
2024-04-20,4/18/2024,2024,BFM,Radish Bulk - lb,$3.50,19.75,0,19.75,$69.13,,actual
2024-04-20,4/18/2024,2024,BFM,Radish Bulk - lb,$12.50,5,0,5,$62.48,Variety: 5 lb bag,actual
2024-04-20,4/18/2024,2024,KFM,Radish Bulk - lb,$3.50,24,0,24,$84.00,,actual
2024-04-20,4/18/2024,2024,KFM,Radish Bulk - lb,$12.50,6,0,6,$74.97,Variety: 5 lb bag,actual
2024-04-20,4/18/2024,2024,BFM,Radish Red - bu,$3.50,20,0,20,$70.00,,actual
2024-04-20,4/18/2024,2024,KFM,Radish Red - bu,$3.50,26,0,26,$91.00,,actual
2024-04-20,4/18/2024,2024,BFM,Spinach - 1/2 lb,$7.00,20,0,20,$140.00,,actual
2024-04-20,4/18/2024,2024,KFM,Spinach - 1/2 lb,$7.00,31,0,31,$217.00,,actual
2024-04-20,4/18/2024,2024,BFM,Winter Mix - 1/3 lb,$7.00,35,0,35,$245.00,,actual
2024-04-20,4/18/2024,2024,KFM,Winter Mix - 1/3 lb,$7.00,40,0,40,$280.00,,actual
2024-04-20,4/18/2024,2024,KFM,Winter Mix - 2/3 lb ,$14.00,37,0,37,$518.00,,actual
2024-04-20,4/18/2024,2024,BFM,Winter Mix - 2/3 lb ,$14.00,20,0,20,$280.00,,actual
2024-04-27,4/25/2024,2024,BFM,Arugula - 1/3 lb,$7.00,22,0,22,$154.00,,actual
2024-04-27,4/25/2024,2024,BFM,Chard - bu,$7.00,25,0,25,$174.94,Variety: 2/3 bags,actual
2024-04-27,4/25/2024,2024,BFM,Dandelion - bu,$4.50,14,0,14,$63.00,,actual
2024-04-27,4/25/2024,2024,BFM,Garlic Green - bu,$3.50,21,0,21,$73.50,,actual
2024-04-27,4/25/2024,2024,BFM,Kale Lacinato - bu,$4.50,13,0,13,$58.50,,actual
2024-04-27,4/25/2024,2024,BFM,Kale Russian - bu,$4.50,10,0,10,$45.00,Variety: rapini,actual
2024-04-27,4/25/2024,2024,BFM,Kale Russian - bu,$4.50,48,0,48,$216.00,,actual
2024-04-27,4/25/2024,2024,BFM,Mustard - bu,$4.50,20,3,17,$76.50,,actual
2024-04-27,4/25/2024,2024,BFM,Mustard - bu,$4.50,9,0,9,$40.50,Variety: rapini,actual
2024-04-27,4/25/2024,2024,BFM,Radish Bulk - lb,$3.50,31,0,31,$108.50,,actual
2024-04-27,4/25/2024,2024,BFM,Radish Bulk - lb,$12.50,8,3,5,$62.48,Variety: 5 lb bag,actual
2024-04-27,4/25/2024,2024,BFM,Radish Red - bu,$3.50,30,0,30,$105.00,,actual
2024-04-27,4/25/2024,2024,BFM,Spinach - 1/2 lb,$7.00,18,0,18,$126.00,,actual
2024-04-27,4/25/2024,2024,BFM,Spring Mix - 1/3 lb,$7.00,33,0,33,$231.00,,actual
2024-04-27,4/25/2024,2024,BFM,Spring Mix - 2/3 lb ,$14.00,16,0,16,$224.00,,actual
2024-05-04,5/2/2024,2024,KFM,Asparagus - bu,$6.00,13,0,13,$78.00,,actual
2024-05-04,5/2/2024,2024,KFM,Bok Choy - ea,$4.50,35,0,35,$157.50,Variety: bunches,actual
2024-05-04,5/2/2024,2024,KFM,Broccolini - bu,$6.00,0,0,0,$0.00,,actual
2024-05-04,5/2/2024,2024,BFM,Dandelion - bu,$4.50,16,0,16,$72.00,,actual
2024-05-04,5/2/2024,2024,KFM,Dandelion - bu,$4.50,31,0,31,$139.50,,actual
2024-05-04,5/2/2024,2024,BFM,Garlic Green - bu,$3.50,17,0,17,$59.50,,actual
2024-05-04,5/2/2024,2024,KFM,Garlic Green - bu,$3.50,40,0,40,$140.00,,actual
2024-05-04,5/2/2024,2024,BFM,Kale Lacinato - bu,$4.50,0,0,0,$0.00,,actual
2024-05-04,5/2/2024,2024,KFM,Kale Lacinato - bu,$4.50,0,0,0,$0.00,,actual
2024-05-04,5/2/2024,2024,BFM,Kale Russian - bu,$4.50,0,0,0,$0.00,Variety: rapini,actual
2024-05-04,5/2/2024,2024,BFM,Kale Russian - bu,$7.00,24,0,24,$167.94,Variety: 2/3 bags,actual
2024-05-04,5/2/2024,2024,KFM,Kale Russian - bu,$6.00,18,0,18,$107.97,Variety: rapini,actual
2024-05-04,5/2/2024,2024,KFM,Kale Russian - bu,$4.50,52,0,52,$234.00,,actual
2024-05-04,5/2/2024,2024,BFM,Mustard - bu,$4.50,8,0,8,$36.00,,actual
2024-05-04,5/2/2024,2024,BFM,Mustard - bu,$4.50,0,0,0,$0.00,Variety: rapini,actual
2024-05-04,5/2/2024,2024,KFM,Mustard - bu,$4.50,16,0,16,$72.00,,actual
2024-05-04,5/2/2024,2024,KFM,Mustard - bu,$6.00,7,0,7,$41.99,Variety: rapini,actual
2024-05-04,5/2/2024,2024,BFM,Radish Bulk - lb,$3.50,35,20,15,$52.50,,actual
2024-05-04,5/2/2024,2024,BFM,Radish Bulk - lb,$12.50,8,0,8,$99.96,Variety: 5 lb bag,actual
2024-05-04,5/2/2024,2024,KFM,Radish Bulk - lb,$3.50,50,4.25,45.75,$160.13,,actual
2024-05-04,5/2/2024,2024,KFM,Radish Bulk - lb,$12.50,5,1,4,$49.98,Variety: 5 lb bag,actual
2024-05-04,5/2/2024,2024,KFM,Radish French Breakfast - bu,$3.50,16,0,16,$56.00,,actual
2024-05-04,5/2/2024,2024,BFM,Radish Red - bu,$3.50,29,0,29,$101.50,,actual
2024-05-04,5/2/2024,2024,KFM,Radish Red - bu,$3.50,30,0,30,$105.00,,actual
2024-05-04,5/2/2024,2024,BFM,Spinach - 1/2 lb,$7.00,15,0,15,$105.00,,actual
2024-05-04,5/2/2024,2024,KFM,Spinach - 1/2 lb,$7.00,21,0,21,$147.00,,actual
2024-05-04,5/2/2024,2024,BFM,Spring Mix - 1/3 lb,$6.00,50,0,50,$299.95,,actual
2024-05-04,5/2/2024,2024,KFM,Spring Mix - 1/3 lb,$6.00,52,0,52,$311.95,,actual
2024-05-04,5/2/2024,2024,BFM,Spring Mix - 2/3 lb ,$14.00,0,0,0,$0.00,,actual
2024-05-04,5/2/2024,2024,KFM,Spring Mix - 2/3 lb ,$14.00,0,0,0,$0.00,,actual
2024-05-11,5/9/2024,2024,KFM,Arugula - 1/3 lb,$7.00,35,0,35,$245.00,,actual
2024-05-11,5/9/2024,2024,BFM,Arugula - 1/3 lb,$7.00,20,0,20,$140.00,,actual
2024-05-11,5/9/2024,2024,KFM,Arugula - 2/3 lb ,$14.00,0,0,0,$0.00,,actual
2024-05-11,5/9/2024,2024,BFM,Arugula - 2/3 lb ,$14.00,0,0,0,$0.00,,actual
2024-05-11,5/9/2024,2024,KFM,Asparagus - bu,$6.00,32,0,32,$192.00,,actual
2024-05-11,5/9/2024,2024,BFM,Asparagus - bu,$5.00,0,0,0,$0.00,,actual
2024-05-11,5/9/2024,2024,KFM,Broccolini - bu,$6.00,0,0,0,$0.00,,actual
2024-05-11,5/9/2024,2024,BFM,Broccolini - bu,$6.00,0,0,0,$0.00,,actual
2024-05-11,5/9/2024,2024,KFM,Dandelion - bu,$4.50,38,0,38,$171.00,,actual
2024-05-11,5/9/2024,2024,BFM,Dandelion - bu,$4.50,18,0,18,$81.00,,actual
2024-05-11,5/9/2024,2024,KFM,Garlic Green - bu,$3.50,59,1,58,$203.00,,actual
2024-05-11,5/9/2024,2024,BFM,Garlic Green - bu,$3.50,28,0,28,$98.00,,actual
2024-05-11,5/9/2024,2024,KFM,Kale Lacinato - bu,$4.50,35,0,35,$157.50,,actual
2024-05-11,5/9/2024,2024,BFM,Kale Lacinato - bu,$4.50,20,0,20,$90.00,,actual
2024-05-11,5/9/2024,2024,KFM,Kale Russian - bu,$7.00,4,0,4,$27.99,Variety: 2/3 bags,actual
2024-05-11,5/9/2024,2024,BFM,Kale Russian - bu,$6.00,7,0,7,$41.99,Variety: rapini,actual
2024-05-11,5/9/2024,2024,BFM,Kale Russian - bu,$7.00,0,0,0,$0.00,Variety: 2/3 bags,actual
2024-05-11,5/9/2024,2024,KFM,Lettuce Mini Gem - ea,$3.00,48,0,48,$144.00,,actual
2024-05-11,5/9/2024,2024,BFM,Lettuce Mini Gem - ea,$3.00,30,0,30,$90.00,,actual
2024-05-11,5/9/2024,2024,KFM,Mustard - bu,$7.00,11,0,11,$76.97,Variety: 2/3 bags,actual
2024-05-11,5/9/2024,2024,BFM,Mustard - bu,$7.00,0,0,0,$0.00,Variety: 2/3 bags,actual
2024-05-11,5/9/2024,2024,BFM,Mustard - bu,$6.00,2,0,2,$12.00,Variety: rapini,actual
2024-05-11,5/9/2024,2024,KFM,Radish Bulk - lb,$3.50,40,10,30,$105.00,,actual
2024-05-11,5/9/2024,2024,KFM,Radish Bulk - lb,$12.50,4,4,0,$0.00,Variety: 5 lb bag,actual
2024-05-11,5/9/2024,2024,BFM,Radish Bulk - lb,$3.50,35,20.5,14.5,$50.75,,actual
2024-05-11,5/9/2024,2024,BFM,Radish Bulk - lb,$12.50,4,1,3,$37.49,Variety: 5 lb bag,actual
2024-05-11,5/9/2024,2024,KFM,Radish French Breakfast - bu,$3.50,43,0,43,$150.50,,actual
2024-05-11,5/9/2024,2024,BFM,Radish French Breakfast - bu,$3.50,30,0,30,$105.00,,actual
2024-05-11,5/9/2024,2024,KFM,Radish Red - bu,$3.50,20,0,20,$70.00,,actual
2024-05-11,5/9/2024,2024,BFM,Radish Red - bu,$3.50,17,0,17,$59.50,,actual
2024-05-11,5/9/2024,2024,KFM,Radish Round Purple - bu,$3.50,32,0,32,$112.00,,actual
2024-05-11,5/9/2024,2024,BFM,Radish Round Purple - bu,$3.50,18,0,18,$63.00,,actual
2024-05-11,5/9/2024,2024,KFM,Scallion - bu,$3.50,37,0,37,$129.50,,actual
2024-05-11,5/9/2024,2024,BFM,Scallion - bu,$3.50,20,0,20,$70.00,,actual
2024-05-11,5/9/2024,2024,KFM,Spinach - 1/2 lb,$7.00,25,0,25,$175.00,,actual
2024-05-11,5/9/2024,2024,BFM,Spinach - 1/2 lb,$7.00,10,0,10,$70.00,,actual
2024-05-11,5/9/2024,2024,KFM,Spring Mix - 1/3 lb,$7.00,45,0,45,$315.00,,actual
2024-05-11,5/9/2024,2024,BFM,Spring Mix - 1/3 lb,$7.00,40,0,40,$280.00,,actual
2024-05-11,5/9/2024,2024,KFM,Spring Mix - 2/3 lb ,$14.00,25,0,25,$350.00,,actual
2024-05-11,5/9/2024,2024,BFM,Spring Mix - 2/3 lb ,$14.00,16,0,16,$224.00,,actual
2024-05-18,5/16/2024,2024,BFM,Arugula - 1/3 lb,$7.00,23,0,23,$161.00,,actual
2024-05-18,5/16/2024,2024,KFM,Arugula - 1/3 lb,$7.00,39,0,39,$273.00,,actual
2024-05-18,5/16/2024,2024,BFM,Asparagus - bu,$6.00,22,0,22,$132.00,,actual
2024-05-18,5/16/2024,2024,KFM,Asparagus - bu,$6.00,9,0,9,$54.00,,actual
2024-05-18,5/16/2024,2024,BFM,Dandelion - bu,$4.50,18,0,18,$81.00,,actual
2024-05-18,5/16/2024,2024,KFM,Dandelion - bu,$4.50,29,0,29,$130.50,,actual
2024-05-18,5/16/2024,2024,BFM,Kale Lacinato - bu,$4.50,35,0,35,$157.50,,actual
2024-05-18,5/16/2024,2024,BFM,Kale Lacinato - bu,$4.50,49,0,49,$220.50,,actual
2024-05-18,5/16/2024,2024,BFM,Lettuce Mini Gem - ea,$3.00,60,1,59,$177.00,,actual
2024-05-18,5/16/2024,2024,KFM,Lettuce Mini Gem - ea,$3.00,83,0,83,$249.00,,actual
2024-05-18,5/16/2024,2024,BFM,Radish Bulk - lb,$3.50,22,14,8,$28.00,,actual
2024-05-18,5/16/2024,2024,BFM,Radish Bulk - lb,$12.50,4,1,3,$37.49,Variety: 5 lb bag,actual
2024-05-18,5/16/2024,2024,KFM,Radish Bulk - lb,$3.50,41,30,11,$38.50,,actual
2024-05-18,5/16/2024,2024,KFM,Radish Bulk - lb,$12.50,0,0,0,$0.00,Variety: 5 lb bag,actual
2024-05-18,5/16/2024,2024,BFM,Radish French Breakfast - bu,$3.50,25,0,25,$87.50,,actual
2024-05-18,5/16/2024,2024,KFM,Radish French Breakfast - bu,$3.50,30,0,30,$105.00,,actual
2024-05-18,5/16/2024,2024,KFM,Radish Red - bu,$3.50,6,0,6,$21.00,,actual
2024-05-18,5/16/2024,2024,BFM,Radish Red - bu,$3.50,5,0,5,$17.50,,actual
2024-05-18,5/16/2024,2024,BFM,Radish Round Purple - bu,$3.50,35,0,35,$122.50,,actual
2024-05-18,5/16/2024,2024,KFM,Radish Round Purple - bu,$3.50,54,0,54,$189.00,,actual
2024-05-18,5/16/2024,2024,BFM,Scallion - bu,$3.50,32,0,32,$112.00,,actual
2024-05-18,5/16/2024,2024,KFM,Scallion - bu,$3.50,57,0,57,$199.50,,actual
2024-05-18,5/16/2024,2024,BFM,Spinach - 1/2 lb,$7.00,17,0,17,$119.00,,actual
2024-05-18,5/16/2024,2024,KFM,Spinach - 1/2 lb,$7.00,22,0,22,$154.00,,actual
2024-05-18,5/16/2024,2024,BFM,Spring Mix - 1/3 lb,$7.00,30,0,30,$210.00,,actual
2024-05-18,5/16/2024,2024,KFM,Spring Mix - 1/3 lb,$7.00,38,0,38,$266.00,,actual
2024-05-18,5/16/2024,2024,BFM,Spring Mix - 2/3 lb ,$14.00,25,0,25,$350.00,,actual
2024-05-18,5/16/2024,2024,KFM,Spring Mix - 2/3 lb ,$14.00,32,0,32,$448.00,,actual
2024-05-25,5/23/2024,2024,BFM,Arugula - 1/3 lb,$7.00,40,0,40,$280.00,,actual
2024-05-25,5/23/2024,2024,KFM,Arugula - 1/3 lb,$7.00,53,0,53,$371.00,,actual
2024-05-25,5/23/2024,2024,BFM,Arugula - 2/3 lb ,$14.00,5,0,5,$70.00,,actual
2024-05-25,5/23/2024,2024,KFM,Arugula - 2/3 lb ,$14.00,18,0,18,$252.00,,actual
2024-05-25,5/23/2024,2024,BFM,Asparagus - bu,$6.00,15,0,15,$90.00,,actual
2024-05-25,5/23/2024,2024,KFM,Asparagus - bu,$6.00,35,0,35,$210.00,,actual
2024-05-25,5/23/2024,2024,KFM,Broccolini - bu,$6.00,0,0,0,$0.00,,actual
2024-05-25,5/23/2024,2024,KFM,Collards - bu,$4.50,22,0,22,$99.00,,actual
2024-05-25,5/23/2024,2024,BFM,Collards - bu,$4.50,12,0,12,$54.00,,actual
2024-05-25,5/23/2024,2024,KFM,Kale Curly - bu,$4.50,11,0,11,$49.50,,actual
2024-05-25,5/23/2024,2024,BFM,Kale Curly - bu,$4.50,10,0,10,$45.00,,actual
2024-05-25,5/23/2024,2024,BFM,Kale Lacinato - bu,$4.50,40,0,40,$180.00,,actual
2024-05-25,5/23/2024,2024,KFM,Kale Lacinato - bu,$4.50,60,0,60,$270.00,,actual
2024-05-25,5/23/2024,2024,KFM,Pea Snap - Qt,$11.00,45,0,45,$495.00,,actual
2024-05-25,5/23/2024,2024,BFM,Pea Snap - Qt,$11.00,30,0,30,$330.00,,actual
2024-05-25,5/23/2024,2024,BFM,Radish Bulk - lb,$3.50,15,8.1,6.9,$24.15,,actual
2024-05-25,5/23/2024,2024,BFM,Radish Bulk - lb,$12.50,0,0,0,$0.00,Variety: 5 lb bag,actual
2024-05-25,5/23/2024,2024,KFM,Radish Bulk - lb,$3.50,20,4,16,$56.00,,actual
2024-05-25,5/23/2024,2024,KFM,Radish Bulk - lb,$12.50,0,0,0,$0.00,Variety: 5 lb bag,actual
2024-05-25,5/23/2024,2024,BFM,Radish French Breakfast - bu,$3.50,40,2,38,$133.00,,actual
2024-05-25,5/23/2024,2024,KFM,Radish French Breakfast - bu,$3.50,48,0,48,$168.00,,actual
2024-05-25,5/23/2024,2024,BFM,Radish Red - bu,$3.50,16,1,15,$52.50,,actual
2024-05-25,5/23/2024,2024,KFM,Radish Red - bu,$3.50,13,1,12,$42.00,,actual
2024-05-25,5/23/2024,2024,BFM,Radish Round Purple - bu,$3.50,36,3,33,$115.50,,actual
2024-05-25,5/23/2024,2024,KFM,Radish Round Purple - bu,$3.50,62,8,54,$189.00,,actual
2024-05-25,5/23/2024,2024,BFM,Scallion - bu,$3.50,35,0,35,$122.50,,actual
2024-05-25,5/23/2024,2024,KFM,Scallion - bu,$3.50,63,0,63,$220.50,,actual
2024-05-25,5/23/2024,2024,BFM,Spinach - 1/2 lb,$7.00,16,0,16,$112.00,,actual
2024-05-25,5/23/2024,2024,KFM,Spinach - 1/2 lb,$7.00,20,0,20,$140.00,,actual
2024-05-25,5/23/2024,2024,BFM,Spring Mix - 1 1/4 lb,$25.00,5,0,5,$125.00,,actual
2024-05-25,5/23/2024,2024,KFM,Spring Mix - 1 1/4 lb,$25.00,7,0,7,$175.00,,actual
2024-05-25,5/23/2024,2024,BFM,Spring Mix - 1/3 lb,$7.00,45,0,45,$315.00,,actual
2024-05-25,5/23/2024,2024,KFM,Spring Mix - 1/3 lb,$7.00,45,0,45,$315.00,,actual
2024-05-25,5/23/2024,2024,BFM,Spring Mix - 2/3 lb ,$14.00,30,0,30,$420.00,,actual
2024-05-25,5/23/2024,2024,KFM,Spring Mix - 2/3 lb ,$14.00,38,0,38,$532.00,,actual
2024-06-01,5/30/2024,2024,KFM,Arugula - 1/3 lb,$7.00,50,2,48,$336.00,,actual
2024-06-01,5/30/2024,2024,BFM,Arugula - 1/3 lb,$7.00,40,6,34,$238.00,,actual
2024-06-01,5/30/2024,2024,KFM,Arugula - 2/3 lb ,$14.00,9,0,9,$126.00,,actual
2024-06-01,5/30/2024,2024,BFM,Arugula - 2/3 lb ,$14.00,8,0,8,$112.00,,actual
2024-06-01,5/30/2024,2024,KFM,Asparagus - bu,$6.00,0,0,0,$0.00,,actual
2024-06-01,5/30/2024,2024,BFM,Asparagus - bu,$6.00,25,0,25,$150.00,,actual
2024-06-01,5/30/2024,2024,KFM,Chard - bu,$4.50,15,0,15,$67.50,,actual
2024-06-01,5/30/2024,2024,BFM,Chard - bu,$4.50,15,0,15,$67.50,,actual
2024-06-01,5/30/2024,2024,KFM,Cilantro - bu,$3.50,20,0,20,$70.00,,actual
2024-06-01,5/30/2024,2024,BFM,Cilantro - bu,$3.50,17,0,17,$59.50,,actual
2024-06-01,5/30/2024,2024,KFM,Collards - bu,$4.50,23,0,23,$103.50,,actual
2024-06-01,5/30/2024,2024,BFM,Collards - bu,$4.50,14,1,13,$58.50,,actual
2024-06-01,5/30/2024,2024,KFM,Dandelion - bu,$4.50,28,3,25,$112.50,,actual
2024-06-01,5/30/2024,2024,BFM,Dandelion - bu,$4.50,12,0,12,$54.00,,actual
2024-06-01,5/30/2024,2024,KFM,Garlic Scape - bu,$3.50,75,0,75,$262.50,,actual
2024-06-01,5/30/2024,2024,BFM,Garlic Scape - bu,$3.50,45,0,45,$157.50,,actual
2024-06-01,5/30/2024,2024,KFM,Kale Curly - bu,$4.50,21,5,16,$72.00,,actual
2024-06-01,5/30/2024,2024,BFM,Kale Curly - bu,$4.50,17,0,17,$76.50,,actual
2024-06-01,5/30/2024,2024,KFM,Kale Lacinato - bu,$4.50,70,0,70,$315.00,,actual
2024-06-01,5/30/2024,2024,BFM,Kale Lacinato - bu,$4.50,47,0,47,$211.50,,actual
2024-06-01,5/30/2024,2024,KFM,Kale Russian - bu,$7.00,19,0,19,$132.95,Variety: 1/2 bag,actual
2024-06-01,5/30/2024,2024,BFM,Kale Russian - bu,$7.00,15,0,15,$104.96,Variety: 1/2 bag,actual
2024-06-01,5/30/2024,2024,KFM,Parsley - bu,$3.50,20,0,20,$70.00,,actual
2024-06-01,5/30/2024,2024,BFM,Parsley - bu,$3.50,18,0,18,$63.00,,actual
2024-06-01,5/30/2024,2024,KFM,Pea Snap - Qt,$12.00,80,0,80,$960.08,,actual
2024-06-01,5/30/2024,2024,BFM,Pea Snap - Qt,$12.00,50,0,50,$600.05,,actual
2024-06-01,5/30/2024,2024,KFM,Radish Bulk - lb,$3.50,30,15,15,$52.50,,actual
2024-06-01,5/30/2024,2024,KFM,Radish Bulk - lb,$12.50,0,0,0,$0.00,Variety: 5 lb bag,actual
2024-06-01,5/30/2024,2024,BFM,Radish Bulk - lb,$3.50,15,7,8,$28.00,,actual
2024-06-01,5/30/2024,2024,BFM,Radish Bulk - lb,$12.50,4,3,1,$12.50,Variety: 5 lb bag,actual
2024-06-01,5/30/2024,2024,KFM,Radish French Breakfast - bu,$3.50,85,6,79,$276.50,,actual
2024-06-01,5/30/2024,2024,BFM,Radish French Breakfast - bu,$3.50,60,0,60,$210.00,,actual
2024-06-01,5/30/2024,2024,KFM,Radish Red - bu,$3.50,20,4,16,$56.00,,actual
2024-06-01,5/30/2024,2024,BFM,Radish Red - bu,$3.50,20,0,20,$70.00,,actual
2024-06-01,5/30/2024,2024,KFM,Radish Round Purple - bu,$3.50,45,0,45,$157.50,,actual
2024-06-01,5/30/2024,2024,BFM,Radish Round Purple - bu,$3.50,21,0,21,$73.50,,actual
2024-06-01,5/30/2024,2024,KFM,Scallion - bu,$3.50,63,0,63,$220.50,,actual
2024-06-01,5/30/2024,2024,BFM,Scallion - bu,$3.50,40,0,40,$140.00,,actual
2024-06-01,5/30/2024,2024,KFM,Spinach - 1/2 lb,$7.00,0,0,0,$0.00,,actual
2024-06-01,5/30/2024,2024,BFM,Spinach - 1/2 lb,$7.00,0,0,0,$0.00,,actual
2024-06-01,5/30/2024,2024,KFM,Spring Mix - 1/3 lb,$7.00,40,0,40,$280.00,,actual
2024-06-01,5/30/2024,2024,BFM,Spring Mix - 1/3 lb,$7.00,35,0,35,$245.00,,actual
2024-06-01,5/30/2024,2024,KFM,Spring Mix - 2/3 lb ,$14.00,35,0,35,$490.00,,actual
2024-06-01,5/30/2024,2024,BFM,Spring Mix - 2/3 lb ,$14.00,25,0,25,$350.00,,actual
2024-06-01,5/30/2024,2024,KFM,Zucchini - lb,$3.50,0,0,0,$0.00,,actual
2024-06-01,5/30/2024,2024,BFM,Zucchini - lb,$3.50,0,0,0,$0.00,,actual
2024-06-08,6/6/2024,2024,BFM,Arugula - 1/3 lb,$7.00,41,16,25,$175.00,,actual
2024-06-05,6/4/2024,2024,EFM,Arugula - 1/3 lb,$7.00,10,2,8,$56.00,,actual
2024-06-08,6/6/2024,2024,KFM,Arugula - 1/3 lb,$7.00,50,0,50,$350.00,,actual
2024-06-08,6/6/2024,2024,BFM,Arugula - 2/3 lb ,$14.00,7,2,5,$70.00,,actual
2024-06-05,6/4/2024,2024,EFM,Arugula - 2/3 lb ,$14.00,0,0,0,$0.00,,actual
2024-06-08,6/6/2024,2024,KFM,Arugula - 2/3 lb ,$14.00,12,0,12,$168.00,,actual
2024-06-08,6/6/2024,2024,BFM,Chard - bu,$4.50,20,0,20,$90.00,,actual
2024-06-05,6/4/2024,2024,EFM,Chard - bu,$4.50,10,2,8,$36.00,,actual
2024-06-08,6/6/2024,2024,KFM,Chard - bu,$4.50,20,0,20,$90.00,,actual
2024-06-08,6/6/2024,2024,BFM,Cilantro - bu,$3.50,20,0,20,$70.00,,actual
2024-06-05,6/4/2024,2024,EFM,Cilantro - bu,$3.50,15,2,13,$45.50,,actual
2024-06-08,6/6/2024,2024,KFM,Cilantro - bu,$3.50,36,0,36,$126.00,,actual
2024-06-08,6/6/2024,2024,BFM,Collards - bu,$4.50,15,5,10,$45.00,,actual
2024-06-05,6/4/2024,2024,EFM,Collards - bu,$4.50,10,5,5,$22.50,,actual
2024-06-08,6/6/2024,2024,KFM,Collards - bu,$4.50,25,0,25,$112.50,,actual
2024-06-08,6/6/2024,2024,BFM,Dandelion - bu,$4.50,15,0,15,$67.50,,actual
2024-06-05,6/4/2024,2024,EFM,Dandelion - bu,$4.50,6,1,5,$22.50,,actual
2024-06-08,6/6/2024,2024,KFM,Dandelion - bu,$4.50,25,0,25,$112.50,,actual
2024-06-08,6/6/2024,2024,BFM,Garlic Scape - bu,$3.50,55,14,41,$143.50,,actual
2024-06-05,6/4/2024,2024,EFM,Garlic Scape - bu,$3.50,20,4,16,$56.00,,actual
2024-06-08,6/6/2024,2024,KFM,Garlic Scape - bu,$3.50,85,17,68,$238.00,,actual
2024-06-08,6/6/2024,2024,BFM,Kale Curly - bu,$4.50,25,0,25,$112.50,,actual
2024-06-05,6/4/2024,2024,EFM,Kale Curly - bu,$4.50,14,0,14,$63.00,,actual
2024-06-08,6/6/2024,2024,KFM,Kale Curly - bu,$4.50,25,1,24,$108.00,,actual
2024-06-08,6/6/2024,2024,BFM,Kale Lacinato - bu,$4.50,54,0,54,$243.00,,actual
2024-06-05,6/4/2024,2024,EFM,Kale Lacinato - bu,$4.50,20,2,18,$81.00,,actual
2024-06-08,6/6/2024,2024,KFM,Kale Lacinato - bu,$4.50,75,22,53,$238.50,,actual
2024-06-08,6/6/2024,2024,BFM,Lettuce Mini Gem - ea,$3.00,49,5,44,$132.00,,actual
2024-06-05,6/4/2024,2024,EFM,Lettuce Mini Gem - ea,$3.00,30,17,13,$39.00,,actual
2024-06-08,6/6/2024,2024,KFM,Lettuce Mini Gem - ea,$3.00,90,0,90,$270.00,,actual
2024-06-08,6/6/2024,2024,BFM,Parsley - bu,$3.50,30,1,29,$101.50,,actual
2024-06-05,6/4/2024,2024,EFM,Parsley - bu,$3.50,15,3,12,$42.00,,actual
2024-06-08,6/6/2024,2024,KFM,Parsley - bu,$3.50,40,0,40,$140.00,,actual
2024-06-08,6/6/2024,2024,BFM,Pea Snap - Qt,$12.00,25,0,25,$300.03,,actual
2024-06-05,6/4/2024,2024,EFM,Pea Snap - Qt,$12.00,20,0,20,$240.02,,actual
2024-06-08,6/6/2024,2024,KFM,Pea Snap - Qt,$12.00,40,0,40,$480.04,,actual
2024-06-08,6/6/2024,2024,BFM,Radish Bulk - lb,$3.50,0,0,0,$0.00,,actual
2024-06-05,6/4/2024,2024,EFM,Radish Bulk - lb,$3.50,20,13.75,6.25,$21.88,,actual
2024-06-08,6/6/2024,2024,KFM,Radish Bulk - lb,$3.50,13,3.3,9.7,$33.95,,actual
2024-06-08,6/6/2024,2024,BFM,Radish French Breakfast - bu,$3.50,68,22,46,$161.00,,actual
2024-06-05,6/4/2024,2024,EFM,Radish French Breakfast - bu,$3.50,15,0,15,$52.50,,actual
2024-06-08,6/6/2024,2024,KFM,Radish French Breakfast - bu,$3.50,70,0,70,$245.00,,actual
2024-06-08,6/6/2024,2024,BFM,Radish Red - bu,$3.50,20,1,19,$66.50,,actual
2024-06-05,6/4/2024,2024,EFM,Radish Red - bu,$3.50,12,7,5,$17.50,,actual
2024-06-08,6/6/2024,2024,KFM,Radish Red - bu,$3.50,13,3,10,$35.00,,actual
2024-06-08,6/6/2024,2024,BFM,Radish Round Purple - bu,$3.50,27,0,27,$94.50,,actual
2024-06-05,6/4/2024,2024,EFM,Radish Round Purple - bu,$3.50,13,2,11,$38.50,,actual
2024-06-08,6/6/2024,2024,KFM,Radish Round Purple - bu,$3.50,39,6,33,$115.50,,actual
2024-06-08,6/6/2024,2024,BFM,Scallion - bu,$3.50,45,1,44,$154.00,,actual
2024-06-05,6/4/2024,2024,EFM,Scallion - bu,$3.50,25,7,18,$63.00,,actual
2024-06-08,6/6/2024,2024,KFM,Scallion - bu,$3.50,74,0,74,$259.00,,actual
2024-06-08,6/6/2024,2024,BFM,Spring Mix - 1/3 lb,$7.00,45,16,29,$203.00,,actual
2024-06-05,6/4/2024,2024,EFM,Spring Mix - 1/3 lb,$7.00,26,6,20,$140.00,,actual
2024-06-08,6/6/2024,2024,KFM,Spring Mix - 1/3 lb,$7.00,56,21,35,$245.00,,actual
2024-06-08,6/6/2024,2024,BFM,Spring Mix - 2/3 lb ,$14.00,32,4,28,$392.00,,actual
2024-06-05,6/4/2024,2024,EFM,Spring Mix - 2/3 lb ,$14.00,7,0,7,$98.00,,actual
2024-06-08,6/6/2024,2024,KFM,Spring Mix - 2/3 lb ,$14.00,35,2,33,$462.00,,actual
2024-06-08,6/6/2024,2024,BFM,Zucchini - lb,$3.50,45.5,0,45.5,$159.25,,actual
2024-06-05,6/4/2024,2024,EFM,Zucchini - lb,$3.50,15,0,15,$52.50,,actual
2024-06-08,6/6/2024,2024,KFM,Zucchini - lb,$3.50,65.5,0,65.5,$229.25,Variety: green,actual
2024-06-08,6/6/2024,2024,KFM,Zucchini - lb,$3.50,7.75,0,7.75,$27.13,Variety: yellow,actual
2024-06-08,6/6/2024,2024,KFM,Zucchini - lb,$3.50,12.25,0,12.25,$42.88,Variety: striped,actual
2024-06-08,6/6/2024,2024,BFM,Zucchini - lb,$3.50,6.5,0,6.5,$22.75,Variety: yellow,actual
2024-06-08,6/6/2024,2024,BFM,Zucchini - lb,$3.50,12,0,12,$42.00,Variety: striped,actual
2024-06-12,6/11/2024,2024,EFM,Arugula - 1/3 lb,$7.00,10,1,9,$63.00,,actual
2024-06-15,6/13/2024,2024,KFM,Arugula - 1/3 lb,$7.00,28,0,28,$196.00,,actual
2024-06-15,6/13/2024,2024,BFM,Arugula - 1/3 lb,$7.00,28,0,28,$196.00,,actual
2024-06-12,6/11/2024,2024,EFM,Arugula - 2/3 lb ,$14.00,0,0,0,$0.00,,actual
2024-06-15,6/13/2024,2024,KFM,Arugula - 2/3 lb ,$14.00,16,0,16,$224.00,,actual
2024-06-15,6/13/2024,2024,BFM,Arugula - 2/3 lb ,$14.00,6,0,6,$84.00,,actual
2024-06-12,6/11/2024,2024,EFM,Broccolini - bu,$6.00,0,0,0,$0.00,,actual
2024-06-15,6/13/2024,2024,KFM,Broccolini - bu,$6.00,0,0,0,$0.00,,actual
2024-06-15,6/13/2024,2024,BFM,Broccolini - bu,$6.00,0,0,0,$0.00,,actual
2024-06-12,6/11/2024,2024,EFM,Cabbage Chinese - lb,$4.00,0,0,0,$0.00,,actual
2024-06-15,6/13/2024,2024,KFM,Cabbage Chinese - lb,$4.00,15.5,0,15.5,$62.00,,actual
2024-06-15,6/13/2024,2024,BFM,Cabbage Chinese - lb,$4.00,10.8,0,10.8,$43.20,,actual
2024-06-12,6/11/2024,2024,EFM,Chard - bu,$4.50,9,5,4,$18.00,,actual
2024-06-15,6/13/2024,2024,KFM,Chard - bu,$4.50,22,3,19,$85.50,,actual
2024-06-15,6/13/2024,2024,BFM,Chard - bu,$4.50,24,0,24,$108.00,,actual
2024-06-12,6/11/2024,2024,EFM,Cilantro - bu,$3.50,15,2,13,$45.50,,actual
2024-06-15,6/13/2024,2024,KFM,Cilantro - bu,$3.50,65,2,63,$220.50,,actual
2024-06-15,6/13/2024,2024,BFM,Cilantro - bu,$3.50,35,0,35,$122.50,,actual
2024-06-12,6/11/2024,2024,EFM,Collards - bu,$4.50,6,1,5,$22.50,,actual
2024-06-15,6/13/2024,2024,KFM,Collards - bu,$4.50,28,3,25,$112.50,,actual
2024-06-15,6/13/2024,2024,BFM,Collards - bu,$4.50,12,2,10,$45.00,,actual
2024-06-12,6/11/2024,2024,EFM,Cucumber - lb,$3.50,25.25,5,20.25,$70.88,,actual
2024-06-15,6/13/2024,2024,KFM,Cucumber - lb,$3.50,65,0,65,$227.50,,actual
2024-06-15,6/13/2024,2024,BFM,Cucumber - lb,$3.50,44.5,0,44.5,$155.75,,actual
2024-06-12,6/11/2024,2024,EFM,Dandelion - bu,$4.50,6,1,5,$22.50,,actual
2024-06-15,6/13/2024,2024,KFM,Dandelion - bu,$4.50,26,5,21,$94.50,,actual
2024-06-15,6/13/2024,2024,BFM,Dandelion - bu,$4.50,18,4,14,$63.00,,actual
2024-06-12,6/11/2024,2024,EFM,Garlic Scape - bu,$3.50,18,12,6,$21.00,,actual
2024-06-15,6/13/2024,2024,KFM,Garlic Scape - bu,$3.50,34,0,34,$119.00,,actual
2024-06-15,6/13/2024,2024,BFM,Garlic Scape - bu,$3.50,25,0,25,$87.50,,actual
2024-06-12,6/11/2024,2024,EFM,Kale Curly - bu,$4.50,18,12,6,$27.00,,actual
2024-06-15,6/13/2024,2024,KFM,Kale Curly - bu,$4.50,27,4,23,$103.50,,actual
2024-06-15,6/13/2024,2024,BFM,Kale Curly - bu,$4.50,32,1,31,$139.50,,actual
2024-06-12,6/11/2024,2024,EFM,Kale Lacinato - bu,$4.50,18,10,8,$36.00,,actual
2024-06-15,6/13/2024,2024,KFM,Kale Lacinato - bu,$4.50,60,14,46,$207.00,,actual
2024-06-15,6/13/2024,2024,BFM,Kale Lacinato - bu,$4.50,55,21,34,$153.00,,actual
2024-06-12,6/11/2024,2024,EFM,Lettuce Head - ea,$4.00,5,1,4,$16.00,Variety: frisee,actual
2024-06-15,6/13/2024,2024,KFM,Lettuce Head - ea,$4.00,10,0,10,$40.00,Variety: frisee,actual
2024-06-15,6/13/2024,2024,BFM,Lettuce Head - ea,$4.00,6,2,4,$16.00,Variety: frisee,actual
2024-06-12,6/11/2024,2024,EFM,Lettuce Mini Gem - ea,$3.00,10,4,6,$18.00,Variety: red,actual
2024-06-12,6/11/2024,2024,EFM,Lettuce Mini Gem - ea,$3.00,5,1,4,$12.00,Variety: blush,actual
2024-06-15,6/13/2024,2024,KFM,Lettuce Mini Gem - ea,$3.00,78,0,78,$234.00,Variety: red,actual
2024-06-15,6/13/2024,2024,KFM,Lettuce Mini Gem - ea,$3.00,27,0,27,$81.00,Variety: blush,actual
2024-06-15,6/13/2024,2024,BFM,Lettuce Mini Gem - ea,$3.00,35,0,35,$105.00,Variety: red,actual
2024-06-15,6/13/2024,2024,BFM,Lettuce Mini Gem - ea,$3.00,18,0,18,$54.00,Variety: blush,actual
2024-06-12,6/11/2024,2024,EFM,Parsley - bu,$3.50,15,8,7,$24.50,,actual
2024-06-15,6/13/2024,2024,KFM,Parsley - bu,$3.50,41,0,41,$143.50,,actual
2024-06-15,6/13/2024,2024,BFM,Parsley - bu,$3.50,30,0,30,$105.00,,actual
2024-06-15,6/13/2024,2024,KFM,Pea Shelling - Qt,$11.00,20,0,20,$220.00,,actual
2024-06-12,6/11/2024,2024,EFM,Pea Snap - Qt,$12.00,6,0,6,$72.01,,actual
2024-06-15,6/13/2024,2024,KFM,Pea Snap - Qt,$12.00,0,0,0,$0.00,,actual
2024-06-15,6/13/2024,2024,BFM,Pea Snap - Qt,$12.00,0,0,0,$0.00,,actual
2024-06-12,6/11/2024,2024,EFM,Radish French Breakfast - bu,$3.50,15,5,10,$35.00,,actual
2024-06-15,6/13/2024,2024,KFM,Radish French Breakfast - bu,$3.50,30,0,30,$105.00,,actual
2024-06-15,6/13/2024,2024,BFM,Radish French Breakfast - bu,$3.50,26,0,26,$91.00,,actual
2024-06-12,6/11/2024,2024,EFM,Radish Red - bu,$3.50,6,3,3,$10.50,,actual
2024-06-15,6/13/2024,2024,KFM,Radish Red - bu,$3.50,12,0,12,$42.00,,actual
2024-06-15,6/13/2024,2024,BFM,Radish Red - bu,$3.50,12,0,12,$42.00,,actual
2024-06-12,6/11/2024,2024,EFM,Radish Round Purple - bu,$3.50,11,1,10,$35.00,,actual
2024-06-15,6/13/2024,2024,KFM,Radish Round Purple - bu,$3.50,19,0,19,$66.50,,actual
2024-06-15,6/13/2024,2024,BFM,Radish Round Purple - bu,$3.50,18,0,18,$63.00,,actual
2024-06-12,6/11/2024,2024,EFM,Scallion - bu,$3.50,21,10,11,$38.50,,actual
2024-06-15,6/13/2024,2024,KFM,Scallion - bu,$3.50,100,27,73,$255.50,,actual
2024-06-15,6/13/2024,2024,BFM,Scallion - bu,$3.50,45,16,29,$101.50,,actual
2024-06-15,6/13/2024,2024,KFM,Spring Mix - 1 1/4 lb,$25.00,10,1,9,$225.00,,actual
2024-06-15,6/13/2024,2024,BFM,Spring Mix - 1 1/4 lb,$25.00,6,1,5,$125.00,,actual
2024-06-12,6/11/2024,2024,EFM,Spring Mix - 1/3 lb,$7.00,20,11,9,$63.00,,actual
2024-06-15,6/13/2024,2024,KFM,Spring Mix - 1/3 lb,$7.00,35,0,35,$245.00,,actual
2024-06-15,6/13/2024,2024,BFM,Spring Mix - 1/3 lb,$7.00,30,0,30,$210.00,,actual
2024-06-12,6/11/2024,2024,EFM,Spring Mix - 2/3 lb ,$14.00,8,8,0,$0.00,,actual
2024-06-15,6/13/2024,2024,KFM,Spring Mix - 2/3 lb ,$14.00,36,1,35,$490.00,,actual
2024-06-15,6/13/2024,2024,BFM,Spring Mix - 2/3 lb ,$14.00,30,9,21,$294.00,,actual
2024-06-12,6/11/2024,2024,EFM,Zucchini - lb,$3.50,30,6,24,$84.00,Variety: green,actual
2024-06-12,6/11/2024,2024,EFM,Zucchini - lb,$3.50,10,0,10,$35.00,Variety: yellow,actual
2024-06-12,6/11/2024,2024,EFM,Zucchini - lb,$3.50,10,0,10,$35.00,Variety: striped,actual
2024-06-15,6/13/2024,2024,KFM,Zucchini - lb,$3.50,173,21.6,151.4,$529.90,Variety: green,actual
2024-06-15,6/13/2024,2024,KFM,Zucchini - lb,$3.50,16.75,0,16.75,$58.63,Variety: yellow,actual
2024-06-15,6/13/2024,2024,KFM,Zucchini - lb,$3.50,35.4,0,35.4,$123.90,Variety: striped,actual
2024-06-15,6/13/2024,2024,BFM,Zucchini - lb,$3.50,114,3.2,110.8,$387.80,Variety: green,actual
2024-06-15,6/13/2024,2024,BFM,Zucchini - lb,$3.50,13.25,0,13.25,$46.38,Variety: yellow,actual
2024-06-15,6/13/2024,2024,BFM,Zucchini - lb,$3.50,23,0,23,$80.50,Variety: striped,actual
2024-06-19,6/18/2024,2024,EFM,Arugula - 1/3 lb,$7.00,11,4,7,$49.00,,actual
2024-06-22,6/20/2024,2024,KFM,Arugula - 1/3 lb,$7.00,30,4,26,$182.00,,actual
2024-06-22,6/20/2024,2024,BFM,Arugula - 1/3 lb,$7.00,26,5,21,$147.00,,actual
2024-06-19,6/18/2024,2024,EFM,Arugula - 2/3 lb ,$14.00,0,0,0,$0.00,,actual
2024-06-22,6/20/2024,2024,KFM,Arugula - 2/3 lb ,$14.00,17,3,14,$196.00,,actual
2024-06-22,6/20/2024,2024,BFM,Arugula - 2/3 lb ,$14.00,0,0,0,$0.00,,actual
2024-06-19,6/18/2024,2024,EFM,Broccolini - bu,$6.00,15,0,15,$90.00,,actual
2024-06-22,6/20/2024,2024,KFM,Broccolini - bu,$6.00,108,0,108,$648.00,,actual
2024-06-22,6/20/2024,2024,BFM,Broccolini - bu,$6.00,50,0,50,$300.00,,actual
2024-06-19,6/18/2024,2024,EFM,Cabbage Chinese - lb,$4.00,13,6.5,6.5,$26.00,,actual
2024-06-22,6/20/2024,2024,KFM,Cabbage Chinese - lb,$4.00,22.5,0,22.5,$90.00,,actual
2024-06-22,6/20/2024,2024,BFM,Cabbage Chinese - lb,$4.00,17,0,17,$68.00,,actual
2024-06-19,6/18/2024,2024,EFM,Chard - bu,$4.50,8,6,2,$9.00,,actual
2024-06-22,6/20/2024,2024,KFM,Chard - bu,$4.50,20,6,14,$63.00,,actual
2024-06-22,6/20/2024,2024,BFM,Chard - bu,$4.50,26,6,20,$90.00,,actual
2024-06-19,6/18/2024,2024,EFM,Cilantro - bu,$3.50,16,10,6,$21.00,,actual
2024-06-22,6/20/2024,2024,KFM,Cilantro - bu,$3.50,65,0,65,$227.50,,actual
2024-06-22,6/20/2024,2024,BFM,Cilantro - bu,$3.50,38,3,35,$122.50,,actual
2024-06-19,6/18/2024,2024,EFM,Collards - bu,$4.50,6,3,3,$13.50,,actual
2024-06-22,6/20/2024,2024,KFM,Collards - bu,$4.50,25,9,16,$72.00,,actual
2024-06-22,6/20/2024,2024,BFM,Collards - bu,$4.50,10,0,10,$45.00,,actual
2024-06-19,6/18/2024,2024,EFM,Cucumber - lb,$4.08,12.5,1.3,11.2,$45.67,Variety: slicers,actual
2024-06-19,6/18/2024,2024,EFM,Cucumber - lb,$4.08,15,0,15,$61.16,Variety: persian,actual
2024-06-22,6/20/2024,2024,KFM,Cucumber - lb,$4.08,36.1,0,36.1,$147.20,Variety: slicers,actual
2024-06-22,6/20/2024,2024,KFM,Cucumber - lb,$4.08,59.8,0,59.8,$243.83,Variety: persian,actual
2024-06-22,6/20/2024,2024,BFM,Cucumber - lb,$4.08,20,0,20,$81.55,Variety: slicers,actual
2024-06-22,6/20/2024,2024,BFM,Cucumber - lb,$4.08,44,0,44,$179.41,Variety: persian,actual
2024-06-19,6/18/2024,2024,EFM,Cucumber Pickling - lb,$4.08,2,0.3,1.7,$6.93,,actual
2024-06-22,6/20/2024,2024,KFM,Cucumber Pickling - lb,$4.08,49.4,0,49.4,$201.43,,actual
2024-06-22,6/20/2024,2024,BFM,Cucumber Pickling - lb,$4.08,36,2,34,$138.64,,actual
2024-06-19,6/18/2024,2024,EFM,Dandelion - bu,$4.50,6,5,1,$4.50,,actual
2024-06-22,6/20/2024,2024,KFM,Dandelion - bu,$4.50,22,4,18,$81.00,,actual
2024-06-22,6/20/2024,2024,BFM,Dandelion - bu,$4.50,15,4,11,$49.50,,actual
2024-06-19,6/18/2024,2024,EFM,Fennel - bu,$4.00,0,0,0,$0.00,,actual
2024-06-22,6/20/2024,2024,KFM,Fennel - ea,$3.50,27,0,27,$94.50,,actual
2024-06-22,6/20/2024,2024,BFM,Fennel - ea,$3.50,12,0,12,$42.00,,actual
2024-06-19,6/18/2024,2024,EFM,Kale Curly - bu,$4.50,12,5,7,$31.50,,actual
2024-06-22,6/20/2024,2024,KFM,Kale Curly - bu,$4.50,22,11,11,$49.50,,actual
2024-06-22,6/20/2024,2024,BFM,Kale Curly - bu,$4.50,32,15,17,$76.50,,actual
2024-06-19,6/18/2024,2024,EFM,Kale Lacinato - bu,$4.50,16,4,12,$54.00,,actual
2024-06-22,6/20/2024,2024,KFM,Kale Lacinato - bu,$4.50,48,10,38,$171.00,,actual
2024-06-22,6/20/2024,2024,BFM,Kale Lacinato - bu,$4.50,35,8,27,$121.50,,actual
2024-06-19,6/18/2024,2024,EFM,Lettuce Head - ea,$4.00,5,1,4,$16.00,Variety: frisee,actual
2024-06-22,6/20/2024,2024,KFM,Lettuce Head - ea,$4.00,20,5,15,$60.00,Variety: frisee,actual
2024-06-22,6/20/2024,2024,BFM,Lettuce Head - ea,$4.00,0,0,0,$0.00,Variety: frisee,actual
2024-06-19,6/18/2024,2024,EFM,Lettuce Mini Gem - ea,$3.00,10,4,6,$18.00,Variety: red,actual
2024-06-19,6/18/2024,2024,EFM,Lettuce Mini Gem - ea,$3.00,10,3,7,$21.00,Variety: blush,actual
2024-06-22,6/20/2024,2024,KFM,Lettuce Mini Gem - ea,$3.00,75,0,75,$225.00,Variety: red,actual
2024-06-22,6/20/2024,2024,KFM,Lettuce Mini Gem - ea,$3.00,35,0,35,$105.00,Variety: blush,actual
2024-06-22,6/20/2024,2024,BFM,Lettuce Mini Gem - ea,$3.00,40,5,35,$105.00,Variety: red,actual
2024-06-22,6/20/2024,2024,BFM,Lettuce Mini Gem - ea,$3.00,20,0,20,$60.00,Variety: blush,actual
2024-06-19,6/18/2024,2024,EFM,Onion Spring - bu,$5.00,0,0,0,$0.00,,actual
2024-06-22,6/20/2024,2024,KFM,Onion Spring - bu,$4.50,25,0,25,$112.50,,actual
2024-06-22,6/20/2024,2024,BFM,Onion Spring - bu,$4.50,0,0,0,$0.00,,actual
2024-06-19,6/18/2024,2024,EFM,Parsley - bu,$3.50,10,4,6,$21.00,,actual
2024-06-22,6/20/2024,2024,KFM,Parsley - bu,$3.50,50,0,50,$175.00,,actual
2024-06-22,6/20/2024,2024,BFM,Parsley - bu,$3.50,30,2,28,$98.00,,actual
2024-06-19,6/18/2024,2024,EFM,Pea Shelling - Qt,$12.00,0,0,0,$0.00,,actual
2024-06-22,6/20/2024,2024,KFM,Pea Shelling - Qt,$12.00,30,0,30,$360.03,,actual
2024-06-22,6/20/2024,2024,BFM,Pea Shelling - Qt,$12.00,29,0,29,$348.03,,actual
2024-06-19,6/18/2024,2024,EFM,Radish French Breakfast - bu,$3.50,15,7,8,$28.00,,actual
2024-06-22,6/20/2024,2024,KFM,Radish French Breakfast - bu,$3.50,36,0,36,$126.00,,actual
2024-06-22,6/20/2024,2024,BFM,Radish French Breakfast - bu,$3.50,30,0,30,$105.00,,actual
2024-06-22,6/20/2024,2024,KFM,Radish Red - bu,$3.50,22,0,22,$77.00,,actual
2024-06-22,6/20/2024,2024,BFM,Radish Red - bu,$3.50,18,0,18,$63.00,,actual
2024-06-19,6/18/2024,2024,EFM,Radish Round Purple - bu,$3.50,15,7,8,$28.00,,actual
2024-06-22,6/20/2024,2024,KFM,Radish Round Purple - bu,$3.50,18,0,18,$63.00,,actual
2024-06-22,6/20/2024,2024,BFM,Radish Round Purple - bu,$3.50,21,0,21,$73.50,,actual
2024-06-19,6/18/2024,2024,EFM,Scallion - bu,$3.50,15,3,12,$42.00,,actual
2024-06-22,6/20/2024,2024,KFM,Scallion - bu,$3.50,75,8,67,$234.50,,actual
2024-06-22,6/20/2024,2024,BFM,Scallion - bu,$3.50,55,16,39,$136.50,,actual
2024-06-19,6/18/2024,2024,EFM,Spring Mix - 1 1/4 lb,$25.00,0,0,0,$0.00,,actual
2024-06-22,6/20/2024,2024,KFM,Spring Mix - 1 1/4 lb,$25.00,10,2,8,$200.00,,actual
2024-06-22,6/20/2024,2024,BFM,Spring Mix - 1 1/4 lb,$25.00,5,0,5,$125.00,,actual
2024-06-19,6/18/2024,2024,EFM,Spring Mix - 1/3 lb,$7.00,20,13,7,$49.00,,actual
2024-06-22,6/20/2024,2024,KFM,Spring Mix - 1/3 lb,$7.00,42,18,24,$168.00,,actual
2024-06-22,6/20/2024,2024,BFM,Spring Mix - 1/3 lb,$7.00,35,10,25,$175.00,,actual
2024-06-19,6/18/2024,2024,EFM,Spring Mix - 2/3 lb ,$14.00,12,0,12,$168.00,,actual
2024-06-22,6/20/2024,2024,KFM,Spring Mix - 2/3 lb ,$14.00,40,16,24,$336.00,,actual
2024-06-22,6/20/2024,2024,BFM,Spring Mix - 2/3 lb ,$14.00,27,8,19,$266.00,,actual
2024-06-19,6/18/2024,2024,EFM,Zucchini - lb,$3.50,25,8.9,16.1,$56.35,Variety: green,actual
2024-06-19,6/18/2024,2024,EFM,Zucchini - lb,$3.50,14,0.6,13.4,$46.90,Variety: yellow,actual
2024-06-19,6/18/2024,2024,EFM,Zucchini - lb,$3.50,14,0,14,$49.00,Variety: striped,actual
2024-06-22,6/20/2024,2024,KFM,Zucchini - lb,$3.50,155,75,80,$280.00,Variety: green,actual
2024-06-22,6/20/2024,2024,KFM,Zucchini - lb,$3.50,38.9,0,38.9,$136.15,Variety: yellow,actual
2024-06-22,6/20/2024,2024,KFM,Zucchini - lb,$3.50,65.8,20,45.8,$160.30,Variety: striped,actual
2024-06-22,6/20/2024,2024,BFM,Zucchini - lb,$3.50,100,20,80,$280.00,Variety: green,actual
2024-06-22,6/20/2024,2024,BFM,Zucchini - lb,$3.50,35,0,35,$122.50,Variety: yellow,actual
2024-06-22,6/20/2024,2024,BFM,Zucchini - lb,$3.50,35,1,34,$119.00,Variety: striped,actual
2024-06-26,6/25/2024,2024,EFM,Arugula - 1/3 lb,$7.00,8,0,8,$56.00,,actual
2024-06-29,6/27/2024,2024,KFM,Arugula - 1/3 lb,$7.00,26,0,26,$182.00,,actual
2024-06-29,6/27/2024,2024,BFM,Arugula - 1/3 lb,$7.00,20,0,20,$140.00,,actual
2024-06-26,6/25/2024,2024,EFM,Arugula - 2/3 lb ,$14.00,0,0,0,$0.00,,actual
2024-06-29,6/27/2024,2024,KFM,Arugula - 2/3 lb ,$14.00,11,0,11,$154.00,,actual
2024-06-29,6/27/2024,2024,BFM,Arugula - 2/3 lb ,$14.00,0,0,0,$0.00,,actual
2024-06-26,6/25/2024,2024,EFM,Basil - bu,$3.50,8,0,8,$28.00,,actual
2024-06-29,6/27/2024,2024,KFM,Basil - bu,$3.50,50,0,50,$175.00,,actual
2024-06-29,6/27/2024,2024,BFM,Basil - bu,$3.50,30,0,30,$105.00,,actual
2024-06-26,6/25/2024,2024,EFM,Broccolini - bu,$6.00,35,13,22,$132.00,,actual
2024-06-29,6/27/2024,2024,KFM,Broccolini - bu,$6.00,100,0,100,$600.00,,actual
2024-06-29,6/27/2024,2024,BFM,Broccolini - bu,$6.00,66,0,66,$396.00,,actual
2024-06-26,6/25/2024,2024,EFM,Cabbage - lb,$3.00,7.8,2.9,4.9,$14.70,Variety: red,actual
2024-06-26,6/25/2024,2024,EFM,Cabbage - lb,$3.00,7.6,3,4.6,$13.80,Variety: caraflex,actual
2024-06-29,6/27/2024,2024,KFM,Cabbage - lb,$3.00,46.6,0,46.6,$139.80,Variety: red,actual
2024-06-29,6/27/2024,2024,KFM,Cabbage - lb,$3.00,26.8,0,26.8,$80.40,Variety: caraflex,actual
2024-06-29,6/27/2024,2024,KFM,Cabbage - lb,$3.00,12.3,0,12.3,$36.90,Variety: savoy,actual
2024-06-29,6/27/2024,2024,BFM,Cabbage - lb,$3.00,25.6,0,25.6,$76.80,Variety: red,actual
2024-06-29,6/27/2024,2024,BFM,Cabbage - lb,$3.00,21.7,16.2,5.5,$16.50,Variety: caraflex,actual
2024-06-26,6/25/2024,2024,EFM,Cabbage - lb,$3.00,2.5,0,2.5,$7.50,Variety: savoy,actual
2024-06-29,6/27/2024,2024,BFM,Cabbage - lb,$3.00,9.1,1.5,7.6,$22.80,Variety: savoy,actual
2024-06-26,6/25/2024,2024,EFM,Cabbage Chinese - lb,$4.00,4.1,2,2.1,$8.40,,actual
2024-06-29,6/27/2024,2024,KFM,Cabbage Chinese - lb,$4.00,19,0.9,18.1,$72.40,,actual
2024-06-29,6/27/2024,2024,BFM,Cabbage Chinese - lb,$4.00,16.3,4.3,12,$48.00,,actual
2024-06-26,6/25/2024,2024,EFM,Cauliflower Sprouting - lb,$6.00,0,0,0,$0.00,,actual
2024-06-29,6/27/2024,2024,KFM,Cauliflower Sprouting - lb,$6.00,24.3,0,24.3,$145.80,,actual
2024-06-29,6/27/2024,2024,BFM,Cauliflower Sprouting - lb,$6.00,0,0,0,$0.00,,actual
2024-06-26,6/25/2024,2024,EFM,Chard - bu,$4.50,3,0,3,$13.50,,actual
2024-06-29,6/27/2024,2024,KFM,Chard - bu,$4.50,14,0,14,$63.00,,actual
2024-06-29,6/27/2024,2024,BFM,Chard - bu,$4.50,18,0,18,$81.00,,actual
2024-06-26,6/25/2024,2024,EFM,Cilantro - bu,$3.50,5,1,4,$14.00,,actual
2024-06-29,6/27/2024,2024,KFM,Cilantro - bu,$3.50,65,2,63,$220.50,,actual
2024-06-29,6/27/2024,2024,BFM,Cilantro - bu,$3.50,34,5,29,$101.50,,actual
2024-06-26,6/25/2024,2024,EFM,Collards - bu,$4.50,3,2,1,$4.50,,actual
2024-06-29,6/27/2024,2024,KFM,Collards - bu,$4.50,16,5,11,$49.50,,actual
2024-06-29,6/27/2024,2024,BFM,Collards - bu,$4.50,10,0,10,$45.00,,actual
2024-06-26,6/25/2024,2024,EFM,Cucumber - lb,$4.08,8.5,6.5,2,$8.16,Variety: slicers,actual
2024-06-26,6/25/2024,2024,EFM,Cucumber - lb,$4.08,21,5.6,15.4,$62.79,Variety: persian,actual
2024-06-29,6/27/2024,2024,KFM,Cucumber - lb,$4.08,45,0,45,$183.49,Variety: slicers,actual
2024-06-29,6/27/2024,2024,KFM,Cucumber - lb,$4.08,29,0,29,$118.25,Variety: persian,actual
2024-06-29,6/27/2024,2024,BFM,Cucumber - lb,$4.08,37,0,37,$150.87,Variety: slicers,actual
2024-06-29,6/27/2024,2024,BFM,Cucumber - lb,$4.08,13,0,13,$53.01,Variety: persian,actual
2024-06-26,6/25/2024,2024,EFM,Cucumber Pickling - lb,$4.08,15,7,8,$32.62,,actual
2024-06-29,6/27/2024,2024,KFM,Cucumber Pickling - lb,$4.08,6.5,0,6.5,$26.50,,actual
2024-06-29,6/27/2024,2024,BFM,Cucumber Pickling - lb,$4.08,2,0,2,$8.16,,actual
2024-06-26,6/25/2024,2024,EFM,Dandelion - bu,$4.50,3,2,1,$4.50,,actual
2024-06-29,6/27/2024,2024,KFM,Dandelion - bu,$4.50,16,0,16,$72.00,,actual
2024-06-29,6/27/2024,2024,BFM,Dandelion - bu,$4.50,10,6,4,$18.00,,actual
2024-06-26,6/25/2024,2024,EFM,Dill - bu,$3.50,5,1,4,$14.00,,actual
2024-06-29,6/27/2024,2024,KFM,Dill - bu,$3.50,35,0,35,$122.50,,actual
2024-06-29,6/27/2024,2024,BFM,Dill - bu,$3.50,21,0,21,$73.50,,actual
2024-06-26,6/25/2024,2024,EFM,Fennel - ea,$3.50,6,1,5,$17.50,,actual
2024-06-29,6/27/2024,2024,KFM,Fennel - ea,$3.50,50,0,50,$175.00,,actual
2024-06-29,6/27/2024,2024,BFM,Fennel - ea,$3.50,15,0,15,$52.50,,actual
2024-06-26,6/25/2024,2024,EFM,Kale Curly - bu,$4.50,6,4,2,$9.00,,actual
2024-06-29,6/27/2024,2024,KFM,Kale Curly - bu,$4.50,12,1,11,$49.50,,actual
2024-06-29,6/27/2024,2024,BFM,Kale Curly - bu,$4.50,15,0,15,$67.50,,actual
2024-06-26,6/25/2024,2024,EFM,Kale Lacinato - bu,$4.50,10,4,6,$27.00,,actual
2024-06-29,6/27/2024,2024,KFM,Kale Lacinato - bu,$4.50,35,0,35,$157.50,,actual
2024-06-29,6/27/2024,2024,BFM,Kale Lacinato - bu,$4.50,25,0,25,$112.50,,actual
2024-06-26,6/25/2024,2024,EFM,Lettuce Head - ea,$4.00,4,1,3,$12.00,Variety: frisee,actual
2024-06-29,6/27/2024,2024,KFM,Lettuce Head - ea,$4.00,8,0,8,$32.00,Variety: frisee,actual
2024-06-29,6/27/2024,2024,BFM,Lettuce Head - ea,$4.00,0,0,0,$0.00,Variety: frisee,actual
2024-06-26,6/25/2024,2024,EFM,Lettuce Mini Gem - ea,$3.00,6,2,4,$12.00,Variety: red,actual
2024-06-26,6/25/2024,2024,EFM,Lettuce Mini Gem - ea,$3.00,6,3,3,$9.00,Variety: blush,actual
2024-06-29,6/27/2024,2024,KFM,Lettuce Mini Gem - ea,$3.00,73,22,51,$153.00,Variety: red,actual
2024-06-29,6/27/2024,2024,KFM,Lettuce Mini Gem - ea,$3.00,36,0,36,$108.00,Variety: blush,actual
2024-06-29,6/27/2024,2024,BFM,Lettuce Mini Gem - ea,$3.00,35,15,20,$60.00,Variety: red,actual
2024-06-29,6/27/2024,2024,BFM,Lettuce Mini Gem - ea,$3.00,20,0,20,$60.00,Variety: blush,actual
2024-06-26,6/25/2024,2024,EFM,Onion Spring - bu,$4.50,3,0,3,$13.50,Variety: tropea,actual
2024-06-26,6/25/2024,2024,EFM,Onion Spring - bu,$4.50,3,0,3,$13.50,Variety: blush,actual
2024-06-26,6/25/2024,2024,EFM,Onion Spring - bu,$4.50,4,0,4,$18.00,Variety: ailsa,actual
2024-06-29,6/27/2024,2024,KFM,Onion Spring - bu,$4.50,41,0,41,$184.50,Variety: tropea,actual
2024-06-29,6/27/2024,2024,KFM,Onion Spring - bu,$4.50,25,0,25,$112.50,Variety: blush,actual
2024-06-29,6/27/2024,2024,KFM,Onion Spring - bu,$4.50,25,0,25,$112.50,Variety: ailsa,actual
2024-06-29,6/27/2024,2024,BFM,Onion Spring - bu,$4.50,18,0,18,$81.00,Variety: tropea,actual
2024-06-29,6/27/2024,2024,BFM,Onion Spring - bu,$4.50,13,0,13,$58.50,Variety: blush,actual
2024-06-29,6/27/2024,2024,BFM,Onion Spring - bu,$4.50,22,0,22,$99.00,Variety: ailsa,actual
2024-06-26,6/25/2024,2024,EFM,Parsley - bu,$3.50,5,2,3,$10.50,,actual
2024-06-29,6/27/2024,2024,KFM,Parsley - bu,$3.50,50,0,50,$175.00,,actual
2024-06-29,6/27/2024,2024,BFM,Parsley - bu,$3.50,28,4,24,$84.00,,actual
2024-06-26,6/25/2024,2024,EFM,Radicchio - lb,$8.00,0,0,0,$0.00,,actual
2024-06-29,6/27/2024,2024,KFM,Radicchio - lb,$8.00,10.7,0,10.7,$85.60,,actual
2024-06-29,6/27/2024,2024,BFM,Radicchio - lb,$8.00,3.4,1.2,2.2,$17.60,,actual
2024-06-29,6/27/2024,2024,KFM,Radicchio Variegated - lb,$8.00,10.9,0,10.9,$87.20,,actual
2024-06-29,6/27/2024,2024,BFM,Radicchio Variegated - lb,$8.00,4.25,4.25,0,$0.00,,actual
2024-06-26,6/25/2024,2024,EFM,Radish French Breakfast - bu,$3.50,6,1,5,$17.50,,actual
2024-06-29,6/27/2024,2024,KFM,Radish French Breakfast - bu,$3.50,35,0,35,$122.50,,actual
2024-06-29,6/27/2024,2024,BFM,Radish French Breakfast - bu,$3.50,24,0,24,$84.00,,actual
2024-06-26,6/25/2024,2024,EFM,Radish Red - bu,$3.50,0,0,0,$0.00,,actual
2024-06-29,6/27/2024,2024,KFM,Radish Red - bu,$3.50,18,0,18,$63.00,,actual
2024-06-29,6/27/2024,2024,BFM,Radish Red - bu,$3.50,11,0,11,$38.50,,actual
2024-06-26,6/25/2024,2024,EFM,Radish Round Purple - bu,$3.50,6,1,5,$17.50,,actual
2024-06-29,6/27/2024,2024,KFM,Radish Round Purple - bu,$3.50,18,0,18,$63.00,,actual
2024-06-29,6/27/2024,2024,BFM,Radish Round Purple - bu,$3.50,10,0,10,$35.00,,actual
2024-06-26,6/25/2024,2024,EFM,Scallion - bu,$3.50,10,4,6,$21.00,,actual
2024-06-29,6/27/2024,2024,KFM,Scallion - bu,$3.50,70,12,58,$203.00,,actual
2024-06-29,6/27/2024,2024,BFM,Scallion - bu,$3.50,30,2,28,$98.00,,actual
2024-06-26,6/25/2024,2024,EFM,Spring Mix - 1 1/4 lb,$25.00,0,0,0,$0.00,,actual
2024-06-29,6/27/2024,2024,KFM,Spring Mix - 1 1/4 lb,$25.00,11,0,11,$275.00,,actual
2024-06-29,6/27/2024,2024,BFM,Spring Mix - 1 1/4 lb,$25.00,6,2,4,$100.00,,actual
2024-06-26,6/25/2024,2024,EFM,Spring Mix - 1/3 lb,$7.00,8,4,4,$28.00,,actual
2024-06-29,6/27/2024,2024,KFM,Spring Mix - 1/3 lb,$7.00,22,0,22,$154.00,,actual
2024-06-29,6/27/2024,2024,BFM,Spring Mix - 1/3 lb,$7.00,20,0,20,$140.00,,actual
2024-06-26,6/25/2024,2024,EFM,Spring Mix - 2/3 lb ,$14.00,11,5,6,$84.00,,actual
2024-06-29,6/27/2024,2024,KFM,Spring Mix - 2/3 lb ,$14.00,22,0,22,$308.00,,actual
2024-06-29,6/27/2024,2024,BFM,Spring Mix - 2/3 lb ,$14.00,20,2,18,$252.00,,actual
2024-06-26,6/25/2024,2024,EFM,Zucchini - lb,$3.50,20,13.4,6.6,$23.10,Variety: green,actual
2024-06-26,6/25/2024,2024,EFM,Zucchini - lb,$3.50,16,5.9,10.1,$35.35,Variety: yellow,actual
2024-06-26,6/25/2024,2024,EFM,Zucchini - lb,$3.50,16,10.8,5.2,$18.20,Variety: striped,actual
2024-06-29,6/27/2024,2024,KFM,Zucchini - lb,$3.50,135,60,75,$262.50,Variety: green,actual
2024-06-29,6/27/2024,2024,BFM,Zucchini - lb,$3.50,130,100,30,$105.00,Variety: green,actual
2024-06-29,6/27/2024,2024,BFM,Zucchini - lb,$3.50,42,20,22,$77.00,Variety: yellow,actual
2024-06-29,6/27/2024,2024,BFM,Zucchini - lb,$3.50,50,30,20,$70.00,Variety: striped,actual
2024-06-29,6/27/2024,2024,KFM,Zucchini - lb,$3.50,60,15,45,$157.50,Variety: yellow,actual
2024-06-29,6/27/2024,2024,KFM,Zucchini - lb,$3.50,103,40,63,$220.50,Variety: striped,actual
2024-07-03,7/2/2024,2024,EFM,Basil - bu,$3.50,15,2,13,$45.50,,actual
2024-07-06,7/4/2024,2024,KFM,Basil - bu,$3.50,50,0,50,$175.00,,actual
2024-07-06,7/4/2024,2024,BFM,Basil - bu,$3.50,30,0,30,$105.00,,actual
2024-07-03,7/2/2024,2024,EFM,Beets Golden - bu,$5.00,0,0,0,$0.00,,actual
2024-07-06,7/4/2024,2024,KFM,Beets Golden - bu,$5.00,20,0,20,$100.00,,actual
2024-07-06,7/4/2024,2024,BFM,Beets Golden - bu,$5.00,14,0,14,$70.00,,actual
2024-07-03,7/2/2024,2024,EFM,Beets Red - bu,$5.00,0,0,0,$0.00,,actual
2024-07-06,7/4/2024,2024,KFM,Beets Red - bu,$5.00,4,0,4,$20.00,,actual
2024-07-06,7/4/2024,2024,BFM,Beets Red - bu,$5.00,0,0,0,$0.00,,actual
2024-07-03,7/2/2024,2024,EFM,Broccolini - bu,$6.00,15,0,15,$90.00,,actual
2024-07-03,7/2/2024,2024,EFM,Broccolini - bu,$6.00,9.8,0,9.8,$58.80,Variety: monty,actual
2024-07-06,7/4/2024,2024,KFM,Broccolini - bu,$6.00,84,0,84,$504.00,,actual
2024-07-06,7/4/2024,2024,KFM,Broccolini - bu,$6.00,83,0,83,$498.00,Variety: monty,actual
2024-07-06,7/4/2024,2024,BFM,Broccolini - bu,$6.00,50,0,50,$300.00,,actual
2024-07-06,7/4/2024,2024,BFM,Broccolini - bu,$6.00,50,0,50,$300.00,Variety: monty,actual
2024-07-03,7/2/2024,2024,EFM,Cabbage - lb,$3.00,3.1,0,3.1,$9.30,Variety: red,actual
2024-07-03,7/2/2024,2024,EFM,Cabbage - lb,$3.00,3,0,3,$9.00,Variety: caraflex,actual
2024-07-03,7/2/2024,2024,EFM,Cabbage - lb,$3.00,2.8,0,2.8,$8.40,Variety: savoy,actual
2024-07-06,7/4/2024,2024,KFM,Cabbage - lb,$3.00,45.7,4.9,40.8,$122.40,Variety: red,actual
2024-07-06,7/4/2024,2024,KFM,Cabbage - lb,$3.00,27.2,0,27.2,$81.60,Variety: caraflex,actual
2024-07-06,7/4/2024,2024,KFM,Cabbage - lb,$3.00,24.2,3.2,21,$63.00,Variety: savoy,actual
2024-07-06,7/4/2024,2024,BFM,Cabbage - lb,$3.00,31.1,0,31.1,$93.30,Variety: red,actual
2024-07-06,7/4/2024,2024,BFM,Cabbage - lb,$3.00,7.8,0,7.8,$23.40,Variety: caraflex,actual
2024-07-06,7/4/2024,2024,BFM,Cabbage - lb,$3.00,9.7,0,9.7,$29.10,Variety: savoy,actual
2024-07-03,7/2/2024,2024,EFM,Cabbage Chinese - lb,$4.00,1.7,0,1.7,$6.80,,actual
2024-07-06,7/4/2024,2024,KFM,Cabbage Chinese - lb,$4.00,28.6,14.3,14.3,$57.20,,actual
2024-07-06,7/4/2024,2024,BFM,Cabbage Chinese - lb,$4.00,14.5,0,14.5,$58.00,,actual
2024-07-03,7/2/2024,2024,EFM,Cauliflower Sprouting - lb,$6.00,0,0,0,$0.00,,actual
2024-07-06,7/4/2024,2024,KFM,Cauliflower Sprouting - lb,$6.00,25.5,0,25.5,$153.00,,actual
2024-07-06,7/4/2024,2024,BFM,Cauliflower Sprouting - lb,$6.00,13,0,13,$78.00,,actual
2024-07-03,7/2/2024,2024,EFM,Celery - bu,$4.50,6,0,6,$27.00,,actual
2024-07-06,7/4/2024,2024,KFM,Celery - bu,$4.50,23,0,23,$103.50,,actual
2024-07-06,7/4/2024,2024,BFM,Celery - bu,$4.50,17,0,17,$76.50,,actual
2024-07-03,7/2/2024,2024,EFM,Chard - bu,$4.50,3,2,1,$4.50,,actual
2024-07-06,7/4/2024,2024,KFM,Chard - bu,$4.50,14,0,14,$63.00,,actual
2024-07-06,7/4/2024,2024,BFM,Chard - bu,$4.50,18,0,18,$81.00,,actual
2024-07-03,7/2/2024,2024,EFM,Cilantro - bu,$3.50,4,0,4,$14.00,,actual
2024-07-06,7/4/2024,2024,KFM,Cilantro - bu,$3.50,65,4,61,$213.50,,actual
2024-07-06,7/4/2024,2024,BFM,Cilantro - bu,$3.50,31,0,31,$108.50,,actual
2024-07-03,7/2/2024,2024,EFM,Collards - bu,$4.50,2,1,1,$4.50,,actual
2024-07-06,7/4/2024,2024,KFM,Collards - bu,$4.50,12,2,10,$45.00,,actual
2024-07-06,7/4/2024,2024,BFM,Collards - bu,$4.50,11,0,11,$49.50,,actual
2024-07-03,7/2/2024,2024,EFM,Cucumber - lb,$4.08,7,2.3,4.7,$19.16,Variety: slicers,actual
2024-07-03,7/2/2024,2024,EFM,Cucumber - lb,$4.08,15,2.7,12.3,$50.15,Variety: persian,actual
2024-07-06,7/4/2024,2024,KFM,Cucumber - lb,$4.08,67.2,18.3,48.9,$199.39,Variety: slicers,actual
2024-07-06,7/4/2024,2024,KFM,Cucumber - lb,$4.08,39.5,0,39.5,$161.06,Variety: persian,actual
2024-07-06,7/4/2024,2024,BFM,Cucumber - lb,$4.08,61,-17.3,78.3,$319.27,Variety: slicers,actual
2024-07-06,7/4/2024,2024,BFM,Cucumber - lb,$4.08,10,0,10,$40.78,Variety: persian,actual
2024-07-03,7/2/2024,2024,EFM,Cucumber Pickling - lb,$4.08,5,0,5,$20.39,,actual
2024-07-06,7/4/2024,2024,KFM,Cucumber Pickling - lb,$4.08,30.75,5.5,25.25,$102.96,,actual
2024-07-06,7/4/2024,2024,BFM,Cucumber Pickling - lb,$4.08,28,-1,29,$118.25,,actual
2024-07-03,7/2/2024,2024,EFM,Dandelion - bu,$4.50,3,1,2,$9.00,,actual
2024-07-06,7/4/2024,2024,KFM,Dandelion - bu,$4.50,16,0,16,$72.00,,actual
2024-07-06,7/4/2024,2024,BFM,Dandelion - bu,$4.50,6,0,6,$27.00,,actual
2024-07-03,7/2/2024,2024,EFM,Dill - bu,$3.50,4,0,4,$14.00,,actual
2024-07-06,7/4/2024,2024,KFM,Dill - bu,$3.50,0,0,0,$0.00,,actual
2024-07-06,7/4/2024,2024,BFM,Dill - bu,$3.50,9,0,9,$31.50,,actual
2024-07-03,7/2/2024,2024,EFM,Escarole - ea,$5.00,4,0,4,$20.00,,actual
2024-07-06,7/4/2024,2024,KFM,Escarole - ea,$4.50,21,10,11,$49.50,,actual
2024-07-06,7/4/2024,2024,BFM,Escarole - ea,$5.00,12,-3,15,$75.00,,actual
2024-07-03,7/2/2024,2024,EFM,Fennel - ea,$3.50,6,2,4,$14.00,,actual
2024-07-06,7/4/2024,2024,KFM,Fennel - ea,$3.50,56,0,56,$196.00,,actual
2024-07-06,7/4/2024,2024,BFM,Fennel - ea,$3.50,22,0,22,$77.00,,actual
2024-07-03,7/2/2024,2024,EFM,Kale Curly - bu,$4.50,2,0,2,$9.00,,actual
2024-07-06,7/4/2024,2024,KFM,Kale Curly - bu,$4.50,12,0,12,$54.00,,actual
2024-07-06,7/4/2024,2024,BFM,Kale Curly - bu,$4.50,18,0,18,$81.00,,actual
2024-07-03,7/2/2024,2024,EFM,Kale Lacinato - bu,$4.50,6,0,6,$27.00,,actual
2024-07-06,7/4/2024,2024,KFM,Kale Lacinato - bu,$4.50,35,0,35,$157.50,,actual
2024-07-06,7/4/2024,2024,BFM,Kale Lacinato - bu,$4.50,25,0,25,$112.50,,actual
2024-07-03,7/2/2024,2024,EFM,Lettuce Head - ea,$4.00,4,0,4,$16.00,Variety: frisee,actual
2024-07-06,7/4/2024,2024,KFM,Lettuce Head - ea,$4.00,0,0,0,$0.00,Variety: frisee,actual
2024-07-06,7/4/2024,2024,BFM,Lettuce Head - ea,$4.00,0,0,0,$0.00,Variety: frisee,actual
2024-07-03,7/2/2024,2024,EFM,Lettuce Mini Gem - ea,$3.00,5,0,5,$15.00,Variety: red,actual
2024-07-03,7/2/2024,2024,EFM,Lettuce Mini Gem - ea,$3.00,5,0,5,$15.00,Variety: blush,actual
2024-07-06,7/4/2024,2024,KFM,Lettuce Mini Gem - ea,$3.50,50,0,50,$174.75,Variety: red,actual
2024-07-06,7/4/2024,2024,KFM,Lettuce Mini Gem - ea,$3.50,12,0,12,$41.94,Variety: blush,actual
2024-07-06,7/4/2024,2024,BFM,Lettuce Mini Gem - ea,$3.50,27,0,27,$94.37,Variety: red,actual
2024-07-06,7/4/2024,2024,BFM,Lettuce Mini Gem - ea,$3.50,12,0,12,$41.94,Variety: blush,actual
2024-07-03,7/2/2024,2024,EFM,Onion Spring - bu,$4.50,9,0,9,$40.50,Variety: tropea,actual
2024-07-03,7/2/2024,2024,EFM,Onion Spring - bu,$4.50,5,0,5,$22.50,Variety: blush,actual
2024-07-03,7/2/2024,2024,EFM,Onion Spring - bu,$4.50,7,0,7,$31.50,Variety: ailsa,actual
2024-07-06,7/4/2024,2024,KFM,Onion Spring - bu,$4.50,33,0,33,$148.50,Variety: tropea,actual
2024-07-06,7/4/2024,2024,KFM,Onion Spring - bu,$4.50,45,10,35,$157.50,Variety: blush,actual
2024-07-06,7/4/2024,2024,KFM,Onion Spring - bu,$4.50,34,11,23,$103.50,Variety: ailsa,actual
2024-07-06,7/4/2024,2024,BFM,Onion Spring - bu,$4.50,10,0,10,$45.00,Variety: tropea,actual
2024-07-06,7/4/2024,2024,BFM,Onion Spring - bu,$4.50,40,-8,48,$216.00,Variety: blush,actual
2024-07-06,7/4/2024,2024,BFM,Onion Spring - bu,$4.50,29,-1,30,$135.00,Variety: ailsa,actual
2024-07-03,7/2/2024,2024,EFM,Parsley - bu,$3.50,4,0,4,$14.00,,actual
2024-07-06,7/4/2024,2024,KFM,Parsley - bu,$3.50,60,12,48,$168.00,,actual
2024-07-06,7/4/2024,2024,BFM,Parsley - bu,$3.50,25,4,21,$73.50,,actual
2024-07-03,7/2/2024,2024,EFM,Radicchio - lb,$8.00,1.3,0,1.3,$10.40,,actual
2024-07-06,7/4/2024,2024,KFM,Radicchio - lb,$8.00,9.2,0,9.2,$73.60,,actual
2024-07-06,7/4/2024,2024,BFM,Radicchio - lb,$8.00,2.5,0,2.5,$20.00,,actual
2024-07-03,7/2/2024,2024,EFM,Radicchio Variegated - lb,$8.00,0.8,0,0.8,$6.40,,actual
2024-07-06,7/4/2024,2024,KFM,Radicchio Variegated - lb,$8.00,13.5,2.7,10.8,$86.40,,actual
2024-07-06,7/4/2024,2024,BFM,Radicchio Variegated - lb,$8.00,0,-1.35,1.35,$10.80,,actual
2024-07-03,7/2/2024,2024,EFM,Scallion - bu,$3.50,8,0,8,$28.00,,actual
2024-07-06,7/4/2024,2024,KFM,Scallion - bu,$3.50,60,6,54,$189.00,,actual
2024-07-06,7/4/2024,2024,BFM,Scallion - bu,$3.50,32,2,30,$105.00,,actual
2024-07-03,7/2/2024,2024,EFM,Spring Mix - 1 1/4 lb,$25.00,0,0,0,$0.00,,actual
2024-07-06,7/4/2024,2024,KFM,Spring Mix - 1 1/4 lb,$25.00,11,1,10,$250.00,,actual
2024-07-06,7/4/2024,2024,BFM,Spring Mix - 1 1/4 lb,$25.00,5,0,5,$125.00,,actual
2024-07-03,7/2/2024,2024,EFM,Spring Mix - 1/3 lb,$7.00,5,0,5,$35.00,,actual
2024-07-06,7/4/2024,2024,KFM,Spring Mix - 1/3 lb,$7.00,27,0,27,$189.00,,actual
2024-07-06,7/4/2024,2024,BFM,Spring Mix - 1/3 lb,$7.00,30,0,30,$210.00,,actual
2024-07-03,7/2/2024,2024,EFM,Spring Mix - 2/3 lb ,$14.00,7,0,7,$98.00,,actual
2024-07-06,7/4/2024,2024,KFM,Spring Mix - 2/3 lb ,$14.00,34,0,34,$476.00,,actual
2024-07-06,7/4/2024,2024,BFM,Spring Mix - 2/3 lb ,$14.00,18,0,18,$252.00,,actual
2024-07-03,7/2/2024,2024,EFM,Zucchini - lb,$3.50,12,4.6,7.4,$25.90,Variety: green,actual
2024-07-03,7/2/2024,2024,EFM,Zucchini - lb,$3.50,7,1,6,$21.00,Variety: yellow,actual
2024-07-03,7/2/2024,2024,EFM,Zucchini - lb,$3.50,6,0,6,$21.00,Variety: striped,actual
2024-07-06,7/4/2024,2024,KFM,Zucchini - lb,$3.50,106.5,45,61.5,$215.25,Variety: green,actual
2024-07-06,7/4/2024,2024,KFM,Zucchini - lb,$3.50,62,15,47,$164.50,Variety: yellow,actual
2024-07-06,7/4/2024,2024,KFM,Zucchini - lb,$3.50,50.5,30,20.5,$71.75,Variety: striped,actual
2024-07-06,7/4/2024,2024,BFM,Zucchini - lb,$3.50,50,8,42,$147.00,Variety: green,actual
2024-07-06,7/4/2024,2024,BFM,Zucchini - lb,$3.50,40,0,40,$140.00,Variety: yellow,actual
2024-07-06,7/4/2024,2024,BFM,Zucchini - lb,$3.50,30,0,30,$105.00,Variety: striped,actual
2024-07-06,7/4/2024,2024,KFM,Zucchini - lb,$3.50,40,38,2,$7.00,Variety: zoodles,actual
2024-07-10,7/9/2024,2024,EFM,Artichoke - lb,$11.00,0,0,0,$0.00,,actual
2024-07-13,7/11/2024,2024,KFM,Artichoke - lb,$11.00,5.5,0,5.5,$60.50,,actual
2024-07-13,7/11/2024,2024,BFM,Artichoke - lb,$11.00,0,0,0,$0.00,,actual
2024-07-10,7/9/2024,2024,EFM,Basil - bu,$3.50,14,4,10,$35.00,,actual
2024-07-13,7/11/2024,2024,KFM,Basil - bu,$3.50,50,1,49,$171.50,,actual
2024-07-13,7/11/2024,2024,BFM,Basil - bu,$3.50,30,0,30,$105.00,,actual
2024-07-10,7/9/2024,2024,EFM,Beets Golden - bu,$5.00,0,0,0,$0.00,,actual
2024-07-13,7/11/2024,2024,KFM,Beets Golden - bu,$5.00,0,0,0,$0.00,,actual
2024-07-13,7/11/2024,2024,BFM,Beets Golden - bu,$5.00,0,0,0,$0.00,,actual
2024-07-10,7/9/2024,2024,EFM,Beets Red - bu,$5.00,0,0,0,$0.00,,actual
2024-07-13,7/11/2024,2024,KFM,Beets Red - bu,$5.00,0,0,0,$0.00,,actual
2024-07-13,7/11/2024,2024,BFM,Beets Red - bu,$5.00,0,0,0,$0.00,,actual
2024-07-10,7/9/2024,2024,EFM,Broccolini - bu,$6.00,12,0,12,$72.00,,actual
2024-07-10,7/9/2024,2024,EFM,Broccolini - bu,$6.00,15,3,12,$72.00,Variety: monty,actual
2024-07-13,7/11/2024,2024,KFM,Broccolini - bu,$6.00,40,0,40,$240.00,,actual
2024-07-13,7/11/2024,2024,KFM,Broccolini - bu,$6.00,0,,0,$0.00,Variety: monty,actual
2024-07-13,7/11/2024,2024,BFM,Broccolini - bu,$6.00,35,0,35,$210.00,,actual
2024-07-13,7/11/2024,2024,BFM,Broccolini - bu,$6.00,0,0,0,$0.00,Variety: monty,actual
2024-07-10,7/9/2024,2024,EFM,Cabbage - lb,$3.00,4.8,0,4.8,$14.40,Variety: red,actual
2024-07-10,7/9/2024,2024,EFM,Cabbage - lb,$3.00,5.5,0,5.5,$16.50,Variety: caraflex,actual
2024-07-10,7/9/2024,2024,EFM,Cabbage - lb,$3.00,4.4,2.9,1.5,$4.50,Variety: savoy,actual
2024-07-10,7/9/2024,2024,EFM,Cabbage - lb,$3.00,5.6,3.7,1.9,$5.70,Variety: tendersweet,actual
2024-07-13,7/11/2024,2024,KFM,Cabbage - lb,$3.00,38.9,0,38.9,$116.70,Variety: red,actual
2024-07-13,7/11/2024,2024,KFM,Cabbage - lb,$3.00,32.5,0,32.5,$97.50,Variety: caraflex,actual
2024-07-13,7/11/2024,2024,KFM,Cabbage - lb,$3.00,18.5,0,18.5,$55.50,Variety: savoy,actual
2024-07-13,7/11/2024,2024,KFM,Cabbage - lb,$3.00,19.9,0,19.9,$59.70,Variety: tendersweet,actual
2024-07-13,7/11/2024,2024,BFM,Cabbage - lb,$3.00,23.5,4.86,18.64,$55.92,Variety: red,actual
2024-07-13,7/11/2024,2024,BFM,Cabbage - lb,$3.00,15.6,1.95,13.65,$40.95,Variety: caraflex,actual
2024-07-13,7/11/2024,2024,BFM,Cabbage - lb,$3.00,10.1,1.27,8.83,$26.49,Variety: savoy,actual
2024-07-13,7/11/2024,2024,BFM,Cabbage - lb,$3.00,15,0,15,$45.00,Variety: tendersweet,actual
2024-07-10,7/9/2024,2024,EFM,Cabbage Chinese - lb,$4.00,1.75,0,1.75,$7.00,,actual
2024-07-13,7/11/2024,2024,KFM,Cabbage Chinese - lb,$4.00,13.6,0,13.6,$54.40,,actual
2024-07-13,7/11/2024,2024,BFM,Cabbage Chinese - lb,$4.00,13.3,2.77,10.53,$42.12,,actual
2024-07-10,7/9/2024,2024,EFM,Cauliflower Sprouting - lb,$6.00,0,0,0,$0.00,,actual
2024-07-13,7/11/2024,2024,KFM,Cauliflower Sprouting - lb,$6.00,52.75,0,52.75,$316.50,,actual
2024-07-13,7/11/2024,2024,BFM,Cauliflower Sprouting - lb,$6.00,32,0,32,$192.00,,actual
2024-07-10,7/9/2024,2024,EFM,Celery - bu,$4.50,8,1,7,$31.50,,actual
2024-07-13,7/11/2024,2024,KFM,Celery - bu,$4.50,25,0,25,$112.50,,actual
2024-07-13,7/11/2024,2024,BFM,Celery - bu,$4.50,16,2,14,$63.00,,actual
2024-07-10,7/9/2024,2024,EFM,Chard - bu,$4.50,2,0,2,$9.00,,actual
2024-07-13,7/11/2024,2024,KFM,Chard - bu,$4.50,16,0,16,$72.00,,actual
2024-07-13,7/11/2024,2024,BFM,Chard - bu,$4.50,20,1,19,$85.50,,actual
2024-07-10,7/9/2024,2024,EFM,Cilantro - bu,$3.50,6,0,6,$21.00,,actual
2024-07-13,7/11/2024,2024,KFM,Cilantro - bu,$3.50,48,0,48,$168.00,,actual
2024-07-13,7/11/2024,2024,BFM,Cilantro - bu,$3.50,22,1,21,$73.50,,actual
2024-07-10,7/9/2024,2024,EFM,Collards - bu,$4.50,2,2,0,$0.00,,actual
2024-07-13,7/11/2024,2024,KFM,Collards - bu,$4.50,12,1,11,$49.50,,actual
2024-07-13,7/11/2024,2024,BFM,Collards - bu,$4.50,12,5,7,$31.50,,actual
2024-07-10,7/9/2024,2024,EFM,Cucumber - lb,$4.08,12,1.25,10.75,$43.83,Variety: slicers,actual
2024-07-10,7/9/2024,2024,EFM,Cucumber - lb,$4.08,7,0,7,$28.54,Variety: persian,actual
2024-07-13,7/11/2024,2024,KFM,Cucumber - lb,$4.08,60,,60,$244.65,Variety: slicers,actual
2024-07-13,7/11/2024,2024,KFM,Cucumber - lb,$4.08,38,,38,$154.95,Variety: persian,actual
2024-07-13,7/11/2024,2024,BFM,Cucumber - lb,$4.08,65,6.7,58.3,$237.72,Variety: slicers,actual
2024-07-13,7/11/2024,2024,BFM,Cucumber - lb,$4.08,15,0,15,$61.16,Variety: persian,actual
2024-07-10,7/9/2024,2024,EFM,Cucumber Pickling - lb,$4.08,6,0.39,5.61,$22.87,,actual
2024-07-13,7/11/2024,2024,KFM,Cucumber Pickling - lb,$4.08,82.5,,82.5,$336.39,,actual
2024-07-13,7/11/2024,2024,BFM,Cucumber Pickling - lb,$4.08,60,0,60,$244.65,,actual
2024-07-10,7/9/2024,2024,EFM,Dandelion - bu,$4.50,2,1,1,$4.50,,actual
2024-07-13,7/11/2024,2024,KFM,Dandelion - bu,$4.50,16,0,16,$72.00,,actual
2024-07-13,7/11/2024,2024,BFM,Dandelion - bu,$4.50,6,0,6,$27.00,,actual
2024-07-10,7/9/2024,2024,EFM,Dill - bu,$3.50,5,0,5,$17.50,,actual
2024-07-13,7/11/2024,2024,KFM,Dill - bu,$3.50,0,0,0,$0.00,,actual
2024-07-13,7/11/2024,2024,BFM,Dill - bu,$3.50,0,0,0,$0.00,,actual
2024-07-13,7/11/2024,2024,KFM,Eggplant - lb,$5.00,15,0,15,$75.00,,actual
2024-07-13,7/11/2024,2024,BFM,Eggplant - lb,$5.00,26,0,26,$130.00,,actual
2024-07-10,7/9/2024,2024,EFM,Escarole - ea,$4.50,6,1,5,$22.50,,actual
2024-07-13,7/11/2024,2024,KFM,Escarole - ea,$4.50,12,0,12,$54.00,,actual
2024-07-13,7/11/2024,2024,BFM,Escarole - ea,$4.50,12,3,9,$40.50,,actual
2024-07-10,7/9/2024,2024,EFM,Fennel - ea,$3.50,6,1,5,$17.50,,actual
2024-07-13,7/11/2024,2024,KFM,Fennel - ea,$3.50,47,0,47,$164.50,,actual
2024-07-13,7/11/2024,2024,BFM,Fennel - ea,$3.50,16,0,16,$56.00,,actual
2024-07-10,7/9/2024,2024,EFM,Kale Curly - bu,$4.50,3,0,3,$13.50,,actual
2024-07-13,7/11/2024,2024,KFM,Kale Curly - bu,$4.50,15,1,14,$63.00,,actual
2024-07-13,7/11/2024,2024,BFM,Kale Curly - bu,$4.50,20,0,20,$90.00,,actual
2024-07-10,7/9/2024,2024,EFM,Kale Lacinato - bu,$4.50,7,3,4,$18.00,,actual
2024-07-13,7/11/2024,2024,KFM,Kale Lacinato - bu,$4.50,40,0,40,$180.00,,actual
2024-07-13,7/11/2024,2024,BFM,Kale Lacinato - bu,$4.50,30,0,30,$135.00,,actual
2024-07-10,7/9/2024,2024,EFM,Lettuce Head - ea,$4.00,0,0,0,$0.00,Variety: frisee,actual
2024-07-13,7/11/2024,2024,KFM,Lettuce Head - ea,$4.00,0,0,0,$0.00,Variety: frisee,actual
2024-07-13,7/11/2024,2024,BFM,Lettuce Head - ea,$4.00,0,0,0,$0.00,Variety: frisee,actual
2024-07-10,7/9/2024,2024,EFM,Lettuce Mini Gem - ea,$3.50,5,0,5,$17.48,Variety: red,actual
2024-07-10,7/9/2024,2024,EFM,Lettuce Mini Gem - ea,$3.50,5,0,5,$17.48,Variety: blush,actual
2024-07-13,7/11/2024,2024,KFM,Lettuce Mini Gem - ea,$3.50,13,0,13,$45.44,Variety: red,actual
2024-07-13,7/11/2024,2024,KFM,Lettuce Mini Gem - ea,$3.50,35,0,35,$122.33,Variety: blush,actual
2024-07-13,7/11/2024,2024,BFM,Lettuce Mini Gem - ea,$3.50,0,0,0,$0.00,Variety: red,actual
2024-07-13,7/11/2024,2024,BFM,Lettuce Mini Gem - ea,$3.50,39,0,39,$136.31,Variety: blush,actual
2024-07-10,7/9/2024,2024,EFM,Okra - Pt,$6.00,0,0,0,$0.00,,actual
2024-07-13,7/11/2024,2024,KFM,Okra - Pt,$6.00,0,0,0,$0.00,,actual
2024-07-13,7/11/2024,2024,BFM,Okra - Pt,$6.00,0,0,0,$0.00,,actual
2024-07-10,7/9/2024,2024,EFM,Onion Spring - bu,$4.50,0,0,0,$0.00,Variety: tropea,actual
2024-07-10,7/9/2024,2024,EFM,Onion Spring - bu,$4.50,8,0,8,$36.00,Variety: blush,actual
2024-07-10,7/9/2024,2024,EFM,Onion Spring - bu,$4.50,5,0,5,$22.50,Variety: ailsa,actual
2024-07-13,7/11/2024,2024,KFM,Onion Spring - bu,$4.50,0,0,0,$0.00,Variety: tropea,actual
2024-07-13,7/11/2024,2024,KFM,Onion Spring - bu,$4.50,48,0,48,$216.00,Variety: blush,actual
2024-07-13,7/11/2024,2024,KFM,Onion Spring - bu,$4.50,40,11,29,$130.50,Variety: ailsa,actual
2024-07-13,7/11/2024,2024,BFM,Onion Spring - bu,$4.50,0,0,0,$0.00,Variety: tropea,actual
2024-07-13,7/11/2024,2024,BFM,Onion Spring - bu,$4.50,40,0,40,$180.00,Variety: blush,actual
2024-07-13,7/11/2024,2024,BFM,Onion Spring - bu,$4.50,35,8,27,$121.50,Variety: ailsa,actual
2024-07-10,7/9/2024,2024,EFM,Parsley - bu,$3.50,6,0,6,$21.00,,actual
2024-07-13,7/11/2024,2024,KFM,Parsley - bu,$3.50,50,11,39,$136.50,,actual
2024-07-13,7/11/2024,2024,BFM,Parsley - bu,$3.50,22,0,22,$77.00,,actual
2024-07-10,7/9/2024,2024,EFM,Radicchio - lb,$8.00,0,0,0,$0.00,,actual
2024-07-13,7/11/2024,2024,KFM,Radicchio - lb,$8.00,17.3,0,17.3,$138.40,,actual
2024-07-13,7/11/2024,2024,BFM,Radicchio - lb,$8.00,2.95,0,2.95,$23.60,,actual
2024-07-10,7/9/2024,2024,EFM,Radicchio Variegated - lb,$8.00,3.8,0,3.8,$30.40,,actual
2024-07-13,7/11/2024,2024,KFM,Radicchio Variegated - lb,$8.00,8.7,2.1,6.6,$52.80,,actual
2024-07-13,7/11/2024,2024,BFM,Radicchio Variegated - lb,$8.00,2.3,1.2,1.1,$8.80,,actual
2024-07-10,7/9/2024,2024,EFM,Scallion - bu,$3.50,8,0,8,$28.00,,actual
2024-07-13,7/11/2024,2024,KFM,Scallion - bu,$3.50,55,1,54,$189.00,,actual
2024-07-13,7/11/2024,2024,BFM,Scallion - bu,$3.50,30,7,23,$80.50,,actual
2024-07-10,7/9/2024,2024,EFM,Spring Mix - 1 1/4 lb,$25.00,0,0,0,$0.00,,actual
2024-07-13,7/11/2024,2024,KFM,Spring Mix - 1 1/4 lb,$25.00,10,0,10,$250.00,,actual
2024-07-13,7/11/2024,2024,BFM,Spring Mix - 1 1/4 lb,$25.00,5,1,4,$100.00,,actual
2024-07-10,7/9/2024,2024,EFM,Spring Mix - 1/3 lb,$7.00,8,0,8,$56.00,,actual
2024-07-13,7/11/2024,2024,KFM,Spring Mix - 1/3 lb,$7.00,25,2,23,$161.00,,actual
2024-07-13,7/11/2024,2024,BFM,Spring Mix - 1/3 lb,$7.00,35,0,35,$245.00,,actual
2024-07-10,7/9/2024,2024,EFM,Spring Mix - 2/3 lb ,$14.00,8,0,8,$112.00,,actual
2024-07-13,7/11/2024,2024,KFM,Spring Mix - 2/3 lb ,$14.00,35,0,35,$490.00,,actual
2024-07-13,7/11/2024,2024,BFM,Spring Mix - 2/3 lb ,$14.00,18,0,18,$252.00,,actual
2024-07-10,7/9/2024,2024,EFM,Zucchini - lb,$3.50,10,1.45,8.55,$29.93,Variety: green,actual
2024-07-10,7/9/2024,2024,EFM,Zucchini - lb,$3.50,7,0,7,$24.50,Variety: yellow,actual
2024-07-10,7/9/2024,2024,EFM,Zucchini - lb,$3.50,7,1.95,5.05,$17.68,Variety: striped,actual
2024-07-10,7/9/2024,2024,EFM,Zucchini - lb,$3.50,0,0,0,$0.00,Variety: zoodles,actual
2024-07-13,7/11/2024,2024,KFM,Zucchini - lb,$3.50,55,30,25,$87.50,Variety: green,actual
2024-07-13,7/11/2024,2024,KFM,Zucchini - lb,$3.50,50,30,20,$70.00,Variety: yellow,actual
2024-07-13,7/11/2024,2024,KFM,Zucchini - lb,$3.50,65,35,30,$105.00,Variety: striped,actual
2024-07-13,7/11/2024,2024,KFM,Zucchini - lb,$3.50,120,120,0,$0.00,Variety: zoodles,actual
2024-07-13,7/11/2024,2024,BFM,Zucchini - lb,$3.50,55,10.75,44.25,$154.88,Variety: green,actual
2024-07-13,7/11/2024,2024,BFM,Zucchini - lb,$3.50,60,4.1,55.9,$195.65,Variety: yellow,actual
2024-07-13,7/11/2024,2024,BFM,Zucchini - lb,$3.50,45,16.9,28.1,$98.35,Variety: striped,actual
2024-07-13,7/11/2024,2024,BFM,Zucchini - lb,$3.50,20,0,20,$70.00,Variety: zoodles,actual
2024-07-17,7/16/2024,2024,EFM,Artichoke - lb,$11.00,0,0,0,$0.00,,actual
2024-07-20,7/18/2024,2024,KFM,Artichoke - lb,$11.00,7,0,7,$77.00,,actual
2024-07-20,7/18/2024,2024,BFM,Artichoke - lb,$11.00,4.9,0,4.9,$53.90,,actual
2024-07-20,7/18/2024,2024,KFM,Arugula - 1/3 lb,$7.00,0,0,0,$0.00,,actual
2024-07-20,7/18/2024,2024,BFM,Arugula - 1/3 lb,$7.00,0,0,0,$0.00,,actual
2024-07-17,7/16/2024,2024,EFM,Basil - bu,$3.50,12,9,3,$10.50,,actual
2024-07-20,7/18/2024,2024,KFM,Basil - bu,$3.50,55,0,55,$192.50,,actual
2024-07-20,7/18/2024,2024,BFM,Basil - bu,$3.50,45,6,39,$136.50,,actual
2024-07-17,7/16/2024,2024,EFM,Broccolini - bu,$6.00,16,0,16,$96.00,,actual
2024-07-20,7/18/2024,2024,KFM,Broccolini - bu,$6.00,0,0,0,$0.00,,actual
2024-07-20,7/18/2024,2024,BFM,Broccolini - bu,$6.00,0,0,0,$0.00,,actual
2024-07-17,7/16/2024,2024,EFM,Cabbage - lb,$3.00,5,0,5,$15.00,Variety: red,actual
2024-07-17,7/16/2024,2024,EFM,Cabbage - lb,$3.00,5.4,1.08,4.32,$12.96,Variety: caraflex,actual
2024-07-17,7/16/2024,2024,EFM,Cabbage - lb,$3.00,2.4,2.4,0,$0.00,Variety: savoy,actual
2024-07-17,7/16/2024,2024,EFM,Cabbage - lb,$3.00,3,1.5,1.5,$4.50,Variety: tendersweet,actual
2024-07-20,7/18/2024,2024,KFM,Cabbage - lb,$3.00,44,0,44,$132.00,Variety: red,actual
2024-07-20,7/18/2024,2024,KFM,Cabbage - lb,$3.00,27.2,0,27.2,$81.60,Variety: caraflex,actual
2024-07-20,7/18/2024,2024,KFM,Cabbage - lb,$3.00,12,0,12,$36.00,Variety: savoy,actual
2024-07-20,7/18/2024,2024,KFM,Cabbage - lb,$3.00,21.1,0,21.1,$63.30,Variety: tendersweet,actual
2024-07-20,7/18/2024,2024,BFM,Cabbage - lb,$3.00,30.8,0,30.8,$92.40,Variety: red,actual
2024-07-20,7/18/2024,2024,BFM,Cabbage - lb,$3.00,11.9,0,11.9,$35.70,Variety: caraflex,actual
2024-07-20,7/18/2024,2024,BFM,Cabbage - lb,$3.00,7.7,0,7.7,$23.10,Variety: savoy,actual
2024-07-20,7/18/2024,2024,BFM,Cabbage - lb,$3.00,20.2,0,20.2,$60.60,Variety: tendersweet,actual
2024-07-17,7/16/2024,2024,EFM,Cabbage Chinese - lb,$4.00,4.1,0,4.1,$16.40,,actual
2024-07-20,7/18/2024,2024,KFM,Cabbage Chinese - lb,$4.00,7.5,0,7.5,$30.00,,actual
2024-07-20,7/18/2024,2024,BFM,Cabbage Chinese - lb,$4.00,7.25,0,7.25,$29.00,,actual
2024-07-17,7/16/2024,2024,EFM,Cauliflower Sprouting - lb,$6.00,5,1.7,3.3,$19.80,,actual
2024-07-20,7/18/2024,2024,KFM,Cauliflower Sprouting - lb,$6.00,21.5,0,21.5,$129.00,,actual
2024-07-20,7/18/2024,2024,BFM,Cauliflower Sprouting - lb,$6.00,11.4,0,11.4,$68.40,,actual
2024-07-17,7/16/2024,2024,EFM,Celery - bu,$4.50,8,4,4,$18.00,,actual
2024-07-20,7/18/2024,2024,KFM,Celery - bu,$4.50,30,0,30,$135.00,,actual
2024-07-20,7/18/2024,2024,BFM,Celery - bu,$4.50,16,0,16,$72.00,,actual
2024-07-17,7/16/2024,2024,EFM,Chard - bu,$4.50,2,0,2,$9.00,,actual
2024-07-20,7/18/2024,2024,KFM,Chard - bu,$4.50,18,0,18,$81.00,,actual
2024-07-20,7/18/2024,2024,BFM,Chard - bu,$4.50,20,5,15,$67.50,,actual
2024-07-17,7/16/2024,2024,EFM,Cilantro - bu,$3.50,0,0,0,$0.00,,actual
2024-07-20,7/18/2024,2024,KFM,Cilantro - bu,$3.50,20,0,20,$70.00,,actual
2024-07-20,7/18/2024,2024,BFM,Cilantro - bu,$3.50,0,0,0,$0.00,,actual
2024-07-17,7/16/2024,2024,EFM,Collards - bu,$4.50,2,0,2,$9.00,,actual
2024-07-20,7/18/2024,2024,KFM,Collards - bu,$4.50,12,0,12,$54.00,,actual
2024-07-20,7/18/2024,2024,BFM,Collards - bu,$4.50,8,0,8,$36.00,,actual
2024-07-17,7/16/2024,2024,EFM,Cucumber - lb,$4.08,10,0.6,9.4,$38.33,Variety: slicers,actual
2024-07-17,7/16/2024,2024,EFM,Cucumber - lb,$4.08,9,0,9,$36.70,Variety: persian,actual
2024-07-20,7/18/2024,2024,KFM,Cucumber - lb,$4.08,76,3,73,$297.66,Variety: slicers,actual
2024-07-20,7/18/2024,2024,KFM,Cucumber - lb,$4.08,48.6,0,48.6,$198.17,Variety: persian,actual
2024-07-20,7/18/2024,2024,BFM,Cucumber - lb,$4.08,70,0,70,$285.43,Variety: slicers,actual
2024-07-20,7/18/2024,2024,BFM,Cucumber - lb,$4.08,20,0,20,$81.55,Variety: persian,actual
2024-07-17,7/16/2024,2024,EFM,Cucumber Pickling - lb,$4.08,6,0.3,5.7,$23.24,,actual
2024-07-20,7/18/2024,2024,KFM,Cucumber Pickling - lb,$4.08,100,10,90,$366.98,,actual
2024-07-20,7/18/2024,2024,BFM,Cucumber Pickling - lb,$4.08,90,36.5,53.5,$218.15,,actual
2024-07-17,7/16/2024,2024,EFM,Dandelion - bu,$4.50,2,1,1,$4.50,,actual
2024-07-20,7/18/2024,2024,KFM,Dandelion - bu,$4.50,16,4,12,$54.00,,actual
2024-07-20,7/18/2024,2024,BFM,Dandelion - bu,$4.50,8,0,8,$36.00,,actual
2024-07-17,7/16/2024,2024,EFM,Eggplant - lb,$5.00,10,0.68,9.32,$46.60,,actual
2024-07-20,7/18/2024,2024,KFM,Eggplant - lb,$5.00,92.9,0,92.9,$464.50,,actual
2024-07-20,7/18/2024,2024,BFM,Eggplant - lb,$5.00,49.1,0,49.1,$245.50,,actual
2024-07-17,7/16/2024,2024,EFM,Eggplant Mini - Pt,$6.00,0,0,0,$0.00,,actual
2024-07-20,7/18/2024,2024,KFM,Eggplant Mini - Pt,$7.00,19,0,19,$133.04,Variety: quarts,actual
2024-07-20,7/18/2024,2024,BFM,Eggplant Mini - Pt,$6.00,0,0,0,$0.00,,actual
2024-07-17,7/16/2024,2024,EFM,Escarole - ea,$4.50,6,3,3,$13.50,,actual
2024-07-20,7/18/2024,2024,KFM,Escarole - ea,$4.50,14,0,14,$63.00,,actual
2024-07-20,7/18/2024,2024,BFM,Escarole - ea,$4.50,0,0,0,$0.00,,actual
2024-07-17,7/16/2024,2024,EFM,Fennel - ea,$3.50,6,2,4,$14.00,,actual
2024-07-20,7/18/2024,2024,KFM,Fennel - ea,$3.50,57,0,57,$199.50,,actual
2024-07-20,7/18/2024,2024,BFM,Fennel - ea,$3.50,20,0,20,$70.00,,actual
2024-07-17,7/16/2024,2024,EFM,Kale Curly - bu,$4.50,4,0,4,$18.00,,actual
2024-07-20,7/18/2024,2024,KFM,Kale Curly - bu,$4.50,15,0,15,$67.50,,actual
2024-07-20,7/18/2024,2024,BFM,Kale Curly - bu,$4.50,25,0,25,$112.50,,actual
2024-07-17,7/16/2024,2024,EFM,Kale Lacinato - bu,$4.50,6,0,6,$27.00,,actual
2024-07-20,7/18/2024,2024,KFM,Kale Lacinato - bu,$4.50,46,3,43,$193.50,,actual
2024-07-20,7/18/2024,2024,BFM,Kale Lacinato - bu,$4.50,31,0,31,$139.50,,actual
2024-07-17,7/16/2024,2024,EFM,Okra - Pt,$6.00,0,0,0,$0.00,,actual
2024-07-20,7/18/2024,2024,KFM,Okra - Pt,$6.00,15,0,15,$90.00,,actual
2024-07-20,7/18/2024,2024,BFM,Okra - Pt,$6.00,0,0,0,$0.00,,actual
2024-07-17,7/16/2024,2024,EFM,Onion Spring - bu,$5.00,6,4,2,$10.00,Variety: blush quarts,actual
2024-07-17,7/16/2024,2024,EFM,Onion Spring - bu,$5.00,10,8,2,$10.00,Variety: ailsa quarts,actual
2024-07-20,7/18/2024,2024,KFM,Onion Spring - bu,$5.00,0,0,0,$0.00,Variety: blush quarts,actual
2024-07-20,7/18/2024,2024,KFM,Onion Spring - bu,$5.00,70,15,55,$275.00,Variety: ailsa quarts,actual
2024-07-20,7/18/2024,2024,BFM,Onion Spring - bu,$5.00,0,0,0,$0.00,Variety: blush quarts,actual
2024-07-20,7/18/2024,2024,BFM,Onion Spring - bu,$5.00,50,15,35,$175.00,Variety: ailsa quarts,actual
2024-07-17,7/16/2024,2024,EFM,Parsley - bu,$3.50,6,0,6,$21.00,,actual
2024-07-20,7/18/2024,2024,KFM,Parsley - bu,$3.50,45,0,45,$157.50,,actual
2024-07-20,7/18/2024,2024,BFM,Parsley - bu,$3.50,22,1,21,$73.50,,actual
2024-07-20,7/18/2024,2024,BFM,Pepper Hot - ea,$1.00,11,0,11,$11.00,,actual
2024-07-20,7/18/2024,2024,BFM,Pepper Shishito - Pt,$6.00,9,0,9,$54.00,,actual
2024-07-17,7/16/2024,2024,EFM,Pepper Shishito - Qt,$11.00,0,0,0,$0.00,,actual
2024-07-20,7/18/2024,2024,KFM,Pepper Shishito - Qt,$11.00,0,0,0,$0.00,,actual
2024-07-17,7/16/2024,2024,EFM,Radicchio - lb,$8.00,2.75,0,2.75,$22.00,Variety: red,actual
2024-07-20,7/18/2024,2024,KFM,Radicchio - lb,$8.00,10.4,0,10.4,$83.20,Variety: red,actual
2024-07-20,7/18/2024,2024,BFM,Radicchio - lb,$8.00,3.9,0,3.9,$31.20,Variety: red,actual
2024-07-20,7/18/2024,2024,KFM,Radicchio Treviso - lb,$8.00,11.5,0,11.5,$92.00,,actual
2024-07-20,7/18/2024,2024,BFM,Radicchio Treviso - lb,$8.00,2.5,0,2.5,$20.00,,actual
2024-07-17,7/16/2024,2024,EFM,Radicchio Variegated - lb,$8.00,1.45,0,1.45,$11.60,,actual
2024-07-20,7/18/2024,2024,KFM,Radicchio Variegated - lb,$8.00,5.1,0,5.1,$40.80,,actual
2024-07-20,7/18/2024,2024,BFM,Radicchio Variegated - lb,$8.00,0,0,0,$0.00,,actual
2024-07-17,7/16/2024,2024,EFM,Scallion - bu,$3.50,8,0,8,$28.00,,actual
2024-07-20,7/18/2024,2024,KFM,Scallion - bu,$3.50,55,0,55,$192.50,,actual
2024-07-20,7/18/2024,2024,BFM,Scallion - bu,$3.50,25,2,23,$80.50,,actual
2024-07-17,7/16/2024,2024,EFM,Spring Mix - 1 1/4 lb,$25.00,0,0,0,$0.00,,actual
2024-07-20,7/18/2024,2024,KFM,Spring Mix - 1 1/4 lb,$25.00,0,0,0,$0.00,,actual
2024-07-20,7/18/2024,2024,BFM,Spring Mix - 1 1/4 lb,$25.00,0,0,0,$0.00,,actual
2024-07-17,7/16/2024,2024,EFM,Spring Mix - 1/3 lb,$7.00,8,0,8,$56.00,,actual
2024-07-20,7/18/2024,2024,KFM,Spring Mix - 1/3 lb,$7.00,20,0,20,$140.00,,actual
2024-07-20,7/18/2024,2024,BFM,Spring Mix - 1/3 lb,$7.00,21,0,21,$147.00,,actual
2024-07-17,7/16/2024,2024,EFM,Spring Mix - 2/3 lb ,$14.00,8,0,8,$112.00,,actual
2024-07-20,7/18/2024,2024,KFM,Spring Mix - 2/3 lb ,$14.00,25,0,25,$350.00,,actual
2024-07-20,7/18/2024,2024,BFM,Spring Mix - 2/3 lb ,$14.00,13,0,13,$182.00,,actual
2024-07-17,7/16/2024,2024,EFM,Tomato Cherry - Pt,$6.00,11,0,11,$66.00,Variety: sungold,actual
2024-07-20,7/18/2024,2024,KFM,Tomato Cherry - Pt,$6.00,37,0,37,$222.00,Variety: sungold,actual
2024-07-20,7/18/2024,2024,BFM,Tomato Cherry - Pt,$6.00,30,0,30,$180.00,Variety: sungold,actual
2024-07-17,7/16/2024,2024,EFM,Winter Squash Spaghetti - lb,$3.00,0,0,0,$0.00,Variety: bitter melon,actual
2024-07-20,7/18/2024,2024,KFM,Winter Squash Spaghetti - lb,$3.00,4.9,0,4.9,$14.70,Variety: bitter melon,actual
2024-07-20,7/18/2024,2024,BFM,Winter Squash Spaghetti - lb,$3.00,2.9,0,2.9,$8.70,Variety: bitter melon,actual
2024-07-17,7/16/2024,2024,EFM,Zucchini - lb,$3.50,10,4.6,5.4,$18.90,Variety: green,actual
2024-07-17,7/16/2024,2024,EFM,Zucchini - lb,$3.50,8,2.7,5.3,$18.55,Variety: yellow,actual
2024-07-17,7/16/2024,2024,EFM,Zucchini - lb,$3.50,7,4.7,2.3,$8.05,Variety: striped,actual
2024-07-17,7/16/2024,2024,EFM,Zucchini - lb,$3.50,0,0,0,$0.00,Variety: zoodles,actual
2024-07-20,7/18/2024,2024,KFM,Zucchini - lb,$3.50,80,30,50,$175.00,Variety: green,actual
2024-07-20,7/18/2024,2024,KFM,Zucchini - lb,$3.50,50,10,40,$140.00,Variety: yellow,actual
2024-07-20,7/18/2024,2024,BFM,Zucchini - lb,$3.50,79,21,58,$203.00,Variety: green,actual
2024-07-20,7/18/2024,2024,BFM,Zucchini - lb,$3.50,45,0.5,44.5,$155.75,Variety: yellow,actual
2024-07-20,7/18/2024,2024,BFM,Zucchini - lb,$3.50,28.9,8,20.9,$73.15,Variety: striped,actual
2024-07-20,7/18/2024,2024,BFM,Zucchini - lb,$3.50,0,0,0,$0.00,Variety: zoodles,actual
2024-07-20,7/18/2024,2024,KFM,Zucchini - lb,$3.50,50,15,35,$122.50,Variety: striped,actual
2024-07-20,7/18/2024,2024,KFM,Zucchini - lb,$3.50,0,0,0,$0.00,Variety: zoodles,actual
2024-07-24,7/23/2024,2024,EFM,Artichoke - lb,$11.00,0,0,0,$0.00,,actual
2024-07-27,7/25/2024,2024,KFM,Artichoke - lb,$11.00,2.5,0,2.5,$27.50,,actual
2024-07-27,7/25/2024,2024,BFM,Artichoke - lb,$11.00,2,0,2,$22.00,,actual
2024-07-24,7/23/2024,2024,EFM,Arugula - 1/3 lb,$7.00,13,1,12,$84.00,,actual
2024-07-24,7/23/2024,2024,EFM,Basil - bu,$3.50,10,7,3,$10.50,,actual
2024-07-27,7/25/2024,2024,KFM,Basil - bu,$3.50,58,6,52,$182.00,,actual
2024-07-27,7/25/2024,2024,BFM,Basil - bu,$3.50,40,0,40,$140.00,,actual
2024-07-24,7/23/2024,2024,EFM,Cabbage - lb,$3.00,6.75,3.4,3.35,$10.05,Variety: red,actual
2024-07-24,7/23/2024,2024,EFM,Cabbage - lb,$3.00,6.5,2.2,4.3,$12.90,Variety: caraflex,actual
2024-07-24,7/23/2024,2024,EFM,Cabbage - lb,$3.00,2.3,1.3,1,$3.00,Variety: savoy,actual
2024-07-24,7/23/2024,2024,EFM,Cabbage - lb,$3.00,4,0,4,$12.00,Variety: tendersweet,actual
2024-07-27,7/25/2024,2024,KFM,Cabbage - lb,$3.00,39,5.5,33.5,$100.50,Variety: red,actual
2024-07-27,7/25/2024,2024,KFM,Cabbage - lb,$3.00,40,13.3,26.7,$80.10,Variety: caraflex,actual
2024-07-27,7/25/2024,2024,KFM,Cabbage - lb,$3.00,18.9,11.3,7.6,$22.80,Variety: savoy,actual
2024-07-27,7/25/2024,2024,KFM,Cabbage - lb,$3.00,25.6,3.4,22.2,$66.60,Variety: tendersweet,actual
2024-07-27,7/25/2024,2024,BFM,Cabbage - lb,$3.00,21.4,0,21.4,$64.20,Variety: red,actual
2024-07-27,7/25/2024,2024,BFM,Cabbage - lb,$3.00,21.3,0,21.3,$63.90,Variety: caraflex,actual
2024-07-27,7/25/2024,2024,BFM,Cabbage - lb,$3.00,12.1,0.8,11.3,$33.90,Variety: savoy,actual
2024-07-27,7/25/2024,2024,BFM,Cabbage - lb,$3.00,23.1,0,23.1,$69.30,Variety: tendersweet,actual
2024-07-24,7/23/2024,2024,EFM,Cabbage Chinese - lb,$4.00,2.1,0.72,1.38,$5.52,,actual
2024-07-24,7/23/2024,2024,EFM,Cauliflower Sprouting - lb,$6.00,4,0,4,$24.00,,actual
2024-07-27,7/25/2024,2024,KFM,Cauliflower Sprouting - lb,$6.00,30,0,30,$180.00,,actual
2024-07-27,7/25/2024,2024,BFM,Cauliflower Sprouting - lb,$6.00,16.7,0,16.7,$100.20,,actual
2024-07-24,7/23/2024,2024,EFM,Celery - bu,$4.50,6,5,1,$4.50,,actual
2024-07-27,7/25/2024,2024,KFM,Celery - bu,$4.50,32,3,29,$130.50,,actual
2024-07-27,7/25/2024,2024,BFM,Celery - bu,$4.50,17,0,17,$76.50,,actual
2024-07-24,7/23/2024,2024,EFM,Chard - bu,$4.50,3,1,2,$9.00,,actual
2024-07-27,7/25/2024,2024,KFM,Chard - bu,$4.50,18,2,16,$72.00,,actual
2024-07-27,7/25/2024,2024,BFM,Chard - bu,$4.50,20,0,20,$90.00,,actual
2024-07-24,7/23/2024,2024,EFM,Cilantro - bu,$3.50,8,1,7,$24.50,,actual
2024-07-27,7/25/2024,2024,KFM,Cilantro - bu,$3.50,20,0,20,$70.00,,actual
2024-07-27,7/25/2024,2024,BFM,Cilantro - bu,$3.50,17,0,17,$59.50,,actual
2024-07-24,7/23/2024,2024,EFM,Collards - bu,$4.50,2,0,2,$9.00,,actual
2024-07-27,7/25/2024,2024,KFM,Collards - bu,$4.50,9,0,9,$40.50,,actual
2024-07-27,7/25/2024,2024,BFM,Collards - bu,$4.50,6,0,6,$27.00,,actual
2024-07-24,7/23/2024,2024,EFM,Cucumber - lb,$4.08,8,5,3,$12.23,Variety: slicers,actual
2024-07-24,7/23/2024,2024,EFM,Cucumber - lb,$4.08,12.5,2.6,9.9,$40.37,Variety: persian,actual
2024-07-27,7/25/2024,2024,KFM,Cucumber - lb,$4.08,75.4,36,39.4,$160.65,Variety: slicers,actual
2024-07-27,7/25/2024,2024,KFM,Cucumber - lb,$4.08,26.3,0,26.3,$107.24,Variety: persian,actual
2024-07-27,7/25/2024,2024,BFM,Cucumber - lb,$4.08,65,0,65,$265.04,Variety: slicers,actual
2024-07-27,7/25/2024,2024,BFM,Cucumber - lb,$4.08,13.5,0,13.5,$55.05,Variety: persian,actual
2024-07-24,7/23/2024,2024,EFM,Cucumber Pickling - lb,$4.08,7.5,5.6,1.9,$7.75,,actual
2024-07-27,7/25/2024,2024,KFM,Cucumber Pickling - lb,$4.08,79.25,12,67.25,$274.21,,actual
2024-07-27,7/25/2024,2024,BFM,Cucumber Pickling - lb,$4.08,60.75,1,59.75,$243.63,,actual
2024-07-24,7/23/2024,2024,EFM,Dandelion - bu,$4.50,2,1,1,$4.50,,actual
2024-07-27,7/25/2024,2024,KFM,Dandelion - bu,$4.50,16,2,14,$63.00,,actual
2024-07-27,7/25/2024,2024,BFM,Dandelion - bu,$4.50,10,0,10,$45.00,,actual
2024-07-24,7/23/2024,2024,EFM,Eggplant - lb,$5.00,8,0,8,$40.00,,actual
2024-07-27,7/25/2024,2024,KFM,Eggplant - lb,$5.00,41,0,41,$205.00,,actual
2024-07-27,7/25/2024,2024,BFM,Eggplant - lb,$5.00,25,2,23,$115.00,,actual
2024-07-24,7/23/2024,2024,EFM,Eggplant Mini - Pt,$7.00,4,0,4,$28.01,Variety: quarts,actual
2024-07-27,7/25/2024,2024,KFM,Eggplant Mini - Pt,$6.00,27,0,27,$162.00,,actual
2024-07-27,7/25/2024,2024,KFM,Eggplant Mini - Pt,$11.00,18,0,18,$198.07,Variety: quarts,actual
2024-07-27,7/25/2024,2024,BFM,Eggplant Mini - Pt,$6.00,14,2,12,$72.00,,actual
2024-07-27,7/25/2024,2024,BFM,Eggplant Mini - Pt,$11.00,9,0,9,$99.04,Variety: quarts,actual
2024-07-24,7/23/2024,2024,EFM,Fennel - ea,$3.50,5,2,3,$10.50,,actual
2024-07-27,7/25/2024,2024,KFM,Fennel - ea,$3.50,62,5,57,$199.50,,actual
2024-07-27,7/25/2024,2024,BFM,Fennel - ea,$3.50,22,0,22,$77.00,,actual
2024-07-24,7/23/2024,2024,EFM,Garlic - lb,$16.00,0,0,0,$0.00,,actual
2024-07-27,7/25/2024,2024,KFM,Garlic - lb,$16.00,0,0,0,$0.00,,actual
2024-07-27,7/25/2024,2024,BFM,Garlic - lb,$16.00,0,0,0,$0.00,,actual
2024-07-24,7/23/2024,2024,EFM,Kale Curly - bu,$4.50,6,0,6,$27.00,,actual
2024-07-27,7/25/2024,2024,KFM,Kale Curly - bu,$4.50,18,0,18,$81.00,,actual
2024-07-27,7/25/2024,2024,BFM,Kale Curly - bu,$4.50,28,0,28,$126.00,,actual
2024-07-24,7/23/2024,2024,EFM,Kale Lacinato - bu,$4.50,7,1,6,$27.00,,actual
2024-07-27,7/25/2024,2024,KFM,Kale Lacinato - bu,$4.50,25,0,25,$112.50,,actual
2024-07-27,7/25/2024,2024,BFM,Kale Lacinato - bu,$4.50,20,0,20,$90.00,,actual
2024-07-24,7/23/2024,2024,EFM,Okra - Pt,$6.00,0,0,0,$0.00,,actual
2024-07-27,7/25/2024,2024,KFM,Okra - Pt,$6.00,10,0,10,$60.00,,actual
2024-07-27,7/25/2024,2024,BFM,Okra - Pt,$6.00,0,0,0,$0.00,,actual
2024-07-24,7/23/2024,2024,EFM,Onion Spring - bu,$5.00,12,10,2,$10.00,Variety: ailsa quarts,actual
2024-07-27,7/25/2024,2024,KFM,Onion Spring - bu,$5.00,55,5,50,$250.00,Variety: ailsa quarts,actual
2024-07-27,7/25/2024,2024,BFM,Onion Spring - bu,$5.00,30,4,26,$130.00,Variety: ailsa quarts,actual
2024-07-24,7/23/2024,2024,EFM,Parsley - bu,$3.50,7,1,6,$21.00,,actual
2024-07-27,7/25/2024,2024,KFM,Parsley - bu,$3.50,50,17,33,$115.50,,actual
2024-07-27,7/25/2024,2024,BFM,Parsley - bu,$3.50,22,0,22,$77.00,,actual
2024-07-24,7/23/2024,2024,EFM,Pepper Hot - ea,$1.00,0,0,0,$0.00,,actual
2024-07-27,7/25/2024,2024,KFM,Pepper Hot - ea,$1.00,10,0,10,$10.00,,actual
2024-07-27,7/25/2024,2024,BFM,Pepper Hot - ea,$1.00,10,0,10,$10.00,,actual
2024-07-24,7/23/2024,2024,EFM,Pepper Shishito - Pt,$6.00,0,0,0,$0.00,,actual
2024-07-27,7/25/2024,2024,KFM,Pepper Shishito - Pt,$6.00,9,0,9,$54.00,,actual
2024-07-27,7/25/2024,2024,BFM,Pepper Shishito - Pt,$6.00,10,0,10,$60.00,,actual
2024-07-24,7/23/2024,2024,EFM,Pepper Shishito - Qt,$11.00,0,0,0,$0.00,,actual
2024-07-27,7/25/2024,2024,KFM,Pepper Shishito - Qt,$11.00,4,0,4,$44.00,,actual
2024-07-27,7/25/2024,2024,BFM,Pepper Shishito - Qt,$11.00,0,0,0,$0.00,,actual
2024-07-24,7/23/2024,2024,EFM,Radicchio - lb,$8.00,3.3,0.65,2.65,$21.20,Variety: red,actual
2024-07-27,7/25/2024,2024,KFM,Radicchio - lb,$9.00,29,0,29,$261.00,Variety: bags,actual
2024-07-27,7/25/2024,2024,KFM,Radicchio - lb,$8.00,14.9,0,14.9,$119.20,Variety: red,actual
2024-07-27,7/25/2024,2024,BFM,Radicchio - lb,$9.00,12,0,12,$108.00,Variety: bags,actual
2024-07-27,7/25/2024,2024,BFM,Radicchio - lb,$8.00,5.4,0,5.4,$43.20,Variety: red,actual
2024-07-24,7/23/2024,2024,EFM,Radicchio Treviso - lb,$8.00,0,0,0,$0.00,,actual
2024-07-27,7/25/2024,2024,KFM,Radicchio Treviso - lb,$8.00,11.4,0,11.4,$91.20,,actual
2024-07-27,7/25/2024,2024,BFM,Radicchio Treviso - lb,$8.00,3.6,0,3.6,$28.80,,actual
2024-07-24,7/23/2024,2024,EFM,Radicchio Variegated - lb,$8.00,2.1,1.1,1,$8.00,,actual
2024-07-27,7/25/2024,2024,KFM,Radicchio Variegated - lb,$8.00,7,0,7,$56.00,,actual
2024-07-27,7/25/2024,2024,BFM,Radicchio Variegated - lb,$8.00,0,0,0,$0.00,,actual
2024-07-24,7/23/2024,2024,EFM,Scallion - bu,$3.50,10,2,8,$28.00,,actual
2024-07-27,7/25/2024,2024,KFM,Scallion - bu,$3.50,60,1,59,$206.50,,actual
2024-07-27,7/25/2024,2024,BFM,Scallion - bu,$3.50,25,0,25,$87.50,,actual
2024-07-24,7/23/2024,2024,EFM,Tomato Cherry - Pt,$6.00,12,0,12,$72.00,Variety: sungold,actual
2024-07-24,7/23/2024,2024,EFM,Tomato Cherry - Pt,$6.00,8,0,8,$48.00,Variety: rainbow,actual
2024-07-27,7/25/2024,2024,KFM,Tomato Cherry - Pt,$6.00,29,0,29,$174.00,Variety: sungold,actual
2024-07-27,7/25/2024,2024,KFM,Tomato Cherry - Pt,$6.00,36,0,36,$216.00,Variety: rainbow,actual
2024-07-27,7/25/2024,2024,BFM,Tomato Cherry - Pt,$6.00,27,0,27,$162.00,Variety: sungold,actual
2024-07-27,7/25/2024,2024,BFM,Tomato Cherry - Pt,$6.00,18,0,18,$108.00,Variety: rainbow,actual
2024-07-24,7/23/2024,2024,EFM,Winter Squash Spaghetti - lb,$5.00,0,0,0,$0.00,Variety: bitter melon,actual
2024-07-27,7/25/2024,2024,KFM,Winter Squash Spaghetti - lb,$5.00,9.5,0,9.5,$47.54,Variety: bitter melon,actual
2024-07-27,7/25/2024,2024,BFM,Winter Squash Spaghetti - lb,$5.00,6,0,6,$30.02,Variety: bitter melon,actual
2024-07-24,7/23/2024,2024,EFM,Zucchini - lb,$3.50,7,0.3,6.7,$23.45,Variety: green,actual
2024-07-24,7/23/2024,2024,EFM,Zucchini - lb,$3.50,6,1.6,4.4,$15.40,Variety: yellow,actual
2024-07-24,7/23/2024,2024,EFM,Zucchini - lb,$3.50,5,1.1,3.9,$13.65,Variety: striped,actual
2024-07-27,7/25/2024,2024,KFM,Zucchini - lb,$3.50,64.7,16,48.7,$170.45,Variety: green,actual
2024-07-27,7/25/2024,2024,KFM,Zucchini - lb,$3.50,22.9,0,22.9,$80.15,Variety: yellow,actual
2024-07-27,7/25/2024,2024,BFM,Zucchini - lb,$3.50,70,1,69,$241.50,Variety: green,actual
2024-07-27,7/25/2024,2024,BFM,Zucchini - lb,$3.50,14.7,0,14.7,$51.45,Variety: yellow,actual
2024-07-27,7/25/2024,2024,BFM,Zucchini - lb,$3.50,15.1,0,15.1,$52.85,Variety: striped,actual
2024-07-27,7/25/2024,2024,KFM,Zucchini - lb,$3.50,20,0,20,$70.00,Variety: striped,actual
2024-07-31,7/30/2024,2024,EFM,Artichoke - lb,$11.00,0,0,0,$0.00,,actual
2024-08-03,8/1/2024,2024,KFM,Artichoke - lb,$11.00,0,0,0,$0.00,,actual
2024-08-03,8/1/2024,2024,BFM,Artichoke - lb,$11.00,0,0,0,$0.00,,actual
2024-07-31,7/30/2024,2024,EFM,Basil - bu,$3.50,5,0,5,$17.50,,actual
2024-08-03,8/1/2024,2024,KFM,Basil - bu,$3.50,55,0,55,$192.50,,actual
2024-08-03,8/1/2024,2024,BFM,Basil - bu,$3.50,40,0,40,$140.00,,actual
2024-07-31,7/30/2024,2024,EFM,Cabbage - lb,$3.00,3.6,2.4,1.2,$3.60,Variety: red,actual
2024-07-31,7/30/2024,2024,EFM,Cabbage - lb,$3.00,6.2,2.4,3.8,$11.40,Variety: caraflex,actual
2024-07-31,7/30/2024,2024,EFM,Cabbage - lb,$3.00,2.3,1.1,1.2,$3.60,Variety: savoy,actual
2024-07-31,7/30/2024,2024,EFM,Cabbage - lb,$3.00,5.6,2.8,2.8,$8.40,Variety: tendersweet,actual
2024-08-03,8/1/2024,2024,KFM,Cabbage - lb,$3.00,50.8,23.8,27,$81.00,Variety: red,actual
2024-08-03,8/1/2024,2024,KFM,Cabbage - lb,$3.00,40.3,2.9,37.4,$112.20,Variety: caraflex,actual
2024-08-03,8/1/2024,2024,KFM,Cabbage - lb,$3.00,11.8,3,8.8,$26.40,Variety: savoy,actual
2024-08-03,8/1/2024,2024,KFM,Cabbage - lb,$3.00,31.5,6.43,25.07,$75.21,Variety: tendersweet,actual
2024-08-03,8/1/2024,2024,BFM,Cabbage - lb,$3.00,43.4,3.4,40,$120.00,Variety: red,actual
2024-08-03,8/1/2024,2024,BFM,Cabbage - lb,$3.00,24.7,0,24.7,$74.10,Variety: caraflex,actual
2024-08-03,8/1/2024,2024,BFM,Cabbage - lb,$3.00,11.8,1.5,10.3,$30.90,Variety: savoy,actual
2024-08-03,8/1/2024,2024,BFM,Cabbage - lb,$3.00,25.4,0,25.4,$76.20,Variety: tendersweet,actual
2024-07-31,7/30/2024,2024,EFM,Cauliflower Sprouting - lb,$6.00,4,0.1,3.9,$23.40,,actual
2024-08-03,8/1/2024,2024,KFM,Cauliflower Sprouting - lb,$6.00,0,0,0,$0.00,,actual
2024-08-03,8/1/2024,2024,BFM,Cauliflower Sprouting - lb,$6.00,0,0,0,$0.00,,actual
2024-07-31,7/30/2024,2024,EFM,Celery - bu,$4.50,3,1,2,$9.00,,actual
2024-08-03,8/1/2024,2024,KFM,Celery - bu,$4.50,30,4,26,$117.00,,actual
2024-08-03,8/1/2024,2024,BFM,Celery - bu,$4.50,18,0,18,$81.00,,actual
2024-07-31,7/30/2024,2024,EFM,Chard - bu,$4.50,3,1,2,$9.00,,actual
2024-08-03,8/1/2024,2024,KFM,Chard - bu,$4.50,18,0,18,$81.00,,actual
2024-08-03,8/1/2024,2024,BFM,Chard - bu,$4.50,22,0,22,$99.00,,actual
2024-07-31,7/30/2024,2024,EFM,Cilantro - bu,$3.50,8,5,3,$10.50,,actual
2024-08-03,8/1/2024,2024,KFM,Cilantro - bu,$3.50,26,0,26,$91.00,,actual
2024-08-03,8/1/2024,2024,BFM,Cilantro - bu,$3.50,0,0,0,$0.00,,actual
2024-07-31,7/30/2024,2024,EFM,Cucumber - lb,$4.08,10,8.9,1.1,$4.49,Variety: slicers,actual
2024-07-31,7/30/2024,2024,EFM,Cucumber - lb,$4.08,6.5,1.5,5,$20.39,Variety: persian,actual
2024-08-03,8/1/2024,2024,KFM,Cucumber - lb,$4.08,40,0,40,$163.10,Variety: slicers,actual
2024-08-03,8/1/2024,2024,KFM,Cucumber - lb,$4.08,22,0,22,$89.71,Variety: persian,actual
2024-08-03,8/1/2024,2024,BFM,Cucumber - lb,$4.08,50.25,2,48.25,$196.74,Variety: slicers,actual
2024-08-03,8/1/2024,2024,BFM,Cucumber - lb,$4.08,16.5,0,16.5,$67.28,Variety: persian,actual
2024-07-31,7/30/2024,2024,EFM,Cucumber Pickling - lb,$4.08,5.5,2.2,3.3,$13.46,,actual
2024-08-03,8/1/2024,2024,KFM,Cucumber Pickling - lb,$4.08,83,25.6,57.4,$234.05,,actual
2024-08-03,8/1/2024,2024,BFM,Cucumber Pickling - lb,$4.08,78,6,72,$293.58,,actual
2024-07-31,7/30/2024,2024,EFM,Dandelion - bu,$4.50,2,0,2,$9.00,,actual
2024-08-03,8/1/2024,2024,KFM,Dandelion - bu,$4.50,16,3,13,$58.50,,actual
2024-08-03,8/1/2024,2024,BFM,Dandelion - bu,$4.50,12,0,12,$54.00,,actual
2024-07-31,7/30/2024,2024,EFM,Eggplant - lb,$5.00,8,1.3,6.7,$33.50,,actual
2024-08-03,8/1/2024,2024,KFM,Eggplant - lb,$5.00,140,40,100,$500.00,,actual
2024-08-03,8/1/2024,2024,BFM,Eggplant - lb,$5.00,68,-14,82,$410.00,,actual
2024-07-31,7/30/2024,2024,EFM,Eggplant Mini - Pt,$6.00,7,1,6,$36.00,,actual
2024-07-31,7/30/2024,2024,EFM,Eggplant Mini - Pt,$11.00,0,0,0,$0.00,Variety: quarts,actual
2024-08-03,8/1/2024,2024,KFM,Eggplant Mini - Pt,$6.00,22,8,14,$84.00,,actual
2024-08-03,8/1/2024,2024,KFM,Eggplant Mini - Pt,$11.00,35,2,33,$363.13,Variety: quarts,actual
2024-08-03,8/1/2024,2024,BFM,Eggplant Mini - Pt,$6.00,17,2,15,$90.00,,actual
2024-08-03,8/1/2024,2024,BFM,Eggplant Mini - Pt,$11.00,21,0,21,$231.08,Variety: quarts,actual
2024-07-31,7/30/2024,2024,EFM,Fennel - ea,$3.50,0,0,0,$0.00,,actual
2024-08-03,8/1/2024,2024,KFM,Fennel - ea,$3.50,20,0,20,$70.00,,actual
2024-08-03,8/1/2024,2024,BFM,Fennel - ea,$3.00,15,0,15,$45.00,,actual
2024-07-31,7/30/2024,2024,EFM,Garlic - lb,$16.00,0,0,0,$0.00,,actual
2024-08-03,8/1/2024,2024,KFM,Garlic - lb,$16.00,0,0,0,$0.00,,actual
2024-08-03,8/1/2024,2024,BFM,Garlic - lb,$16.00,0,0,0,$0.00,,actual
2024-07-31,7/30/2024,2024,EFM,Kale Curly - bu,$4.50,8,2,6,$27.00,,actual
2024-08-03,8/1/2024,2024,KFM,Kale Curly - bu,$4.50,22,0,22,$99.00,,actual
2024-08-03,8/1/2024,2024,BFM,Kale Curly - bu,$4.50,32,0,32,$144.00,,actual
2024-07-31,7/30/2024,2024,EFM,Kale Lacinato - bu,$4.50,7,2,5,$22.50,,actual
2024-08-03,8/1/2024,2024,KFM,Kale Lacinato - bu,$4.50,18,0,18,$81.00,,actual
2024-08-03,8/1/2024,2024,BFM,Kale Lacinato - bu,$4.50,10,0,10,$45.00,,actual
2024-07-31,7/30/2024,2024,EFM,Okra - Pt,$6.00,0,0,0,$0.00,,actual
2024-08-03,8/1/2024,2024,KFM,Okra - Pt,$6.00,16,0,16,$96.00,,actual
2024-08-03,8/1/2024,2024,BFM,Okra - Pt,$6.00,0,0,0,$0.00,,actual
2024-07-31,7/30/2024,2024,EFM,Onion Spring - bu,$5.00,4,2,2,$10.00,Variety: ailsa quarts,actual
2024-08-03,8/1/2024,2024,KFM,Onion Spring - bu,$5.00,32,10.6,21.4,$107.00,Variety: ailsa quarts,actual
2024-08-03,8/1/2024,2024,BFM,Onion Spring - bu,$5.00,0,0,0,$0.00,Variety: ailsa quarts,actual
2024-07-31,7/30/2024,2024,EFM,Parsley - bu,$3.50,5,1,4,$14.00,,actual
2024-08-03,8/1/2024,2024,KFM,Parsley - bu,$3.50,40,0,40,$140.00,,actual
2024-08-03,8/1/2024,2024,BFM,Parsley - bu,$3.50,22,2,20,$70.00,,actual
2024-07-31,7/30/2024,2024,EFM,Pepper Hot - ea,$1.00,6,2,4,$4.00,,actual
2024-08-03,8/1/2024,2024,KFM,Pepper Hot - ea,$1.00,0,0,0,$0.00,,actual
2024-08-03,8/1/2024,2024,BFM,Pepper Hot - ea,$1.00,0,0,0,$0.00,,actual
2024-07-31,7/30/2024,2024,EFM,Pepper Shishito - Pt,$6.00,8,0,8,$48.00,,actual
2024-08-03,8/1/2024,2024,KFM,Pepper Shishito - Pt,$6.00,17,7,10,$60.00,,actual
2024-08-03,8/1/2024,2024,BFM,Pepper Shishito - Pt,$6.00,17,0,17,$102.00,,actual
2024-07-31,7/30/2024,2024,EFM,Pepper Shishito - Qt,$11.00,2,0,2,$22.00,,actual
2024-08-03,8/1/2024,2024,KFM,Pepper Shishito - Qt,$11.00,44,0,44,$484.00,,actual
2024-08-03,8/1/2024,2024,BFM,Pepper Shishito - Qt,$11.00,14,0,14,$154.00,,actual
2024-07-31,7/30/2024,2024,EFM,Radicchio - lb,$9.00,4,0,4,$36.00,Variety: bags,actual
2024-07-31,7/30/2024,2024,EFM,Radicchio - lb,$8.00,1.8,1,0.8,$6.40,Variety: red,actual
2024-08-03,8/1/2024,2024,KFM,Radicchio - lb,$9.00,18,0,18,$162.00,Variety: bags,actual
2024-08-03,8/1/2024,2024,KFM,Radicchio - lb,$8.00,6.1,0,6.1,$48.80,Variety: red,actual
2024-08-03,8/1/2024,2024,BFM,Radicchio - lb,$9.00,12,0,12,$108.00,Variety: bags,actual
2024-08-03,8/1/2024,2024,BFM,Radicchio - lb,$8.00,2.4,0,2.4,$19.20,Variety: red,actual
2024-07-31,7/30/2024,2024,EFM,Radicchio Treviso - lb,$8.00,0,0,0,$0.00,,actual
2024-08-03,8/1/2024,2024,KFM,Radicchio Treviso - lb,$8.00,0,0,0,$0.00,,actual
2024-08-03,8/1/2024,2024,BFM,Radicchio Treviso - lb,$8.00,0,0,0,$0.00,,actual
2024-07-31,7/30/2024,2024,EFM,Radicchio Variegated - lb,$8.00,1.7,0.5,1.2,$9.60,,actual
2024-08-03,8/1/2024,2024,KFM,Radicchio Variegated - lb,$8.00,7.2,0,7.2,$57.60,,actual
2024-08-03,8/1/2024,2024,BFM,Radicchio Variegated - lb,$8.00,2.3,0,2.3,$18.40,,actual
2024-07-31,7/30/2024,2024,EFM,Scallion - bu,$3.50,20,8,12,$42.00,,actual
2024-08-03,8/1/2024,2024,KFM,Scallion - bu,$3.50,58,7,51,$178.50,,actual
2024-08-03,8/1/2024,2024,BFM,Scallion - bu,$3.50,26,0,26,$91.00,,actual
2024-07-31,7/30/2024,2024,EFM,Tomato Cherry - Pt,$6.00,13,1,12,$72.00,Variety: sungold,actual
2024-07-31,7/30/2024,2024,EFM,Tomato Cherry - Pt,$6.00,9,3,6,$36.00,Variety: rainbow,actual
2024-08-03,8/1/2024,2024,KFM,Tomato Cherry - Pt,$6.00,30,0,30,$180.00,Variety: sungold,actual
2024-08-03,8/1/2024,2024,KFM,Tomato Cherry - Pt,$6.00,42,0,42,$252.00,Variety: rainbow,actual
2024-08-03,8/1/2024,2024,BFM,Tomato Cherry - Pt,$6.00,30,0,30,$180.00,Variety: sungold,actual
2024-08-03,8/1/2024,2024,BFM,Tomato Cherry - Pt,$6.00,30,0,30,$180.00,Variety: rainbow,actual
2024-08-03,8/1/2024,2024,KFM,Tomato Heirloom - lb,$5.00,30,6.5,23.5,$117.50,,actual
2024-07-31,7/30/2024,2024,EFM,Winter Squash Spaghetti - lb,$5.00,0,0,0,$0.00,Variety: bitter melon,actual
2024-08-03,8/1/2024,2024,KFM,Winter Squash Spaghetti - lb,$5.00,18,7.8,10.2,$51.04,Variety: bitter melon,actual
2024-08-03,8/1/2024,2024,BFM,Winter Squash Spaghetti - lb,$5.00,12.5,7,5.5,$27.52,Variety: bitter melon,actual
2024-07-31,7/30/2024,2024,EFM,Zucchini - lb,$3.50,7,0.6,6.4,$22.40,Variety: green,actual
2024-07-31,7/30/2024,2024,EFM,Zucchini - lb,$3.50,6,4.5,1.5,$5.25,Variety: yellow,actual
2024-07-31,7/30/2024,2024,EFM,Zucchini - lb,$3.50,5,1.7,3.3,$11.55,Variety: striped,actual
2024-08-03,8/1/2024,2024,KFM,Zucchini - lb,$3.50,50,10,40,$140.00,Variety: green,actual
2024-08-03,8/1/2024,2024,KFM,Zucchini - lb,$3.50,25,10,15,$52.50,Variety: yellow,actual
2024-08-03,8/1/2024,2024,KFM,Zucchini - lb,$3.50,7.5,0,7.5,$26.25,Variety: striped,actual
2024-08-03,8/1/2024,2024,BFM,Zucchini - lb,$3.50,75,0,75,$262.50,Variety: green,actual
2024-08-03,8/1/2024,2024,BFM,Zucchini - lb,$3.50,27,0,27,$94.50,Variety: yellow,actual
2024-08-03,8/1/2024,2024,BFM,Zucchini - lb,$3.50,0,0,0,$0.00,Variety: striped,actual
2024-08-07,8/6/2024,2024,EFM,Basil - bu,$3.50,6,5,1,$3.50,,actual
2024-08-10,8/8/2024,2024,KFM,Basil - bu,$3.50,57,0,57,$199.50,,actual
2024-08-10,8/8/2024,2024,BFM,Basil - bu,$3.50,45,3,42,$147.00,,actual
2024-08-07,8/6/2024,2024,EFM,Cabbage - lb,$3.00,3.6,0,3.6,$10.80,Variety: red,actual
2024-08-07,8/6/2024,2024,EFM,Cabbage - lb,$3.00,3.9,0,3.9,$11.70,Variety: caraflex,actual
2024-08-07,8/6/2024,2024,EFM,Cabbage - lb,$3.00,1.8,0,1.8,$5.40,Variety: savoy,actual
2024-08-07,8/6/2024,2024,EFM,Cabbage - lb,$3.00,4.6,0,4.6,$13.80,Variety: tendersweet,actual
2024-08-10,8/8/2024,2024,KFM,Cabbage - lb,$3.00,30.8,0,30.8,$92.40,Variety: red,actual
2024-08-10,8/8/2024,2024,KFM,Cabbage - lb,$3.00,54.9,2.1,52.8,$158.40,Variety: caraflex,actual
2024-08-10,8/8/2024,2024,KFM,Cabbage - lb,$3.00,12.6,0,12.6,$37.80,Variety: savoy,actual
2024-08-10,8/8/2024,2024,KFM,Cabbage - lb,$3.00,33.75,0,33.75,$101.25,Variety: tendersweet,actual
2024-08-10,8/8/2024,2024,BFM,Cabbage - lb,$3.00,35.1,0,35.1,$105.30,Variety: red,actual
2024-08-10,8/8/2024,2024,BFM,Cabbage - lb,$3.00,33.6,5,28.6,$85.80,Variety: caraflex,actual
2024-08-10,8/8/2024,2024,BFM,Cabbage - lb,$3.00,19.9,2.8,17.1,$51.30,Variety: savoy,actual
2024-08-10,8/8/2024,2024,BFM,Cabbage - lb,$3.00,43,14.3,28.7,$86.10,Variety: tendersweet,actual
2024-08-07,8/6/2024,2024,EFM,Celery - bu,$4.50,3,0,3,$13.50,,actual
2024-08-10,8/8/2024,2024,KFM,Celery - bu,$4.50,28,11,17,$76.50,,actual
2024-08-10,8/8/2024,2024,BFM,Celery - bu,$4.50,25,6,19,$85.50,,actual
2024-08-07,8/6/2024,2024,EFM,Chard - bu,$4.50,3,0,3,$13.50,,actual
2024-08-10,8/8/2024,2024,KFM,Chard - bu,$4.50,22,1,21,$94.50,,actual
2024-08-10,8/8/2024,2024,BFM,Chard - bu,$4.50,28,1,27,$121.50,,actual
2024-08-07,8/6/2024,2024,EFM,Cilantro - bu,$3.50,6,0,6,$21.00,,actual
2024-08-10,8/8/2024,2024,KFM,Cilantro - bu,$3.50,0,0,0,$0.00,,actual
2024-08-10,8/8/2024,2024,BFM,Cilantro - bu,$3.50,0,0,0,$0.00,,actual
2024-08-07,8/6/2024,2024,EFM,Cucumber - lb,$4.08,7.5,4.25,3.25,$13.25,Variety: slicers,actual
2024-08-07,8/6/2024,2024,EFM,Cucumber - lb,$4.08,5,0.3,4.7,$19.16,Variety: persian,actual
2024-08-10,8/8/2024,2024,KFM,Cucumber - lb,$4.08,18,0,18,$73.40,Variety: slicers,actual
2024-08-10,8/8/2024,2024,KFM,Cucumber - lb,$4.08,26,0,26,$106.02,Variety: persian,actual
2024-08-10,8/8/2024,2024,BFM,Cucumber - lb,$4.08,0,0,0,$0.00,Variety: slicers,actual
2024-08-10,8/8/2024,2024,BFM,Cucumber - lb,$4.08,24.75,0,24.75,$100.92,Variety: persian,actual
2024-08-07,8/6/2024,2024,EFM,Cucumber Pickling - lb,$4.08,11,3.3,7.7,$31.40,,actual
2024-08-10,8/8/2024,2024,KFM,Cucumber Pickling - lb,$4.08,84,4,80,$326.20,,actual
2024-08-10,8/8/2024,2024,BFM,Cucumber Pickling - lb,$4.08,95,0,95,$387.36,,actual
2024-08-07,8/6/2024,2024,EFM,Dandelion - bu,$4.50,2,0,2,$9.00,,actual
2024-08-10,8/8/2024,2024,KFM,Dandelion - bu,$4.50,16,0,16,$72.00,,actual
2024-08-10,8/8/2024,2024,BFM,Dandelion - bu,$4.50,15,1,14,$63.00,,actual
2024-08-07,8/6/2024,2024,EFM,Eggplant - lb,$5.00,12,1.6,10.4,$52.00,,actual
2024-08-10,8/8/2024,2024,KFM,Eggplant - lb,$5.00,130,30,100,$500.00,,actual
2024-08-10,8/8/2024,2024,BFM,Eggplant - lb,$5.00,80,0,80,$400.00,,actual
2024-08-07,8/6/2024,2024,EFM,Eggplant Mini - Pt,$6.00,4,0,4,$24.00,,actual
2024-08-07,8/6/2024,2024,EFM,Eggplant Mini - Pt,$11.00,2,1,1,$11.00,Variety: quarts,actual
2024-08-10,8/8/2024,2024,KFM,Eggplant Mini - Pt,$6.00,20,6,14,$84.00,,actual
2024-08-10,8/8/2024,2024,KFM,Eggplant Mini - Pt,$11.00,33,0,33,$363.13,Variety: quarts,actual
2024-08-10,8/8/2024,2024,BFM,Eggplant Mini - Pt,$6.00,15,0,15,$90.00,,actual
2024-08-10,8/8/2024,2024,BFM,Eggplant Mini - Pt,$11.00,20,1,19,$209.08,Variety: quarts,actual
2024-08-07,8/6/2024,2024,EFM,Garlic - lb,$16.00,0,0,0,$0.00,,actual
2024-08-10,8/8/2024,2024,KFM,Garlic - lb,$16.00,8,0,8,$128.00,,actual
2024-08-10,8/8/2024,2024,BFM,Garlic - lb,$16.00,0,0,0,$0.00,,actual
2024-08-07,8/6/2024,2024,EFM,Kale Curly - bu,$4.50,8,4,4,$18.00,,actual
2024-08-10,8/8/2024,2024,KFM,Kale Curly - bu,$4.50,18,0,18,$81.00,,actual
2024-08-10,8/8/2024,2024,BFM,Kale Curly - bu,$4.50,24,0,24,$108.00,,actual
2024-08-07,8/6/2024,2024,EFM,Kale Lacinato - bu,$4.50,6,0,6,$27.00,,actual
2024-08-10,8/8/2024,2024,KFM,Kale Lacinato - bu,$4.50,35,0,35,$157.50,,actual
2024-08-10,8/8/2024,2024,BFM,Kale Lacinato - bu,$4.50,28,0,28,$126.00,,actual
2024-08-07,8/6/2024,2024,EFM,Okra - Pt,$6.00,3,1,2,$12.00,,actual
2024-08-10,8/8/2024,2024,KFM,Okra - Pt,$6.00,18,0,18,$108.00,,actual
2024-08-10,8/8/2024,2024,BFM,Okra - Pt,$6.00,0,0,0,$0.00,,actual
2024-08-07,8/6/2024,2024,EFM,Parsley - bu,$3.50,5,2,3,$10.50,,actual
2024-08-10,8/8/2024,2024,KFM,Parsley - bu,$3.50,40,0,40,$140.00,,actual
2024-08-10,8/8/2024,2024,BFM,Parsley - bu,$3.50,22,0,22,$77.00,,actual
2024-08-07,8/6/2024,2024,EFM,Pepper Hot - ea,$1.00,10,9,1,$1.00,,actual
2024-08-10,8/8/2024,2024,KFM,Pepper Hot - ea,$1.00,19,0,19,$19.00,,actual
2024-08-10,8/8/2024,2024,BFM,Pepper Hot - ea,$1.00,15,0,15,$15.00,,actual
2024-08-07,8/6/2024,2024,EFM,Pepper Shishito - Pt,$6.00,8,1,7,$42.00,,actual
2024-08-10,8/8/2024,2024,KFM,Pepper Shishito - Pt,$6.00,15,0,15,$90.00,,actual
2024-08-10,8/8/2024,2024,BFM,Pepper Shishito - Pt,$6.00,10,0,10,$60.00,,actual
2024-08-07,8/6/2024,2024,EFM,Pepper Shishito - Qt,$11.00,2,0,2,$22.00,,actual
2024-08-10,8/8/2024,2024,KFM,Pepper Shishito - Qt,$11.00,26,0,26,$286.00,,actual
2024-08-10,8/8/2024,2024,BFM,Pepper Shishito - Qt,$11.00,18,0,18,$198.00,,actual
2024-08-07,8/6/2024,2024,EFM,Radicchio - lb,$9.00,4,0,4,$36.00,Variety: bags,actual
2024-08-10,8/8/2024,2024,KFM,Radicchio - lb,$9.00,14,0,14,$126.00,Variety: bags,actual
2024-08-10,8/8/2024,2024,BFM,Radicchio - lb,$9.00,12,0,12,$108.00,Variety: bags,actual
2024-08-07,8/6/2024,2024,EFM,Radicchio Variegated - lb,$8.00,2.4,0,2.4,$19.20,,actual
2024-08-10,8/8/2024,2024,KFM,Radicchio Variegated - lb,$8.00,0,0,0,$0.00,,actual
2024-08-10,8/8/2024,2024,BFM,Radicchio Variegated - lb,$8.00,0,0,0,$0.00,,actual
2024-08-07,8/6/2024,2024,EFM,Scallion - bu,$3.50,10,1,9,$31.50,,actual
2024-08-10,8/8/2024,2024,KFM,Scallion - bu,$3.50,55,0,55,$192.50,,actual
2024-08-10,8/8/2024,2024,BFM,Scallion - bu,$3.50,32,0,32,$112.00,,actual
2024-08-07,8/6/2024,2024,EFM,Tomato Cherry - Pt,$6.00,12,3,9,$54.00,Variety: sungold,actual
2024-08-07,8/6/2024,2024,EFM,Tomato Cherry - Pt,$6.00,8,2,6,$36.00,Variety: rainbow,actual
2024-08-10,8/8/2024,2024,KFM,Tomato Cherry - Pt,$6.00,19,0,19,$114.00,Variety: sungold,actual
2024-08-10,8/8/2024,2024,KFM,Tomato Cherry - Pt,$6.00,99,20,79,$474.00,Variety: rainbow,actual
2024-08-10,8/8/2024,2024,BFM,Tomato Cherry - Pt,$6.00,15,0,15,$90.00,Variety: sungold,actual
2024-08-10,8/8/2024,2024,BFM,Tomato Cherry - Pt,$6.00,75,10,65,$390.00,Variety: rainbow,actual
2024-08-07,8/6/2024,2024,EFM,Tomato Heirloom - lb,$5.00,7,0.46,6.54,$32.70,,actual
2024-08-10,8/8/2024,2024,KFM,Tomato Heirloom - lb,$5.00,65,3,62,$310.00,,actual
2024-08-10,8/8/2024,2024,BFM,Tomato Heirloom - lb,$5.00,50,5,45,$225.00,,actual
2024-08-07,8/6/2024,2024,EFM,Winter Squash Spaghetti - lb,$5.00,0,0,0,$0.00,Variety: bitter melon,actual
2024-08-10,8/8/2024,2024,KFM,Winter Squash Spaghetti - lb,$5.00,16,0,16,$80.06,Variety: bitter melon,actual
2024-08-10,8/8/2024,2024,BFM,Winter Squash Spaghetti - lb,$5.00,10,0,10,$50.04,Variety: bitter melon,actual
2024-08-07,8/6/2024,2024,EFM,Zucchini - lb,$3.50,13,2.6,10.4,$36.40,Variety: green,actual
2024-08-07,8/6/2024,2024,EFM,Zucchini - lb,$3.50,0,0,0,$0.00,Variety: yellow,actual
2024-08-07,8/6/2024,2024,EFM,Zucchini - lb,$3.50,0,0,0,$0.00,Variety: striped,actual
2024-08-10,8/8/2024,2024,KFM,Zucchini - lb,$3.50,0,0,0,$0.00,Variety: green,actual
2024-08-10,8/8/2024,2024,KFM,Zucchini - lb,$3.50,0,0,0,$0.00,Variety: yellow,actual
2024-08-10,8/8/2024,2024,KFM,Zucchini - lb,$3.50,0,0,0,$0.00,Variety: striped,actual
2024-08-10,8/8/2024,2024,BFM,Zucchini - lb,$3.50,0,0,0,$0.00,Variety: green,actual
2024-08-10,8/8/2024,2024,BFM,Zucchini - lb,$3.50,0,0,0,$0.00,Variety: yellow,actual
2024-08-10,8/8/2024,2024,BFM,Zucchini - lb,$3.50,0,0,0,$0.00,Variety: striped,actual
2024-08-14,8/13/2024,2024,EFM,Basil - bu,$3.50,4,0,4,$14.00,,actual
2024-08-17,8/15/2024,2024,KFM,Basil - bu,$3.50,20,0,20,$70.00,,actual
2024-08-17,8/15/2024,2024,BFM,Basil - bu,$3.50,14,0,14,$49.00,,actual
2024-08-14,8/13/2024,2024,EFM,Cabbage - lb,$3.00,4.25,2,2.25,$6.75,Variety: red,actual
2024-08-14,8/13/2024,2024,EFM,Cabbage - lb,$3.00,4.4,1.5,2.9,$8.70,Variety: caraflex,actual
2024-08-14,8/13/2024,2024,EFM,Cabbage - lb,$3.00,3.8,2.3,1.5,$4.50,Variety: savoy,actual
2024-08-14,8/13/2024,2024,EFM,Cabbage - lb,$3.00,6.9,1.8,5.1,$15.30,Variety: tendersweet,actual
2024-08-17,8/15/2024,2024,KFM,Cabbage - lb,$3.00,48,1.9,46.1,$138.30,Variety: red,actual
2024-08-17,8/15/2024,2024,KFM,Cabbage - lb,$3.00,56.1,6.7,49.4,$148.20,Variety: caraflex,actual
2024-08-17,8/15/2024,2024,KFM,Cabbage - lb,$3.00,16.2,2.1,14.1,$42.30,Variety: savoy,actual
2024-08-17,8/15/2024,2024,KFM,Cabbage - lb,$3.00,30.5,10.1,20.4,$61.20,Variety: tendersweet,actual
2024-08-17,8/15/2024,2024,BFM,Cabbage - lb,$3.00,47.8,7.6,40.2,$120.60,Variety: red,actual
2024-08-17,8/15/2024,2024,BFM,Cabbage - lb,$3.00,42.3,2.2,40.1,$120.30,Variety: caraflex,actual
2024-08-17,8/15/2024,2024,BFM,Cabbage - lb,$3.00,13.4,6.25,7.15,$21.45,Variety: savoy,actual
2024-08-17,8/15/2024,2024,BFM,Cabbage - lb,$3.00,32.8,6.5,26.3,$78.90,Variety: tendersweet,actual
2024-08-14,8/13/2024,2024,EFM,Celery - bu,$4.50,4,3,1,$4.50,,actual
2024-08-17,8/15/2024,2024,KFM,Celery - bu,$4.50,20,0,20,$90.00,,actual
2024-08-17,8/15/2024,2024,BFM,Celery - bu,$4.50,20,2,18,$81.00,,actual
2024-08-14,8/13/2024,2024,EFM,Chard - bu,$4.50,4,4,0,$0.00,,actual
2024-08-17,8/15/2024,2024,KFM,Chard - bu,$4.50,10,0,10,$45.00,,actual
2024-08-17,8/15/2024,2024,BFM,Chard - bu,$4.50,10,0,10,$45.00,,actual
2024-08-14,8/13/2024,2024,EFM,Cilantro - bu,$3.50,7,0,7,$24.50,,actual
2024-08-14,8/13/2024,2024,EFM,Collards - bu,$4.50,2,0,2,$9.00,,actual
2024-08-17,8/15/2024,2024,KFM,Collards - bu,$4.50,13,0,13,$58.50,,actual
2024-08-17,8/15/2024,2024,BFM,Collards - bu,$4.50,10,0,10,$45.00,,actual
2024-08-14,8/13/2024,2024,EFM,Cucumber - lb,$4.08,0,0,0,$0.00,Variety: slicers,actual
2024-08-14,8/13/2024,2024,EFM,Cucumber - lb,$4.08,5.5,2.9,2.6,$10.60,Variety: persian,actual
2024-08-17,8/15/2024,2024,KFM,Cucumber - lb,$4.08,24,0,24,$97.86,Variety: slicers,actual
2024-08-17,8/15/2024,2024,KFM,Cucumber - lb,$4.08,9,0,9,$36.70,Variety: persian,actual
2024-08-17,8/15/2024,2024,BFM,Cucumber - lb,$4.08,0,0,0,$0.00,Variety: slicers,actual
2024-08-17,8/15/2024,2024,BFM,Cucumber - lb,$4.08,8.1,0,8.1,$33.03,Variety: persian,actual
2024-08-14,8/13/2024,2024,EFM,Cucumber Pickling - lb,$4.08,12,5.75,6.25,$25.48,,actual
2024-08-17,8/15/2024,2024,KFM,Cucumber Pickling - lb,$4.08,80,0,80,$326.20,,actual
2024-08-17,8/15/2024,2024,BFM,Cucumber Pickling - lb,$4.08,95,0,95,$387.36,,actual
2024-08-14,8/13/2024,2024,EFM,Dandelion - bu,$4.50,2,1,1,$4.50,,actual
2024-08-17,8/15/2024,2024,KFM,Dandelion - bu,$4.50,16,0,16,$72.00,,actual
2024-08-17,8/15/2024,2024,BFM,Dandelion - bu,$4.50,15,0,15,$67.50,,actual
2024-08-14,8/13/2024,2024,EFM,Eggplant - lb,$5.00,12,4,8,$40.00,,actual
2024-08-17,8/15/2024,2024,KFM,Eggplant - lb,$5.00,100,5,95,$475.00,,actual
2024-08-17,8/15/2024,2024,BFM,Eggplant - lb,$5.00,100,15.6,84.4,$422.00,,actual
2024-08-14,8/13/2024,2024,EFM,Eggplant Mini - Pt,$6.00,6,2,4,$24.00,,actual
2024-08-14,8/13/2024,2024,EFM,Eggplant Mini - Pt,$11.00,2,1,1,$11.00,Variety: quarts,actual
2024-08-17,8/15/2024,2024,KFM,Eggplant Mini - Pt,$6.00,17,6,11,$66.00,,actual
2024-08-17,8/15/2024,2024,KFM,Eggplant Mini - Pt,$11.00,38,0,38,$418.15,Variety: quarts,actual
2024-08-17,8/15/2024,2024,BFM,Eggplant Mini - Pt,$6.00,15,-2,17,$102.00,,actual
2024-08-17,8/15/2024,2024,BFM,Eggplant Mini - Pt,$11.00,20,0,20,$220.08,Variety: quarts,actual
2024-08-14,8/13/2024,2024,EFM,Garlic - lb,$16.00,0,0,0,$0.00,,actual
2024-08-17,8/15/2024,2024,KFM,Garlic - lb,$16.00,0,0,0,$0.00,,actual
2024-08-17,8/15/2024,2024,BFM,Garlic - lb,$16.00,0,0,0,$0.00,,actual
2024-08-14,8/13/2024,2024,EFM,Kale Curly - bu,$4.50,6,2,4,$18.00,,actual
2024-08-17,8/15/2024,2024,KFM,Kale Curly - bu,$4.50,23,0,23,$103.50,,actual
2024-08-17,8/15/2024,2024,BFM,Kale Curly - bu,$4.50,26,0,26,$117.00,,actual
2024-08-14,8/13/2024,2024,EFM,Kale Lacinato - bu,$4.50,6,0,6,$27.00,,actual
2024-08-17,8/15/2024,2024,KFM,Kale Lacinato - bu,$4.50,42,0,42,$189.00,,actual
2024-08-17,8/15/2024,2024,BFM,Kale Lacinato - bu,$4.50,36,0,36,$162.00,,actual
2024-08-14,8/13/2024,2024,EFM,Okra - Pt,$6.00,4,0,4,$24.00,,actual
2024-08-17,8/15/2024,2024,KFM,Okra - Pt,$6.00,12,0,12,$72.00,,actual
2024-08-17,8/15/2024,2024,BFM,Okra - Pt,$6.00,0,0,0,$0.00,,actual
2024-08-14,8/13/2024,2024,EFM,Parsley - bu,$3.50,5,0,5,$17.50,,actual
2024-08-17,8/15/2024,2024,KFM,Parsley - bu,$3.50,30,0,30,$105.00,,actual
2024-08-17,8/15/2024,2024,BFM,Parsley - bu,$3.50,20,0,20,$70.00,,actual
2024-08-17,8/15/2024,2024,KFM,Pepper Carmen - lb,$5.00,21.5,0,21.5,$107.50,,actual
2024-08-17,8/15/2024,2024,BFM,Pepper Carmen - lb,$5.00,0,0,0,$0.00,,actual
2024-08-14,8/13/2024,2024,EFM,Pepper Hot - ea,$1.00,6,4,2,$2.00,Variety: jalapeno,actual
2024-08-17,8/15/2024,2024,KFM,Pepper Hot - ea,$1.00,110,40,70,$70.00,Variety: jalapeno,actual
2024-08-17,8/15/2024,2024,BFM,Pepper Hot - ea,$1.00,55,0,55,$55.00,Variety: jalapeno,actual
2024-08-14,8/13/2024,2024,EFM,Pepper Shishito - Pt,$6.00,8,5,3,$18.00,,actual
2024-08-17,8/15/2024,2024,KFM,Pepper Shishito - Pt,$6.00,20,6,14,$84.00,,actual
2024-08-17,8/15/2024,2024,BFM,Pepper Shishito - Pt,$6.00,22,1,21,$126.00,,actual
2024-08-14,8/13/2024,2024,EFM,Pepper Shishito - Qt,$11.00,3,1,2,$22.00,,actual
2024-08-17,8/15/2024,2024,KFM,Pepper Shishito - Qt,$11.00,41,6,35,$385.00,,actual
2024-08-17,8/15/2024,2024,BFM,Pepper Shishito - Qt,$11.00,25,-6,31,$341.00,,actual
2024-08-14,8/13/2024,2024,EFM,Scallion - bu,$3.50,10,4,6,$21.00,,actual
2024-08-17,8/15/2024,2024,KFM,Scallion - bu,$3.50,57,0,57,$199.50,,actual
2024-08-17,8/15/2024,2024,BFM,Scallion - bu,$3.50,32,1,31,$108.50,,actual
2024-08-14,8/13/2024,2024,EFM,Tomato Cherry - Pt,$6.00,18,3,15,$90.00,Variety: sungold,actual
2024-08-14,8/13/2024,2024,EFM,Tomato Cherry - Pt,$6.00,0,0,0,$0.00,Variety: rainbow,actual
2024-08-17,8/15/2024,2024,KFM,Tomato Cherry - Pt,$6.00,18,0,18,$108.00,Variety: sungold,actual
2024-08-17,8/15/2024,2024,KFM,Tomato Cherry - Pt,$6.00,16,0,16,$96.00,Variety: rainbow,actual
2024-08-17,8/15/2024,2024,BFM,Tomato Cherry - Pt,$6.00,20,0,20,$120.00,Variety: sungold,actual
2024-08-17,8/15/2024,2024,BFM,Tomato Cherry - Pt,$6.00,4,0,4,$24.00,Variety: rainbow,actual
2024-08-17,8/15/2024,2024,KFM,Tomato Cherry - Pt,$6.00,16,0,16,$96.00,Variety: tomatillo,actual
2024-08-14,8/13/2024,2024,EFM,Tomato Heirloom - lb,$5.00,12.5,2.8,9.7,$48.50,,actual
2024-08-17,8/15/2024,2024,KFM,Tomato Heirloom - lb,$5.00,95,15,80,$400.00,,actual
2024-08-17,8/15/2024,2024,BFM,Tomato Heirloom - lb,$5.00,50,-15,65,$325.00,,actual
2024-08-14,8/13/2024,2024,EFM,Winter Squash Spaghetti - lb,$5.00,3,2.3,0.7,$3.50,Variety: bitter melon,actual
2024-08-17,8/15/2024,2024,KFM,Winter Squash Spaghetti - lb,$5.00,20,4,16,$80.06,Variety: bitter melon,actual
2024-08-17,8/15/2024,2024,BFM,Winter Squash Spaghetti - lb,$5.00,12,8.8,3.2,$16.01,Variety: bitter melon,actual
2024-08-21,8/20/2024,2024,EFM,Arugula - 1/3 lb,$7.00,10,0,10,$70.00,,actual
2024-08-24,8/22/2024,2024,KFM,Arugula - 1/3 lb,$7.00,23,0,23,$161.00,,actual
2024-08-24,8/22/2024,2024,BFM,Arugula - 1/3 lb,$7.00,21,0,21,$147.00,,actual
2024-08-21,8/20/2024,2024,EFM,Arugula - 2/3 lb ,$14.00,2,0,2,$28.00,,actual
2024-08-24,8/22/2024,2024,KFM,Arugula - 2/3 lb ,$14.00,15,0,15,$210.00,,actual
2024-08-24,8/22/2024,2024,BFM,Arugula - 2/3 lb ,$14.00,8,0,8,$112.00,,actual
2024-08-21,8/20/2024,2024,EFM,Cabbage - lb,$3.00,3.5,1.75,1.75,$5.25,Variety: red,actual
2024-08-21,8/20/2024,2024,EFM,Cabbage - lb,$3.00,4,0,4,$12.00,Variety: caraflex,actual
2024-08-21,8/20/2024,2024,EFM,Cabbage - lb,$3.00,1.75,0.8,0.95,$2.85,Variety: savoy,actual
2024-08-21,8/20/2024,2024,EFM,Cabbage - lb,$3.00,4.45,4.45,0,$0.00,Variety: tendersweet,actual
2024-08-24,8/22/2024,2024,KFM,Cabbage - lb,$3.00,39.75,1.5,38.25,$114.75,Variety: red,actual
2024-08-24,8/22/2024,2024,KFM,Cabbage - lb,$3.00,48.25,1.9,46.35,$139.05,Variety: caraflex,actual
2024-08-24,8/22/2024,2024,KFM,Cabbage - lb,$3.00,15.95,1,14.95,$44.85,Variety: savoy,actual
2024-08-24,8/22/2024,2024,KFM,Cabbage - lb,$3.00,25.25,0,25.25,$75.75,Variety: tendersweet,actual
2024-08-24,8/22/2024,2024,BFM,Cabbage - lb,$3.00,31.5,0,31.5,$94.50,Variety: red,actual
2024-08-24,8/22/2024,2024,BFM,Cabbage - lb,$3.00,33.3,9.25,24.05,$72.15,Variety: caraflex,actual
2024-08-24,8/22/2024,2024,BFM,Cabbage - lb,$3.00,9.5,1.9,7.6,$22.80,Variety: savoy,actual
2024-08-24,8/22/2024,2024,BFM,Cabbage - lb,$3.00,32.4,0,32.4,$97.20,Variety: tendersweet,actual
2024-08-21,8/20/2024,2024,EFM,Celery - bu,$4.50,0,0,0,$0.00,,actual
2024-08-24,8/22/2024,2024,KFM,Celery - bu,$4.50,0,0,0,$0.00,,actual
2024-08-24,8/22/2024,2024,BFM,Celery - bu,$4.50,0,0,0,$0.00,,actual
2024-08-21,8/20/2024,2024,EFM,Chard - bu,$4.50,2,0,2,$9.00,,actual
2024-08-24,8/22/2024,2024,KFM,Chard - bu,$4.50,20,0,20,$90.00,,actual
2024-08-24,8/22/2024,2024,BFM,Chard - bu,$4.50,25,0,25,$112.50,,actual
2024-08-21,8/20/2024,2024,EFM,Collards - bu,$4.50,2,0,2,$9.00,,actual
2024-08-24,8/22/2024,2024,KFM,Collards - bu,$4.50,20,0,20,$90.00,,actual
2024-08-24,8/22/2024,2024,BFM,Collards - bu,$4.50,16,0,16,$72.00,,actual
2024-08-21,8/20/2024,2024,EFM,Cucumber - lb,$4.08,3.4,0,3.4,$13.86,Variety: slicers,actual
2024-08-21,8/20/2024,2024,EFM,Cucumber - lb,$4.08,5.4,0,5.4,$22.02,Variety: persian,actual
2024-08-24,8/22/2024,2024,KFM,Cucumber - lb,$4.08,27.25,0,27.25,$111.11,Variety: slicers,actual
2024-08-24,8/22/2024,2024,KFM,Cucumber - lb,$4.08,22.75,0,22.75,$92.76,Variety: persian,actual
2024-08-24,8/22/2024,2024,BFM,Cucumber - lb,$4.08,25,0,25,$101.94,Variety: slicers,actual
2024-08-24,8/22/2024,2024,BFM,Cucumber - lb,$4.08,10,0,10,$40.78,Variety: persian,actual
2024-08-21,8/20/2024,2024,EFM,Cucumber Pickling - lb,$4.08,6,0,6,$24.47,,actual
2024-08-24,8/22/2024,2024,KFM,Cucumber Pickling - lb,$4.08,73,6,67,$273.19,,actual
2024-08-24,8/22/2024,2024,BFM,Cucumber Pickling - lb,$4.08,80,0,80,$326.20,,actual
2024-08-21,8/20/2024,2024,EFM,Dandelion - bu,$4.50,2,0,2,$9.00,,actual
2024-08-24,8/22/2024,2024,KFM,Dandelion - bu,$4.50,18,0,18,$81.00,,actual
2024-08-24,8/22/2024,2024,BFM,Dandelion - bu,$4.50,18,1,17,$76.50,,actual
2024-08-21,8/20/2024,2024,EFM,Eggplant - lb,$5.00,10,5.26,4.74,$23.70,,actual
2024-08-24,8/22/2024,2024,KFM,Eggplant - lb,$5.00,128,32,96,$480.00,,actual
2024-08-24,8/22/2024,2024,BFM,Eggplant - lb,$5.00,95,5.5,89.5,$447.50,,actual
2024-08-21,8/20/2024,2024,EFM,Eggplant Mini - Pt,$6.00,5,3,2,$12.00,,actual
2024-08-21,8/20/2024,2024,EFM,Eggplant Mini - Pt,$11.00,2,2,0,$0.00,Variety: quarts,actual
2024-08-24,8/22/2024,2024,KFM,Eggplant Mini - Pt,$6.00,18,0,18,$108.00,,actual
2024-08-24,8/22/2024,2024,KFM,Eggplant Mini - Pt,$11.00,0,0,0,$0.00,Variety: quarts,actual
2024-08-24,8/22/2024,2024,BFM,Eggplant Mini - Pt,$6.00,18,0,18,$108.00,,actual
2024-08-24,8/22/2024,2024,BFM,Eggplant Mini - Pt,$11.00,0,0,0,$0.00,Variety: quarts,actual
2024-08-21,8/20/2024,2024,EFM,Garlic - lb,$16.00,0,0,0,$0.00,,actual
2024-08-24,8/22/2024,2024,KFM,Garlic - lb,$16.00,10,0,10,$160.00,,actual
2024-08-24,8/22/2024,2024,BFM,Garlic - lb,$16.00,0,0,0,$0.00,,actual
2024-08-21,8/20/2024,2024,EFM,Kale Curly - bu,$4.50,5,0,5,$22.50,,actual
2024-08-24,8/22/2024,2024,KFM,Kale Curly - bu,$4.50,28,0,28,$126.00,,actual
2024-08-24,8/22/2024,2024,BFM,Kale Curly - bu,$4.50,32,0,32,$144.00,,actual
2024-08-21,8/20/2024,2024,EFM,Kale Lacinato - bu,$4.50,7,0,7,$31.50,,actual
2024-08-24,8/22/2024,2024,KFM,Kale Lacinato - bu,$4.50,41,0,41,$184.50,,actual
2024-08-24,8/22/2024,2024,BFM,Kale Lacinato - bu,$4.50,32,0,32,$144.00,,actual
2024-08-21,8/20/2024,2024,EFM,Okra - Pt,$6.00,4,0,4,$24.00,,actual
2024-08-24,8/22/2024,2024,KFM,Okra - Pt,$6.00,8,0,8,$48.00,,actual
2024-08-24,8/22/2024,2024,BFM,Okra - Pt,$6.00,10,0,10,$60.00,,actual
2024-08-21,8/20/2024,2024,EFM,Parsley - bu,$3.50,7,0,7,$24.50,,actual
2024-08-24,8/22/2024,2024,KFM,Parsley - bu,$3.50,30,0,30,$105.00,,actual
2024-08-24,8/22/2024,2024,BFM,Parsley - bu,$3.50,20,0,20,$70.00,,actual
2024-08-21,8/20/2024,2024,EFM,Pepper Carmen - lb,$5.00,5,0.78,4.22,$21.10,,actual
2024-08-24,8/22/2024,2024,KFM,Pepper Carmen - lb,$5.00,36.5,0,36.5,$182.50,,actual
2024-08-24,8/22/2024,2024,BFM,Pepper Carmen - lb,$5.00,30,0,30,$150.00,,actual
2024-08-21,8/20/2024,2024,EFM,Pepper Hot - ea,$1.00,4,4,0,$0.00,Variety: jalapeno,actual
2024-08-24,8/22/2024,2024,KFM,Pepper Hot - ea,$1.00,111,29,82,$82.00,Variety: jalapeno,actual
2024-08-24,8/22/2024,2024,BFM,Pepper Hot - ea,$1.00,100,29,71,$71.00,Variety: jalapeno,actual
2024-08-21,8/20/2024,2024,EFM,Pepper Lunchbox - Pt,$4.00,0,0,0,$0.00,,actual
2024-08-24,8/22/2024,2024,KFM,Pepper Lunchbox - Pt,$4.00,7,0,7,$28.00,,actual
2024-08-24,8/22/2024,2024,BFM,Pepper Lunchbox - Pt,$4.00,0,0,0,$0.00,,actual
2024-08-21,8/20/2024,2024,EFM,Pepper Shishito - Pt,$6.00,6,2,4,$24.00,,actual
2024-08-24,8/22/2024,2024,KFM,Pepper Shishito - Pt,$6.00,19,2,17,$102.00,,actual
2024-08-24,8/22/2024,2024,BFM,Pepper Shishito - Pt,$6.00,25,8,17,$102.00,,actual
2024-08-21,8/20/2024,2024,EFM,Pepper Shishito - Qt,$11.00,2,1,1,$11.00,,actual
2024-08-24,8/22/2024,2024,KFM,Pepper Shishito - Qt,$11.00,35,14,21,$231.00,,actual
2024-08-24,8/22/2024,2024,BFM,Pepper Shishito - Qt,$11.00,25,12,13,$143.00,,actual
2024-08-24,8/22/2024,2024,BFM,Potato Fingerling - lb,$3.50,50,0,50,$175.00,Variety: red,actual
2024-08-24,8/22/2024,2024,KFM,Potato Fingerling - lb,$3.50,80,9,71,$248.50,Variety: red,actual
2024-08-21,8/20/2024,2024,EFM,Radish French Breakfast - bu,$3.50,8,0,8,$28.00,,actual
2024-08-24,8/22/2024,2024,KFM,Radish French Breakfast - bu,$3.50,22,0,22,$77.00,,actual
2024-08-24,8/22/2024,2024,BFM,Radish French Breakfast - bu,$3.50,21,0,21,$73.50,,actual
2024-08-21,8/20/2024,2024,EFM,Scallion - bu,$3.50,7,3,4,$14.00,,actual
2024-08-24,8/22/2024,2024,KFM,Scallion - bu,$3.50,25,0,25,$87.50,,actual
2024-08-24,8/22/2024,2024,BFM,Scallion - bu,$3.50,16,0,16,$56.00,,actual
2024-08-21,8/20/2024,2024,EFM,Summer Mix - 1/3 lb,$7.00,0,0,0,$0.00,Variety: frills,actual
2024-08-24,8/22/2024,2024,KFM,Summer Mix - 1/3 lb,$7.00,25,0,25,$175.00,Variety: frills,actual
2024-08-24,8/22/2024,2024,BFM,Summer Mix - 1/3 lb,$7.00,20,0,20,$140.00,Variety: frills,actual
2024-08-24,8/22/2024,2024,KFM,Summer Mix - 2/3 lb ,$14.00,9,0,9,$126.00,Variety: frills,actual
2024-08-24,8/22/2024,2024,BFM,Summer Mix - 2/3 lb ,$14.00,9,0,9,$126.00,Variety: frills,actual
2024-08-21,8/20/2024,2024,EFM,Tomato Cherry - Pt,$6.00,9,0,9,$54.00,Variety: sungold,actual
2024-08-21,8/20/2024,2024,EFM,Tomato Cherry - Pt,$6.00,6,0,6,$36.00,Variety: rainbow,actual
2024-08-21,8/20/2024,2024,EFM,Tomato Cherry - Pt,$6.00,0,0,0,$0.00,Variety: tomatillo,actual
2024-08-24,8/22/2024,2024,KFM,Tomato Cherry - Pt,$6.00,40,0,40,$240.00,Variety: sungold,actual
2024-08-24,8/22/2024,2024,KFM,Tomato Cherry - Pt,$6.00,73,27,46,$276.00,Variety: rainbow,actual
2024-08-24,8/22/2024,2024,KFM,Tomato Cherry - Pt,$6.00,0,0,0,$0.00,Variety: tomatillo,actual
2024-08-24,8/22/2024,2024,BFM,Tomato Cherry - Pt,$6.00,43,0,43,$258.00,Variety: sungold,actual
2024-08-24,8/22/2024,2024,BFM,Tomato Cherry - Pt,$6.00,47,-5,52,$312.00,Variety: rainbow,actual
2024-08-24,8/22/2024,2024,BFM,Tomato Cherry - Pt,$6.00,0,0,0,$0.00,Variety: tomatillo,actual
2024-08-21,8/20/2024,2024,EFM,Tomato Heirloom - lb,$5.00,12,2.5,9.5,$47.50,,actual
2024-08-24,8/22/2024,2024,KFM,Tomato Heirloom - lb,$5.00,35,0,35,$175.00,,actual
2024-08-24,8/22/2024,2024,BFM,Tomato Heirloom - lb,$5.00,0,0,0,$0.00,,actual
2024-08-24,8/22/2024,2024,KFM,Winter Squash Acorn Type - lb,$4.00,71.5,39.1,32.4,$129.60,,actual
2024-08-24,8/22/2024,2024,BFM,Winter Squash Acorn Type - lb,$4.00,45.5,12.7,32.8,$131.20,,actual
2024-08-21,8/20/2024,2024,EFM,Winter Squash Spaghetti - lb,$5.00,2,1.3,0.7,$3.50,Variety: bitter melon,actual
2024-08-24,8/22/2024,2024,KFM,Winter Squash Spaghetti - lb,$5.00,18,9,9,$45.04,Variety: bitter melon,actual
2024-08-24,8/22/2024,2024,BFM,Winter Squash Spaghetti - lb,$5.00,10,0,10,$50.04,Variety: bitter melon,actual
2024-08-28,8/27/2024,2024,EFM,Arugula - 1/3 lb,$7.00,0,0,0,$0.00,,actual
2024-08-31,8/29/2024,2024,BFM,Arugula - 1/3 lb,$7.00,20,0,20,$140.00,,actual
2024-08-31,8/29/2024,2024,BFM,Arugula - 2/3 lb ,$14.00,0,0,0,$0.00,,actual
2024-08-28,8/27/2024,2024,EFM,Arugula - 2/3 lb ,$14.00,0,0,0,$0.00,,actual
2024-08-31,8/29/2024,2024,BFM,Basil - bu,$3.50,20,0,20,$70.00,,actual
2024-08-31,8/29/2024,2024,BFM,Bitter Melon - lb,$5.00,12,9,3,$15.00,,actual
2024-08-28,8/27/2024,2024,EFM,Basil - bu,$3.50,5,2,3,$10.50,,actual
2024-08-31,8/29/2024,2024,BFM,Cabbage - lb,$3.00,37.4,4.9,32.5,$97.50,Variety: red,actual
2024-08-31,8/29/2024,2024,BFM,Cabbage - lb,$3.00,34.4,0,34.4,$103.20,Variety: caraflex,actual
2024-08-28,8/27/2024,2024,EFM,Bitter Melon - lb,$5.00,2,2,0,$0.00,,actual
2024-08-31,8/29/2024,2024,BFM,Cabbage - lb,$3.00,26.4,3.9,22.5,$67.50,Variety: savoy,actual
2024-08-31,8/29/2024,2024,BFM,Cabbage - lb,$3.00,0,0,0,$0.00,Variety: tendersweet,actual
2024-08-28,8/27/2024,2024,EFM,Cabbage - lb,$3.00,3.8,0,3.8,$11.40,Variety: red,actual
2024-08-28,8/27/2024,2024,EFM,Cabbage - lb,$3.00,4.2,1.9,2.3,$6.90,Variety: caraflex,actual
2024-08-28,8/27/2024,2024,EFM,Cabbage - lb,$3.00,1.9,0,1.9,$5.70,Variety: savoy,actual
2024-08-28,8/27/2024,2024,EFM,Cabbage - lb,$3.00,5.8,0,5.8,$17.40,Variety: tendersweet,actual
2024-08-31,8/29/2024,2024,BFM,Chard - bu,$4.50,28,0,28,$126.00,,actual
2024-08-31,8/29/2024,2024,BFM,Collards - bu,$4.50,22,2,20,$90.00,,actual
2024-08-31,8/29/2024,2024,BFM,Corn - ea,$1.66,81,0,81,$134.46,,actual
2024-08-31,8/29/2024,2024,BFM,Cucumber - lb,$3.50,42,0,42,$147.00,Variety: slicers,actual
2024-08-31,8/29/2024,2024,BFM,Cucumber Persian - lb,$3.50,0,0,0,$0.00,,actual
2024-08-31,8/29/2024,2024,BFM,Cucumber Pickling - lb,$3.50,43,0,43,$150.50,,actual
2024-08-31,8/29/2024,2024,BFM,Dandelion - bu,$4.50,18,3,15,$67.50,,actual
2024-08-31,8/29/2024,2024,BFM,Eggplant - lb,$5.00,90,31,59,$295.00,,actual
2024-08-28,8/27/2024,2024,EFM,Chard - bu,$4.50,2,0,2,$9.00,,actual
2024-08-31,8/29/2024,2024,BFM,Eggplant Mini - Pt,$6.00,10,2,8,$48.00,,actual
2024-08-31,8/29/2024,2024,BFM,Eggplant Mini - Qt,$11.00,10,0,10,$110.00,,actual
2024-08-28,8/27/2024,2024,EFM,Collards - bu,$4.50,3,1,2,$9.00,,actual
2024-08-31,8/29/2024,2024,BFM,Garlic - lb,$16.00,0,0,0,$0.00,,actual
2024-08-31,8/29/2024,2024,BFM,Kale Curly - bu,$4.50,37,-2,39,$175.50,,actual
2024-08-28,8/27/2024,2024,EFM,Corn - ea,$1.66,30,0,30,$49.80,,actual
2024-08-31,8/29/2024,2024,BFM,Kale Lacinato - bu,$4.50,53,-7,60,$270.00,,actual
2024-08-31,8/29/2024,2024,BFM,Okra - Pt,$6.00,9,0,9,$54.00,,actual
2024-08-28,8/27/2024,2024,EFM,Cucumber - lb,$3.50,6,0,6,$21.00,Variety: slicers,actual
2024-08-31,8/29/2024,2024,BFM,Parsley - bu,$3.50,18,0,18,$63.00,,actual
2024-08-31,8/29/2024,2024,BFM,Pepper Carmen - lb,$5.00,50,3,47,$235.00,,actual
2024-08-28,8/27/2024,2024,EFM,Cucumber Persian - lb,$3.50,6,0.5,5.5,$19.25,,actual
2024-08-31,8/29/2024,2024,BFM,Pepper Hot - ea,$1.00,125,,125,$125.00,Variety: jalapeno,actual
2024-08-31,8/29/2024,2024,BFM,Pepper Hot - ea,$0.50,50,,50,$25.00,Variety: amazing,actual
2024-08-28,8/27/2024,2024,EFM,Cucumber Pickling - lb,$3.50,6,1,5,$17.50,,actual
2024-08-31,8/29/2024,2024,BFM,Pepper Lunchbox - Pt,$4.00,0,0,0,$0.00,,actual
2024-08-31,8/29/2024,2024,BFM,Pepper Shishito - Pt,$6.00,0,0,0,$0.00,,actual
2024-08-28,8/27/2024,2024,EFM,Dandelion - bu,$4.50,2,0,2,$9.00,,actual
2024-08-31,8/29/2024,2024,BFM,Pepper Shishito - Qt,$6.00,36,0,36,$215.82,,actual
2024-08-31,8/29/2024,2024,BFM,Potato Blue - lb,$3.50,26,6,20,$70.00,,actual
2024-08-28,8/27/2024,2024,EFM,Eggplant - lb,$5.00,10,0.9,9.1,$45.50,,actual
2024-08-31,8/29/2024,2024,BFM,Potato Fingerling - lb,$3.50,40,5,35,$122.50,Variety: red,actual
2024-08-31,8/29/2024,2024,BFM,Radish French Breakfast - bu,$3.50,21,0,21,$73.50,,actual
2024-08-28,8/27/2024,2024,EFM,Eggplant Mini - Pt,$6.00,6,3,3,$18.00,,actual
2024-08-31,8/29/2024,2024,BFM,Radish Red - bu,$3.50,13,0,13,$45.50,,actual
2024-08-31,8/29/2024,2024,BFM,Radish Round Purple - bu,$3.50,25,0,25,$87.50,,actual
2024-08-28,8/27/2024,2024,EFM,Eggplant Mini - Qt,$11.00,3,1,2,$22.00,,actual
2024-08-31,8/29/2024,2024,BFM,Summer Mix - 1/3 lb,$7.00,20,0,20,$140.00,,actual
2024-08-31,8/29/2024,2024,BFM,Summer Mix - 2/3 lb ,$14.00,10,0,10,$140.00,,actual
2024-08-28,8/27/2024,2024,EFM,Garlic - lb,$16.00,4,2,2,$32.00,,actual
2024-08-31,8/29/2024,2024,BFM,Tomato Cherry - Pt,$6.00,30,0,30,$180.00,Variety: sungold,actual
2024-08-31,8/29/2024,2024,BFM,Tomato Cherry - Pt,$6.00,58,1,57,$342.00,Variety: rainbow,actual
2024-08-28,8/27/2024,2024,EFM,Kale Curly - bu,$4.50,7,3,4,$18.00,,actual
2024-08-31,8/29/2024,2024,BFM,Tomato Cherry - Pt,$6.00,0,0,0,$0.00,Variety: tomatillo,actual
2024-08-31,8/29/2024,2024,BFM,Tomato Heirloom - lb,$5.00,0,0,0,$0.00,,actual
2024-08-28,8/27/2024,2024,EFM,Kale Lacinato - bu,$4.50,10,2,8,$36.00,,actual
2024-08-31,8/29/2024,2024,BFM,Tomato Sauce - Qt,$7.00,0,0,0,$0.00,,actual
2024-08-31,8/29/2024,2024,BFM,Winter Squash Acorn Type - lb,$3.00,45.1,23,22.1,$66.30,,actual
2024-08-28,8/27/2024,2024,EFM,Okra - Pt,$6.00,4,1,3,$18.00,,actual
2024-08-31,8/29/2024,2024,BFM,Winter Squash Delicata - lb,$4.00,17.4,0,17.4,$69.60,,actual
2024-08-31,8/29/2024,2024,KFM,Arugula - 1/3 lb,$7.00,23,0,23,$161.00,,actual
2024-08-28,8/27/2024,2024,EFM,Parsley - bu,$3.50,8,3,5,$17.50,,actual
2024-08-31,8/29/2024,2024,KFM,Arugula - 2/3 lb ,$14.00,0,0,0,$0.00,,actual
2024-08-31,8/29/2024,2024,KFM,Basil - bu,$3.50,25,0,25,$87.50,,actual
2024-08-28,8/27/2024,2024,EFM,Pepper Carmen - lb,$5.00,6,2.3,3.7,$18.50,,actual
2024-08-31,8/29/2024,2024,KFM,Bitter Melon - lb,$5.00,23,9,14,$70.00,,actual
2024-08-31,8/29/2024,2024,KFM,Cabbage - lb,$3.00,46.4,15.9,30.5,$91.50,Variety: red,actual
2024-08-28,8/27/2024,2024,EFM,Pepper Hot - ea,$1.00,0,0,0,$0.00,Variety: jalapeno,actual
2024-08-28,8/27/2024,2024,EFM,Pepper Hot - ea,$0.50,0,0,0,$0.00,Variety: amazing,actual
2024-08-31,8/29/2024,2024,KFM,Cabbage - lb,$3.00,50.5,10.8,39.7,$119.10,Variety: caraflex,actual
2024-08-31,8/29/2024,2024,KFM,Cabbage - lb,$3.00,30.3,8.8,21.5,$64.50,Variety: savoy,actual
2024-08-31,8/29/2024,2024,KFM,Cabbage - lb,$3.00,0,0,0,$0.00,Variety: tendersweet,actual
2024-08-31,8/29/2024,2024,KFM,Chard - bu,$4.50,23,0,23,$103.50,,actual
2024-08-28,8/27/2024,2024,EFM,Pepper Lunchbox - Pt,$4.00,0,0,0,$0.00,,actual
2024-08-31,8/29/2024,2024,KFM,Collards - bu,$4.50,27,2,25,$112.50,,actual
2024-08-31,8/29/2024,2024,KFM,Corn - ea,$1.66,175,0,175,$290.50,,actual
2024-08-28,8/27/2024,2024,EFM,Pepper Shishito - Pt,$6.00,7,5,2,$12.00,,actual
2024-08-31,8/29/2024,2024,KFM,Cucumber - lb,$3.50,52,0,52,$182.00,Variety: slicers,actual
2024-08-31,8/29/2024,2024,KFM,Cucumber Persian - lb,$3.50,14.75,0,14.75,$51.63,,actual
2024-08-28,8/27/2024,2024,EFM,Pepper Shishito - Qt,$11.00,2,0,2,$22.00,,actual
2024-08-31,8/29/2024,2024,KFM,Cucumber Pickling - lb,$3.50,71,0,71,$248.50,,actual
2024-08-31,8/29/2024,2024,KFM,Dandelion - bu,$4.50,21,4,17,$76.50,,actual
2024-08-31,8/29/2024,2024,KFM,Eggplant - lb,$5.00,120,35,85,$425.00,,actual
2024-08-31,8/29/2024,2024,KFM,Eggplant Mini - Pt,$6.00,10,0,10,$60.00,,actual
2024-08-28,8/27/2024,2024,EFM,Potato Fingerling - lb,$3.50,25,19.3,5.7,$19.95,Variety: red,actual
2024-08-31,8/29/2024,2024,KFM,Eggplant Mini - Qt,$11.00,6,0,6,$66.00,,actual
2024-08-31,8/29/2024,2024,KFM,Garlic - lb,$16.00,15,7,8,$128.00,,actual
2024-08-28,8/27/2024,2024,EFM,Radish French Breakfast - bu,$3.50,5,2,3,$10.50,,actual
2024-08-31,8/29/2024,2024,KFM,Kale Curly - bu,$4.50,30,4,26,$117.00,,actual
2024-08-31,8/29/2024,2024,KFM,Kale Lacinato - bu,$4.50,72,7,65,$292.50,,actual
2024-08-28,8/27/2024,2024,EFM,Radish Red - bu,$3.50,7,3,4,$14.00,,actual
2024-08-31,8/29/2024,2024,KFM,Okra - Pt,$6.00,9,0,9,$54.00,,actual
2024-08-31,8/29/2024,2024,KFM,Parsley - bu,$3.50,22,0,22,$77.00,,actual
2024-08-28,8/27/2024,2024,EFM,Radish Round Purple - bu,$3.50,0,0,0,$0.00,,actual
2024-08-31,8/29/2024,2024,KFM,Pepper Carmen - lb,$5.00,50,1,49,$245.00,,actual
2024-08-31,8/29/2024,2024,KFM,Pepper Hot - ea,$1.00,130,30,100,$100.00,Variety: jalapeno,actual
2024-08-28,8/27/2024,2024,EFM,Summer Mix - 1/3 lb,$7.00,11,5,6,$42.00,,actual
2024-08-31,8/29/2024,2024,KFM,Pepper Hot - ea,$0.50,75,15,60,$30.00,Variety: amazing,actual
2024-08-31,8/29/2024,2024,KFM,Pepper Lunchbox - Pt,$4.00,5,0,5,$20.00,,actual
2024-08-28,8/27/2024,2024,EFM,Summer Mix - 2/3 lb ,$14.00,4,0,4,$56.00,,actual
2024-08-31,8/29/2024,2024,KFM,Pepper Shishito - Pt,$6.00,0,0,0,$0.00,,actual
2024-08-31,8/29/2024,2024,KFM,Pepper Shishito - Qt,$6.00,60,6,54,$323.73,,actual
2024-08-28,8/27/2024,2024,EFM,Tomato Cherry - Pt,$6.00,10,1,9,$54.00,Variety: sungold,actual
2024-08-28,8/27/2024,2024,EFM,Tomato Cherry - Pt,$6.00,10,4,6,$36.00,Variety: rainbow,actual
2024-08-28,8/27/2024,2024,EFM,Tomato Cherry - Pt,$6.00,0,0,0,$0.00,Variety: tomatillo,actual
2024-08-31,8/29/2024,2024,KFM,Potato Blue - lb,$3.50,60,28,32,$112.00,,actual
2024-08-31,8/29/2024,2024,KFM,Potato Fingerling - lb,$3.50,40,8,32,$112.00,Variety: red,actual
2024-08-31,8/29/2024,2024,KFM,Radish French Breakfast - bu,$3.50,30,0,30,$105.00,,actual
2024-08-31,8/29/2024,2024,KFM,Radish Red - bu,$3.50,10,0,10,$35.00,,actual
2024-08-31,8/29/2024,2024,KFM,Radish Round Purple - bu,$3.50,30,0,30,$105.00,,actual
2024-08-31,8/29/2024,2024,KFM,Summer Mix - 1/3 lb,$7.00,20,0,20,$140.00,,actual
2024-08-28,8/27/2024,2024,EFM,Tomato Heirloom - lb,$5.00,12,1.8,10.2,$51.00,,actual
2024-08-31,8/29/2024,2024,KFM,Summer Mix - 2/3 lb ,$14.00,12,0,12,$168.00,,actual
2024-08-31,8/29/2024,2024,KFM,Tomato Cherry - Pt,$6.00,67,0,67,$402.00,Variety: sungold,actual
2024-08-28,8/27/2024,2024,EFM,Tomato Sauce - Qt,$7.00,0,0,0,$0.00,,actual
2024-08-31,8/29/2024,2024,KFM,Tomato Cherry - Pt,$6.00,60,8,52,$312.00,Variety: rainbow,actual
2024-08-31,8/29/2024,2024,KFM,Tomato Cherry - Pt,$6.00,0,0,0,$0.00,Variety: tomatillo,actual
2024-08-28,8/27/2024,2024,EFM,Winter Squash Acorn Type - lb,$3.00,12.75,7.9,4.85,$14.55,,actual
2024-08-31,8/29/2024,2024,KFM,Tomato Heirloom - lb,$5.00,35,0,35,$175.00,,actual
2024-08-31,8/29/2024,2024,KFM,Tomato Sauce - Qt,$7.00,0,0,0,$0.00,,actual
2024-08-28,8/27/2024,2024,EFM,Winter Squash Delicata - lb,$4.00,0,0,0,$0.00,,actual
2024-08-31,8/29/2024,2024,KFM,Winter Squash Acorn Type - lb,$3.00,66.6,38.2,28.4,$85.20,,actual
2024-08-31,8/29/2024,2024,KFM,Winter Squash Delicata - lb,$4.00,22.5,0,22.5,$90.00,,actual
2024-09-04,9/3/2024,2024,EFM,Arugula - 1/3 lb,$7.00,0,0,0,$0.00,,actual
2024-09-07,9/5/2024,2024,KFM,Arugula - 1/3 lb,$7.00,18,0,18,$126.00,,actual
2024-09-07,9/5/2024,2024,BFM,Arugula - 1/3 lb,$7.00,18,0,18,$126.00,,actual
2024-09-04,9/3/2024,2024,EFM,Arugula - 2/3 lb ,$14.00,0,0,0,$0.00,,actual
2024-09-07,9/5/2024,2024,KFM,Arugula - 2/3 lb ,$14.00,8,0,8,$112.00,,actual
2024-09-07,9/5/2024,2024,BFM,Arugula - 2/3 lb ,$14.00,0,0,0,$0.00,,actual
2024-09-04,9/3/2024,2024,EFM,Basil - bu,$3.50,4,0,4,$14.00,,actual
2024-09-07,9/5/2024,2024,KFM,Basil - bu,$3.50,28,0,28,$98.00,,actual
2024-09-07,9/5/2024,2024,BFM,Basil - bu,$3.50,25,0,25,$87.50,,actual
2024-09-04,9/3/2024,2024,EFM,Bitter Melon - lb,$5.00,0,0,0,$0.00,,actual
2024-09-07,9/5/2024,2024,KFM,Bitter Melon - lb,$5.00,13,7.25,5.75,$28.75,,actual
2024-09-07,9/5/2024,2024,BFM,Bitter Melon - lb,$5.00,6.7,2.8,3.9,$19.50,,actual
2024-09-04,9/3/2024,2024,EFM,Cabbage - lb,$3.00,5.5,1.3,4.2,$12.60,Variety: red,actual
2024-09-04,9/3/2024,2024,EFM,Cabbage - lb,$3.00,4.4,1.5,2.9,$8.70,Variety: savoy,actual
2024-09-07,9/5/2024,2024,KFM,Cabbage - lb,$3.00,50,7.1,42.9,$128.70,Variety: red,actual
2024-09-07,9/5/2024,2024,KFM,Cabbage - lb,$3.00,34.7,3.1,31.6,$94.80,Variety: savoy,actual
2024-09-07,9/5/2024,2024,BFM,Cabbage - lb,$3.00,43,7.6,35.4,$106.20,Variety: red,actual
2024-09-07,9/5/2024,2024,BFM,Cabbage - lb,$3.00,32.1,11.6,20.5,$61.50,Variety: savoy,actual
2024-09-04,9/3/2024,2024,EFM,Chard - bu,$4.50,2,0,2,$9.00,,actual
2024-09-07,9/5/2024,2024,KFM,Chard - bu,$4.50,23,1,22,$99.00,,actual
2024-09-07,9/5/2024,2024,BFM,Chard - bu,$4.50,28,2,26,$117.00,,actual
2024-09-04,9/3/2024,2024,EFM,Cilantro - bu,$3.50,8,0,8,$28.00,,actual
2024-09-07,9/5/2024,2024,KFM,Cilantro - bu,$3.50,60,0,60,$210.00,,actual
2024-09-07,9/5/2024,2024,BFM,Cilantro - bu,$3.50,30,0,30,$105.00,,actual
2024-09-04,9/3/2024,2024,EFM,Collards - bu,$4.50,2,0,2,$9.00,,actual
2024-09-07,9/5/2024,2024,KFM,Collards - bu,$4.50,25,0,25,$112.50,,actual
2024-09-07,9/5/2024,2024,BFM,Collards - bu,$4.50,20,1,19,$85.50,,actual
2024-09-04,9/3/2024,2024,EFM,Cucumber - lb,$3.50,6.5,0,6.5,$22.75,Variety: slicers,actual
2024-09-07,9/5/2024,2024,KFM,Cucumber - lb,$3.50,57.25,0,57.25,$200.38,,actual
2024-09-07,9/5/2024,2024,BFM,Cucumber - lb,$3.50,40.5,0,40.5,$141.75,,actual
2024-09-04,9/3/2024,2024,EFM,Cucumber Persian - lb,$3.50,4.4,0,4.4,$15.40,,actual
2024-09-07,9/5/2024,2024,KFM,Cucumber Persian - lb,$3.50,0,0,0,$0.00,,actual
2024-09-07,9/5/2024,2024,BFM,Cucumber Persian - lb,$3.50,2.25,0,2.25,$7.88,,actual
2024-09-04,9/3/2024,2024,EFM,Cucumber Pickling - lb,$3.50,7,2.5,4.5,$15.75,,actual
2024-09-07,9/5/2024,2024,KFM,Cucumber Pickling - lb,$3.50,23.75,0,23.75,$83.13,,actual
2024-09-07,9/5/2024,2024,BFM,Cucumber Pickling - lb,$3.50,27.75,0,27.75,$97.13,,actual
2024-09-04,9/3/2024,2024,EFM,Dandelion - bu,$4.50,3,0,3,$13.50,,actual
2024-09-07,9/5/2024,2024,KFM,Dandelion - bu,$4.50,18,0,18,$81.00,,actual
2024-09-07,9/5/2024,2024,BFM,Dandelion - bu,$4.50,15,4,11,$49.50,,actual
2024-09-04,9/3/2024,2024,EFM,Eggplant - lb,$5.00,10,2.7,7.3,$36.50,,actual
2024-09-07,9/5/2024,2024,KFM,Eggplant - lb,$5.00,80,9,71,$355.00,,actual
2024-09-07,9/5/2024,2024,BFM,Eggplant - lb,$5.00,60,0,60,$300.00,,actual
2024-09-04,9/3/2024,2024,EFM,Eggplant Mini - Pt,$6.00,3,0,3,$18.00,,actual
2024-09-07,9/5/2024,2024,KFM,Eggplant Mini - Pt,$6.00,15,5,10,$60.00,,actual
2024-09-07,9/5/2024,2024,BFM,Eggplant Mini - Pt,$6.00,15,2,13,$78.00,,actual
2024-09-04,9/3/2024,2024,EFM,Eggplant Mini - Qt,$11.00,2,0,2,$22.00,,actual
2024-09-07,9/5/2024,2024,KFM,Eggplant Mini - Qt,$11.00,13,7,6,$66.00,,actual
2024-09-07,9/5/2024,2024,BFM,Eggplant Mini - Qt,$11.00,13,-6,19,$209.00,,actual
2024-09-04,9/3/2024,2024,EFM,Garlic - lb,$16.00,1,0.25,0.75,$12.00,,actual
2024-09-07,9/5/2024,2024,KFM,Garlic - lb,$16.00,5,0,5,$80.00,,actual
2024-09-07,9/5/2024,2024,BFM,Garlic - lb,$16.00,0,0,0,$0.00,,actual
2024-09-04,9/3/2024,2024,EFM,Kale Curly - bu,$4.50,5,0,5,$22.50,,actual
2024-09-07,9/5/2024,2024,KFM,Kale Curly - bu,$4.50,26,0,26,$117.00,,actual
2024-09-07,9/5/2024,2024,BFM,Kale Curly - bu,$4.50,40,0,40,$180.00,,actual
2024-09-04,9/3/2024,2024,EFM,Kale Lacinato - bu,$4.50,8,0,8,$36.00,,actual
2024-09-07,9/5/2024,2024,KFM,Kale Lacinato - bu,$4.50,65,0,65,$292.50,,actual
2024-09-07,9/5/2024,2024,BFM,Kale Lacinato - bu,$4.50,60,0,60,$270.00,,actual
2024-09-04,9/3/2024,2024,EFM,Lettuce Mini Gem - ea,$3.00,0,0,0,$0.00,Variety: rosaine,actual
2024-09-04,9/3/2024,2024,EFM,Lettuce Mini Gem - ea,$3.00,10,0,10,$30.00,Variety: cegolaine,actual
2024-09-07,9/5/2024,2024,KFM,Lettuce Mini Gem - ea,$3.00,40,0,40,$120.00,Variety: rosaine,actual
2024-09-07,9/5/2024,2024,KFM,Lettuce Mini Gem - ea,$3.00,25,0,25,$75.00,Variety: cegolaine,actual
2024-09-07,9/5/2024,2024,BFM,Lettuce Mini Gem - ea,$3.00,36,0,36,$108.00,Variety: rosaine,actual
2024-09-07,9/5/2024,2024,BFM,Lettuce Mini Gem - ea,$3.00,15,0,15,$45.00,Variety: cegolaine,actual
2024-09-04,9/3/2024,2024,EFM,Okra - Pt,$6.00,4,0,4,$24.00,,actual
2024-09-07,9/5/2024,2024,KFM,Okra - Pt,$6.00,7,0,7,$42.00,,actual
2024-09-07,9/5/2024,2024,BFM,Okra - Pt,$6.00,6,0,6,$36.00,,actual
2024-09-04,9/3/2024,2024,EFM,Parsley - bu,$3.50,7,1,6,$21.00,,actual
2024-09-07,9/5/2024,2024,KFM,Parsley - bu,$3.50,46,3,43,$150.50,,actual
2024-09-07,9/5/2024,2024,BFM,Parsley - bu,$3.50,22,0,22,$77.00,,actual
2024-09-04,9/3/2024,2024,EFM,Pepper Carmen - lb,$5.00,5,1.75,3.25,$16.25,,actual
2024-09-07,9/5/2024,2024,KFM,Pepper Carmen - lb,$5.00,100,28,72,$360.00,,actual
2024-09-07,9/5/2024,2024,BFM,Pepper Carmen - lb,$5.00,185,-13,198,$990.00,,actual
2024-09-04,9/3/2024,2024,EFM,Pepper Hot - ea,$1.00,0,0,0,$0.00,Variety: jalapeno,actual
2024-09-04,9/3/2024,2024,EFM,Pepper Hot - ea,$0.50,0,0,0,$0.00,Variety: amazing,actual
2024-09-07,9/5/2024,2024,KFM,Pepper Hot - ea,$1.00,97,50,47,$47.00,Variety: jalapeno,actual
2024-09-07,9/5/2024,2024,KFM,Pepper Hot - ea,$0.50,50,7,43,$21.50,Variety: amazing,actual
2024-09-07,9/5/2024,2024,BFM,Pepper Hot - ea,$1.00,90,40,50,$50.00,Variety: jalapeno,actual
2024-09-07,9/5/2024,2024,BFM,Pepper Hot - ea,$0.50,50,20,30,$15.00,Variety: amazing,actual
2024-09-04,9/3/2024,2024,EFM,Pepper Lunchbox - Pt,$4.00,0,0,0,$0.00,,actual
2024-09-07,9/5/2024,2024,KFM,Pepper Lunchbox - Pt,$4.00,25,3,22,$88.00,,actual
2024-09-07,9/5/2024,2024,BFM,Pepper Lunchbox - Pt,$4.00,20,-3,23,$92.00,,actual
2024-09-04,9/3/2024,2024,EFM,Pepper Shishito - Pt,$6.00,0,0,0,$0.00,,actual
2024-09-07,9/5/2024,2024,KFM,Pepper Shishito - Pt,$6.00,0,0,0,$0.00,,actual
2024-09-07,9/5/2024,2024,BFM,Pepper Shishito - Pt,$6.00,0,0,0,$0.00,,actual
2024-09-04,9/3/2024,2024,EFM,Pepper Shishito - Qt,$6.00,6,0,6,$35.97,,actual
2024-09-07,9/5/2024,2024,KFM,Pepper Shishito - Qt,$6.00,60,35,25,$149.88,,actual
2024-09-07,9/5/2024,2024,BFM,Pepper Shishito - Qt,$6.00,40,-17,57,$341.72,,actual
2024-09-04,9/3/2024,2024,EFM,Potato Blue - lb,$6.00,3,0,3,$18.01,Variety: quart,actual
2024-09-07,9/5/2024,2024,KFM,Potato Blue - lb,$3.50,50,8,42,$147.00,,actual
2024-09-07,9/5/2024,2024,BFM,Potato Blue - lb,$3.50,43,27,16,$56.00,,actual
2024-09-04,9/3/2024,2024,EFM,Potato Fingerling - lb,$6.00,5,3,2,$12.01,Variety: red quarts,actual
2024-09-07,9/5/2024,2024,KFM,Potato Fingerling - lb,$3.50,44,0.5,43.5,$152.25,Variety: red,actual
2024-09-07,9/5/2024,2024,BFM,Potato Fingerling - lb,$3.50,34,14,20,$70.00,Variety: red,actual
2024-09-04,9/3/2024,2024,EFM,Radish French Breakfast - bu,$3.50,3,1,2,$7.00,,actual
2024-09-07,9/5/2024,2024,KFM,Radish French Breakfast - bu,$3.50,50,13,37,$129.50,,actual
2024-09-07,9/5/2024,2024,BFM,Radish French Breakfast - bu,$3.50,45,-12,57,$199.50,,actual
2024-09-04,9/3/2024,2024,EFM,Radish Red - bu,$3.50,2,0,2,$7.00,,actual
2024-09-07,9/5/2024,2024,KFM,Radish Red - bu,$3.50,6,1,5,$17.50,,actual
2024-09-07,9/5/2024,2024,BFM,Radish Red - bu,$3.50,6,0,6,$21.00,,actual
2024-09-04,9/3/2024,2024,EFM,Radish Round Purple - bu,$3.50,3,0,3,$10.50,,actual
2024-09-07,9/5/2024,2024,KFM,Radish Round Purple - bu,$3.50,40,16,24,$84.00,,actual
2024-09-07,9/5/2024,2024,BFM,Radish Round Purple - bu,$3.50,30,2,28,$98.00,,actual
2024-09-04,9/3/2024,2024,EFM,Summer Mix - 1/3 lb,$7.00,8,0,8,$56.00,,actual
2024-09-07,9/5/2024,2024,KFM,Summer Mix - 1/3 lb,$7.00,30,1,29,$203.00,,actual
2024-09-07,9/5/2024,2024,BFM,Summer Mix - 1/3 lb,$7.00,23,0,23,$161.00,,actual
2024-09-04,9/3/2024,2024,EFM,Summer Mix - 2/3 lb ,$14.00,4,0,4,$56.00,,actual
2024-09-07,9/5/2024,2024,KFM,Summer Mix - 2/3 lb ,$14.00,28,2,26,$364.00,,actual
2024-09-07,9/5/2024,2024,BFM,Summer Mix - 2/3 lb ,$14.00,23,0,23,$322.00,,actual
2024-09-04,9/3/2024,2024,EFM,Tomato Cherry - Pt,$6.00,9,0,9,$54.00,Variety: sungold,actual
2024-09-04,9/3/2024,2024,EFM,Tomato Cherry - Pt,$6.00,6,0,6,$36.00,Variety: rainbow,actual
2024-09-07,9/5/2024,2024,KFM,Tomato Cherry - Pt,$6.00,22,0,22,$132.00,Variety: sungold,actual
2024-09-07,9/5/2024,2024,KFM,Tomato Cherry - Pt,$6.00,77,0,77,$462.00,Variety: rainbow,actual
2024-09-07,9/5/2024,2024,BFM,Tomato Cherry - Pt,$6.00,30,0,30,$180.00,Variety: sungold,actual
2024-09-07,9/5/2024,2024,BFM,Tomato Cherry - Pt,$6.00,55,0,55,$330.00,Variety: rainbow,actual
2024-09-04,9/3/2024,2024,EFM,Tomato Heirloom - lb,$5.00,12,0,12,$60.00,,actual
2024-09-07,9/5/2024,2024,KFM,Tomato Heirloom - lb,$5.00,30,0,30,$150.00,,actual
2024-09-07,9/5/2024,2024,BFM,Tomato Heirloom - lb,$5.00,38.6,0,38.6,$193.00,,actual
2024-09-04,9/3/2024,2024,EFM,Tomato Sauce - Qt,$7.00,0,0,0,$0.00,,actual
2024-09-07,9/5/2024,2024,KFM,Tomato Sauce - Qt,$7.00,20,13,7,$49.00,,actual
2024-09-07,9/5/2024,2024,BFM,Tomato Sauce - Qt,$7.00,0,-11,11,$77.00,,actual
2024-09-04,9/3/2024,2024,EFM,Winter Squash Acorn Type - lb,$3.00,5.4,4,1.4,$4.20,,actual
2024-09-07,9/5/2024,2024,KFM,Winter Squash Acorn Type - lb,$3.00,38.9,21.7,17.2,$51.60,,actual
2024-09-07,9/5/2024,2024,BFM,Winter Squash Acorn Type - lb,$3.00,24.25,5,19.25,$57.75,,actual
2024-09-04,9/3/2024,2024,EFM,Winter Squash Delicata - lb,$4.00,3,0,3,$12.00,,actual
2024-09-07,9/5/2024,2024,KFM,Winter Squash Delicata - lb,$4.00,41.7,0,41.7,$166.80,,actual
2024-09-07,9/5/2024,2024,BFM,Winter Squash Delicata - lb,$4.00,32.5,0,32.5,$130.00,,actual
2024-09-11,9/10/2024,2024,EFM,Arugula - 1/3 lb,$7.00,6,3,3,$21.00,,actual
2024-09-11,9/10/2024,2024,EFM,Arugula - 2/3 lb ,$14.00,2,1,1,$14.00,,actual
2024-09-11,9/10/2024,2024,EFM,Basil - bu,$3.50,6,2,4,$14.00,,actual
2024-09-14,9/12/2024,2024,KFM,Basil - bu,$3.50,42,0,42,$147.00,,actual
2024-09-14,9/12/2024,2024,BFM,Basil - bu,$3.50,30,0,30,$105.00,,actual
2024-09-11,9/10/2024,2024,EFM,Bitter Melon - lb,$5.00,0,0,0,$0.00,,actual
2024-09-14,9/12/2024,2024,KFM,Bitter Melon - lb,$5.00,12,6,6,$30.00,,actual
2024-09-14,9/12/2024,2024,BFM,Bitter Melon - lb,$5.00,6.25,1.2,5.05,$25.25,,actual
2024-09-11,9/10/2024,2024,EFM,Cabbage - lb,$3.00,4.8,3.6,1.2,$3.60,Variety: red,actual
2024-09-11,9/10/2024,2024,EFM,Cabbage - lb,$3.00,4.5,1.5,3,$9.00,Variety: savoy,actual
2024-09-14,9/12/2024,2024,KFM,Cabbage - lb,$3.00,38.25,2.7,35.55,$106.65,Variety: red,actual
2024-09-14,9/12/2024,2024,KFM,Cabbage - lb,$3.00,30.3,6.8,23.5,$70.50,Variety: savoy,actual
2024-09-14,9/12/2024,2024,BFM,Cabbage - lb,$3.00,42.8,0,42.8,$128.40,Variety: red,actual
2024-09-14,9/12/2024,2024,BFM,Cabbage - lb,$3.00,22.9,0,22.9,$68.70,Variety: savoy,actual
2024-09-11,9/10/2024,2024,EFM,Carrot - bu,$6.00,0,0,0,$0.00,,actual
2024-09-14,9/12/2024,2024,KFM,Carrot - bu,$6.00,28,0,28,$168.00,,actual
2024-09-14,9/12/2024,2024,BFM,Carrot - bu,$6.00,28,0,28,$168.00,,actual
2024-09-11,9/10/2024,2024,EFM,Chard - bu,$4.50,2,0,2,$9.00,,actual
2024-09-14,9/12/2024,2024,KFM,Chard - bu,$4.50,21,1,20,$90.00,,actual
2024-09-14,9/12/2024,2024,BFM,Chard - bu,$4.50,26,1,25,$112.50,,actual
2024-09-11,9/10/2024,2024,EFM,Cilantro - bu,$3.50,10,1,9,$31.50,,actual
2024-09-14,9/12/2024,2024,KFM,Cilantro - bu,$3.50,80,15,65,$227.50,,actual
2024-09-14,9/12/2024,2024,BFM,Cilantro - bu,$3.50,40,0,40,$140.00,,actual
2024-09-11,9/10/2024,2024,EFM,Collards - bu,$4.50,3,0,3,$13.50,,actual
2024-09-14,9/12/2024,2024,KFM,Collards - bu,$4.50,26,6,20,$90.00,,actual
2024-09-14,9/12/2024,2024,BFM,Collards - bu,$4.50,20,5,15,$67.50,,actual
2024-09-11,9/10/2024,2024,EFM,Corn - ea,$1.66,30,2,28,$46.48,,actual
2024-09-14,9/12/2024,2024,KFM,Corn - ea,$1.66,0,0,0,$0.00,,actual
2024-09-14,9/12/2024,2024,BFM,Corn - ea,$1.66,60,0,60,$99.60,,actual
2024-09-11,9/10/2024,2024,EFM,Cucumber - lb,$3.50,0,0,0,$0.00,Variety: slicers,actual
2024-09-14,9/12/2024,2024,KFM,Cucumber - lb,$3.50,42.5,0,42.5,$148.75,,actual
2024-09-14,9/12/2024,2024,BFM,Cucumber - lb,$3.50,48.75,0,48.75,$170.63,,actual
2024-09-11,9/10/2024,2024,EFM,Cucumber Persian - lb,$3.50,0,0,0,$0.00,,actual
2024-09-14,9/12/2024,2024,KFM,Cucumber Persian - lb,$3.50,7.5,0,7.5,$26.25,,actual
2024-09-14,9/12/2024,2024,BFM,Cucumber Persian - lb,$3.50,0,0,0,$0.00,,actual
2024-09-11,9/10/2024,2024,EFM,Cucumber Pickling - lb,$3.50,12,1,11,$38.50,,actual
2024-09-14,9/12/2024,2024,KFM,Cucumber Pickling - lb,$3.50,32,0,32,$112.00,,actual
2024-09-14,9/12/2024,2024,BFM,Cucumber Pickling - lb,$3.50,0,0,0,$0.00,,actual
2024-09-11,9/10/2024,2024,EFM,Dandelion - bu,$4.50,4,3,1,$4.50,,actual
2024-09-14,9/12/2024,2024,KFM,Dandelion - bu,$4.50,18,2,16,$72.00,,actual
2024-09-14,9/12/2024,2024,BFM,Dandelion - bu,$4.50,12,0,12,$54.00,,actual
2024-09-11,9/10/2024,2024,EFM,Eggplant - lb,$5.00,9,3,6,$30.00,,actual
2024-09-14,9/12/2024,2024,KFM,Eggplant - lb,$5.00,70,10,60,$300.00,,actual
2024-09-14,9/12/2024,2024,BFM,Eggplant - lb,$5.00,60,4,56,$280.00,,actual
2024-09-11,9/10/2024,2024,EFM,Eggplant Mini - Pt,$6.00,5,4,1,$6.00,,actual
2024-09-14,9/12/2024,2024,KFM,Eggplant Mini - Pt,$6.00,10,0,10,$60.00,,actual
2024-09-14,9/12/2024,2024,BFM,Eggplant Mini - Pt,$6.00,10,1,9,$54.00,,actual
2024-09-11,9/10/2024,2024,EFM,Eggplant Mini - Qt,$11.00,2,2,0,$0.00,,actual
2024-09-14,9/12/2024,2024,KFM,Eggplant Mini - Qt,$11.00,5,0,5,$55.00,,actual
2024-09-14,9/12/2024,2024,BFM,Eggplant Mini - Qt,$11.00,9,1,8,$88.00,,actual
2024-09-11,9/10/2024,2024,EFM,Escarole - ea,$5.00,0,0,0,$0.00,,actual
2024-09-14,9/12/2024,2024,KFM,Escarole - ea,$5.00,0,0,0,$0.00,,actual
2024-09-14,9/12/2024,2024,BFM,Escarole - ea,$5.00,0,0,0,$0.00,,actual
2024-09-11,9/10/2024,2024,EFM,Garlic - lb,$16.00,0.5,0,0.5,$8.00,,actual
2024-09-14,9/12/2024,2024,KFM,Garlic - lb,$16.00,5,0,5,$80.00,,actual
2024-09-14,9/12/2024,2024,BFM,Garlic - lb,$16.00,0,0,0,$0.00,,actual
2024-09-11,9/10/2024,2024,EFM,Kale Curly - bu,$4.50,6,2,4,$18.00,,actual
2024-09-14,9/12/2024,2024,KFM,Kale Curly - bu,$4.50,32,9,23,$103.50,,actual
2024-09-14,9/12/2024,2024,BFM,Kale Curly - bu,$4.50,45,3,42,$189.00,,actual
2024-09-11,9/10/2024,2024,EFM,Kale Lacinato - bu,$4.50,11,5,6,$27.00,,actual
2024-09-14,9/12/2024,2024,KFM,Kale Lacinato - bu,$4.50,73,9,64,$288.00,,actual
2024-09-14,9/12/2024,2024,BFM,Kale Lacinato - bu,$4.50,70,14,56,$252.00,,actual
2024-09-11,9/10/2024,2024,EFM,Kohlrabi - bu,$4.50,3,2,1,$4.50,,actual
2024-09-14,9/12/2024,2024,KFM,Kohlrabi - bu,$4.50,20,0,20,$90.00,,actual
2024-09-14,9/12/2024,2024,BFM,Kohlrabi - bu,$4.50,15,2,13,$58.50,,actual
2024-09-11,9/10/2024,2024,EFM,Lettuce Mini Gem - ea,$3.00,5,0,5,$15.00,Variety: rosaine,actual
2024-09-11,9/10/2024,2024,EFM,Lettuce Mini Gem - ea,$3.00,5,3,2,$6.00,Variety: cegolaine,actual
2024-09-14,9/12/2024,2024,KFM,Lettuce Mini Gem - ea,$3.00,45,0,45,$135.00,Variety: rosaine,actual
2024-09-14,9/12/2024,2024,KFM,Lettuce Mini Gem - ea,$3.00,27,0,27,$81.00,Variety: cegolaine,actual
2024-09-14,9/12/2024,2024,BFM,Lettuce Mini Gem - ea,$3.00,50,0,50,$150.00,Variety: rosaine,actual
2024-09-14,9/12/2024,2024,BFM,Lettuce Mini Gem - ea,$3.00,0,0,0,$0.00,Variety: cegolaine,actual
2024-09-11,9/10/2024,2024,EFM,Okra - Pt,$6.00,4,0,4,$24.00,,actual
2024-09-14,9/12/2024,2024,KFM,Okra - Pt,$6.00,8,0,8,$48.00,,actual
2024-09-14,9/12/2024,2024,BFM,Okra - Pt,$6.00,0,0,0,$0.00,,actual
2024-09-11,9/10/2024,2024,EFM,Parsley - bu,$3.50,7,6,1,$3.50,,actual
2024-09-14,9/12/2024,2024,KFM,Parsley - bu,$3.50,45,3,42,$147.00,,actual
2024-09-14,9/12/2024,2024,BFM,Parsley - bu,$3.50,30,0,30,$105.00,,actual
2024-09-11,9/10/2024,2024,EFM,Pepper Carmen - lb,$5.00,5,0.8,4.2,$21.00,,actual
2024-09-14,9/12/2024,2024,KFM,Pepper Carmen - lb,$5.00,240,25,215,"$1,075.00",,actual
2024-09-14,9/12/2024,2024,BFM,Pepper Carmen - lb,$5.00,60,11,49,$245.00,,actual
2024-09-11,9/10/2024,2024,EFM,Pepper Hot - ea,$1.00,0,0,0,$0.00,Variety: jalapeno,actual
2024-09-11,9/10/2024,2024,EFM,Pepper Hot - ea,$0.50,0,0,0,$0.00,Variety: gochugaru,actual
2024-09-14,9/12/2024,2024,KFM,Pepper Hot - ea,$1.00,50,24,26,$26.00,Variety: jalapeno,actual
2024-09-14,9/12/2024,2024,KFM,Pepper Hot - ea,$6.00,15,9,6,$36.00,Variety: gochugaru,actual
2024-09-14,9/12/2024,2024,BFM,Pepper Hot - ea,$1.00,50,10,40,$40.00,Variety: jalapeno,actual
2024-09-14,9/12/2024,2024,BFM,Pepper Hot - ea,$0.50,85,20,65,$32.50,Variety: gochugaru,actual
2024-09-11,9/10/2024,2024,EFM,Pepper Lunchbox - Pt,$4.00,5,1,4,$16.00,,actual
2024-09-14,9/12/2024,2024,KFM,Pepper Lunchbox - Pt,$4.00,16,0,16,$64.00,,actual
2024-09-14,9/12/2024,2024,BFM,Pepper Lunchbox - Pt,$4.00,16,0,16,$64.00,,actual
2024-09-11,9/10/2024,2024,EFM,Pepper Shishito - Pt,$6.00,0,0,0,$0.00,,actual
2024-09-14,9/12/2024,2024,KFM,Pepper Shishito - Pt,$6.00,0,0,0,$0.00,,actual
2024-09-14,9/12/2024,2024,BFM,Pepper Shishito - Pt,$6.00,0,0,0,$0.00,,actual
2024-09-11,9/10/2024,2024,EFM,Pepper Shishito - Qt,$6.00,6,4,2,$11.99,,actual
2024-09-14,9/12/2024,2024,KFM,Pepper Shishito - Qt,$6.00,30,3,27,$161.87,,actual
2024-09-14,9/12/2024,2024,BFM,Pepper Shishito - Qt,$6.00,43,26,17,$101.92,,actual
2024-09-11,9/10/2024,2024,EFM,Potato Blue - lb,$6.00,4,0,4,$24.01,Variety: quart,actual
2024-09-11,9/10/2024,2024,EFM,Potato Fingerling - lb,$6.00,4,1,3,$18.01,Variety: red quarts,actual
2024-09-14,9/12/2024,2024,KFM,Potato Fingerling - lb,$3.50,52.1,7,45.1,$157.85,Variety: red,actual
2024-09-14,9/12/2024,2024,BFM,Potato Fingerling - lb,$3.50,41.3,14.3,27,$94.50,Variety: red,actual
2024-09-14,9/12/2024,2024,KFM,Potato White - lb,$3.50,32.1,0,32.1,$112.35,,actual
2024-09-14,9/12/2024,2024,BFM,Potato White - lb,$3.50,30.5,1.6,28.9,$101.15,,actual
2024-09-11,9/10/2024,2024,EFM,Radish French Breakfast - bu,$3.50,3,0,3,$10.50,,actual
2024-09-14,9/12/2024,2024,KFM,Radish French Breakfast - bu,$3.50,40,3,37,$129.50,,actual
2024-09-14,9/12/2024,2024,BFM,Radish French Breakfast - bu,$3.50,40,0,40,$140.00,,actual
2024-09-11,9/10/2024,2024,EFM,Radish Red - bu,$3.50,3,0,3,$10.50,,actual
2024-09-14,9/12/2024,2024,KFM,Radish Red - bu,$3.50,15,0,15,$52.50,,actual
2024-09-14,9/12/2024,2024,BFM,Radish Red - bu,$3.50,15,0,15,$52.50,,actual
2024-09-11,9/10/2024,2024,EFM,Radish Round Purple - bu,$3.50,3,0,3,$10.50,,actual
2024-09-14,9/12/2024,2024,KFM,Radish Round Purple - bu,$3.50,20,0,20,$70.00,,actual
2024-09-14,9/12/2024,2024,BFM,Radish Round Purple - bu,$3.50,20,0,20,$70.00,,actual
2024-09-11,9/10/2024,2024,EFM,Summer Mix - 1/3 lb,$7.00,11,6,5,$35.00,,actual
2024-09-14,9/12/2024,2024,KFM,Summer Mix - 1/3 lb,$7.00,30,0,30,$210.00,,actual
2024-09-14,9/12/2024,2024,BFM,Summer Mix - 1/3 lb,$7.00,25,0,25,$175.00,,actual
2024-09-11,9/10/2024,2024,EFM,Summer Mix - 2/3 lb ,$14.00,6,3,3,$42.00,,actual
2024-09-14,9/12/2024,2024,KFM,Summer Mix - 2/3 lb ,$14.00,28,0,28,$392.00,,actual
2024-09-14,9/12/2024,2024,BFM,Summer Mix - 2/3 lb ,$14.00,28,0,28,$392.00,,actual
2024-09-11,9/10/2024,2024,EFM,Tomato Cherry - Pt,$6.00,10,3,7,$42.00,Variety: sungold,actual
2024-09-11,9/10/2024,2024,EFM,Tomato Cherry - Pt,$6.00,7,0,7,$42.00,Variety: rainbow,actual
2024-09-14,9/12/2024,2024,KFM,Tomato Cherry - Pt,$6.00,18,0,18,$108.00,Variety: sungold,actual
2024-09-14,9/12/2024,2024,KFM,Tomato Cherry - Pt,$6.00,30,1,29,$174.00,Variety: rainbow,actual
2024-09-14,9/12/2024,2024,BFM,Tomato Cherry - Pt,$6.00,19,0,19,$114.00,Variety: sungold,actual
2024-09-14,9/12/2024,2024,BFM,Tomato Cherry - Pt,$6.00,32,0,32,$192.00,Variety: rainbow,actual
2024-09-11,9/10/2024,2024,EFM,Tomato Heirloom - lb,$5.00,12,2.5,9.5,$47.50,,actual
2024-09-14,9/12/2024,2024,KFM,Tomato Heirloom - lb,$5.00,70,12,58,$290.00,,actual
2024-09-14,9/12/2024,2024,BFM,Tomato Heirloom - lb,$5.00,30,0,30,$150.00,,actual
2024-09-11,9/10/2024,2024,EFM,Tomato Sauce - Qt,$7.00,0,0,0,$0.00,,actual
2024-09-14,9/12/2024,2024,KFM,Tomato Sauce - Qt,$7.00,20,10,10,$70.00,,actual
2024-09-14,9/12/2024,2024,BFM,Tomato Sauce - Qt,$7.00,10,0,10,$70.00,,actual
2024-09-11,9/10/2024,2024,EFM,Winter Squash Acorn Type - lb,$3.00,2.8,1.3,1.5,$4.50,,actual
2024-09-14,9/12/2024,2024,KFM,Winter Squash Acorn Type - lb,$3.00,19.8,7.6,12.2,$36.60,,actual
2024-09-14,9/12/2024,2024,BFM,Winter Squash Acorn Type - lb,$3.00,21,7,14,$42.00,,actual
2024-09-11,9/10/2024,2024,EFM,Winter Squash Delicata - lb,$4.00,6,0,6,$24.00,,actual
2024-09-14,9/12/2024,2024,KFM,Winter Squash Delicata - lb,$4.00,50.1,11.4,38.7,$154.80,,actual
2024-09-14,9/12/2024,2024,BFM,Winter Squash Delicata - lb,$4.00,31,6.2,24.8,$99.20,,actual
2024-09-18,9/17/2024,2024,EFM,Arugula - 1/3 lb,$7.00,6,0,6,$42.00,,actual
2024-09-21,9/19/2024,2024,KFM,Arugula - 1/3 lb,$7.00,15,0,15,$105.00,,actual
2024-09-21,9/19/2024,2024,BFM,Arugula - 1/3 lb,$7.00,15,0,15,$105.00,,actual
2024-09-18,9/17/2024,2024,EFM,Arugula - 2/3 lb ,$14.00,1,1,0,$0.00,,actual
2024-09-21,9/19/2024,2024,KFM,Arugula - 2/3 lb ,$14.00,7,0,7,$98.00,,actual
2024-09-21,9/19/2024,2024,BFM,Arugula - 2/3 lb ,$14.00,7,0,7,$98.00,,actual
2024-09-18,9/17/2024,2024,EFM,Basil - bu,$3.50,5,1,4,$14.00,,actual
2024-09-21,9/19/2024,2024,KFM,Basil - bu,$3.50,40,0,40,$140.00,,actual
2024-09-21,9/19/2024,2024,BFM,Basil - bu,$3.50,35,0,35,$122.50,,actual
2024-09-18,9/17/2024,2024,EFM,Bitter Melon - lb,$5.00,0,0,0,$0.00,,actual
2024-09-21,9/19/2024,2024,KFM,Bitter Melon - lb,$5.00,5,3,2,$10.00,,actual
2024-09-21,9/19/2024,2024,BFM,Bitter Melon - lb,$5.00,5,0,5,$25.00,,actual
2024-09-18,9/17/2024,2024,EFM,Bok Choy - ea,$2.00,12,0,12,$24.01,,actual
2024-09-21,9/19/2024,2024,KFM,Bok Choy - ea,$2.00,120,19,101,$202.10,,actual
2024-09-21,9/19/2024,2024,BFM,Bok Choy - ea,$2.00,83,23,60,$120.06,,actual
2024-09-18,9/17/2024,2024,EFM,Broccoli Raab - bu,$4.50,0,0,0,$0.00,Variety: frills bunch,actual
2024-09-21,9/19/2024,2024,KFM,Broccoli Raab - bu,$4.50,12,3,9,$40.50,Variety: frills bunch,actual
2024-09-21,9/19/2024,2024,BFM,Broccoli Raab - bu,$4.50,8,0,8,$36.00,Variety: frills bunch,actual
2024-09-18,9/17/2024,2024,EFM,Cabbage - lb,$3.00,4.4,0,4.4,$13.20,Variety: red,actual
2024-09-18,9/17/2024,2024,EFM,Cabbage - lb,$3.00,4.5,1.1,3.4,$10.20,Variety: savoy,actual
2024-09-21,9/19/2024,2024,KFM,Cabbage - lb,$3.00,40.5,18.8,21.7,$65.10,Variety: red,actual
2024-09-21,9/19/2024,2024,KFM,Cabbage - lb,$3.00,0,0,0,$0.00,Variety: savoy,actual
2024-09-21,9/19/2024,2024,BFM,Cabbage - lb,$3.00,35,9,26,$78.00,Variety: red,actual
2024-09-21,9/19/2024,2024,BFM,Cabbage - lb,$3.00,0,0,0,$0.00,Variety: savoy,actual
2024-09-18,9/17/2024,2024,EFM,Cabbage Chinese - lb,$3.00,13.2,3.3,9.9,$29.70,,actual
2024-09-21,9/19/2024,2024,KFM,Cabbage Chinese - lb,$3.00,71.9,32.3,39.6,$118.80,,actual
2024-09-21,9/19/2024,2024,BFM,Cabbage Chinese - lb,$3.00,57.5,15.3,42.2,$126.60,,actual
2024-09-18,9/17/2024,2024,EFM,Carrot - bu,$6.00,12,0,12,$72.00,,actual
2024-09-21,9/19/2024,2024,KFM,Carrot - bu,$6.00,38,0,38,$228.00,,actual
2024-09-21,9/19/2024,2024,BFM,Carrot - bu,$6.00,37,0,37,$222.00,,actual
2024-09-18,9/17/2024,2024,EFM,Chard - bu,$4.50,2,0,2,$9.00,,actual
2024-09-21,9/19/2024,2024,KFM,Chard - bu,$4.50,20,10,10,$45.00,,actual
2024-09-21,9/19/2024,2024,BFM,Chard - bu,$4.50,25,2,23,$103.50,,actual
2024-09-18,9/17/2024,2024,EFM,Cilantro - bu,$3.50,10,0,10,$35.00,,actual
2024-09-21,9/19/2024,2024,KFM,Cilantro - bu,$3.50,65,25,40,$140.00,,actual
2024-09-21,9/19/2024,2024,BFM,Cilantro - bu,$3.50,50,11,39,$136.50,,actual
2024-09-18,9/17/2024,2024,EFM,Collards - bu,$4.50,3,0,3,$13.50,,actual
2024-09-21,9/19/2024,2024,KFM,Collards - bu,$4.50,22,7,15,$67.50,,actual
2024-09-21,9/19/2024,2024,BFM,Collards - bu,$4.50,17,4,13,$58.50,,actual
2024-09-18,9/17/2024,2024,EFM,Corn - ea,$1.66,0,0,0,$0.00,,actual
2024-09-21,9/19/2024,2024,KFM,Corn - ea,$1.66,200,5,195,$323.70,,actual
2024-09-21,9/19/2024,2024,BFM,Corn - ea,$1.66,85,0,85,$141.10,,actual
2024-09-18,9/17/2024,2024,EFM,Dandelion - bu,$4.50,3,0,3,$13.50,,actual
2024-09-21,9/19/2024,2024,KFM,Dandelion - bu,$4.50,16,2,14,$63.00,,actual
2024-09-21,9/19/2024,2024,BFM,Dandelion - bu,$4.50,15,2,13,$58.50,,actual
2024-09-18,9/17/2024,2024,EFM,Eggplant - lb,$5.00,5,2.2,2.8,$14.00,,actual
2024-09-21,9/19/2024,2024,KFM,Eggplant - lb,$5.00,68.5,8,60.5,$302.50,,actual
2024-09-21,9/19/2024,2024,BFM,Eggplant - lb,$5.00,60,6,54,$270.00,,actual
2024-09-18,9/17/2024,2024,EFM,Eggplant Mini - Pt,$6.00,0,0,0,$0.00,,actual
2024-09-21,9/19/2024,2024,KFM,Eggplant Mini - Pt,$6.00,13,0,13,$78.00,,actual
2024-09-21,9/19/2024,2024,BFM,Eggplant Mini - Pt,$6.00,13,1,12,$72.00,,actual
2024-09-18,9/17/2024,2024,EFM,Eggplant Mini - Qt,$11.00,0,0,0,$0.00,,actual
2024-09-21,9/19/2024,2024,KFM,Eggplant Mini - Qt,$11.00,5,0,5,$55.00,,actual
2024-09-21,9/19/2024,2024,BFM,Eggplant Mini - Qt,$11.00,5,0,5,$55.00,,actual
2024-09-18,9/17/2024,2024,EFM,Escarole - ea,$5.00,6,1,5,$25.00,,actual
2024-09-21,9/19/2024,2024,KFM,Escarole - ea,$5.00,21,7,14,$70.00,,actual
2024-09-21,9/19/2024,2024,BFM,Escarole - ea,$5.00,12,-3,15,$75.00,,actual
2024-09-18,9/17/2024,2024,EFM,Garlic - lb,$16.00,1,0,1,$16.00,,actual
2024-09-21,9/19/2024,2024,KFM,Garlic - lb,$16.00,7,0,7,$112.00,,actual
2024-09-18,9/17/2024,2024,EFM,Kale Curly - bu,$4.50,5,0,5,$22.50,,actual
2024-09-21,9/19/2024,2024,KFM,Kale Curly - bu,$4.50,25,6,19,$85.50,,actual
2024-09-21,9/19/2024,2024,BFM,Kale Curly - bu,$4.50,40,0,40,$180.00,,actual
2024-09-18,9/17/2024,2024,EFM,Kale Lacinato - bu,$4.50,8,0,8,$36.00,,actual
2024-09-21,9/19/2024,2024,KFM,Kale Lacinato - bu,$4.50,64,4,60,$270.00,,actual
2024-09-21,9/19/2024,2024,BFM,Kale Lacinato - bu,$4.50,55,0,55,$247.50,,actual
2024-09-18,9/17/2024,2024,EFM,Kohlrabi - bu,$4.50,0,0,0,$0.00,,actual
2024-09-21,9/19/2024,2024,KFM,Kohlrabi - bu,$4.50,20,4,16,$72.00,,actual
2024-09-21,9/19/2024,2024,BFM,Kohlrabi - bu,$4.50,15,5,10,$45.00,,actual
2024-09-18,9/17/2024,2024,EFM,Lettuce Mini Gem - ea,$3.00,6,1,5,$15.00,Variety: rosaine,actual
2024-09-21,9/19/2024,2024,KFM,Lettuce Mini Gem - ea,$3.00,0,0,0,$0.00,Variety: rosaine,actual
2024-09-21,9/19/2024,2024,BFM,Lettuce Mini Gem - ea,$3.00,0,0,0,$0.00,Variety: rosaine,actual
2024-09-18,9/17/2024,2024,EFM,Okra - Pt,$6.00,4,0,4,$24.00,,actual
2024-09-21,9/19/2024,2024,KFM,Okra - Pt,$6.00,8,0,8,$48.00,,actual
2024-09-18,9/17/2024,2024,EFM,Parsley - bu,$3.50,4,0,4,$14.00,,actual
2024-09-21,9/19/2024,2024,KFM,Parsley - bu,$3.50,45,0,45,$157.50,,actual
2024-09-21,9/19/2024,2024,BFM,Parsley - bu,$3.50,40,7,33,$115.50,,actual
2024-09-18,9/17/2024,2024,EFM,Pepper Carmen - lb,$5.00,55,1,54,$270.00,,actual
2024-09-21,9/19/2024,2024,KFM,Pepper Carmen - lb,$5.00,215,17.5,197.5,$987.50,,actual
2024-09-21,9/19/2024,2024,BFM,Pepper Carmen - lb,$5.00,55,6,49,$245.00,,actual
2024-09-18,9/17/2024,2024,EFM,Pepper Hot - ea,$1.00,0,0,0,$0.00,Variety: jalapeno,actual
2024-09-18,9/17/2024,2024,EFM,Pepper Hot - ea,$0.50,0,0,0,$0.00,Variety: gochugaru,actual
2024-09-21,9/19/2024,2024,KFM,Pepper Hot - ea,$1.00,83,33,50,$50.00,Variety: jalapeno,actual
2024-09-21,9/19/2024,2024,KFM,Pepper Hot - ea,$0.50,0,0,0,$0.00,Variety: gochugaru,actual
2024-09-21,9/19/2024,2024,BFM,Pepper Hot - ea,$1.00,83,30,53,$53.00,Variety: jalapeno,actual
2024-09-21,9/19/2024,2024,BFM,Pepper Hot - ea,$0.50,0,0,0,$0.00,Variety: gochugaru,actual
2024-09-18,9/17/2024,2024,EFM,Pepper Lunchbox - Pt,$4.00,4,0,4,$16.00,,actual
2024-09-21,9/19/2024,2024,KFM,Pepper Lunchbox - Pt,$4.00,18,7,11,$44.00,,actual
2024-09-21,9/19/2024,2024,BFM,Pepper Lunchbox - Pt,$4.00,18,-3,21,$84.00,,actual
2024-09-21,9/19/2024,2024,KFM,Pepper Lunchbox - Qt,$7.00,13,0,13,$91.00,,actual
2024-09-21,9/19/2024,2024,BFM,Pepper Lunchbox - Qt,$7.00,13,0,13,$91.00,,actual
2024-09-18,9/17/2024,2024,EFM,Pepper Shishito - Qt,$6.00,4,2,2,$11.99,,actual
2024-09-21,9/19/2024,2024,KFM,Pepper Shishito - Qt,$6.00,30,9,21,$125.90,,actual
2024-09-21,9/19/2024,2024,BFM,Pepper Shishito - Qt,$6.00,30,11,19,$113.91,,actual
2024-09-18,9/17/2024,2024,EFM,Potato Blue - lb,$6.00,4,2,2,$12.01,Variety: quarts,actual
2024-09-18,9/17/2024,2024,EFM,Potato Fingerling - lb,$6.00,4,1,3,$18.01,Variety: red quarts,actual
2024-09-21,9/19/2024,2024,KFM,Potato Fingerling - lb,$3.50,34,7,27,$94.50,,actual
2024-09-21,9/19/2024,2024,BFM,Potato Fingerling - lb,$3.50,30,11.75,18.25,$63.88,,actual
2024-09-21,9/19/2024,2024,KFM,Potato White - lb,$3.50,32,0,32,$112.00,,actual
2024-09-21,9/19/2024,2024,BFM,Potato White - lb,$3.50,0,0,0,$0.00,,actual
2024-09-18,9/17/2024,2024,EFM,Radish French Breakfast - bu,$3.50,3,0,3,$10.50,,actual
2024-09-21,9/19/2024,2024,KFM,Radish French Breakfast - bu,$3.50,25,6,19,$66.50,,actual
2024-09-21,9/19/2024,2024,BFM,Radish French Breakfast - bu,$3.50,25,0,25,$87.50,,actual
2024-09-18,9/17/2024,2024,EFM,Radish Red - bu,$3.50,3,0,3,$10.50,,actual
2024-09-21,9/19/2024,2024,KFM,Radish Red - bu,$3.50,25,11,14,$49.00,,actual
2024-09-21,9/19/2024,2024,BFM,Radish Red - bu,$3.50,22,-3,25,$87.50,,actual
2024-09-18,9/17/2024,2024,EFM,Radish Round Purple - bu,$3.50,3,0,3,$10.50,,actual
2024-09-21,9/19/2024,2024,KFM,Radish Round Purple - bu,$3.50,25,12,13,$45.50,,actual
2024-09-21,9/19/2024,2024,BFM,Radish Round Purple - bu,$3.50,35,3,32,$112.00,,actual
2024-09-18,9/17/2024,2024,EFM,Scallion - bu,$3.50,0,0,0,$0.00,,actual
2024-09-21,9/19/2024,2024,KFM,Scallion - bu,$3.50,37,0,37,$129.50,,actual
2024-09-21,9/19/2024,2024,BFM,Scallion - bu,$3.50,27,0,27,$94.50,,actual
2024-09-18,9/17/2024,2024,EFM,Summer Mix - 1/3 lb,$7.00,9,5,4,$28.00,,actual
2024-09-21,9/19/2024,2024,KFM,Summer Mix - 1/3 lb,$7.00,32,0,32,$224.00,,actual
2024-09-21,9/19/2024,2024,BFM,Summer Mix - 1/3 lb,$7.00,26,0,26,$182.00,,actual
2024-09-18,9/17/2024,2024,EFM,Summer Mix - 2/3 lb ,$14.00,5,0,5,$70.00,,actual
2024-09-21,9/19/2024,2024,KFM,Summer Mix - 2/3 lb ,$14.00,28,5,23,$322.00,,actual
2024-09-21,9/19/2024,2024,BFM,Summer Mix - 2/3 lb ,$14.00,30,0,30,$420.00,,actual
2024-09-18,9/17/2024,2024,EFM,Tomato Cherry - Pt,$6.00,7,0,7,$42.00,Variety: sungold,actual
2024-09-18,9/17/2024,2024,EFM,Tomato Cherry - Pt,$6.00,8,0,8,$48.00,Variety: rainbow,actual
2024-09-21,9/19/2024,2024,KFM,Tomato Cherry - Pt,$6.00,12,0,12,$72.00,Variety: sungold,actual
2024-09-21,9/19/2024,2024,KFM,Tomato Cherry - Pt,$6.00,26,0,26,$156.00,Variety: rainbow,actual
2024-09-21,9/19/2024,2024,BFM,Tomato Cherry - Pt,$6.00,16,0,16,$96.00,Variety: sungold,actual
2024-09-21,9/19/2024,2024,BFM,Tomato Cherry - Pt,$6.00,14,0,14,$84.00,Variety: rainbow,actual
2024-09-18,9/17/2024,2024,EFM,Tomato Heirloom - lb,$5.00,12,2.25,9.75,$48.75,,actual
2024-09-21,9/19/2024,2024,KFM,Tomato Heirloom - lb,$5.00,65,2,63,$315.00,,actual
2024-09-21,9/19/2024,2024,BFM,Tomato Heirloom - lb,$5.00,35,0,35,$175.00,,actual
2024-09-18,9/17/2024,2024,EFM,Tomato Sauce - Qt,$7.00,0,0,0,$0.00,,actual
2024-09-21,9/19/2024,2024,KFM,Tomato Sauce - Qt,$7.00,26,12,14,$98.00,,actual
2024-09-21,9/19/2024,2024,BFM,Tomato Sauce - Qt,$7.00,0,-11,11,$77.00,,actual
2024-09-18,9/17/2024,2024,EFM,Turnip - bu,$4.50,4,0,4,$18.00,,actual
2024-09-21,9/19/2024,2024,KFM,Turnip - bu,$4.50,30,0,30,$135.00,,actual
2024-09-21,9/19/2024,2024,BFM,Turnip - bu,$4.50,20,0,20,$90.00,,actual
2024-09-18,9/17/2024,2024,EFM,Winter Squash Acorn Type - lb,$3.00,9.4,0,9.4,$28.20,,actual
2024-09-21,9/19/2024,2024,KFM,Winter Squash Acorn Type - lb,$3.00,20.9,9.75,11.15,$33.45,,actual
2024-09-21,9/19/2024,2024,BFM,Winter Squash Acorn Type - lb,$3.00,18.1,8.4,9.7,$29.10,,actual
2024-09-18,9/17/2024,2024,EFM,Winter Squash Delicata - lb,$4.00,10.2,0,10.2,$40.80,,actual
2024-09-21,9/19/2024,2024,KFM,Winter Squash Delicata - lb,$4.00,54.4,13.6,40.8,$163.20,,actual
2024-09-21,9/19/2024,2024,BFM,Winter Squash Delicata - lb,$4.00,28.4,9.4,19,$76.00,,actual
2024-09-25,9/24/2024,2024,EFM,Arugula - 1/3 lb,$7.00,8,2,6,$42.00,,actual
2024-09-28,9/26/2024,2024,KFM,Arugula - 1/3 lb,$7.00,18,0,18,$126.00,,actual
2024-09-28,9/26/2024,2024,BFM,Arugula - 1/3 lb,$7.00,16,0,16,$112.00,,actual
2024-09-25,9/24/2024,2024,EFM,Arugula - 2/3 lb ,$14.00,0,0,0,$0.00,,actual
2024-09-28,9/26/2024,2024,KFM,Arugula - 2/3 lb ,$14.00,7,0,7,$98.00,,actual
2024-09-28,9/26/2024,2024,BFM,Arugula - 2/3 lb ,$14.00,4,0,4,$56.00,,actual
2024-09-25,9/24/2024,2024,EFM,Basil - bu,$3.50,5,3,2,$7.00,,actual
2024-09-28,9/26/2024,2024,KFM,Basil - bu,$3.50,52,12,40,$140.00,,actual
2024-09-28,9/26/2024,2024,BFM,Basil - bu,$3.50,43,0,43,$150.50,,actual
2024-09-25,9/24/2024,2024,EFM,Bok Choy - ea,$2.00,18,10,8,$16.01,,actual
2024-09-28,9/26/2024,2024,KFM,Bok Choy - ea,$2.00,60,2,58,$116.06,,actual
2024-09-28,9/26/2024,2024,BFM,Bok Choy - ea,$2.00,45,5,40,$80.04,,actual
2024-09-25,9/24/2024,2024,EFM,Broccoli Raab - bu,$4.50,0,0,0,$0.00,Variety: frills bunch,actual
2024-09-28,9/26/2024,2024,KFM,Broccoli Raab - bu,$4.50,0,0,0,$0.00,Variety: frills bunch,actual
2024-09-28,9/26/2024,2024,BFM,Broccoli Raab - bu,$4.50,0,0,0,$0.00,Variety: frills bunch,actual
2024-09-25,9/24/2024,2024,EFM,Broccolini - bu,$6.00,0,0,0,$0.00,,actual
2024-09-28,9/26/2024,2024,KFM,Broccolini - bu,$6.00,34,0,34,$204.00,,actual
2024-09-28,9/26/2024,2024,BFM,Broccolini - bu,$6.00,20,0,20,$120.00,,actual
2024-09-25,9/24/2024,2024,EFM,Cabbage - lb,$3.00,6,2,4,$12.00,Variety: red,actual
2024-09-28,9/26/2024,2024,KFM,Cabbage - lb,$3.00,13.4,0,13.4,$40.20,Variety: red,actual
2024-09-28,9/26/2024,2024,BFM,Cabbage - lb,$3.00,0,0,0,$0.00,Variety: red,actual
2024-09-25,9/24/2024,2024,EFM,Cabbage Chinese - lb,$3.00,4,3,1,$3.00,,actual
2024-09-25,9/24/2024,2024,EFM,Cabbage Chinese - lb,$3.00,0,0,0,$0.00,Variety: purple,actual
2024-09-28,9/26/2024,2024,KFM,Cabbage Chinese - lb,$3.00,36.3,0,36.3,$108.90,,actual
2024-09-28,9/26/2024,2024,KFM,Cabbage Chinese - lb,$3.00,23.8,0,23.8,$71.40,Variety: purple,actual
2024-09-28,9/26/2024,2024,BFM,Cabbage Chinese - lb,$3.00,27.1,0,27.1,$81.30,,actual
2024-09-28,9/26/2024,2024,BFM,Cabbage Chinese - lb,$3.00,13.5,0,13.5,$40.50,Variety: purple,actual
2024-09-25,9/24/2024,2024,EFM,Carrot - bu,$6.00,12,4,8,$48.00,,actual
2024-09-28,9/26/2024,2024,KFM,Carrot - bu,$6.00,60,0,60,$360.00,,actual
2024-09-28,9/26/2024,2024,BFM,Carrot - bu,$6.00,50,0,50,$300.00,,actual
2024-09-25,9/24/2024,2024,EFM,Cauliflower Sprouting - lb,$6.00,0,0,0,$0.00,,actual
2024-09-28,9/26/2024,2024,KFM,Cauliflower Sprouting - lb,$6.00,0,0,0,$0.00,,actual
2024-09-28,9/26/2024,2024,BFM,Cauliflower Sprouting - lb,$6.00,0,0,0,$0.00,,actual
2024-09-25,9/24/2024,2024,EFM,Chard - bu,$4.50,4,0,4,$18.00,,actual
2024-09-28,9/26/2024,2024,KFM,Chard - bu,$4.50,13,0,13,$58.50,,actual
2024-09-28,9/26/2024,2024,BFM,Chard - bu,$4.50,27,7,20,$90.00,,actual
2024-09-25,9/24/2024,2024,EFM,Cilantro - bu,$3.50,10,7,3,$10.50,,actual
2024-09-28,9/26/2024,2024,KFM,Cilantro - bu,$3.50,45,0,45,$157.50,,actual
2024-09-28,9/26/2024,2024,BFM,Cilantro - bu,$3.50,40,7,33,$115.50,,actual
2024-09-25,9/24/2024,2024,EFM,Collards - bu,$4.50,3,1,2,$9.00,,actual
2024-09-28,9/26/2024,2024,KFM,Collards - bu,$4.50,16,4,12,$54.00,,actual
2024-09-28,9/26/2024,2024,BFM,Collards - bu,$4.50,15,1,14,$63.00,,actual
2024-09-25,9/24/2024,2024,EFM,Dandelion - bu,$4.50,3,0,3,$13.50,,actual
2024-09-28,9/26/2024,2024,KFM,Dandelion - bu,$4.50,16,2,14,$63.00,,actual
2024-09-28,9/26/2024,2024,BFM,Dandelion - bu,$4.50,15,7,8,$36.00,,actual
2024-09-25,9/24/2024,2024,EFM,Eggplant - lb,$5.00,0,0,0,$0.00,,actual
2024-09-28,9/26/2024,2024,KFM,Eggplant - lb,$5.00,45,0,45,$225.00,,actual
2024-09-28,9/26/2024,2024,BFM,Eggplant - lb,$5.00,45,11.25,33.75,$168.75,,actual
2024-09-25,9/24/2024,2024,EFM,Eggplant Mini - Pt,$6.00,0,0,0,$0.00,,actual
2024-09-28,9/26/2024,2024,KFM,Eggplant Mini - Pt,$6.00,12,0,12,$72.00,,actual
2024-09-28,9/26/2024,2024,BFM,Eggplant Mini - Pt,$6.00,12,0,12,$72.00,,actual
2024-09-25,9/24/2024,2024,EFM,Eggplant Mini - Qt,$11.00,0,0,0,$0.00,,actual
2024-09-28,9/26/2024,2024,KFM,Eggplant Mini - Qt,$11.00,5,0,5,$55.00,,actual
2024-09-28,9/26/2024,2024,BFM,Eggplant Mini - Qt,$11.00,5,2,3,$33.00,,actual
2024-09-25,9/24/2024,2024,EFM,Escarole - ea,$5.00,6,5,1,$5.00,,actual
2024-09-28,9/26/2024,2024,KFM,Escarole - ea,$5.00,16,0,16,$80.00,,actual
2024-09-28,9/26/2024,2024,BFM,Escarole - ea,$5.00,12,4,8,$40.00,,actual
2024-09-28,9/26/2024,2024,KFM,Fall Mix - 1 1/4 lb,$25.00,5,0,5,$125.00,,actual
2024-09-25,9/24/2024,2024,EFM,Fall Mix - 1/3 lb,$7.00,5,4,1,$7.00,,actual
2024-09-28,9/26/2024,2024,KFM,Fall Mix - 1/3 lb,$7.00,35,2,33,$231.00,,actual
2024-09-28,9/26/2024,2024,BFM,Fall Mix - 1/3 lb,$7.00,35,12,23,$161.00,,actual
2024-09-25,9/24/2024,2024,EFM,Fall Mix - 2/3 lb ,$14.00,6,4,2,$28.00,,actual
2024-09-28,9/26/2024,2024,KFM,Fall Mix - 2/3 lb ,$14.00,25,10,15,$210.00,,actual
2024-09-28,9/26/2024,2024,BFM,Fall Mix - 2/3 lb ,$14.00,30,11,19,$266.00,,actual
2024-09-25,9/24/2024,2024,EFM,Kale Curly - bu,$4.50,6,5,1,$4.50,,actual
2024-09-28,9/26/2024,2024,KFM,Kale Curly - bu,$4.50,20,0,20,$90.00,,actual
2024-09-28,9/26/2024,2024,BFM,Kale Curly - bu,$4.50,42,7,35,$157.50,,actual
2024-09-25,9/24/2024,2024,EFM,Kale Lacinato - bu,$4.50,9,2,7,$31.50,,actual
2024-09-28,9/26/2024,2024,KFM,Kale Lacinato - bu,$4.50,60,0,60,$270.00,,actual
2024-09-28,9/26/2024,2024,BFM,Kale Lacinato - bu,$4.50,58,24,34,$153.00,,actual
2024-09-25,9/24/2024,2024,EFM,Kohlrabi - bu,$4.50,2,0,2,$9.00,,actual
2024-09-28,9/26/2024,2024,KFM,Kohlrabi - bu,$4.50,18,0,18,$81.00,,actual
2024-09-28,9/26/2024,2024,BFM,Kohlrabi - bu,$4.50,12,0,12,$54.00,,actual
2024-09-25,9/24/2024,2024,EFM,Lettuce Mini Gem - ea,$3.00,0,0,0,$0.00,Variety: rosaine,actual
2024-09-25,9/24/2024,2024,EFM,Lettuce Mini Gem - ea,$3.00,6,6,0,$0.00,Variety: cegolaine,actual
2024-09-28,9/26/2024,2024,KFM,Lettuce Mini Gem - ea,$3.00,25,0,25,$75.00,Variety: rosaine,actual
2024-09-28,9/26/2024,2024,KFM,Lettuce Mini Gem - ea,$3.00,39,0,39,$117.00,Variety: cegolaine,actual
2024-09-28,9/26/2024,2024,BFM,Lettuce Mini Gem - ea,$3.00,25,2,23,$69.00,Variety: rosaine,actual
2024-09-28,9/26/2024,2024,BFM,Lettuce Mini Gem - ea,$3.00,27,0,27,$81.00,Variety: cegolaine,actual
2024-09-25,9/24/2024,2024,EFM,Parsley - bu,$3.50,5,2,3,$10.50,,actual
2024-09-28,9/26/2024,2024,KFM,Parsley - bu,$3.50,45,0,45,$157.50,,actual
2024-09-28,9/26/2024,2024,BFM,Parsley - bu,$3.50,35,7,28,$98.00,,actual
2024-09-25,9/24/2024,2024,EFM,Pepper Carmen - lb,$5.00,5,2.2,2.8,$14.00,,actual
2024-09-28,9/26/2024,2024,KFM,Pepper Carmen - lb,$5.00,60,6,54,$270.00,,actual
2024-09-28,9/26/2024,2024,BFM,Pepper Carmen - lb,$5.00,55,15.25,39.75,$198.75,,actual
2024-09-25,9/24/2024,2024,EFM,Pepper Hot - ea,$1.00,20,11,9,$9.00,Variety: jalapeno,actual
2024-09-25,9/24/2024,2024,EFM,Pepper Hot - ea,$0.50,35,19,16,$8.00,Variety: gochugaru,actual
2024-09-28,9/26/2024,2024,KFM,Pepper Hot - ea,$1.00,60,35,25,$25.00,Variety: jalapeno,actual
2024-09-28,9/26/2024,2024,KFM,Pepper Hot - ea,$0.50,100,28,72,$36.00,Variety: gochugaru,actual
2024-09-28,9/26/2024,2024,BFM,Pepper Hot - ea,$1.00,50,4,46,$46.00,Variety: jalapeno,actual
2024-09-28,9/26/2024,2024,BFM,Pepper Hot - ea,$0.50,75,35,40,$20.00,Variety: gochugaru,actual
2024-09-25,9/24/2024,2024,EFM,Pepper Lunchbox - Pt,$4.00,3,0,3,$12.00,,actual
2024-09-28,9/26/2024,2024,KFM,Pepper Lunchbox - Pt,$4.00,12,0,12,$48.00,,actual
2024-09-28,9/26/2024,2024,BFM,Pepper Lunchbox - Pt,$4.00,12,5,7,$28.00,,actual
2024-09-25,9/24/2024,2024,EFM,Pepper Lunchbox - Qt,$7.00,3,2,1,$7.00,,actual
2024-09-28,9/26/2024,2024,KFM,Pepper Lunchbox - Qt,$7.00,18,0,18,$126.00,,actual
2024-09-28,9/26/2024,2024,BFM,Pepper Lunchbox - Qt,$7.00,18,0,18,$126.00,,actual
2024-09-25,9/24/2024,2024,EFM,Pepper Shishito - Qt,$6.00,0,0,0,$0.00,,actual
2024-09-28,9/26/2024,2024,KFM,Pepper Shishito - Qt,$6.00,25,0,25,$149.88,,actual
2024-09-28,9/26/2024,2024,BFM,Pepper Shishito - Qt,$6.00,20,12,8,$47.96,,actual
2024-09-25,9/24/2024,2024,EFM,Potato Blue - lb,$6.00,4,3,1,$6.00,Variety: quarts,actual
2024-09-28,9/26/2024,2024,KFM,Potato Blue - lb,$3.50,40,7,33,$115.50,,actual
2024-09-28,9/26/2024,2024,BFM,Potato Blue - lb,$3.50,25,0,25,$87.50,,actual
2024-09-25,9/24/2024,2024,EFM,Potato Fingerling - lb,$6.00,4,1,3,$18.01,Variety: red quarts,actual
2024-09-28,9/26/2024,2024,KFM,Potato White - lb,$3.50,40,7,33,$115.50,,actual
2024-09-28,9/26/2024,2024,BFM,Potato White - lb,$3.50,18.5,0,18.5,$64.75,,actual
2024-09-25,9/24/2024,2024,EFM,Radicchio Variegated - lb,$8.00,6,4,2,$16.00,,actual
2024-09-28,9/26/2024,2024,KFM,Radicchio Variegated - lb,$8.00,24,0,24,$192.00,,actual
2024-09-28,9/26/2024,2024,BFM,Radicchio Variegated - lb,$8.00,11,5,6,$48.00,,actual
2024-09-25,9/24/2024,2024,EFM,Radish French Breakfast - bu,$3.50,3,0,3,$10.50,,actual
2024-09-28,9/26/2024,2024,KFM,Radish French Breakfast - bu,$3.50,20,0,20,$70.00,,actual
2024-09-28,9/26/2024,2024,BFM,Radish French Breakfast - bu,$3.50,30,5,25,$87.50,,actual
2024-09-25,9/24/2024,2024,EFM,Radish Red - bu,$3.50,3,0,3,$10.50,,actual
2024-09-28,9/26/2024,2024,KFM,Radish Red - bu,$3.50,6,0,6,$21.00,,actual
2024-09-28,9/26/2024,2024,BFM,Radish Red - bu,$3.50,25,4,21,$73.50,,actual
2024-09-25,9/24/2024,2024,EFM,Radish Round Purple - bu,$3.50,3,0,3,$10.50,,actual
2024-09-28,9/26/2024,2024,KFM,Radish Round Purple - bu,$3.50,15,2,13,$45.50,,actual
2024-09-28,9/26/2024,2024,BFM,Radish Round Purple - bu,$3.50,25,10,15,$52.50,,actual
2024-09-25,9/24/2024,2024,EFM,Scallion - bu,$3.50,14,10,4,$14.00,,actual
2024-09-28,9/26/2024,2024,KFM,Scallion - bu,$3.50,60,13,47,$164.50,,actual
2024-09-28,9/26/2024,2024,BFM,Scallion - bu,$3.50,34,11,23,$80.50,,actual
2024-09-25,9/24/2024,2024,EFM,Tomato Cherry - Pt,$6.00,0,0,0,$0.00,Variety: sungold,actual
2024-09-25,9/24/2024,2024,EFM,Tomato Cherry - Pt,$6.00,0,0,0,$0.00,Variety: rainbow,actual
2024-09-28,9/26/2024,2024,KFM,Tomato Cherry - Pt,$6.00,0,0,0,$0.00,Variety: sungold,actual
2024-09-28,9/26/2024,2024,KFM,Tomato Cherry - Pt,$6.00,0,0,0,$0.00,Variety: rainbow,actual
2024-09-28,9/26/2024,2024,BFM,Tomato Cherry - Pt,$6.00,0,0,0,$0.00,Variety: sungold,actual
2024-09-28,9/26/2024,2024,BFM,Tomato Cherry - Pt,$6.00,0,0,0,$0.00,Variety: rainbow,actual
2024-09-25,9/24/2024,2024,EFM,Tomato Heirloom - lb,$5.00,0,0,0,$0.00,,actual
2024-09-28,9/26/2024,2024,KFM,Tomato Heirloom - lb,$5.00,40,0,40,$200.00,,actual
2024-09-28,9/26/2024,2024,BFM,Tomato Heirloom - lb,$5.00,0,0,0,$0.00,,actual
2024-09-25,9/24/2024,2024,EFM,Tomato Sauce - Qt,$7.00,4,0,4,$28.00,,actual
2024-09-28,9/26/2024,2024,KFM,Tomato Sauce - Qt,$7.00,15,8,7,$49.00,,actual
2024-09-28,9/26/2024,2024,BFM,Tomato Sauce - Qt,$7.00,10,6,4,$28.00,,actual
2024-09-25,9/24/2024,2024,EFM,Turnip - bu,$4.50,3,1,2,$9.00,Variety: hakurei,actual
2024-09-25,9/24/2024,2024,EFM,Turnip - bu,$4.50,2,1,1,$4.50,Variety: scarlet,actual
2024-09-28,9/26/2024,2024,KFM,Turnip - bu,$4.50,32,10,22,$99.00,Variety: hakurei,actual
2024-09-28,9/26/2024,2024,KFM,Turnip - bu,$4.50,10,3,7,$31.50,Variety: scarlet,actual
2024-09-28,9/26/2024,2024,BFM,Turnip - bu,$4.50,22,4,18,$81.00,Variety: hakurei,actual
2024-09-28,9/26/2024,2024,BFM,Turnip - bu,$4.50,10,6,4,$18.00,Variety: scarlet,actual
2024-09-25,9/24/2024,2024,EFM,Winter Squash Acorn Type - lb,$3.00,6,3,3,$9.00,,actual
2024-09-28,9/26/2024,2024,KFM,Winter Squash Acorn Type - lb,$3.00,24.5,15,9.5,$28.50,,actual
2024-09-28,9/26/2024,2024,BFM,Winter Squash Acorn Type - lb,$3.00,25.4,8.8,16.6,$49.80,,actual
2024-09-25,9/24/2024,2024,EFM,Winter Squash Delicata - lb,$4.00,10,6,4,$16.00,,actual
2024-09-28,9/26/2024,2024,KFM,Winter Squash Delicata - lb,$4.00,62.5,15,47.5,$190.00,,actual
2024-09-28,9/26/2024,2024,BFM,Winter Squash Delicata - lb,$4.00,46.5,21.8,24.7,$98.80,,actual
2024-10-02,10/1/2024,2024,EFM,Arugula - 1/3 lb,$7.00,0,0,0,$0.00,,actual
2024-10-02,10/1/2024,2024,EFM,Arugula - 2/3 lb ,$14.00,0,0,0,$0.00,,actual
2024-10-02,10/1/2024,2024,EFM,Basil - bu,$3.50,5,0,5,$17.50,,actual
2024-10-05,10/3/2024,2024,KFM,Basil - bu,$3.50,45,3,42,$147.00,,actual
2024-10-05,10/3/2024,2024,BFM,Basil - bu,$3.50,45,0,45,$157.50,,actual
2024-10-05,10/3/2024,2024,KFM,Beets Red - bu,$5.00,16,0,16,$80.00,,actual
2024-10-05,10/3/2024,2024,BFM,Beets Red - bu,$5.00,14,0,14,$70.00,,actual
2024-10-02,10/1/2024,2024,EFM,Bok Choy - ea,$2.00,0,0,0,$0.00,,actual
2024-10-02,10/1/2024,2024,EFM,Broccolini - bu,$6.00,15,5,10,$60.00,,actual
2024-10-05,10/3/2024,2024,KFM,Broccolini - bu,$6.00,200,2,198,"$1,188.00",,actual
2024-10-05,10/3/2024,2024,BFM,Broccolini - bu,$6.00,181,0,181,"$1,086.00",,actual
2024-10-02,10/1/2024,2024,EFM,Cabbage - lb,$3.00,11,5.5,5.5,$16.50,Variety: red,actual
2024-10-02,10/1/2024,2024,EFM,Cabbage - lb,$3.00,10,2.5,7.5,$22.50,Variety: caraflex,actual
2024-10-05,10/3/2024,2024,KFM,Cabbage - lb,$3.00,57.5,31.9,25.6,$76.80,Variety: red,actual
2024-10-05,10/3/2024,2024,KFM,Cabbage - lb,$3.00,56,12.4,43.6,$130.80,Variety: caraflex,actual
2024-10-05,10/3/2024,2024,BFM,Cabbage - lb,$3.00,57.5,15.9,41.6,$124.80,Variety: red,actual
2024-10-05,10/3/2024,2024,BFM,Cabbage - lb,$3.00,35,0,35,$105.00,Variety: caraflex,actual
2024-10-02,10/1/2024,2024,EFM,Cabbage Chinese - lb,$3.00,11,11,0,$0.00,,actual
2024-10-02,10/1/2024,2024,EFM,Cabbage Chinese - lb,$3.00,6.5,3.25,3.25,$9.75,Variety: purple,actual
2024-10-05,10/3/2024,2024,KFM,Cabbage Chinese - lb,$3.00,58.4,23.3,35.1,$105.30,,actual
2024-10-05,10/3/2024,2024,KFM,Cabbage Chinese - lb,$4.00,20.4,0,20.4,$81.60,Variety: purple,actual
2024-10-05,10/3/2024,2024,BFM,Cabbage Chinese - lb,$3.00,40.25,25.1,15.15,$45.45,,actual
2024-10-05,10/3/2024,2024,BFM,Cabbage Chinese - lb,$3.00,20.2,0,20.2,$60.60,Variety: purple,actual
2024-10-02,10/1/2024,2024,EFM,Carrot - bu,$6.00,12,3,9,$54.00,,actual
2024-10-05,10/3/2024,2024,KFM,Carrot - bu,$6.00,65,0,65,$390.00,,actual
2024-10-05,10/3/2024,2024,BFM,Carrot - bu,$6.00,61,0,61,$366.00,,actual
2024-10-02,10/1/2024,2024,EFM,Cauliflower Sprouting - lb,$6.00,0,0,0,$0.00,,actual
2024-10-05,10/3/2024,2024,KFM,Cauliflower Sprouting - lb,$3.50,67.6,0,67.6,$236.87,,actual
2024-10-05,10/3/2024,2024,BFM,Cauliflower Sprouting - lb,$3.50,53.9,0,53.9,$188.87,,actual
2024-10-05,10/3/2024,2024,KFM,Celery - bu,$4.50,15,0,15,$67.50,,actual
2024-10-05,10/3/2024,2024,BFM,Celery - bu,$4.50,10,0,10,$45.00,,actual
2024-10-02,10/1/2024,2024,EFM,Chard - bu,$4.50,3,0,3,$13.50,,actual
2024-10-05,10/3/2024,2024,KFM,Chard - bu,$4.50,14,0,14,$63.00,,actual
2024-10-05,10/3/2024,2024,BFM,Chard - bu,$4.50,18,0,18,$81.00,,actual
2024-10-02,10/1/2024,2024,EFM,Cilantro - bu,$3.50,10,5,5,$17.50,,actual
2024-10-05,10/3/2024,2024,KFM,Cilantro - bu,$3.50,51,16,35,$122.50,,actual
2024-10-05,10/3/2024,2024,BFM,Cilantro - bu,$3.50,35,0,35,$122.50,,actual
2024-10-02,10/1/2024,2024,EFM,Collards - bu,$4.50,3,2,1,$4.50,,actual
2024-10-05,10/3/2024,2024,KFM,Collards - bu,$4.50,13,0,13,$58.50,,actual
2024-10-05,10/3/2024,2024,BFM,Collards - bu,$4.50,14,1,13,$58.50,,actual
2024-10-02,10/1/2024,2024,EFM,Dandelion - bu,$4.50,3,0,3,$13.50,,actual
2024-10-05,10/3/2024,2024,KFM,Dandelion - bu,$4.50,14,1,13,$58.50,,actual
2024-10-05,10/3/2024,2024,BFM,Dandelion - bu,$4.50,8,0,8,$36.00,,actual
2024-10-02,10/1/2024,2024,EFM,Eggplant - lb,$5.00,5,0,5,$25.00,,actual
2024-10-05,10/3/2024,2024,KFM,Eggplant - lb,$5.00,0,0,0,$0.00,,actual
2024-10-05,10/3/2024,2024,BFM,Eggplant - lb,$5.00,0,0,0,$0.00,,actual
2024-10-02,10/1/2024,2024,EFM,Eggplant Mini - Pt,$6.00,2,1,1,$6.00,,actual
2024-10-05,10/3/2024,2024,KFM,Eggplant Mini - Pt,$6.00,0,0,0,$0.00,,actual
2024-10-05,10/3/2024,2024,BFM,Eggplant Mini - Pt,$6.00,0,0,0,$0.00,,actual
2024-10-02,10/1/2024,2024,EFM,Eggplant Mini - Qt,$11.00,0,0,0,$0.00,,actual
2024-10-05,10/3/2024,2024,KFM,Eggplant Mini - Qt,$11.00,0,0,0,$0.00,,actual
2024-10-05,10/3/2024,2024,BFM,Eggplant Mini - Qt,$11.00,0,0,0,$0.00,,actual
2024-10-02,10/1/2024,2024,EFM,Escarole - ea,$5.00,5,2,3,$15.00,,actual
2024-10-05,10/3/2024,2024,KFM,Escarole - ea,$5.00,18,1,17,$85.00,,actual
2024-10-05,10/3/2024,2024,BFM,Escarole - ea,$5.00,8,0,8,$40.00,,actual
2024-10-05,10/3/2024,2024,KFM,Fall Mix - 1 1/4 lb,$25.00,10,0,10,$250.00,,actual
2024-10-05,10/3/2024,2024,BFM,Fall Mix - 1 1/4 lb,$25.00,7,0,7,$175.00,,actual
2024-10-02,10/1/2024,2024,EFM,Fall Mix - 1/3 lb,$7.00,7,5,2,$14.00,,actual
2024-10-05,10/3/2024,2024,KFM,Fall Mix - 1/3 lb,$7.00,30,0,30,$210.00,,actual
2024-10-05,10/3/2024,2024,BFM,Fall Mix - 1/3 lb,$7.00,31,0,31,$217.00,,actual
2024-10-02,10/1/2024,2024,EFM,Fall Mix - 2/3 lb ,$14.00,7,4,3,$42.00,,actual
2024-10-05,10/3/2024,2024,KFM,Fall Mix - 2/3 lb ,$14.00,15,0,15,$210.00,,actual
2024-10-05,10/3/2024,2024,BFM,Fall Mix - 2/3 lb ,$14.00,24,0,24,$336.00,,actual
2024-10-02,10/1/2024,2024,EFM,Fennel - ea,$4.00,5,3,2,$8.00,,actual
2024-10-05,10/3/2024,2024,KFM,Fennel - ea,$4.00,48,1,47,$188.00,,actual
2024-10-05,10/3/2024,2024,BFM,Fennel - ea,$4.00,22,0,22,$88.00,,actual
2024-10-02,10/1/2024,2024,EFM,Kale Curly - bu,$4.50,5,2,3,$13.50,,actual
2024-10-05,10/3/2024,2024,KFM,Kale Curly - bu,$4.50,21,3,18,$81.00,,actual
2024-10-05,10/3/2024,2024,BFM,Kale Curly - bu,$4.50,35,0,35,$157.50,,actual
2024-10-02,10/1/2024,2024,EFM,Kale Lacinato - bu,$4.50,9,0,9,$40.50,,actual
2024-10-05,10/3/2024,2024,KFM,Kale Lacinato - bu,$4.50,60,11,49,$220.50,,actual
2024-10-05,10/3/2024,2024,BFM,Kale Lacinato - bu,$4.50,35,0,35,$157.50,,actual
2024-10-02,10/1/2024,2024,EFM,Kohlrabi - bu,$4.50,2,0,2,$9.00,,actual
2024-10-05,10/3/2024,2024,KFM,Kohlrabi - bu,$4.50,15,2,13,$58.50,,actual
2024-10-05,10/3/2024,2024,BFM,Kohlrabi - bu,$4.50,12,0,12,$54.00,,actual
2024-10-02,10/1/2024,2024,EFM,Lettuce Mini Gem - ea,$3.00,5,1,4,$12.00,Variety: rosaine,actual
2024-10-02,10/1/2024,2024,EFM,Lettuce Mini Gem - ea,$3.00,0,0,0,$0.00,Variety: cegolaine,actual
2024-10-05,10/3/2024,2024,KFM,Lettuce Mini Gem - ea,$3.00,33,0,33,$99.00,Variety: rosaine,actual
2024-10-05,10/3/2024,2024,KFM,Lettuce Mini Gem - ea,$3.00,0,0,0,$0.00,Variety: cegolaine,actual
2024-10-05,10/3/2024,2024,BFM,Lettuce Mini Gem - ea,$3.00,30,0,30,$90.00,Variety: rosaine,actual
2024-10-05,10/3/2024,2024,BFM,Lettuce Mini Gem - ea,$3.00,0,0,0,$0.00,Variety: cegolaine,actual
2024-10-02,10/1/2024,2024,EFM,Parsley - bu,$3.50,5,1,4,$14.00,,actual
2024-10-05,10/3/2024,2024,KFM,Parsley - bu,$3.50,45,17,28,$98.00,,actual
2024-10-05,10/3/2024,2024,BFM,Parsley - bu,$3.50,30,0,30,$105.00,,actual
2024-10-02,10/1/2024,2024,EFM,Pepper Carmen - lb,$5.00,5,1,4,$20.00,,actual
2024-10-05,10/3/2024,2024,KFM,Pepper Carmen - lb,$5.00,60,10,50,$250.00,,actual
2024-10-05,10/3/2024,2024,BFM,Pepper Carmen - lb,$5.00,55,0,55,$275.00,,actual
2024-10-02,10/1/2024,2024,EFM,Pepper Hot - ea,$1.00,20,6,14,$14.00,Variety: jalapeno,actual
2024-10-02,10/1/2024,2024,EFM,Pepper Hot - ea,$0.50,20,20,0,$0.00,Variety: gochugaru,actual
2024-10-05,10/3/2024,2024,KFM,Pepper Hot - ea,$1.00,40,12,28,$28.00,Variety: jalapeno,actual
2024-10-05,10/3/2024,2024,KFM,Pepper Hot - ea,$0.50,60,12,48,$24.00,Variety: gochugaru,actual
2024-10-05,10/3/2024,2024,BFM,Pepper Hot - ea,$1.00,40,14,26,$26.00,Variety: jalapeno,actual
2024-10-05,10/3/2024,2024,BFM,Pepper Hot - ea,$0.50,60,30,30,$15.00,Variety: gochugaru,actual
2024-10-02,10/1/2024,2024,EFM,Pepper Lunchbox - Pt,$4.00,0,0,0,$0.00,,actual
2024-10-05,10/3/2024,2024,KFM,Pepper Lunchbox - Pt,$4.00,0,0,0,$0.00,,actual
2024-10-05,10/3/2024,2024,BFM,Pepper Lunchbox - Pt,$4.00,0,0,0,$0.00,,actual
2024-10-02,10/1/2024,2024,EFM,Pepper Lunchbox - Qt,$7.00,0,0,0,$0.00,,actual
2024-10-05,10/3/2024,2024,KFM,Pepper Lunchbox - Qt,$7.00,0,0,0,$0.00,,actual
2024-10-05,10/3/2024,2024,BFM,Pepper Lunchbox - Qt,$7.00,0,0,0,$0.00,,actual
2024-10-02,10/1/2024,2024,EFM,Pepper Shishito - Qt,$6.00,0,0,0,$0.00,,actual
2024-10-05,10/3/2024,2024,KFM,Pepper Shishito - Qt,$6.00,25,10,15,$89.93,,actual
2024-10-05,10/3/2024,2024,BFM,Pepper Shishito - Qt,$6.00,17,1,16,$95.92,,actual
2024-10-02,10/1/2024,2024,EFM,Potato Blue - lb,$6.00,0,0,0,$0.00,Variety: quarts,actual
2024-10-05,10/3/2024,2024,KFM,Potato Blue - lb,$3.50,0,0,0,$0.00,,actual
2024-10-05,10/3/2024,2024,BFM,Potato Blue - lb,$3.50,0,0,0,$0.00,,actual
2024-10-05,10/3/2024,2024,KFM,Potato Fingerling - lb,$3.50,0,0,0,$0.00,,actual
2024-10-05,10/3/2024,2024,BFM,Potato Fingerling - lb,$3.50,0,0,0,$0.00,,actual
2024-10-02,10/1/2024,2024,EFM,Potato White - lb,$6.00,0,0,0,$0.00,Variety: quarts,actual
2024-10-02,10/1/2024,2024,EFM,Radicchio - lb,$8.00,6,4,2,$16.00,,actual
2024-10-05,10/3/2024,2024,KFM,Radicchio - lb,$8.00,33.8,4.2,29.6,$236.80,,actual
2024-10-05,10/3/2024,2024,BFM,Radicchio - lb,$8.00,15,2,13,$104.00,,actual
2024-10-02,10/1/2024,2024,EFM,Radicchio Variegated - lb,$8.00,4,2.6,1.4,$11.20,,actual
2024-10-05,10/3/2024,2024,KFM,Radicchio Variegated - lb,$8.00,24.5,9.9,14.6,$116.80,,actual
2024-10-05,10/3/2024,2024,BFM,Radicchio Variegated - lb,$8.00,11,4.4,6.6,$52.80,,actual
2024-10-02,10/1/2024,2024,EFM,Radish French Breakfast - bu,$3.50,3,0,3,$10.50,,actual
2024-10-05,10/3/2024,2024,KFM,Radish French Breakfast - bu,$3.50,25,1,24,$84.00,,actual
2024-10-05,10/3/2024,2024,BFM,Radish French Breakfast - bu,$3.50,25,0,25,$87.50,,actual
2024-10-05,10/3/2024,2024,KFM,Radish Mix - bu,$4.50,18,1,17,$76.58,,actual
2024-10-05,10/3/2024,2024,BFM,Radish Mix - bu,$4.50,13,0,13,$58.56,,actual
2024-10-02,10/1/2024,2024,EFM,Radish Red - bu,$3.50,0,0,0,$0.00,,actual
2024-10-02,10/1/2024,2024,EFM,Radish Round Purple - bu,$3.50,5,2,3,$10.50,,actual
2024-10-05,10/3/2024,2024,KFM,Radish Round Purple - bu,$3.50,15,2,13,$45.50,,actual
2024-10-05,10/3/2024,2024,BFM,Radish Round Purple - bu,$3.50,15,0,15,$52.50,,actual
2024-10-02,10/1/2024,2024,EFM,Scallion - bu,$3.50,8,1,7,$24.50,,actual
2024-10-05,10/3/2024,2024,KFM,Scallion - bu,$3.50,55,0,55,$192.50,,actual
2024-10-05,10/3/2024,2024,BFM,Scallion - bu,$3.50,28,0,28,$98.00,,actual
2024-10-02,10/1/2024,2024,EFM,Tomato Cherry - Pt,$6.00,0,0,0,$0.00,Variety: sungold,actual
2024-10-02,10/1/2024,2024,EFM,Tomato Cherry - Pt,$6.00,0,0,0,$0.00,Variety: rainbow,actual
2024-10-02,10/1/2024,2024,EFM,Tomato Heirloom - lb,$5.00,0,0,0,$0.00,,actual
2024-10-02,10/1/2024,2024,EFM,Tomato Sauce - Qt,$7.00,0,0,0,$0.00,,actual
2024-10-05,10/3/2024,2024,KFM,Tomato Sauce - Qt,$7.00,0,0,0,$0.00,,actual
2024-10-05,10/3/2024,2024,BFM,Tomato Sauce - Qt,$7.00,0,0,0,$0.00,,actual
2024-10-02,10/1/2024,2024,EFM,Turnip - bu,$4.50,3,2,1,$4.50,Variety: hakurei,actual
2024-10-02,10/1/2024,2024,EFM,Turnip - bu,$4.50,2,1,1,$4.50,Variety: scarlet,actual
2024-10-05,10/3/2024,2024,KFM,Turnip - bu,$4.50,18,0,18,$81.00,Variety: hakurei,actual
2024-10-05,10/3/2024,2024,KFM,Turnip - bu,$4.50,9,0,9,$40.50,Variety: scarlet,actual
2024-10-05,10/3/2024,2024,BFM,Turnip - bu,$4.50,15,0,15,$67.50,Variety: hakurei,actual
2024-10-05,10/3/2024,2024,BFM,Turnip - bu,$4.50,6,0,6,$27.00,Variety: scarlet,actual
2024-10-02,10/1/2024,2024,EFM,Winter Squash Acorn Type - lb,$3.00,4,0,4,$12.00,,actual
2024-10-05,10/3/2024,2024,KFM,Winter Squash Acorn Type - lb,$3.00,10,5,5,$15.00,,actual
2024-10-05,10/3/2024,2024,BFM,Winter Squash Acorn Type - lb,$3.00,0,-5,5,$15.00,,actual
2024-10-02,10/1/2024,2024,EFM,Winter Squash Delicata - lb,$4.00,6,2,4,$16.00,,actual
2024-10-05,10/3/2024,2024,KFM,Winter Squash Delicata - lb,$4.00,30,10,20,$80.00,,actual
2024-10-05,10/3/2024,2024,BFM,Winter Squash Delicata - lb,$4.00,0,-10,10,$40.00,,actual
2024-10-05,10/3/2024,2024,KFM,Winter Squash Honeynut - lb,$5.00,0,0,0,$0.00,,actual
2024-10-05,10/3/2024,2024,BFM,Winter Squash Honeynut - lb,$5.00,0,0,0,$0.00,,actual
2024-10-09,10/8/2024,2024,EFM,Basil - bu,$3.50,5,1,4,$14.00,,actual
2024-10-12,10/10/2024,2024,KFM,Basil - bu,$3.50,50,0,50,$175.00,,actual
2024-10-12,10/10/2024,2024,BFM,Basil - bu,$3.50,40,0,40,$140.00,,actual
2024-10-09,10/8/2024,2024,EFM,Beets Red - bu,$5.00,5,0,5,$25.00,,actual
2024-10-12,10/10/2024,2024,KFM,Beets Red - bu,$5.00,25,0,25,$125.00,,actual
2024-10-12,10/10/2024,2024,BFM,Beets Red - bu,$5.00,25,0,25,$125.00,,actual
2024-10-12,10/10/2024,2024,KFM,Bok Choy - ea,$2.50,60,15,45,$112.32,,actual
2024-10-12,10/10/2024,2024,BFM,Bok Choy - ea,$2.50,40,0,40,$99.84,,actual
2024-10-09,10/8/2024,2024,EFM,Bok Choy - ea,$2.50,12,0,12,$29.95,,actual
2024-10-09,10/8/2024,2024,EFM,Braising Mix - 1 lb,$8.00,0,0,0,$0.00,Variety: frills and kale,actual
2024-10-12,10/10/2024,2024,KFM,Braising Mix - 1 lb,$8.00,0,0,0,$0.00,Variety: frills and kale,actual
2024-10-12,10/10/2024,2024,BFM,Braising Mix - 1 lb,$8.00,0,0,0,$0.00,Variety: frills and kale,actual
2024-10-09,10/8/2024,2024,EFM,Broccolini - bu,$6.00,12,2,10,$60.00,,actual
2024-10-12,10/10/2024,2024,KFM,Broccolini - bu,$6.00,95,0,95,$570.00,,actual
2024-10-12,10/10/2024,2024,BFM,Broccolini - bu,$6.00,67,0,67,$402.00,,actual
2024-10-09,10/8/2024,2024,EFM,Cabbage - lb,$3.00,4.5,0,4.5,$13.50,Variety: caraflex,actual
2024-10-09,10/8/2024,2024,EFM,Cabbage - lb,$3.00,5.3,2.6,2.7,$8.10,Variety: red,actual
2024-10-09,10/8/2024,2024,EFM,Cabbage - lb,$3.00,7,0,7,$21.00,Variety: savoy,actual
2024-10-12,10/10/2024,2024,KFM,Cabbage - lb,$2.00,29.25,0,29.25,$58.53,Variety: caraflex,actual
2024-10-12,10/10/2024,2024,KFM,Cabbage - lb,$2.00,26.8,2.9,23.9,$47.82,Variety: red,actual
2024-10-12,10/10/2024,2024,KFM,Cabbage - lb,$2.00,34.6,19.2,15.4,$30.82,Variety: savoy,actual
2024-10-12,10/10/2024,2024,BFM,Cabbage - lb,$3.00,25.6,6.4,19.2,$57.60,Variety: caraflex,actual
2024-10-12,10/10/2024,2024,BFM,Cabbage - lb,$3.00,23.7,0,23.7,$71.10,Variety: red,actual
2024-10-12,10/10/2024,2024,BFM,Cabbage - lb,$3.00,28.8,0,28.8,$86.40,Variety: savoy,actual
2024-10-09,10/8/2024,2024,EFM,Cabbage Chinese - lb,$3.00,7.3,0,7.3,$21.90,,actual
2024-10-09,10/8/2024,2024,EFM,Cabbage Chinese - lb,$4.00,6.4,6.4,0,$0.00,Variety: purple,actual
2024-10-12,10/10/2024,2024,KFM,Cabbage Chinese - lb,$2.00,31.25,11.7,19.55,$39.10,,actual
2024-10-12,10/10/2024,2024,KFM,Cabbage Chinese - lb,$4.00,28.9,7.2,21.7,$86.80,Variety: purple,actual
2024-10-12,10/10/2024,2024,BFM,Cabbage Chinese - lb,$3.00,18.5,9.25,9.25,$27.75,,actual
2024-10-12,10/10/2024,2024,BFM,Cabbage Chinese - lb,$4.00,20.6,6.1,14.5,$58.00,Variety: purple,actual
2024-10-09,10/8/2024,2024,EFM,Carrot - bu,$6.00,10,0,10,$60.00,,actual
2024-10-12,10/10/2024,2024,KFM,Carrot - bu,$6.00,110,18,92,$552.00,,actual
2024-10-12,10/10/2024,2024,BFM,Carrot - bu,$6.00,84,0,84,$504.00,,actual
2024-10-09,10/8/2024,2024,EFM,Cauliflower Sprouting - lb,$4.00,6.3,0.5,5.8,$23.18,,actual
2024-10-12,10/10/2024,2024,KFM,Cauliflower Sprouting - lb,$4.00,177,5.8,171.2,$684.12,,actual
2024-10-12,10/10/2024,2024,BFM,Cauliflower Sprouting - lb,$4.00,126,0,126,$503.50,,actual
2024-10-09,10/8/2024,2024,EFM,Celery - bu,$4.50,4,0,4,$18.00,,actual
2024-10-12,10/10/2024,2024,KFM,Celery - bu,$4.50,20,0,20,$90.00,,actual
2024-10-12,10/10/2024,2024,BFM,Celery - bu,$4.50,15,0,15,$67.50,,actual
2024-10-09,10/8/2024,2024,EFM,Chard - bu,$4.50,3,0,3,$13.50,,actual
2024-10-12,10/10/2024,2024,KFM,Chard - bu,$4.50,14,4,10,$45.00,,actual
2024-10-12,10/10/2024,2024,BFM,Chard - bu,$4.50,20,2,18,$81.00,,actual
2024-10-09,10/8/2024,2024,EFM,Cilantro - bu,$3.50,7,0,7,$24.50,,actual
2024-10-12,10/10/2024,2024,KFM,Cilantro - bu,$3.50,35,1,34,$119.00,,actual
2024-10-12,10/10/2024,2024,BFM,Cilantro - bu,$3.50,35,4,31,$108.50,,actual
2024-10-09,10/8/2024,2024,EFM,Collards - bu,$4.50,2,1,1,$4.50,,actual
2024-10-12,10/10/2024,2024,KFM,Collards - bu,$4.50,12,0,12,$54.00,,actual
2024-10-12,10/10/2024,2024,BFM,Collards - bu,$4.50,14,0,14,$63.00,,actual
2024-10-09,10/8/2024,2024,EFM,Dandelion - bu,$4.50,4,3,1,$4.50,,actual
2024-10-12,10/10/2024,2024,KFM,Dandelion - bu,$4.50,14,0,14,$63.00,,actual
2024-10-12,10/10/2024,2024,BFM,Dandelion - bu,$4.50,8,0,8,$36.00,,actual
2024-10-09,10/8/2024,2024,EFM,Eggplant - lb,$5.00,8,1.7,6.3,$31.50,,actual
2024-10-12,10/10/2024,2024,KFM,Eggplant - lb,$5.00,17,0,17,$85.00,,actual
2024-10-12,10/10/2024,2024,BFM,Eggplant - lb,$5.00,16,0,16,$80.00,,actual
2024-10-09,10/8/2024,2024,EFM,Escarole - ea,$5.00,4,1,3,$15.00,,actual
2024-10-12,10/10/2024,2024,KFM,Escarole - ea,$5.00,18,0,18,$90.00,,actual
2024-10-12,10/10/2024,2024,BFM,Escarole - ea,$5.00,10,2,8,$40.00,,actual
2024-10-09,10/8/2024,2024,EFM,Fall Mix - 1 1/4 lb,$25.00,0,0,0,$0.00,,actual
2024-10-12,10/10/2024,2024,KFM,Fall Mix - 1 1/4 lb,$25.00,8,2,6,$150.00,,actual
2024-10-12,10/10/2024,2024,BFM,Fall Mix - 1 1/4 lb,$25.00,8,4,4,$100.00,,actual
2024-10-09,10/8/2024,2024,EFM,Fall Mix - 1/3 lb,$7.00,6,0,6,$42.00,,actual
2024-10-12,10/10/2024,2024,KFM,Fall Mix - 1/3 lb,$7.00,30,1,29,$203.00,,actual
2024-10-12,10/10/2024,2024,BFM,Fall Mix - 1/3 lb,$7.00,35,12,23,$161.00,,actual
2024-10-09,10/8/2024,2024,EFM,Fall Mix - 2/3 lb ,$14.00,6,0,6,$84.00,,actual
2024-10-12,10/10/2024,2024,KFM,Fall Mix - 2/3 lb ,$14.00,27,1,26,$364.00,,actual
2024-10-12,10/10/2024,2024,BFM,Fall Mix - 2/3 lb ,$14.00,30,10,20,$280.00,,actual
2024-10-09,10/8/2024,2024,EFM,Fennel - ea,$4.00,0,0,0,$0.00,,actual
2024-10-12,10/10/2024,2024,KFM,Fennel - ea,$4.00,50,20,30,$120.00,,actual
2024-10-12,10/10/2024,2024,BFM,Fennel - ea,$4.00,25,0,25,$100.00,,actual
2024-10-09,10/8/2024,2024,EFM,Kale Curly - bu,$4.50,4,1,3,$13.50,,actual
2024-10-12,10/10/2024,2024,KFM,Kale Curly - bu,$4.50,16,0,16,$72.00,,actual
2024-10-12,10/10/2024,2024,BFM,Kale Curly - bu,$4.50,35,1,34,$153.00,,actual
2024-10-09,10/8/2024,2024,EFM,Kale Lacinato - bu,$4.50,9,0,9,$40.50,,actual
2024-10-12,10/10/2024,2024,KFM,Kale Lacinato - bu,$4.50,49,0,49,$220.50,,actual
2024-10-12,10/10/2024,2024,BFM,Kale Lacinato - bu,$4.50,50,2,48,$216.00,,actual
2024-10-09,10/8/2024,2024,EFM,Kohlrabi - bu,$2.00,5,0,5,$10.01,Variety: purple eaches,actual
2024-10-12,10/10/2024,2024,KFM,Kohlrabi - bu,$2.00,15,0,15,$30.04,Variety: purple eaches,actual
2024-10-12,10/10/2024,2024,BFM,Kohlrabi - bu,$2.00,0,0,0,$0.00,Variety: purple eaches,actual
2024-10-12,10/10/2024,2024,KFM,Lettuce Mini Gem - ea,$3.00,38,0,38,$114.00,,actual
2024-10-09,10/8/2024,2024,EFM,Parsley - bu,$3.50,5,3,2,$7.00,,actual
2024-10-12,10/10/2024,2024,KFM,Parsley - bu,$3.50,30,0,30,$105.00,,actual
2024-10-12,10/10/2024,2024,BFM,Parsley - bu,$3.50,30,5,25,$87.50,,actual
2024-10-09,10/8/2024,2024,EFM,Pepper Carmen - lb,$5.00,5,0,5,$25.00,,actual
2024-10-12,10/10/2024,2024,KFM,Pepper Carmen - lb,$5.00,50,11.25,38.75,$193.75,,actual
2024-10-12,10/10/2024,2024,BFM,Pepper Carmen - lb,$5.00,50,5.5,44.5,$222.50,,actual
2024-10-09,10/8/2024,2024,EFM,Pepper Hot - ea,$1.00,16,11,5,$5.00,Variety: jalapeno,actual
2024-10-09,10/8/2024,2024,EFM,Pepper Hot - ea,$0.50,0,0,0,$0.00,Variety: gochugaru,actual
2024-10-12,10/10/2024,2024,KFM,Pepper Hot - ea,$1.00,150,100,50,$50.00,Variety: jalapeno,actual
2024-10-12,10/10/2024,2024,KFM,Pepper Hot - ea,$0.50,115,85,30,$15.00,Variety: gochugaru,actual
2024-10-12,10/10/2024,2024,BFM,Pepper Hot - ea,$1.00,143,125,18,$18.00,Variety: jalapeno,actual
2024-10-12,10/10/2024,2024,BFM,Pepper Hot - ea,$0.50,106,95,11,$5.50,Variety: gochugaru,actual
2024-10-12,10/10/2024,2024,BFM,Pepper Lunchbox - Pt,$4.00,0,0,0,$0.00,,actual
2024-10-12,10/10/2024,2024,KFM,Pepper Lunchbox - Pt,$4.00,0,0,0,$0.00,,actual
2024-10-12,10/10/2024,2024,BFM,Pepper Lunchbox - Qt,$7.00,0,0,0,$0.00,,actual
2024-10-12,10/10/2024,2024,KFM,Pepper Lunchbox - Qt,$7.00,0,0,0,$0.00,,actual
2024-10-09,10/8/2024,2024,EFM,Pepper Shishito - Qt,$6.00,0,0,0,$0.00,,actual
2024-10-12,10/10/2024,2024,KFM,Pepper Shishito - Qt,$6.00,15,4,11,$65.95,,actual
2024-10-12,10/10/2024,2024,BFM,Pepper Shishito - Qt,$6.00,16,0,16,$95.92,,actual
2024-10-09,10/8/2024,2024,EFM,Potato Blue - lb,$6.00,8,4,4,$24.01,Variety: quarts,actual
2024-10-12,10/10/2024,2024,KFM,Potato Blue - lb,$3.50,0,0,0,$0.00,,actual
2024-10-12,10/10/2024,2024,BFM,Potato Blue - lb,$3.50,0,0,0,$0.00,,actual
2024-10-09,10/8/2024,2024,EFM,Potato White - lb,$6.00,0,0,0,$0.00,Variety: quarts,actual
2024-10-12,10/10/2024,2024,KFM,Potato White - lb,$3.50,0,0,0,$0.00,,actual
2024-10-12,10/10/2024,2024,BFM,Potato White - lb,$3.50,0,0,0,$0.00,,actual
2024-10-09,10/8/2024,2024,EFM,Puntarelle - lb,$9.00,0,0,0,$0.00,,actual
2024-10-12,10/10/2024,2024,KFM,Puntarelle - lb,$9.00,14.4,0,14.4,$129.60,,actual
2024-10-12,10/10/2024,2024,BFM,Puntarelle - lb,$9.00,0,0,0,$0.00,,actual
2024-10-09,10/8/2024,2024,EFM,Radicchio - lb,$8.00,1.5,0,1.5,$12.00,,actual
2024-10-12,10/10/2024,2024,KFM,Radicchio - lb,$8.00,35.4,9.3,26.1,$208.80,,actual
2024-10-12,10/10/2024,2024,BFM,Radicchio - lb,$8.00,12.9,2.1,10.8,$86.40,,actual
2024-10-09,10/8/2024,2024,EFM,Radicchio Treviso - lb,$8.00,2,1,1,$8.00,,actual
2024-10-12,10/10/2024,2024,KFM,Radicchio Treviso - lb,$8.00,30.4,5.5,24.9,$199.20,,actual
2024-10-12,10/10/2024,2024,BFM,Radicchio Treviso - lb,$8.00,0,0,0,$0.00,,actual
2024-10-09,10/8/2024,2024,EFM,Radicchio Variegated - lb,$8.00,1.6,0.8,0.8,$6.40,,actual
2024-10-12,10/10/2024,2024,KFM,Radicchio Variegated - lb,$8.00,11.4,0,11.4,$91.20,,actual
2024-10-12,10/10/2024,2024,BFM,Radicchio Variegated - lb,$8.00,6.2,2,4.2,$33.60,,actual
2024-10-09,10/8/2024,2024,EFM,Radish Mix - bu,$4.50,3,0,3,$13.51,,actual
2024-10-12,10/10/2024,2024,KFM,Radish Mix - bu,$4.50,18,11,7,$31.53,,actual
2024-10-12,10/10/2024,2024,BFM,Radish Mix - bu,$4.50,15,0,15,$67.57,,actual
2024-10-09,10/8/2024,2024,EFM,Radish Round Purple - bu,$3.50,0,0,0,$0.00,,actual
2024-10-12,10/10/2024,2024,KFM,Radish Round Purple - bu,$3.50,15,0,15,$52.50,,actual
2024-10-12,10/10/2024,2024,BFM,Radish Round Purple - bu,$3.50,15,0,15,$52.50,,actual
2024-10-09,10/8/2024,2024,EFM,Scallion - bu,$3.50,9,1,8,$28.00,,actual
2024-10-12,10/10/2024,2024,KFM,Scallion - bu,$3.50,54,0,54,$189.00,,actual
2024-10-12,10/10/2024,2024,BFM,Scallion - bu,$3.50,35,4,31,$108.50,,actual
2024-10-09,10/8/2024,2024,EFM,Tomato Sauce - Qt,$10.00,0,0,0,$0.00,Variety: 4 lb,actual
2024-10-12,10/10/2024,2024,KFM,Tomato Sauce - Qt,$2.66,113,44,69,$183.54,,actual
2024-10-12,10/10/2024,2024,BFM,Tomato Sauce - Qt,$2.66,76,30,46,$122.36,,actual
2024-10-09,10/8/2024,2024,EFM,Turnip - bu,$4.50,3,1,2,$9.00,Variety: hakurei,actual
2024-10-09,10/8/2024,2024,EFM,Turnip - bu,$4.50,0,0,0,$0.00,Variety: scarlet,actual
2024-10-12,10/10/2024,2024,KFM,Turnip - bu,$4.50,23,10,13,$58.50,Variety: hakurei,actual
2024-10-12,10/10/2024,2024,KFM,Turnip - bu,$4.50,10,6,4,$18.00,Variety: scarlet,actual
2024-10-12,10/10/2024,2024,BFM,Turnip - bu,$4.50,18,10,8,$36.00,Variety: hakurei,actual
2024-10-12,10/10/2024,2024,BFM,Turnip - bu,$4.50,8,1,7,$31.50,Variety: scarlet,actual
2024-10-09,10/8/2024,2024,EFM,Winter Squash Acorn Type - lb,$3.00,5.3,0,5.3,$15.90,,actual
2024-10-12,10/10/2024,2024,KFM,Winter Squash Acorn Type - lb,$3.00,0,0,0,$0.00,,actual
2024-10-12,10/10/2024,2024,BFM,Winter Squash Acorn Type - lb,$3.00,0,0,0,$0.00,,actual
2024-10-09,10/8/2024,2024,EFM,Winter Squash Delicata - lb,$4.00,4.25,0,4.25,$17.00,,actual
2024-10-12,10/10/2024,2024,KFM,Winter Squash Delicata - lb,$4.00,54.4,18.1,36.3,$145.20,,actual
2024-10-12,10/10/2024,2024,BFM,Winter Squash Delicata - lb,$4.00,0,-13.6,13.6,$54.40,,actual
2024-10-09,10/8/2024,2024,EFM,Winter Squash Honeynut - lb,$5.00,23.3,12.8,10.5,$52.50,,actual
2024-10-12,10/10/2024,2024,KFM,Winter Squash Honeynut - lb,$4.00,93.6,23.4,70.2,$280.80,,actual
2024-10-12,10/10/2024,2024,BFM,Winter Squash Honeynut - lb,$4.00,58.4,9.7,48.7,$194.80,,actual
2024-10-16,10/15/2024,2024,EFM,Arugula - 1/3 lb,$7.00,0,0,0,$0.00,,actual
2024-10-19,10/17/2024,2024,KFM,Arugula - 1/3 lb,$7.00,0,0,0,$0.00,,actual
2024-10-19,10/17/2024,2024,BFM,Arugula - 1/3 lb,$7.00,0,0,0,$0.00,,actual
2024-10-16,10/15/2024,2024,EFM,Arugula - 2/3 lb ,$14.00,0,0,0,$0.00,,actual
2024-10-19,10/17/2024,2024,KFM,Arugula - 2/3 lb ,$14.00,0,0,0,$0.00,,actual
2024-10-19,10/17/2024,2024,BFM,Arugula - 2/3 lb ,$14.00,0,0,0,$0.00,,actual
2024-10-16,10/15/2024,2024,EFM,Beets Golden - bu,$5.00,2,0,2,$10.00,,actual
2024-10-19,10/17/2024,2024,KFM,Beets Golden - bu,$5.00,13,0,13,$65.00,,actual
2024-10-19,10/17/2024,2024,BFM,Beets Golden - bu,$5.00,13,2,11,$55.00,,actual
2024-10-16,10/15/2024,2024,EFM,Beets Red - bu,$5.00,3,0,3,$15.00,,actual
2024-10-19,10/17/2024,2024,KFM,Beets Red - bu,$5.00,15,0,15,$75.00,,actual
2024-10-19,10/17/2024,2024,BFM,Beets Red - bu,$5.00,15,0,15,$75.00,,actual
2024-10-16,10/15/2024,2024,EFM,Bok Choy - ea,$3.00,10,1,9,$27.00,,actual
2024-10-19,10/17/2024,2024,KFM,Bok Choy - ea,$3.00,0,0,0,$0.00,,actual
2024-10-19,10/17/2024,2024,BFM,Bok Choy - ea,$3.00,0,0,0,$0.00,,actual
2024-10-16,10/15/2024,2024,EFM,Braising Mix - 1 lb,$8.00,0,0,0,$0.00,,actual
2024-10-19,10/17/2024,2024,KFM,Braising Mix - 1 lb,$8.00,38,3,35,$280.00,,actual
2024-10-19,10/17/2024,2024,BFM,Braising Mix - 1 lb,$8.00,25,9,16,$128.00,,actual
2024-10-16,10/15/2024,2024,EFM,Broccolini - bu,$6.00,10,0,10,$60.00,,actual
2024-10-19,10/17/2024,2024,KFM,Broccolini - bu,$6.00,110,4,106,$636.00,,actual
2024-10-19,10/17/2024,2024,BFM,Broccolini - bu,$6.00,88,0,88,$528.00,,actual
2024-10-16,10/15/2024,2024,EFM,Cabbage - lb,$2.00,5.6,5.6,0,$0.00,Variety: caraflex,actual
2024-10-16,10/15/2024,2024,EFM,Cabbage - lb,$2.00,5.6,2.8,2.8,$5.60,Variety: red,actual
2024-10-16,10/15/2024,2024,EFM,Cabbage - lb,$2.00,6.7,3.35,3.35,$6.70,Variety: savoy,actual
2024-10-19,10/17/2024,2024,KFM,Cabbage - lb,$2.00,27,3,24,$48.02,Variety: caraflex,actual
2024-10-19,10/17/2024,2024,KFM,Cabbage - lb,$2.00,32,10.6,21.4,$42.82,Variety: red,actual
2024-10-19,10/17/2024,2024,KFM,Cabbage - lb,$2.00,18.5,3.7,14.8,$29.61,Variety: savoy,actual
2024-10-19,10/17/2024,2024,BFM,Cabbage - lb,$2.00,23,0,23,$46.02,Variety: caraflex,actual
2024-10-19,10/17/2024,2024,BFM,Cabbage - lb,$2.00,24,0,24,$48.02,Variety: red,actual
2024-10-19,10/17/2024,2024,BFM,Cabbage - lb,$2.00,28,0,28,$56.03,Variety: savoy,actual
2024-10-16,10/15/2024,2024,EFM,Cabbage Chinese - lb,$2.00,4.3,4.3,0,$0.00,,actual
2024-10-16,10/15/2024,2024,EFM,Cabbage Chinese - lb,$4.00,1.5,0,1.5,$6.00,Variety: purple,actual
2024-10-19,10/17/2024,2024,KFM,Cabbage Chinese - lb,$2.00,24,0,24,$48.00,,actual
2024-10-19,10/17/2024,2024,KFM,Cabbage Chinese - lb,$4.00,0,0,0,$0.00,Variety: purple,actual
2024-10-19,10/17/2024,2024,BFM,Cabbage Chinese - lb,$2.00,13,0,13,$26.00,,actual
2024-10-19,10/17/2024,2024,BFM,Cabbage Chinese - lb,$4.00,0,0,0,$0.00,Variety: purple,actual
2024-10-16,10/15/2024,2024,EFM,Carrot - bu,$6.00,10,0,10,$60.00,,actual
2024-10-19,10/17/2024,2024,KFM,Carrot - bu,$6.00,95,9,86,$516.00,,actual
2024-10-19,10/17/2024,2024,BFM,Carrot - bu,$6.00,87,18,69,$414.00,,actual
2024-10-16,10/15/2024,2024,EFM,Cauliflower - lb,$4.00,0,0,0,$0.00,,actual
2024-10-19,10/17/2024,2024,KFM,Cauliflower - lb,$4.00,0,0,0,$0.00,,actual
2024-10-19,10/17/2024,2024,BFM,Cauliflower - lb,$4.00,0,0,0,$0.00,,actual
2024-10-16,10/15/2024,2024,EFM,Cauliflower Sprouting - lb,$4.00,6,0,6,$23.98,,actual
2024-10-19,10/17/2024,2024,KFM,Cauliflower Sprouting - lb,$4.00,230.8,28,202.8,$810.39,,actual
2024-10-19,10/17/2024,2024,BFM,Cauliflower Sprouting - lb,$4.00,177.5,2,175.5,$701.30,,actual
2024-10-16,10/15/2024,2024,EFM,Celery - bu,$4.50,4,1,3,$13.50,,actual
2024-10-19,10/17/2024,2024,KFM,Celery - bu,$4.50,22,0,22,$99.00,,actual
2024-10-19,10/17/2024,2024,BFM,Celery - bu,$4.50,20,0,20,$90.00,,actual
2024-10-16,10/15/2024,2024,EFM,Chard - bu,$4.50,4,1,3,$13.50,,actual
2024-10-19,10/17/2024,2024,KFM,Chard - bu,$4.50,10,0,10,$45.00,,actual
2024-10-19,10/17/2024,2024,BFM,Chard - bu,$4.50,20,2,18,$81.00,,actual
2024-10-16,10/15/2024,2024,EFM,Cilantro - bu,$3.50,7,2,5,$17.50,,actual
2024-10-19,10/17/2024,2024,KFM,Cilantro - bu,$3.50,35,0,35,$122.50,,actual
2024-10-19,10/17/2024,2024,BFM,Cilantro - bu,$3.50,32,2,30,$105.00,,actual
2024-10-16,10/15/2024,2024,EFM,Collards - bu,$4.50,2,1,1,$4.50,,actual
2024-10-19,10/17/2024,2024,KFM,Collards - bu,$4.50,14,0,14,$63.00,,actual
2024-10-19,10/17/2024,2024,BFM,Collards - bu,$4.50,13,0,13,$58.50,,actual
2024-10-16,10/15/2024,2024,EFM,Dandelion - bu,$4.50,3,2,1,$4.50,,actual
2024-10-19,10/17/2024,2024,KFM,Dandelion - bu,$4.50,14,3,11,$49.50,,actual
2024-10-19,10/17/2024,2024,BFM,Dandelion - bu,$4.50,10,4,6,$27.00,,actual
2024-10-16,10/15/2024,2024,EFM,Escarole - ea,$5.00,4,1,3,$15.00,,actual
2024-10-19,10/17/2024,2024,KFM,Escarole - ea,$5.00,18,1,17,$85.00,,actual
2024-10-19,10/17/2024,2024,BFM,Escarole - ea,$5.00,9,5,4,$20.00,,actual
2024-10-16,10/15/2024,2024,EFM,Fall Mix - 1 1/4 lb,$25.00,0,0,0,$0.00,,actual
2024-10-19,10/17/2024,2024,KFM,Fall Mix - 1 1/4 lb,$25.00,6,0,6,$150.00,,actual
2024-10-19,10/17/2024,2024,BFM,Fall Mix - 1 1/4 lb,$25.00,4,0,4,$100.00,,actual
2024-10-16,10/15/2024,2024,EFM,Fall Mix - 1/3 lb,$7.00,7,1,6,$42.00,,actual
2024-10-19,10/17/2024,2024,KFM,Fall Mix - 1/3 lb,$7.00,30,1,29,$203.00,,actual
2024-10-19,10/17/2024,2024,BFM,Fall Mix - 1/3 lb,$7.00,25,0,25,$175.00,,actual
2024-10-16,10/15/2024,2024,EFM,Fall Mix - 2/3 lb ,$14.00,7,4,3,$42.00,,actual
2024-10-19,10/17/2024,2024,KFM,Fall Mix - 2/3 lb ,$14.00,28,0,28,$392.00,,actual
2024-10-19,10/17/2024,2024,BFM,Fall Mix - 2/3 lb ,$14.00,28,1,27,$378.00,,actual
2024-10-16,10/15/2024,2024,EFM,Fennel - ea,$4.00,0,0,0,$0.00,,actual
2024-10-19,10/17/2024,2024,KFM,Fennel - ea,$4.00,40,10,30,$120.00,,actual
2024-10-19,10/17/2024,2024,BFM,Fennel - ea,$4.00,26,0,26,$104.00,,actual
2024-10-16,10/15/2024,2024,EFM,Kale Curly - bu,$4.50,4,2,2,$9.00,,actual
2024-10-19,10/17/2024,2024,KFM,Kale Curly - bu,$4.50,20,0,20,$90.00,,actual
2024-10-19,10/17/2024,2024,BFM,Kale Curly - bu,$4.50,35,0,35,$157.50,,actual
2024-10-16,10/15/2024,2024,EFM,Kale Lacinato - bu,$4.50,9,0,9,$40.50,,actual
2024-10-19,10/17/2024,2024,KFM,Kale Lacinato - bu,$4.50,49,2,47,$211.50,,actual
2024-10-19,10/17/2024,2024,BFM,Kale Lacinato - bu,$4.50,50,0,50,$225.00,,actual
2024-10-16,10/15/2024,2024,EFM,Kohlrabi Storage - ea,$3.00,5,0,5,$15.00,,actual
2024-10-19,10/17/2024,2024,KFM,Kohlrabi Storage - ea,$3.00,15,7,8,$24.00,,actual
2024-10-19,10/17/2024,2024,BFM,Kohlrabi Storage - ea,$3.00,15,0,15,$45.00,,actual
2024-10-16,10/15/2024,2024,EFM,Lettuce Mini Gem - ea,$3.00,6,3,3,$9.00,,actual
2024-10-19,10/17/2024,2024,KFM,Lettuce Mini Gem - ea,$3.00,0,0,0,$0.00,,actual
2024-10-19,10/17/2024,2024,BFM,Lettuce Mini Gem - ea,$3.00,0,0,0,$0.00,,actual
2024-10-16,10/15/2024,2024,EFM,Parsley - bu,$3.50,4,0,4,$14.00,,actual
2024-10-19,10/17/2024,2024,KFM,Parsley - bu,$3.50,30,1,29,$101.50,,actual
2024-10-19,10/17/2024,2024,BFM,Parsley - bu,$3.50,25,1,24,$84.00,,actual
2024-10-16,10/15/2024,2024,EFM,Pepper Carmen - lb,$5.00,5,2.75,2.25,$11.25,,actual
2024-10-19,10/17/2024,2024,KFM,Pepper Carmen - lb,$5.00,170,35,135,$675.00,,actual
2024-10-19,10/17/2024,2024,BFM,Pepper Carmen - lb,$5.00,50,0,50,$250.00,,actual
2024-10-16,10/15/2024,2024,EFM,Pepper Hot - ea,$0.50,0,0,0,$0.00,Variety: gochugaru,actual
2024-10-16,10/15/2024,2024,EFM,Pepper Hot - ea,$0.50,15,0,15,$7.50,Variety: jalapeno,actual
2024-10-19,10/17/2024,2024,KFM,Pepper Hot - ea,$0.50,0,0,0,$0.00,Variety: gochugaru,actual
2024-10-19,10/17/2024,2024,KFM,Pepper Hot - ea,$1.00,50,17,33,$33.00,Variety: jalapeno,actual
2024-10-19,10/17/2024,2024,BFM,Pepper Hot - ea,$0.50,0,0,0,$0.00,Variety: gochugaru,actual
2024-10-19,10/17/2024,2024,BFM,Pepper Hot - ea,$1.00,50,1,49,$49.00,Variety: jalapeno,actual
2024-10-16,10/15/2024,2024,EFM,Pepper Lunchbox - Pt,$4.00,2,1,1,$4.00,,actual
2024-10-19,10/17/2024,2024,KFM,Pepper Lunchbox - Pt,$4.00,18,5,13,$52.00,,actual
2024-10-19,10/17/2024,2024,BFM,Pepper Lunchbox - Pt,$4.00,15,0,15,$60.00,,actual
2024-10-16,10/15/2024,2024,EFM,Pepper Lunchbox - Qt,$7.00,0,0,0,$0.00,,actual
2024-10-19,10/17/2024,2024,KFM,Pepper Lunchbox - Qt,$7.00,14,0,14,$98.00,,actual
2024-10-19,10/17/2024,2024,BFM,Pepper Lunchbox - Qt,$7.00,12,0,12,$84.00,,actual
2024-10-16,10/15/2024,2024,EFM,Pepper Shishito - Qt,$6.00,0,0,0,$0.00,,actual
2024-10-19,10/17/2024,2024,KFM,Pepper Shishito - Qt,$6.00,10,0,10,$59.95,,actual
2024-10-19,10/17/2024,2024,BFM,Pepper Shishito - Qt,$6.00,12,0,12,$71.94,,actual
2024-10-16,10/15/2024,2024,EFM,Potato Blue - lb,$6.00,5,0,5,$30.01,Variety: quarts,actual
2024-10-19,10/17/2024,2024,KFM,Potato Blue - lb,$3.50,90,5,85,$297.50,,actual
2024-10-19,10/17/2024,2024,BFM,Potato Blue - lb,$3.50,45,5.7,39.3,$137.55,,actual
2024-10-16,10/15/2024,2024,EFM,Puntarelle - lb,$9.00,0,0,0,$0.00,,actual
2024-10-19,10/17/2024,2024,KFM,Puntarelle - lb,$9.00,20,0,20,$180.00,,actual
2024-10-19,10/17/2024,2024,BFM,Puntarelle - lb,$9.00,7.5,0.75,6.75,$60.75,,actual
2024-10-16,10/15/2024,2024,EFM,Radicchio - lb,$8.00,3.1,2.3,0.8,$6.40,,actual
2024-10-19,10/17/2024,2024,KFM,Radicchio - lb,$8.00,23,1.8,21.2,$169.60,,actual
2024-10-19,10/17/2024,2024,BFM,Radicchio - lb,$8.00,7,0,7,$56.00,,actual
2024-10-16,10/15/2024,2024,EFM,Radicchio Treviso - lb,$8.00,0,0,0,$0.00,,actual
2024-10-19,10/17/2024,2024,KFM,Radicchio Treviso - lb,$8.00,22,0,22,$176.00,,actual
2024-10-19,10/17/2024,2024,BFM,Radicchio Treviso - lb,$8.00,4.5,0,4.5,$36.00,,actual
2024-10-16,10/15/2024,2024,EFM,Radicchio Variegated - lb,$8.00,1.3,0,1.3,$10.40,,actual
2024-10-19,10/17/2024,2024,KFM,Radicchio Variegated - lb,$8.00,14,0,14,$112.00,,actual
2024-10-19,10/17/2024,2024,BFM,Radicchio Variegated - lb,$8.00,5,1,4,$32.00,,actual
2024-10-16,10/15/2024,2024,EFM,Radish Mix - bu,$4.50,3,0,3,$13.51,,actual
2024-10-19,10/17/2024,2024,KFM,Radish Mix - bu,$4.50,10,1,9,$40.54,,actual
2024-10-19,10/17/2024,2024,BFM,Radish Mix - bu,$4.50,18,4,14,$63.06,,actual
2024-10-16,10/15/2024,2024,EFM,Radish Round Purple - bu,$3.50,2,1,1,$3.50,,actual
2024-10-19,10/17/2024,2024,KFM,Radish Round Purple - bu,$3.50,0,0,0,$0.00,,actual
2024-10-19,10/17/2024,2024,BFM,Radish Round Purple - bu,$3.50,0,0,0,$0.00,,actual
2024-10-16,10/15/2024,2024,EFM,Scallion - bu,$3.50,8,1,7,$24.50,,actual
2024-10-19,10/17/2024,2024,KFM,Scallion - bu,$3.50,54,2,52,$182.00,,actual
2024-10-19,10/17/2024,2024,BFM,Scallion - bu,$3.50,32,0,32,$112.00,,actual
2024-10-16,10/15/2024,2024,EFM,Tomato Sauce - Qt,$7.00,3,0,3,$21.00,,actual
2024-10-19,10/17/2024,2024,KFM,Tomato Sauce - Qt,$2.66,55,0,55,$146.30,,actual
2024-10-19,10/17/2024,2024,BFM,Tomato Sauce - Qt,$2.66,55,6,49,$130.34,,actual
2024-10-16,10/15/2024,2024,EFM,Turnip - bu,$4.50,3,1,2,$9.00,Variety: hakurei,actual
2024-10-16,10/15/2024,2024,EFM,Turnip - bu,$4.50,0,0,0,$0.00,Variety: scarlet,actual
2024-10-19,10/17/2024,2024,KFM,Turnip - bu,$4.50,13,0,13,$58.50,Variety: hakurei,actual
2024-10-19,10/17/2024,2024,KFM,Turnip - bu,$4.50,5,2,3,$13.50,Variety: scarlet,actual
2024-10-19,10/17/2024,2024,BFM,Turnip - bu,$4.50,8,0,8,$36.00,Variety: hakurei,actual
2024-10-19,10/17/2024,2024,BFM,Turnip - bu,$4.50,6,3,3,$13.50,Variety: scarlet,actual
2024-10-16,10/15/2024,2024,EFM,Winter Squash Delicata - lb,$4.00,6,3,3,$12.00,,actual
2024-10-19,10/17/2024,2024,KFM,Winter Squash Delicata - lb,$4.00,43.6,5,38.6,$154.40,,actual
2024-10-19,10/17/2024,2024,BFM,Winter Squash Delicata - lb,$4.00,0,0,0,$0.00,,actual
2024-10-16,10/15/2024,2024,EFM,Winter Squash Honeynut - lb,$4.00,10,1,9,$36.00,,actual
2024-10-19,10/17/2024,2024,KFM,Winter Squash Honeynut - lb,$4.00,74.4,25,49.4,$197.60,,actual
2024-10-19,10/17/2024,2024,BFM,Winter Squash Honeynut - lb,$4.00,49.6,22.2,27.4,$109.60,,actual
2024-10-26,10/24/2024,2024,KFM,Beets Golden - bu,$5.00,20,0,20,$100.00,,actual
2024-10-26,10/24/2024,2024,BFM,Beets Golden - bu,$5.00,10,0,10,$50.00,,actual
2024-10-23,10/22/2024,2024,EFM,Beets Golden - bu,$5.00,3,0,3,$15.00,,actual
2024-10-26,10/24/2024,2024,KFM,Beets Red - bu,$5.00,20,1,19,$95.00,,actual
2024-10-26,10/24/2024,2024,BFM,Beets Red - bu,$5.00,18,0,18,$90.00,,actual
2024-10-23,10/22/2024,2024,EFM,Beets Red - bu,$5.00,4,0,4,$20.00,,actual
2024-10-26,10/24/2024,2024,KFM,Braising Mix - 1 lb,$8.00,38,5,33,$264.00,,actual
2024-10-26,10/24/2024,2024,BFM,Braising Mix - 1 lb,$8.00,19,0,19,$152.00,,actual
2024-10-23,10/22/2024,2024,EFM,Braising Mix - 1 lb,$8.00,7,5,2,$16.00,,actual
2024-10-26,10/24/2024,2024,KFM,Broccolini - bu,$6.00,177,38,139,$834.00,,actual
2024-10-26,10/24/2024,2024,BFM,Broccolini - bu,$6.00,125,-25,150,$900.00,,actual
2024-10-23,10/22/2024,2024,EFM,Broccolini - bu,$6.00,10,0,10,$60.00,,actual
2024-10-26,10/24/2024,2024,KFM,Cabbage - lb,$2.00,32.2,0,32.2,$64.43,Variety: caraflex,actual
2024-10-26,10/24/2024,2024,KFM,Cabbage - lb,$2.00,35,0,35,$70.04,Variety: red,actual
2024-10-26,10/24/2024,2024,KFM,Cabbage - lb,$2.00,21,0,21,$42.02,Variety: savoy,actual
2024-10-26,10/24/2024,2024,BFM,Cabbage - lb,$2.00,39.5,0,39.5,$79.04,Variety: caraflex,actual
2024-10-26,10/24/2024,2024,BFM,Cabbage - lb,$2.00,34.4,0,34.4,$68.83,Variety: red,actual
2024-10-26,10/24/2024,2024,BFM,Cabbage - lb,$2.00,40,0,40,$80.04,Variety: savoy,actual
2024-10-23,10/22/2024,2024,EFM,Cabbage - lb,$2.00,5.9,0,5.9,$11.81,Variety: caraflex,actual
2024-10-23,10/22/2024,2024,EFM,Cabbage - lb,$2.00,6.4,6.4,0,$0.00,Variety: red,actual
2024-10-23,10/22/2024,2024,EFM,Cabbage - lb,$2.00,7.9,7.9,0,$0.00,Variety: savoy,actual
2024-10-26,10/24/2024,2024,KFM,Cabbage Chinese - lb,$2.00,27.1,0,27.1,$54.20,,actual
2024-10-26,10/24/2024,2024,BFM,Cabbage Chinese - lb,$2.00,14.7,4.9,9.8,$19.60,,actual
2024-10-23,10/22/2024,2024,EFM,Cabbage Chinese - lb,$2.00,9.6,9.6,0,$0.00,,actual
2024-10-26,10/24/2024,2024,KFM,Carrot - bu,$6.00,86,2,84,$504.00,,actual
2024-10-26,10/24/2024,2024,BFM,Carrot - bu,$6.00,75,0,75,$450.00,,actual
2024-10-23,10/22/2024,2024,EFM,Carrot - bu,$6.00,15,0,15,$90.00,,actual
2024-10-26,10/24/2024,2024,KFM,Cauliflower - lb,$4.00,82.3,0,82.3,$329.20,Variety: white,actual
2024-10-26,10/24/2024,2024,KFM,Cauliflower - lb,$4.00,30.25,0,30.25,$121.00,Variety: romanesco,actual
2024-10-26,10/24/2024,2024,BFM,Cauliflower - lb,$4.00,48.8,0,48.8,$195.20,Variety: white,actual
2024-10-26,10/24/2024,2024,BFM,Cauliflower - lb,$4.00,22.7,0,22.7,$90.80,Variety: romanesco,actual
2024-10-23,10/22/2024,2024,EFM,Cauliflower - lb,$4.00,0,0,0,$0.00,Variety: white,actual
2024-10-23,10/22/2024,2024,EFM,Cauliflower - lb,$4.00,0,0,0,$0.00,Variety: romanesco,actual
2024-10-26,10/24/2024,2024,KFM,Cauliflower Sprouting - lb,$4.00,94.5,0,94.5,$377.62,,actual
2024-10-26,10/24/2024,2024,BFM,Cauliflower Sprouting - lb,$4.00,71,0,71,$283.72,,actual
2024-10-23,10/22/2024,2024,EFM,Cauliflower Sprouting - lb,$4.00,9,1.25,7.75,$30.97,,actual
2024-10-26,10/24/2024,2024,KFM,Celery - bu,$4.50,30,0,30,$135.00,,actual
2024-10-26,10/24/2024,2024,BFM,Celery - bu,$4.50,30,0,30,$135.00,,actual
2024-10-23,10/22/2024,2024,EFM,Celery - bu,$4.50,4,0,4,$18.00,,actual
2024-10-26,10/24/2024,2024,KFM,Chard - bu,$4.50,12,0,12,$54.00,,actual
2024-10-26,10/24/2024,2024,BFM,Chard - bu,$4.50,20,0,20,$90.00,,actual
2024-10-23,10/22/2024,2024,EFM,Chard - bu,$4.50,4,0,4,$18.00,,actual
2024-10-26,10/24/2024,2024,KFM,Cilantro - bu,$3.50,35,0,35,$122.50,,actual
2024-10-26,10/24/2024,2024,BFM,Cilantro - bu,$3.50,30,0,30,$105.00,,actual
2024-10-23,10/22/2024,2024,EFM,Cilantro - bu,$3.50,5,0,5,$17.50,,actual
2024-10-26,10/24/2024,2024,KFM,Collards - bu,$4.50,15,0,15,$67.50,,actual
2024-10-26,10/24/2024,2024,BFM,Collards - bu,$4.50,16,0,16,$72.00,,actual
2024-10-23,10/22/2024,2024,EFM,Collards - bu,$4.50,2,0,2,$9.00,,actual
2024-10-26,10/24/2024,2024,KFM,Dandelion - bu,$4.50,12,0,12,$54.00,,actual
2024-10-26,10/24/2024,2024,BFM,Dandelion - bu,$4.50,8,0,8,$36.00,,actual
2024-10-23,10/22/2024,2024,EFM,Dandelion - bu,$4.50,3,2,1,$4.50,,actual
2024-10-26,10/24/2024,2024,KFM,Escarole - ea,$5.00,18,0,18,$90.00,,actual
2024-10-26,10/24/2024,2024,BFM,Escarole - ea,$5.00,6,0,6,$30.00,,actual
2024-10-23,10/22/2024,2024,EFM,Escarole - ea,$5.00,4,1,3,$15.00,,actual
2024-10-26,10/24/2024,2024,KFM,Fall Mix - 1 1/4 lb,$25.00,5,0,5,$125.00,,actual
2024-10-26,10/24/2024,2024,BFM,Fall Mix - 1 1/4 lb,$25.00,4,0,4,$100.00,,actual
2024-10-23,10/22/2024,2024,EFM,Fall Mix - 1 1/4 lb,$25.00,0,0,0,$0.00,,actual
2024-10-26,10/24/2024,2024,KFM,Fall Mix - 1/3 lb,$7.00,21,0,21,$147.00,,actual
2024-10-26,10/24/2024,2024,BFM,Fall Mix - 1/3 lb,$7.00,20,0,20,$140.00,,actual
2024-10-23,10/22/2024,2024,EFM,Fall Mix - 1/3 lb,$7.00,6,0,6,$42.00,,actual
2024-10-26,10/24/2024,2024,KFM,Fall Mix - 2/3 lb ,$14.00,23,0,23,$322.00,,actual
2024-10-26,10/24/2024,2024,BFM,Fall Mix - 2/3 lb ,$14.00,20,0,20,$280.00,,actual
2024-10-23,10/22/2024,2024,EFM,Fall Mix - 2/3 lb ,$14.00,5,0,5,$70.00,,actual
2024-10-26,10/24/2024,2024,KFM,Fennel - ea,$4.00,30,5,25,$100.00,,actual
2024-10-26,10/24/2024,2024,BFM,Fennel - ea,$4.00,27,0,27,$108.00,,actual
2024-10-23,10/22/2024,2024,EFM,Fennel - ea,$4.00,4,2,2,$8.00,,actual
2024-10-26,10/24/2024,2024,KFM,Kale Curly - bu,$4.50,20,0,20,$90.00,,actual
2024-10-26,10/24/2024,2024,BFM,Kale Curly - bu,$4.50,35,0,35,$157.50,,actual
2024-10-23,10/22/2024,2024,EFM,Kale Curly - bu,$4.50,3,1,2,$9.00,,actual
2024-10-26,10/24/2024,2024,KFM,Kale Lacinato - bu,$4.50,50,0,50,$225.00,,actual
2024-10-26,10/24/2024,2024,BFM,Kale Lacinato - bu,$4.50,50,0,50,$225.00,,actual
2024-10-23,10/22/2024,2024,EFM,Kale Lacinato - bu,$4.50,9,0,9,$40.50,,actual
2024-10-26,10/24/2024,2024,KFM,Kohlrabi Storage - ea,$3.00,10,3,7,$21.00,,actual
2024-10-26,10/24/2024,2024,BFM,Kohlrabi Storage - ea,$3.00,15,0,15,$45.00,,actual
2024-10-23,10/22/2024,2024,EFM,Kohlrabi Storage - ea,$3.00,6,2,4,$12.00,,actual
2024-10-26,10/24/2024,2024,KFM,Parsley - bu,$3.50,30,0,30,$105.00,,actual
2024-10-26,10/24/2024,2024,BFM,Parsley - bu,$3.50,25,0,25,$87.50,,actual
2024-10-23,10/22/2024,2024,EFM,Parsley - bu,$3.50,5,2,3,$10.50,,actual
2024-10-26,10/24/2024,2024,KFM,Pepper Carmen - lb,$5.00,16,0,16,$80.00,,actual
2024-10-26,10/24/2024,2024,BFM,Pepper Carmen - lb,$5.00,15,0,15,$75.00,,actual
2024-10-23,10/22/2024,2024,EFM,Pepper Carmen - lb,$5.00,4,0.25,3.75,$18.75,,actual
2024-10-26,10/24/2024,2024,KFM,Pepper Hot - ea,$1.00,0,0,0,$0.00,Variety: jalapeno,actual
2024-10-26,10/24/2024,2024,BFM,Pepper Hot - ea,$1.00,0,0,0,$0.00,Variety: jalapeno,actual
2024-10-23,10/22/2024,2024,EFM,Pepper Hot - ea,$1.00,0,0,0,$0.00,Variety: jalapeno,actual
2024-10-26,10/24/2024,2024,KFM,Pepper Shishito - Qt,$6.00,16,0,16,$95.92,,actual
2024-10-26,10/24/2024,2024,BFM,Pepper Shishito - Qt,$6.00,16,0,16,$95.92,,actual
2024-10-23,10/22/2024,2024,EFM,Pepper Shishito - Qt,$6.00,2,0,2,$11.99,,actual
2024-10-26,10/24/2024,2024,KFM,Potato Blue - lb,$3.50,0,0,0,$0.00,,actual
2024-10-26,10/24/2024,2024,BFM,Potato Blue - lb,$3.50,0,0,0,$0.00,,actual
2024-10-23,10/22/2024,2024,EFM,Potato Blue - lb,$6.00,4,0,4,$24.01,Variety: quarts,actual
2024-10-26,10/24/2024,2024,KFM,Puntarelle - lb,$9.00,49.4,5.1,44.3,$398.70,,actual
2024-10-26,10/24/2024,2024,BFM,Puntarelle - lb,$9.00,11.1,0.58,10.52,$94.68,,actual
2024-10-23,10/22/2024,2024,EFM,Puntarelle - lb,$9.00,0,0,0,$0.00,,actual
2024-10-26,10/24/2024,2024,KFM,Radicchio - lb,$8.00,25,3.3,21.7,$173.60,,actual
2024-10-26,10/24/2024,2024,KFM,Radicchio - lb,$9.00,18,3,15,$135.00,Variety: 1/2 bags,actual
2024-10-26,10/24/2024,2024,BFM,Radicchio - lb,$8.00,12.8,4.3,8.5,$68.00,,actual
2024-10-23,10/22/2024,2024,EFM,Radicchio - lb,$8.00,1.7,0,1.7,$13.60,,actual
2024-10-26,10/24/2024,2024,BFM,Radicchio - lb,$9.00,13,8,5,$45.00,Variety: 1/2 bags,actual
2024-10-26,10/24/2024,2024,KFM,Radicchio Treviso - lb,$8.00,26,2,24,$192.00,,actual
2024-10-26,10/24/2024,2024,BFM,Radicchio Treviso - lb,$8.00,8.3,0,8.3,$66.40,,actual
2024-10-23,10/22/2024,2024,EFM,Radicchio Treviso - lb,$8.00,1.3,0,1.3,$10.40,,actual
2024-10-26,10/24/2024,2024,KFM,Radicchio Variegated - lb,$8.00,11.5,0,11.5,$92.00,,actual
2024-10-26,10/24/2024,2024,BFM,Radicchio Variegated - lb,$8.00,4.3,0.81,3.49,$27.92,,actual
2024-10-23,10/22/2024,2024,EFM,Radicchio Variegated - lb,$8.00,1.4,0,1.4,$11.20,,actual
2024-10-26,10/24/2024,2024,KFM,Radish Mix - bu,$4.50,12,0,12,$54.05,,actual
2024-10-26,10/24/2024,2024,BFM,Radish Mix - bu,$4.50,17,1,16,$72.07,,actual
2024-10-23,10/22/2024,2024,EFM,Radish Mix - bu,$4.50,3,0,3,$13.51,,actual
2024-10-26,10/24/2024,2024,KFM,Scallion - bu,$3.50,55,0,55,$192.50,,actual
2024-10-26,10/24/2024,2024,BFM,Scallion - bu,$3.50,29,0,29,$101.50,,actual
2024-10-23,10/22/2024,2024,EFM,Scallion - bu,$3.50,8,1,7,$24.50,,actual
2024-10-26,10/24/2024,2024,KFM,Turnip - bu,$4.50,15,0,15,$67.50,Variety: hakurei,actual
2024-10-26,10/24/2024,2024,KFM,Turnip - bu,$4.50,4,1,3,$13.50,Variety: scarlet,actual
2024-10-26,10/24/2024,2024,BFM,Turnip - bu,$4.50,13,0,13,$58.50,Variety: hakurei,actual
2024-10-26,10/24/2024,2024,BFM,Turnip - bu,$4.50,4,0,4,$18.00,Variety: scarlet,actual
2024-10-23,10/22/2024,2024,EFM,Turnip - bu,$4.50,3,0,3,$13.50,Variety: hakurei,actual
2024-10-23,10/22/2024,2024,EFM,Turnip - bu,$4.50,0,0,0,$0.00,Variety: scarlet,actual
2024-10-26,10/24/2024,2024,BFM,Winter Squash Honeynut - lb,$4.00,60.8,0,60.8,$243.20,,actual
2024-10-23,10/22/2024,2024,EFM,Winter Squash Honeynut - lb,$4.00,9.3,1.8,7.5,$30.00,,actual
2024-10-26,10/24/2024,2024,KFM,Winter Squash Honeynut - lb,$4.00,85.9,30,55.9,$223.60,,actual
2024-10-26,10/24/2024,2024,BFM,Winter Squash Spaghetti - lb,$2.50,42.9,15.25,27.65,$69.01,Variety: futsu,actual
2024-10-26,10/24/2024,2024,KFM,Winter Squash Spaghetti - lb,$2.50,57.7,25,32.7,$81.62,Variety: futsu,actual
2024-10-30,10/29/2024,2024,EFM,Beets Golden - bu,$5.00,6,2,4,$20.00,,actual
2024-11-02,10/31/2024,2024,KFM,Beets Golden - bu,$5.00,15,4,11,$55.00,,actual
2024-11-02,10/31/2024,2024,BFM,Beets Golden - bu,$5.00,11,-4,15,$75.00,,actual
2024-10-30,10/29/2024,2024,EFM,Beets Red - bu,$5.00,6,1,5,$25.00,,actual
2024-11-02,10/31/2024,2024,KFM,Beets Red - bu,$5.00,21,5,16,$80.00,,actual
2024-11-02,10/31/2024,2024,BFM,Beets Red - bu,$5.00,20,-5,25,$125.00,,actual
2024-10-30,10/29/2024,2024,EFM,Braising Mix - 1 lb,$8.00,5,2,3,$24.00,,actual
2024-11-02,10/31/2024,2024,KFM,Braising Mix - 1 lb,$8.00,30,9,21,$168.00,,actual
2024-11-02,10/31/2024,2024,BFM,Braising Mix - 1 lb,$8.00,15,3,12,$96.00,,actual
2024-10-30,10/29/2024,2024,EFM,Broccolini - bu,$6.00,15,4,11,$66.00,,actual
2024-11-02,10/31/2024,2024,KFM,Broccolini - bu,$6.00,118,0,118,$708.00,,actual
2024-11-02,10/31/2024,2024,BFM,Broccolini - bu,$6.00,117,0,117,$702.00,,actual
2024-10-30,10/29/2024,2024,EFM,Cabbage - lb,$2.00,9,3,6,$12.01,Variety: caraflex,actual
2024-10-30,10/29/2024,2024,EFM,Cabbage - lb,$2.00,8.8,0,8.8,$17.61,Variety: red,actual
2024-10-30,10/29/2024,2024,EFM,Cabbage - lb,$2.00,4.4,0,4.4,$8.80,Variety: savoy,actual
2024-11-02,10/31/2024,2024,KFM,Cabbage - lb,$2.00,24.7,0,24.7,$49.42,Variety: caraflex,actual
2024-11-02,10/31/2024,2024,KFM,Cabbage - lb,$2.00,36.6,9.1,27.5,$55.03,Variety: red,actual
2024-11-02,10/31/2024,2024,KFM,Cabbage - lb,$2.00,22.4,7.4,15,$30.02,Variety: savoy,actual
2024-11-02,10/31/2024,2024,BFM,Cabbage - lb,$2.00,32,0,32,$64.03,Variety: caraflex,actual
2024-11-02,10/31/2024,2024,BFM,Cabbage - lb,$2.00,37.9,0,37.9,$75.84,Variety: red,actual
2024-11-02,10/31/2024,2024,BFM,Cabbage - lb,$2.00,38,15.2,22.8,$45.62,Variety: savoy,actual
2024-10-30,10/29/2024,2024,EFM,Cabbage Chinese - lb,$2.00,5,0,5,$10.00,,actual
2024-11-02,10/31/2024,2024,KFM,Cabbage Chinese - lb,$2.00,19.8,0,19.8,$39.60,,actual
2024-11-02,10/31/2024,2024,BFM,Cabbage Chinese - lb,$2.00,7.75,0,7.75,$15.50,,actual
2024-10-30,10/29/2024,2024,EFM,Carrot - bu,$6.00,22,5,17,$102.00,,actual
2024-11-02,10/31/2024,2024,KFM,Carrot - bu,$6.00,91,7,84,$504.00,,actual
2024-11-02,10/31/2024,2024,BFM,Carrot - bu,$6.00,85,2,83,$498.00,,actual
2024-10-30,10/29/2024,2024,EFM,Cauliflower - lb,$4.00,7,0,7,$28.00,Variety: white,actual
2024-10-30,10/29/2024,2024,EFM,Cauliflower - lb,$4.00,3,0,3,$12.00,Variety: romanesco,actual
2024-10-30,10/29/2024,2024,EFM,Cauliflower - lb,$4.00,5.3,0,5.3,$21.20,Variety: purple,actual
2024-11-02,10/31/2024,2024,KFM,Cauliflower - lb,$4.00,200,45,155,$620.00,Variety: white,actual
2024-11-02,10/31/2024,2024,KFM,Cauliflower - lb,$4.00,48.7,0,48.7,$194.80,Variety: romanesco,actual
2024-11-02,10/31/2024,2024,KFM,Cauliflower - lb,$4.00,86.9,0,86.9,$347.60,Variety: purple,actual
2024-11-02,10/31/2024,2024,BFM,Cauliflower - lb,$4.00,182.75,0,182.75,$731.00,Variety: white,actual
2024-11-02,10/31/2024,2024,BFM,Cauliflower - lb,$4.00,44.3,0,44.3,$177.20,Variety: romanesco,actual
2024-11-02,10/31/2024,2024,BFM,Cauliflower - lb,$4.00,82.25,0,82.25,$329.00,Variety: purple,actual
2024-10-30,10/29/2024,2024,EFM,Cauliflower Sprouting - lb,$4.00,6,2,4,$15.98,,actual
2024-11-02,10/31/2024,2024,KFM,Cauliflower Sprouting - lb,$4.00,0,0,0,$0.00,,actual
2024-11-02,10/31/2024,2024,BFM,Cauliflower Sprouting - lb,$4.00,6,0,6,$23.98,,actual
2024-10-30,10/29/2024,2024,EFM,Celery - bu,$4.50,6,2,4,$18.00,,actual
2024-11-02,10/31/2024,2024,KFM,Celery - bu,$4.50,36,3,33,$148.50,,actual
2024-11-02,10/31/2024,2024,BFM,Celery - bu,$4.50,36,3,33,$148.50,,actual
2024-10-30,10/29/2024,2024,EFM,Chard - bu,$4.50,6,1,5,$22.50,,actual
2024-11-02,10/31/2024,2024,KFM,Chard - bu,$4.50,14,0,14,$63.00,,actual
2024-11-02,10/31/2024,2024,BFM,Chard - bu,$4.50,25,0,25,$112.50,,actual
2024-10-30,10/29/2024,2024,EFM,Cilantro - bu,$3.50,8,3,5,$17.50,,actual
2024-11-02,10/31/2024,2024,KFM,Cilantro - bu,$3.50,40,0,40,$140.00,,actual
2024-11-02,10/31/2024,2024,BFM,Cilantro - bu,$3.50,35,2,33,$115.50,,actual
2024-10-30,10/29/2024,2024,EFM,Collards - bu,$4.50,4,2,2,$9.00,,actual
2024-11-02,10/31/2024,2024,KFM,Collards - bu,$4.50,28,1,27,$121.50,,actual
2024-11-02,10/31/2024,2024,BFM,Collards - bu,$4.50,20,2,18,$81.00,,actual
2024-10-30,10/29/2024,2024,EFM,Dandelion - bu,$4.50,3,3,0,$0.00,,actual
2024-11-02,10/31/2024,2024,KFM,Dandelion - bu,$4.50,15,0,15,$67.50,,actual
2024-11-02,10/31/2024,2024,BFM,Dandelion - bu,$4.50,12,3,9,$40.50,,actual
2024-10-30,10/29/2024,2024,EFM,Escarole - ea,$5.00,4,2,2,$10.00,,actual
2024-11-02,10/31/2024,2024,KFM,Escarole - ea,$5.00,18,0,18,$90.00,,actual
2024-11-02,10/31/2024,2024,BFM,Escarole - ea,$5.00,9,0,9,$45.00,,actual
2024-10-30,10/29/2024,2024,EFM,Fall Mix - 1 1/4 lb,$25.00,0,0,0,$0.00,,actual
2024-11-02,10/31/2024,2024,KFM,Fall Mix - 1 1/4 lb,$25.00,5,0,5,$125.00,,actual
2024-11-02,10/31/2024,2024,BFM,Fall Mix - 1 1/4 lb,$25.00,5,0,5,$125.00,,actual
2024-10-30,10/29/2024,2024,EFM,Fall Mix - 1/3 lb,$7.00,8,5,3,$21.00,,actual
2024-11-02,10/31/2024,2024,KFM,Fall Mix - 1/3 lb,$7.00,20,0,20,$140.00,,actual
2024-11-02,10/31/2024,2024,BFM,Fall Mix - 1/3 lb,$7.00,21,0,21,$147.00,,actual
2024-10-30,10/29/2024,2024,EFM,Fall Mix - 2/3 lb ,$14.00,7,0,7,$98.00,,actual
2024-11-02,10/31/2024,2024,KFM,Fall Mix - 2/3 lb ,$14.00,20,0,20,$280.00,,actual
2024-11-02,10/31/2024,2024,BFM,Fall Mix - 2/3 lb ,$14.00,20,0,20,$280.00,,actual
2024-10-30,10/29/2024,2024,EFM,Fennel - ea,$4.00,0,0,0,$0.00,,actual
2024-11-02,10/31/2024,2024,KFM,Fennel - ea,$4.00,25,0,25,$100.00,,actual
2024-11-02,10/31/2024,2024,BFM,Fennel - ea,$4.00,25,0,25,$100.00,,actual
2024-10-30,10/29/2024,2024,EFM,Kale Curly - bu,$4.50,3,0,3,$13.50,,actual
2024-11-02,10/31/2024,2024,KFM,Kale Curly - bu,$4.50,22,3,19,$85.50,,actual
2024-11-02,10/31/2024,2024,BFM,Kale Curly - bu,$4.50,32,0,32,$144.00,,actual
2024-10-30,10/29/2024,2024,EFM,Kale Lacinato - bu,$4.50,12,3,9,$40.50,,actual
2024-11-02,10/31/2024,2024,KFM,Kale Lacinato - bu,$4.50,68,3,65,$292.50,,actual
2024-11-02,10/31/2024,2024,BFM,Kale Lacinato - bu,$4.50,68,1,67,$301.50,,actual
2024-10-30,10/29/2024,2024,EFM,Kohlrabi Storage - ea,$3.00,6,4,2,$6.00,,actual
2024-11-02,10/31/2024,2024,KFM,Kohlrabi Storage - ea,$3.00,10,3,7,$21.00,,actual
2024-11-02,10/31/2024,2024,BFM,Kohlrabi Storage - ea,$3.00,15,2,13,$39.00,,actual
2024-10-30,10/29/2024,2024,EFM,Parsley - bu,$3.50,5,0,5,$17.50,,actual
2024-11-02,10/31/2024,2024,KFM,Parsley - bu,$3.50,35,0,35,$122.50,,actual
2024-11-02,10/31/2024,2024,BFM,Parsley - bu,$3.50,35,0,35,$122.50,,actual
2024-10-30,10/29/2024,2024,EFM,Potato Blue - lb,$3.50,0,0,0,$0.00,,actual
2024-11-02,10/31/2024,2024,KFM,Potato Blue - lb,$3.50,0,0,0,$0.00,,actual
2024-11-02,10/31/2024,2024,BFM,Potato Blue - lb,$3.50,0,0,0,$0.00,,actual
2024-10-30,10/29/2024,2024,EFM,Puntarelle - lb,$9.00,0,0,0,$0.00,,actual
2024-11-02,10/31/2024,2024,KFM,Puntarelle - lb,$9.00,49.6,7,42.6,$383.40,,actual
2024-11-02,10/31/2024,2024,BFM,Puntarelle - lb,$9.00,16.3,2,14.3,$128.70,,actual
2024-10-30,10/29/2024,2024,EFM,Radicchio - lb,$8.00,3.8,2.2,1.6,$12.80,,actual
2024-10-30,10/29/2024,2024,EFM,Radicchio - lb,$8.00,0,0,0,$0.00,Variety: pink,actual
2024-10-30,10/29/2024,2024,EFM,Radicchio - lb,$9.00,0,0,0,$0.00,Variety: 1/2 bags,actual
2024-11-02,10/31/2024,2024,KFM,Radicchio - lb,$8.00,16,4.8,11.2,$89.60,,actual
2024-11-02,10/31/2024,2024,KFM,Radicchio - lb,$8.00,4.4,0,4.4,$35.20,Variety: pink,actual
2024-11-02,10/31/2024,2024,KFM,Radicchio - lb,$9.00,15,0,15,$135.00,Variety: 1/2 bags,actual
2024-11-02,10/31/2024,2024,BFM,Radicchio - lb,$8.00,15.1,0,15.1,$120.80,,actual
2024-11-02,10/31/2024,2024,BFM,Radicchio - lb,$8.00,0,0,0,$0.00,Variety: pink,actual
2024-11-02,10/31/2024,2024,BFM,Radicchio - lb,$9.00,0,0,0,$0.00,Variety: 1/2 bags,actual
2024-10-30,10/29/2024,2024,EFM,Radicchio Treviso - lb,$8.00,1.9,1.2,0.7,$5.60,,actual
2024-11-02,10/31/2024,2024,KFM,Radicchio Treviso - lb,$8.00,20,2.4,17.6,$140.80,,actual
2024-11-02,10/31/2024,2024,BFM,Radicchio Treviso - lb,$8.00,8.3,0,8.3,$66.40,,actual
2024-10-30,10/29/2024,2024,EFM,Radicchio Variegated - lb,$8.00,1.8,0.9,0.9,$7.20,,actual
2024-11-02,10/31/2024,2024,KFM,Radicchio Variegated - lb,$8.00,20,0,20,$160.00,,actual
2024-11-02,10/31/2024,2024,BFM,Radicchio Variegated - lb,$8.00,5.5,0,5.5,$44.00,,actual
2024-10-30,10/29/2024,2024,EFM,Radish Mix - bu,$4.50,5,5,0,$0.00,,actual
2024-11-02,10/31/2024,2024,KFM,Radish Mix - bu,$4.50,17,1,16,$72.07,,actual
2024-11-02,10/31/2024,2024,BFM,Radish Mix - bu,$4.50,18,0,18,$81.08,,actual
2024-10-30,10/29/2024,2024,EFM,Scallion - bu,$3.50,8,4,4,$14.00,,actual
2024-11-02,10/31/2024,2024,KFM,Scallion - bu,$3.50,60,1,59,$206.50,,actual
2024-11-02,10/31/2024,2024,BFM,Scallion - bu,$3.50,35,0,35,$122.50,,actual
2024-10-30,10/29/2024,2024,EFM,Turnip Bulk - lb,$3.50,0,0,0,$0.00,Variety: hakurei pints,actual
2024-10-30,10/29/2024,2024,EFM,Turnip Bulk - lb,$3.50,0,0,0,$0.00,Variety: scarlet,actual
2024-11-02,10/31/2024,2024,KFM,Turnip Bulk - lb,$3.50,0,0,0,$0.00,Variety: hakurei,actual
2024-11-02,10/31/2024,2024,KFM,Turnip Bulk - lb,$3.50,0,0,0,$0.00,Variety: scarlet,actual
2024-11-02,10/31/2024,2024,BFM,Turnip Bulk - lb,$3.50,0,0,0,$0.00,Variety: hakurei,actual
2024-11-02,10/31/2024,2024,BFM,Turnip Bulk - lb,$3.50,0,0,0,$0.00,Variety: scarlet,actual
2024-10-30,10/29/2024,2024,EFM,Winter Squash Honeynut - lb,$5.00,12.2,5.3,6.9,$34.50,,actual
2024-11-02,10/31/2024,2024,KFM,Winter Squash Honeynut - lb,$5.00,69,10,59,$295.00,,actual
2024-11-02,10/31/2024,2024,BFM,Winter Squash Honeynut - lb,$5.00,56,0,56,$280.00,,actual
2024-10-30,10/29/2024,2024,EFM,Winter Squash Spaghetti - lb,$2.50,9.75,4.8,4.95,$12.36,Variety: futsu,actual
2024-11-02,10/31/2024,2024,KFM,Winter Squash Spaghetti - lb,$2.50,73,32.1,40.9,$102.09,Variety: futsu,actual
2024-11-02,10/31/2024,2024,BFM,Winter Squash Spaghetti - lb,$2.50,37.2,20,17.2,$42.93,Variety: futsu,actual
2024-11-06,11/5/2024,2024,EFM,Beets Red - bu,$5.00,6,4,2,$10.00,,actual
2024-11-09,11/7/2024,2024,KFM,Beets Red - bu,$5.00,25,3,22,$110.00,,actual
2024-11-09,11/7/2024,2024,BFM,Beets Red - bu,$5.00,25,0,25,$125.00,,actual
2024-11-06,11/5/2024,2024,EFM,Braising Mix - 1 lb,$8.00,5,4,1,$8.00,,actual
2024-11-09,11/7/2024,2024,KFM,Braising Mix - 1 lb,$8.00,21,0,21,$168.00,,actual
2024-11-09,11/7/2024,2024,BFM,Braising Mix - 1 lb,$8.00,12,2,10,$80.00,,actual
2024-11-06,11/5/2024,2024,EFM,Broccolini - bu,$6.00,10,0,10,$60.00,,actual
2024-11-09,11/7/2024,2024,KFM,Broccolini - bu,$6.00,95,0,95,$570.00,,actual
2024-11-09,11/7/2024,2024,BFM,Broccolini - bu,$6.00,94,0,94,$564.00,,actual
2024-11-06,11/5/2024,2024,EFM,Cabbage - lb,$2.00,6.3,3.1,3.2,$6.40,Variety: caraflex,actual
2024-11-06,11/5/2024,2024,EFM,Cabbage - lb,$2.00,0,0,0,$0.00,Variety: murdoc,actual
2024-11-06,11/5/2024,2024,EFM,Cabbage - lb,$2.00,6.9,3.4,3.5,$7.00,Variety: red,actual
2024-11-06,11/5/2024,2024,EFM,Cabbage - lb,$2.00,4,0,4,$8.00,Variety: savoy,actual
2024-11-09,11/7/2024,2024,KFM,Cabbage - lb,$2.00,25.2,0,25.2,$50.43,Variety: caraflex,actual
2024-11-09,11/7/2024,2024,KFM,Cabbage - lb,$2.00,37,14.8,22.2,$44.42,Variety: murdoc,actual
2024-11-09,11/7/2024,2024,KFM,Cabbage - lb,$2.00,33.1,3.3,29.8,$59.63,Variety: red,actual
2024-11-09,11/7/2024,2024,KFM,Cabbage - lb,$2.00,20.75,0,20.75,$41.52,Variety: savoy,actual
2024-11-09,11/7/2024,2024,BFM,Cabbage - lb,$2.00,23.4,0,23.4,$46.82,Variety: caraflex,actual
2024-11-09,11/7/2024,2024,BFM,Cabbage - lb,$2.00,37.5,22.5,15,$30.02,Variety: murdoc,actual
2024-11-09,11/7/2024,2024,BFM,Cabbage - lb,$2.00,37.1,8.2,28.9,$57.83,Variety: red,actual
2024-11-09,11/7/2024,2024,BFM,Cabbage - lb,$2.00,21.6,4.3,17.3,$34.62,Variety: savoy,actual
2024-11-06,11/5/2024,2024,EFM,Cabbage Chinese - lb,$2.00,4.6,4.6,0,$0.00,,actual
2024-11-09,11/7/2024,2024,KFM,Cabbage Chinese - lb,$2.00,0,0,0,$0.00,,actual
2024-11-09,11/7/2024,2024,BFM,Cabbage Chinese - lb,$2.00,0,0,0,$0.00,,actual
2024-11-06,11/5/2024,2024,EFM,Carrot - bu,$6.00,18,4,14,$84.00,,actual
2024-11-09,11/7/2024,2024,KFM,Carrot - bu,$6.00,90,6,84,$504.00,,actual
2024-11-09,11/7/2024,2024,BFM,Carrot - bu,$6.00,92,4,88,$528.00,,actual
2024-11-06,11/5/2024,2024,EFM,Cauliflower - lb,$4.00,8.25,2,6.25,$25.00,Variety: white,actual
2024-11-06,11/5/2024,2024,EFM,Cauliflower - lb,$4.00,5.5,0,5.5,$22.00,Variety: romanesco,actual
2024-11-06,11/5/2024,2024,EFM,Cauliflower - lb,$4.00,6.75,0,6.75,$27.00,Variety: purple,actual
2024-11-09,11/7/2024,2024,KFM,Cauliflower - lb,$4.00,186,60,126,$504.00,Variety: white,actual
2024-11-09,11/7/2024,2024,KFM,Cauliflower - lb,$4.00,24,0,24,$96.00,Variety: romanesco,actual
2024-11-09,11/7/2024,2024,KFM,Cauliflower - lb,$4.00,76,0,76,$304.00,Variety: purple,actual
2024-11-09,11/7/2024,2024,BFM,Cauliflower - lb,$4.00,231,45,186,$744.00,Variety: white,actual
2024-11-09,11/7/2024,2024,BFM,Cauliflower - lb,$4.00,17.75,0,17.75,$71.00,Variety: romanesco,actual
2024-11-09,11/7/2024,2024,BFM,Cauliflower - lb,$4.00,75,0,75,$300.00,Variety: purple,actual
2024-11-06,11/5/2024,2024,EFM,Celery - bu,$4.50,4,0,4,$18.00,,actual
2024-11-09,11/7/2024,2024,KFM,Celery - bu,$4.50,32,0,32,$144.00,,actual
2024-11-09,11/7/2024,2024,BFM,Celery - bu,$4.50,32,0,32,$144.00,,actual
2024-11-06,11/5/2024,2024,EFM,Chard - bu,$4.50,5,3,2,$9.00,,actual
2024-11-09,11/7/2024,2024,KFM,Chard - bu,$4.50,15,0,15,$67.50,,actual
2024-11-09,11/7/2024,2024,BFM,Chard - bu,$4.50,25,0,25,$112.50,,actual
2024-11-06,11/5/2024,2024,EFM,Cilantro - bu,$3.50,5,0,5,$17.50,,actual
2024-11-09,11/7/2024,2024,KFM,Cilantro - bu,$3.50,40,0,40,$140.00,,actual
2024-11-09,11/7/2024,2024,BFM,Cilantro - bu,$3.50,35,12,23,$80.50,,actual
2024-11-06,11/5/2024,2024,EFM,Collards - bu,$4.50,3,2,1,$4.50,,actual
2024-11-09,11/7/2024,2024,KFM,Collards - bu,$4.50,28,4,24,$108.00,,actual
2024-11-09,11/7/2024,2024,BFM,Collards - bu,$4.50,20,0,20,$90.00,,actual
2024-11-06,11/5/2024,2024,EFM,Dandelion - bu,$4.50,2,1,1,$4.50,,actual
2024-11-09,11/7/2024,2024,KFM,Dandelion - bu,$4.50,16,1,15,$67.50,,actual
2024-11-09,11/7/2024,2024,BFM,Dandelion - bu,$4.50,10,0,10,$45.00,,actual
2024-11-06,11/5/2024,2024,EFM,Escarole - ea,$5.00,3,0,3,$15.00,,actual
2024-11-09,11/7/2024,2024,KFM,Escarole - ea,$5.00,20,3,17,$85.00,,actual
2024-11-09,11/7/2024,2024,BFM,Escarole - ea,$5.00,12,0,12,$60.00,,actual
2024-11-06,11/5/2024,2024,EFM,Fall Mix - 1 1/4 lb,$25.00,0,0,0,$0.00,,actual
2024-11-09,11/7/2024,2024,KFM,Fall Mix - 1 1/4 lb,$25.00,4,0,4,$100.00,,actual
2024-11-09,11/7/2024,2024,BFM,Fall Mix - 1 1/4 lb,$25.00,3,0,3,$75.00,,actual
2024-11-06,11/5/2024,2024,EFM,Fall Mix - 1/3 lb,$7.00,5,3,2,$14.00,,actual
2024-11-09,11/7/2024,2024,KFM,Fall Mix - 1/3 lb,$7.00,21,0,21,$147.00,,actual
2024-11-09,11/7/2024,2024,BFM,Fall Mix - 1/3 lb,$7.00,20,0,20,$140.00,,actual
2024-11-06,11/5/2024,2024,EFM,Fall Mix - 2/3 lb ,$14.00,7,4,3,$42.00,,actual
2024-11-09,11/7/2024,2024,KFM,Fall Mix - 2/3 lb ,$14.00,20,0,20,$280.00,,actual
2024-11-09,11/7/2024,2024,BFM,Fall Mix - 2/3 lb ,$14.00,20,0,20,$280.00,,actual
2024-11-06,11/5/2024,2024,EFM,Fennel - ea,$4.00,0,0,0,$0.00,,actual
2024-11-09,11/7/2024,2024,KFM,Fennel - ea,$4.00,20,0,20,$80.00,,actual
2024-11-09,11/7/2024,2024,BFM,Fennel - ea,$4.00,20,0,20,$80.00,,actual
2024-11-06,11/5/2024,2024,EFM,Kale Curly - bu,$4.50,4,3,1,$4.50,,actual
2024-11-09,11/7/2024,2024,KFM,Kale Curly - bu,$4.50,21,4,17,$76.50,,actual
2024-11-09,11/7/2024,2024,BFM,Kale Curly - bu,$4.50,32,0,32,$144.00,,actual
2024-11-06,11/5/2024,2024,EFM,Kale Lacinato - bu,$4.50,9,3,6,$27.00,,actual
2024-11-09,11/7/2024,2024,KFM,Kale Lacinato - bu,$4.50,65,1,64,$288.00,,actual
2024-11-09,11/7/2024,2024,BFM,Kale Lacinato - bu,$4.50,65,3,62,$279.00,,actual
2024-11-06,11/5/2024,2024,EFM,Kohlrabi Storage - ea,$3.00,3,0,3,$9.00,,actual
2024-11-09,11/7/2024,2024,KFM,Kohlrabi Storage - ea,$3.00,9,5,4,$12.00,,actual
2024-11-09,11/7/2024,2024,BFM,Kohlrabi Storage - ea,$3.00,15,10,5,$15.00,,actual
2024-11-06,11/5/2024,2024,EFM,Parsley - bu,$3.50,5,3,2,$7.00,,actual
2024-11-09,11/7/2024,2024,KFM,Parsley - bu,$3.50,40,0,40,$140.00,,actual
2024-11-09,11/7/2024,2024,BFM,Parsley - bu,$3.50,32,1,31,$108.50,,actual
2024-11-06,11/5/2024,2024,EFM,Potato Yellow - lb,$6.00,7,0,7,$42.02,Variety: quarts,actual
2024-11-09,11/7/2024,2024,KFM,Potato Yellow - lb,$3.50,75,0,75,$262.50,,actual
2024-11-09,11/7/2024,2024,BFM,Potato Yellow - lb,$3.50,50,3.1,46.9,$164.15,,actual
2024-11-06,11/5/2024,2024,EFM,Puntarelle - lb,$9.00,0,0,0,$0.00,,actual
2024-11-09,11/7/2024,2024,KFM,Puntarelle - lb,$9.00,31.8,2.5,29.3,$263.70,,actual
2024-11-09,11/7/2024,2024,BFM,Puntarelle - lb,$9.00,14,0,14,$126.00,,actual
2024-11-06,11/5/2024,2024,EFM,Radicchio - lb,$8.00,3.4,1.1,2.3,$18.40,,actual
2024-11-06,11/5/2024,2024,EFM,Radicchio - lb,$9.00,0,0,0,$0.00,Variety: pink,actual
2024-11-06,11/5/2024,2024,EFM,Radicchio - lb,$9.00,0,0,0,$0.00,Variety: 1/2 bags,actual
2024-11-09,11/7/2024,2024,KFM,Radicchio - lb,$8.00,16.2,2.1,14.1,$112.80,,actual
2024-11-09,11/7/2024,2024,KFM,Radicchio - lb,$9.00,9.75,0,9.75,$87.75,Variety: pink,actual
2024-11-09,11/7/2024,2024,KFM,Radicchio - lb,$9.00,16,8,8,$72.00,Variety: 1/2 bags,actual
2024-11-09,11/7/2024,2024,BFM,Radicchio - lb,$8.00,17.7,4.72,12.98,$103.84,,actual
2024-11-09,11/7/2024,2024,BFM,Radicchio - lb,$9.00,2.3,0,2.3,$20.70,Variety: pink,actual
2024-11-09,11/7/2024,2024,BFM,Radicchio - lb,$9.00,0,0,0,$0.00,Variety: 1/2 bags,actual
2024-11-06,11/5/2024,2024,EFM,Radicchio Treviso - lb,$8.00,1.6,0,1.6,$12.80,,actual
2024-11-09,11/7/2024,2024,KFM,Radicchio Treviso - lb,$8.00,17.3,1.7,15.6,$124.80,,actual
2024-11-09,11/7/2024,2024,BFM,Radicchio Treviso - lb,$8.00,12.5,2.5,10,$80.00,,actual
2024-11-06,11/5/2024,2024,EFM,Radicchio Variegated - lb,$8.00,2.5,0.83,1.67,$13.36,,actual
2024-11-09,11/7/2024,2024,KFM,Radicchio Variegated - lb,$8.00,17.8,0.8,17,$136.00,,actual
2024-11-09,11/7/2024,2024,BFM,Radicchio Variegated - lb,$8.00,6.7,0.67,6.03,$48.24,,actual
2024-11-06,11/5/2024,2024,EFM,Radish Mix - bu,$4.50,4,0,4,$18.02,,actual
2024-11-09,11/7/2024,2024,KFM,Radish Mix - bu,$4.50,16,0,16,$72.07,,actual
2024-11-09,11/7/2024,2024,BFM,Radish Mix - bu,$4.50,18,0,18,$81.08,,actual
2024-11-06,11/5/2024,2024,EFM,Scallion - bu,$3.50,6,0,6,$21.00,,actual
2024-11-09,11/7/2024,2024,KFM,Scallion - bu,$3.50,60,0,60,$210.00,,actual
2024-11-09,11/7/2024,2024,BFM,Scallion - bu,$3.50,40,0,40,$140.00,,actual
2024-11-06,11/5/2024,2024,EFM,Sweet Potatoes - lb,$6.00,8,2.75,5.25,$31.51,Variety: murasaki,actual
2024-11-09,11/7/2024,2024,KFM,Sweet Potatoes - lb,$3.50,45,5,40,$140.00,Variety: murasaki,actual
2024-11-09,11/7/2024,2024,BFM,Sweet Potatoes - lb,$3.50,33.75,9.8,23.95,$83.83,Variety: murasaki,actual
2024-11-06,11/5/2024,2024,EFM,Turnip Bulk - lb,$3.50,0,0,0,$0.00,Variety: hakurei,actual
2024-11-06,11/5/2024,2024,EFM,Turnip Bulk - lb,$3.50,0,0,0,$0.00,Variety: scarlet,actual
2024-11-09,11/7/2024,2024,KFM,Turnip Bulk - lb,$3.50,20,3,17,$59.50,Variety: hakurei,actual
2024-11-09,11/7/2024,2024,KFM,Turnip Bulk - lb,$3.50,0,0,0,$0.00,Variety: scarlet,actual
2024-11-09,11/7/2024,2024,BFM,Turnip Bulk - lb,$3.50,15,6,9,$31.50,Variety: hakurei,actual
2024-11-09,11/7/2024,2024,BFM,Turnip Bulk - lb,$3.50,0,0,0,$0.00,Variety: scarlet,actual
2024-11-06,11/5/2024,2024,EFM,Winter Squash Butternut - lb,$3.00,5.5,0,5.5,$16.50,,actual
2024-11-09,11/7/2024,2024,KFM,Winter Squash Butternut - lb,$2.50,46,18.9,27.1,$67.64,,actual
2024-11-09,11/7/2024,2024,BFM,Winter Squash Butternut - lb,$3.00,42.9,9.9,33,$99.00,,actual
2024-11-06,11/5/2024,2024,EFM,Winter Squash Honeynut - lb,$5.00,9.4,3.1,6.3,$31.50,,actual
2024-11-09,11/7/2024,2024,KFM,Winter Squash Honeynut - lb,$5.00,59,31.4,27.6,$138.00,,actual
2024-11-09,11/7/2024,2024,BFM,Winter Squash Honeynut - lb,$5.00,62,24.5,37.5,$187.50,,actual
2024-11-06,11/5/2024,2024,EFM,Winter Squash Spaghetti - lb,$2.50,4.6,0,4.6,$11.48,Variety: futsu,actual
2024-11-09,11/7/2024,2024,KFM,Winter Squash Spaghetti - lb,$2.50,32,14.2,17.8,$44.43,Variety: futsu,actual
2024-11-09,11/7/2024,2024,BFM,Winter Squash Spaghetti - lb,$2.50,26.9,10.7,16.2,$40.44,Variety: futsu,actual
2024-11-13,11/12/2024,2024,EFM,Arugula - 1/3 lb,$7.00,0,0,0,$0.00,,actual
2024-11-16,11/14/2024,2024,KFM,Arugula - 1/3 lb,$7.00,21,0,21,$147.00,,actual
2024-11-16,11/14/2024,2024,BFM,Arugula - 1/3 lb,$7.00,21,0,21,$147.00,,actual
2024-11-13,11/12/2024,2024,EFM,Beets Red - bu,$5.00,5,0,5,$25.00,,actual
2024-11-16,11/14/2024,2024,KFM,Beets Red - bu,$5.00,22,0,22,$110.00,,actual
2024-11-16,11/14/2024,2024,BFM,Beets Red - bu,$5.00,25,0,25,$125.00,,actual
2024-11-13,11/12/2024,2024,EFM,Braising Mix - 1 lb,$8.00,0,0,0,$0.00,,actual
2024-11-16,11/14/2024,2024,KFM,Braising Mix - 1 lb,$8.00,31,0,31,$248.00,,actual
2024-11-16,11/14/2024,2024,BFM,Braising Mix - 1 lb,$8.00,16,3,13,$104.00,,actual
2024-11-13,11/12/2024,2024,EFM,Broccolini - bu,$6.00,10,0,10,$60.00,Variety: bunched,actual
2024-11-13,11/12/2024,2024,EFM,Broccolini - bu,$9.00,0,0,0,$0.00,Variety: loose,actual
2024-11-16,11/14/2024,2024,KFM,Broccolini - bu,$6.00,142,52,90,$540.00,Variety: bunched,actual
2024-11-16,11/14/2024,2024,KFM,Broccolini - bu,$9.00,21,3,18,$162.00,Variety: loose,actual
2024-11-16,11/14/2024,2024,BFM,Broccolini - bu,$6.00,109,-25,134,$804.00,Variety: bunched,actual
2024-11-16,11/14/2024,2024,BFM,Broccolini - bu,$9.00,21,0,21,$189.00,Variety: loose,actual
2024-11-13,11/12/2024,2024,EFM,Brussels Sprouts - ea,$7.00,8,0,8,$56.00,,actual
2024-11-16,11/14/2024,2024,KFM,Brussels Sprouts - ea,$7.00,40,0,40,$280.00,,actual
2024-11-16,11/14/2024,2024,BFM,Brussels Sprouts - ea,$7.00,40,0,40,$280.00,,actual
2024-11-13,11/12/2024,2024,EFM,Cabbage - lb,$2.00,3.4,0,3.4,$6.80,Variety: caraflex,actual
2024-11-13,11/12/2024,2024,EFM,Cabbage - lb,$2.00,0,0,0,$0.00,Variety: murdoc,actual
2024-11-13,11/12/2024,2024,EFM,Cabbage - lb,$2.00,6.3,3.1,3.2,$6.40,Variety: red,actual
2024-11-13,11/12/2024,2024,EFM,Cabbage - lb,$2.00,6.2,6.2,0,$0.00,Variety: savoy,actual
2024-11-16,11/14/2024,2024,KFM,Cabbage - lb,$2.00,33.5,26.8,6.7,$13.41,Variety: murdoc,actual
2024-11-16,11/14/2024,2024,KFM,Cabbage - lb,$2.00,38.75,19.3,19.45,$38.92,Variety: red,actual
2024-11-16,11/14/2024,2024,KFM,Cabbage - lb,$2.00,22.9,0,22.9,$45.82,Variety: savoy,actual
2024-11-16,11/14/2024,2024,BFM,Cabbage - lb,$2.00,30.1,18,12.1,$24.21,Variety: murdoc,actual
2024-11-16,11/14/2024,2024,BFM,Cabbage - lb,$2.00,40.5,7.3,33.2,$66.43,Variety: red,actual
2024-11-16,11/14/2024,2024,BFM,Cabbage - lb,$2.00,23.4,7.8,15.6,$31.22,Variety: savoy,actual
2024-11-13,11/12/2024,2024,EFM,Carrot - bu,$6.00,20,11,9,$54.00,,actual
2024-11-16,11/14/2024,2024,KFM,Carrot Bulk - lb,$3.50,100,10,90,$315.00,,actual
2024-11-16,11/14/2024,2024,BFM,Carrot Bulk - lb,$3.50,85,0,85,$297.50,,actual
2024-11-13,11/12/2024,2024,EFM,Cauliflower - lb,$4.00,10.7,0,10.7,$42.80,Variety: white,actual
2024-11-13,11/12/2024,2024,EFM,Cauliflower - lb,$4.00,6.3,1,5.3,$21.20,Variety: romanesco,actual
2024-11-13,11/12/2024,2024,EFM,Cauliflower - lb,$4.00,10.4,0,10.4,$41.60,Variety: purple,actual
2024-11-16,11/14/2024,2024,KFM,Cauliflower - lb,$4.00,130,45,85,$340.00,Variety: white,actual
2024-11-16,11/14/2024,2024,KFM,Cauliflower - lb,$4.00,9,0,9,$36.00,Variety: romanesco,actual
2024-11-16,11/14/2024,2024,KFM,Cauliflower - lb,$4.00,53,0,53,$212.00,Variety: purple,actual
2024-11-16,11/14/2024,2024,BFM,Cauliflower - lb,$4.00,154,2.6,151.4,$605.60,Variety: white,actual
2024-11-16,11/14/2024,2024,BFM,Cauliflower - lb,$4.00,9,0,9,$36.00,Variety: romanesco,actual
2024-11-16,11/14/2024,2024,BFM,Cauliflower - lb,$4.00,53,0,53,$212.00,Variety: purple,actual
2024-11-16,11/14/2024,2024,BFM,Cauliflower Sprouting - lb,$4.00,12.4,0,12.4,$49.62,,actual
2024-11-13,11/12/2024,2024,EFM,Celery - bu,$3.00,5,1,4,$12.01,Variety: loose,actual
2024-11-16,11/14/2024,2024,KFM,Celery - bu,$3.00,50,11,39,$117.06,Variety: loose,actual
2024-11-16,11/14/2024,2024,BFM,Celery - bu,$3.00,49,20,29,$87.04,Variety: loose,actual
2024-11-13,11/12/2024,2024,EFM,Chard - bu,$4.50,4,1,3,$13.50,,actual
2024-11-16,11/14/2024,2024,KFM,Chard - bu,$4.50,16,0,16,$72.00,,actual
2024-11-16,11/14/2024,2024,BFM,Chard - bu,$4.50,25,0,25,$112.50,,actual
2024-11-13,11/12/2024,2024,EFM,Cilantro - bu,$3.50,6,2,4,$14.00,,actual
2024-11-16,11/14/2024,2024,KFM,Cilantro - bu,$3.50,45,13,32,$112.00,,actual
2024-11-16,11/14/2024,2024,BFM,Cilantro - bu,$3.50,25,6,19,$66.50,,actual
2024-11-13,11/12/2024,2024,EFM,Collards - bu,$4.50,3,0,3,$13.50,,actual
2024-11-16,11/14/2024,2024,KFM,Collards - bu,$4.50,28,12,16,$72.00,,actual
2024-11-16,11/14/2024,2024,BFM,Collards - bu,$4.50,20,5,15,$67.50,,actual
2024-11-13,11/12/2024,2024,EFM,Dandelion - bu,$4.50,2,2,0,$0.00,,actual
2024-11-16,11/14/2024,2024,KFM,Dandelion - bu,$4.50,16,3,13,$58.50,,actual
2024-11-16,11/14/2024,2024,BFM,Dandelion - bu,$4.50,10,6,4,$18.00,,actual
2024-11-13,11/12/2024,2024,EFM,Escarole - ea,$5.00,4,2,2,$10.00,,actual
2024-11-16,11/14/2024,2024,KFM,Escarole - ea,$5.00,18,0,18,$90.00,,actual
2024-11-16,11/14/2024,2024,BFM,Escarole - ea,$5.00,14,1,13,$65.00,,actual
2024-11-13,11/12/2024,2024,EFM,Fall Mix - 1 1/4 lb,$25.00,0,0,0,$0.00,,actual
2024-11-16,11/14/2024,2024,KFM,Fall Mix - 1 1/4 lb,$25.00,0,0,0,$0.00,,actual
2024-11-16,11/14/2024,2024,BFM,Fall Mix - 1 1/4 lb,$25.00,0,0,0,$0.00,,actual
2024-11-13,11/12/2024,2024,EFM,Fall Mix - 1/3 lb,$7.00,4,0,4,$28.00,,actual
2024-11-16,11/14/2024,2024,KFM,Fall Mix - 1/3 lb,$7.00,20,0,20,$140.00,,actual
2024-11-16,11/14/2024,2024,BFM,Fall Mix - 1/3 lb,$7.00,20,0,20,$140.00,,actual
2024-11-13,11/12/2024,2024,EFM,Fall Mix - 2/3 lb ,$14.00,7,1,6,$84.00,,actual
2024-11-16,11/14/2024,2024,KFM,Fall Mix - 2/3 lb ,$14.00,25,0,25,$350.00,,actual
2024-11-16,11/14/2024,2024,BFM,Fall Mix - 2/3 lb ,$14.00,20,0,20,$280.00,,actual
2024-11-13,11/12/2024,2024,EFM,Fennel - ea,$4.00,0,0,0,$0.00,,actual
2024-11-16,11/14/2024,2024,KFM,Fennel - ea,$4.00,25,0,25,$100.00,,actual
2024-11-16,11/14/2024,2024,BFM,Fennel - ea,$4.00,25,0,25,$100.00,,actual
2024-11-13,11/12/2024,2024,EFM,Garlic - lb,$16.00,2,0.5,1.5,$24.00,,actual
2024-11-16,11/14/2024,2024,KFM,Garlic - lb,$16.00,0,0,0,$0.00,,actual
2024-11-16,11/14/2024,2024,BFM,Garlic - lb,$16.00,0,0,0,$0.00,,actual
2024-11-13,11/12/2024,2024,EFM,Kale Curly - bu,$4.50,4,1,3,$13.50,,actual
2024-11-16,11/14/2024,2024,KFM,Kale Curly - bu,$4.50,18,11,7,$31.50,,actual
2024-11-16,11/14/2024,2024,BFM,Kale Curly - bu,$4.50,35,4,31,$139.50,,actual
2024-11-13,11/12/2024,2024,EFM,Kale Lacinato - bu,$4.50,9,0,9,$40.50,,actual
2024-11-16,11/14/2024,2024,KFM,Kale Lacinato - bu,$4.50,67,3,64,$288.00,,actual
2024-11-16,11/14/2024,2024,BFM,Kale Lacinato - bu,$4.50,60,3,57,$256.50,,actual
2024-11-13,11/12/2024,2024,EFM,Kale Russian - bu,$4.50,0,0,0,$0.00,,actual
2024-11-16,11/14/2024,2024,KFM,Kale Russian - bu,$4.50,12,2,10,$45.00,,actual
2024-11-16,11/14/2024,2024,BFM,Kale Russian - bu,$4.50,10,0,10,$45.00,,actual
2024-11-13,11/12/2024,2024,EFM,Kohlrabi Storage - ea,$3.00,3,2,1,$3.00,,actual
2024-11-16,11/14/2024,2024,KFM,Kohlrabi Storage - ea,$3.00,9,0,9,$27.00,,actual
2024-11-16,11/14/2024,2024,BFM,Kohlrabi Storage - ea,$3.00,10,1,9,$27.00,,actual
2024-11-13,11/12/2024,2024,EFM,Parsley - bu,$3.50,5,0,5,$17.50,,actual
2024-11-16,11/14/2024,2024,KFM,Parsley - bu,$3.50,45,6,39,$136.50,,actual
2024-11-16,11/14/2024,2024,BFM,Parsley - bu,$3.50,32,4,28,$98.00,,actual
2024-11-13,11/12/2024,2024,EFM,Potato Yellow - lb,$6.00,8,3,5,$30.01,Variety: quarts,actual
2024-11-16,11/14/2024,2024,KFM,Potato Yellow - lb,$3.50,100,0,100,$350.00,,actual
2024-11-16,11/14/2024,2024,BFM,Potato Yellow - lb,$3.50,60,0,60,$210.00,,actual
2024-11-13,11/12/2024,2024,EFM,Puntarelle - lb,$9.00,0,0,0,$0.00,,actual
2024-11-16,11/14/2024,2024,KFM,Puntarelle - lb,$9.00,18,6,12,$108.00,,actual
2024-11-16,11/14/2024,2024,BFM,Puntarelle - lb,$9.00,12,3,9,$81.00,,actual
2024-11-13,11/12/2024,2024,EFM,Radicchio - lb,$8.00,2.9,1.4,1.5,$12.00,,actual
2024-11-13,11/12/2024,2024,EFM,Radicchio - lb,$9.00,0,0,0,$0.00,Variety: pink,actual
2024-11-16,11/14/2024,2024,KFM,Radicchio - lb,$8.00,19.9,4.4,15.5,$124.00,,actual
2024-11-16,11/14/2024,2024,KFM,Radicchio - lb,$9.00,10,0,10,$90.00,Variety: pink,actual
2024-11-16,11/14/2024,2024,BFM,Radicchio - lb,$8.00,13.2,9.9,3.3,$26.40,,actual
2024-11-16,11/14/2024,2024,BFM,Radicchio - lb,$9.00,4,0.5,3.5,$31.50,Variety: pink,actual
2024-11-13,11/12/2024,2024,EFM,Radicchio Treviso - lb,$8.00,1.6,0.8,0.8,$6.40,,actual
2024-11-16,11/14/2024,2024,KFM,Radicchio Treviso - lb,$8.00,18.2,5.7,12.5,$100.00,,actual
2024-11-16,11/14/2024,2024,BFM,Radicchio Treviso - lb,$8.00,13.2,3.5,9.7,$77.60,,actual
2024-11-13,11/12/2024,2024,EFM,Radicchio Variegated - lb,$8.00,2.1,1,1.1,$8.80,,actual
2024-11-16,11/14/2024,2024,KFM,Radicchio Variegated - lb,$8.00,18,5.4,12.6,$100.80,,actual
2024-11-16,11/14/2024,2024,BFM,Radicchio Variegated - lb,$8.00,6.8,0.35,6.45,$51.60,,actual
2024-11-13,11/12/2024,2024,EFM,Radish Bulk - lb,$3.50,8,8,0,$0.00,,actual
2024-11-16,11/14/2024,2024,KFM,Radish Bulk - lb,$3.50,27,12,15,$52.50,,actual
2024-11-16,11/14/2024,2024,BFM,Radish Bulk - lb,$3.50,23,1.9,21.1,$73.85,,actual
2024-11-13,11/12/2024,2024,EFM,Scallion - bu,$3.50,8,0,8,$28.00,,actual
2024-11-16,11/14/2024,2024,KFM,Scallion - bu,$3.50,60,9,51,$178.50,,actual
2024-11-16,11/14/2024,2024,BFM,Scallion - bu,$3.50,45,2,43,$150.50,,actual
2024-11-13,11/12/2024,2024,EFM,Sweet Potatoes - lb,$3.50,4,0.5,3.5,$12.25,Variety: covington,actual
2024-11-13,11/12/2024,2024,EFM,Sweet Potatoes - lb,$3.50,4,0.5,3.5,$12.25,Variety: murasaki,actual
2024-11-16,11/14/2024,2024,KFM,Sweet Potatoes - lb,$3.50,50,8,42,$147.00,Variety: covington,actual
2024-11-16,11/14/2024,2024,KFM,Sweet Potatoes - lb,$3.50,25,8,17,$59.50,Variety: murasaki,actual
2024-11-16,11/14/2024,2024,BFM,Sweet Potatoes - lb,$3.50,25,2.6,22.4,$78.40,Variety: covington,actual
2024-11-16,11/14/2024,2024,BFM,Sweet Potatoes - lb,$3.50,20,4.7,15.3,$53.55,Variety: murasaki,actual
2024-11-13,11/12/2024,2024,EFM,Turnip - bu,$4.50,3,2,1,$4.50,Variety: purple top,actual
2024-11-13,11/12/2024,2024,EFM,Turnip Bulk - lb,$3.50,0,0,0,$0.00,Variety: scarlet,actual
2024-11-16,11/14/2024,2024,KFM,Turnip Bulk - lb,$3.50,18,6,12,$42.00,Variety: purple top,actual
2024-11-16,11/14/2024,2024,KFM,Turnip Bulk - lb,$3.50,15,6,9,$31.50,Variety: scarlet,actual
2024-11-16,11/14/2024,2024,BFM,Turnip Bulk - lb,$3.50,15,9.3,5.7,$19.95,Variety: purple top,actual
2024-11-16,11/14/2024,2024,BFM,Turnip Bulk - lb,$3.50,10,7.8,2.2,$7.70,Variety: scarlet,actual
2024-11-13,11/12/2024,2024,EFM,Winter Squash Butternut - lb,$2.50,8.3,2,6.3,$15.72,,actual
2024-11-16,11/14/2024,2024,KFM,Winter Squash Butternut - lb,$2.50,56.4,16.5,39.9,$99.59,,actual
2024-11-16,11/14/2024,2024,BFM,Winter Squash Butternut - lb,$2.50,42.3,0,42.3,$105.58,,actual
2024-11-13,11/12/2024,2024,EFM,Winter Squash Honeynut - lb,$5.00,9.75,0,9.75,$48.75,,actual
2024-11-16,11/14/2024,2024,KFM,Winter Squash Honeynut - lb,$5.00,44.9,0,44.9,$224.50,,actual
2024-11-16,11/14/2024,2024,BFM,Winter Squash Honeynut - lb,$5.00,56.2,7.6,48.6,$243.00,,actual
2024-11-13,11/12/2024,2024,EFM,Winter Squash Spaghetti - lb,$2.50,5.9,5.9,0,$0.00,Variety: futsu,actual
2024-11-16,11/14/2024,2024,KFM,Winter Squash Spaghetti - lb,$2.50,34.7,10.4,24.3,$60.65,Variety: futsu,actual
2024-11-16,11/14/2024,2024,BFM,Winter Squash Spaghetti - lb,$2.50,23,0,23,$57.41,Variety: futsu,actual
2024-11-23,11/21/2024,2024,KFM,Arugula - 1/3 lb,$7.00,20,0,20,$140.00,,actual
2024-11-23,11/21/2024,2024,BFM,Arugula - 1/3 lb,$7.00,20,0,20,$140.00,,actual
2024-11-23,11/21/2024,2024,KFM,Arugula - 2/3 lb ,$14.00,6,0,6,$84.00,,actual
2024-11-23,11/21/2024,2024,BFM,Arugula - 2/3 lb ,$14.00,5,0,5,$70.00,,actual
2024-11-23,11/21/2024,2024,KFM,Beets Bulk Golden - lb,$3.50,30,0,30,$105.00,,actual
2024-11-23,11/21/2024,2024,BFM,Beets Bulk Golden - lb,$3.50,28,0,28,$98.00,,actual
2024-11-23,11/21/2024,2024,KFM,Beets Bulk Red - lb,$3.50,57,21,36,$126.00,,actual
2024-11-23,11/21/2024,2024,BFM,Beets Bulk Red - lb,$3.50,48,35,13,$45.50,,actual
2024-11-23,11/21/2024,2024,KFM,Braising Mix - 1 lb,$8.00,45,16,29,$232.00,,actual
2024-11-23,11/21/2024,2024,BFM,Braising Mix - 1 lb,$8.00,30,0,30,$240.00,,actual
2024-11-23,11/21/2024,2024,KFM,Broccolini - bu,$6.00,96,0,96,$576.00,Variety: bunched,actual
2024-11-23,11/21/2024,2024,KFM,Broccolini - bu,$9.00,0,0,0,$0.00,Variety: loose,actual
2024-11-23,11/21/2024,2024,BFM,Broccolini - bu,$6.00,96,0,96,$576.00,Variety: bunched,actual
2024-11-23,11/21/2024,2024,BFM,Broccolini - bu,$9.00,0,0,0,$0.00,Variety: loose,actual
2024-11-23,11/21/2024,2024,KFM,Brussels Sprouts - ea,$7.00,160,3,157,"$1,099.00",,actual
2024-11-23,11/21/2024,2024,BFM,Brussels Sprouts - ea,$7.00,115,0,115,$805.00,,actual
2024-11-23,11/21/2024,2024,KFM,Cabbage - lb,$2.00,97.6,13,84.6,$169.28,Variety: murdoc,actual
2024-11-23,11/21/2024,2024,KFM,Cabbage - lb,$2.00,75.6,35.1,40.5,$81.04,Variety: red,actual
2024-11-23,11/21/2024,2024,KFM,Cabbage - lb,$2.00,74.6,59.6,15,$30.02,Variety: savoy,actual
2024-11-23,11/21/2024,2024,BFM,Cabbage - lb,$2.00,25.8,0,25.8,$51.63,Variety: murdoc,actual
2024-11-23,11/21/2024,2024,BFM,Cabbage - lb,$2.00,48.6,7.2,41.4,$82.84,Variety: red,actual
2024-11-23,11/21/2024,2024,BFM,Cabbage - lb,$2.00,62,28.9,33.1,$66.23,Variety: savoy,actual
2024-11-23,11/21/2024,2024,KFM,Cabbage Storage - lb,$2.00,45.2,9,36.2,$72.40,,actual
2024-11-23,11/21/2024,2024,BFM,Cabbage Storage - lb,$2.00,42.2,12.6,29.6,$59.20,,actual
2024-11-23,11/21/2024,2024,KFM,Carrot Bulk - lb,$3.50,400,87.5,312.5,"$1,093.75",,actual
2024-11-23,11/21/2024,2024,BFM,Carrot Bulk - lb,$3.50,250,-17.5,267.5,$936.25,,actual
2024-11-23,11/21/2024,2024,KFM,Cauliflower - lb,$4.00,115,14,101,$404.00,Variety: white,actual
2024-11-23,11/21/2024,2024,KFM,Cauliflower - lb,$4.00,20,0,20,$80.00,Variety: romanesco,actual
2024-11-23,11/21/2024,2024,KFM,Cauliflower - lb,$4.00,10,0,10,$40.00,Variety: purple,actual
2024-11-23,11/21/2024,2024,BFM,Cauliflower - lb,$4.00,108,10,98,$392.00,Variety: white,actual
2024-11-23,11/21/2024,2024,BFM,Cauliflower - lb,$4.00,10.5,0,10.5,$42.00,Variety: romanesco,actual
2024-11-23,11/21/2024,2024,BFM,Cauliflower - lb,$4.00,10.5,0,10.5,$42.00,Variety: purple,actual
2024-11-23,11/21/2024,2024,KFM,Celery - bu,$3.00,139,28,111,$333.17,Variety: loose,actual
2024-11-23,11/21/2024,2024,BFM,Celery - bu,$3.00,90,-5,95,$285.14,Variety: loose,actual
2024-11-23,11/21/2024,2024,KFM,Chard - bu,$4.50,22,3,19,$85.50,,actual
2024-11-23,11/21/2024,2024,BFM,Chard - bu,$4.50,25,8,17,$76.50,,actual
2024-11-23,11/21/2024,2024,KFM,Cilantro - bu,$3.50,40,3,37,$129.50,,actual
2024-11-23,11/21/2024,2024,BFM,Cilantro - bu,$3.50,25,0,25,$87.50,,actual
2024-11-23,11/21/2024,2024,KFM,Collards - bu,$4.50,42,22,20,$90.00,,actual
2024-11-23,11/21/2024,2024,BFM,Collards - bu,$4.50,25,-9,34,$153.00,,actual
2024-11-23,11/21/2024,2024,KFM,Dandelion - bu,$4.50,20,7,13,$58.50,,actual
2024-11-23,11/21/2024,2024,BFM,Dandelion - bu,$4.50,18,11,7,$31.50,,actual
2024-11-23,11/21/2024,2024,KFM,Escarole - ea,$5.00,17,0,17,$85.00,,actual
2024-11-23,11/21/2024,2024,BFM,Escarole - ea,$4.00,16,6,10,$40.00,,actual
2024-11-23,11/21/2024,2024,KFM,Fall Mix - 1 1/4 lb,$25.00,10,0,10,$250.00,,actual
2024-11-23,11/21/2024,2024,BFM,Fall Mix - 1 1/4 lb,$25.00,7,0,7,$175.00,,actual
2024-11-23,11/21/2024,2024,KFM,Fall Mix - 1/3 lb,$7.00,30,0,30,$210.00,,actual
2024-11-23,11/21/2024,2024,BFM,Fall Mix - 1/3 lb,$7.00,30,0,30,$210.00,,actual
2024-11-23,11/21/2024,2024,KFM,Fall Mix - 2/3 lb ,$14.00,30,0,30,$420.00,,actual
2024-11-23,11/21/2024,2024,BFM,Fall Mix - 2/3 lb ,$14.00,30,0,30,$420.00,,actual
2024-11-23,11/21/2024,2024,KFM,Fennel - ea,$4.00,43,0,43,$172.00,,actual
2024-11-23,11/21/2024,2024,BFM,Fennel - ea,$4.00,40,0,40,$160.00,,actual
2024-11-23,11/21/2024,2024,KFM,Garlic - lb,$8.00,68,2,66,$528.00,,actual
2024-11-23,11/21/2024,2024,BFM,Garlic - lb,$8.00,45,3,42,$336.00,,actual
2024-11-23,11/21/2024,2024,KFM,Kale Curly - bu,$4.50,38,16,22,$99.00,,actual
2024-11-23,11/21/2024,2024,BFM,Kale Curly - bu,$4.50,42,11,31,$139.50,,actual
2024-11-23,11/21/2024,2024,KFM,Kale Lacinato - bu,$4.50,110,17,93,$418.50,,actual
2024-11-23,11/21/2024,2024,BFM,Kale Lacinato - bu,$4.50,100,0,100,$450.00,,actual
2024-11-23,11/21/2024,2024,KFM,Kale Russian - bu,$4.50,15,0,15,$67.50,,actual
2024-11-23,11/21/2024,2024,BFM,Kale Russian - bu,$4.50,15,2,13,$58.50,,actual
2024-11-23,11/21/2024,2024,KFM,Kohlrabi Storage - ea,$3.00,22,2,20,$60.00,,actual
2024-11-23,11/21/2024,2024,BFM,Kohlrabi Storage - ea,$3.00,20,11,9,$27.00,,actual
2024-11-23,11/21/2024,2024,KFM,Parsley - bu,$3.50,65,0,65,$227.50,,actual
2024-11-23,11/21/2024,2024,BFM,Parsley - bu,$3.50,40,0,40,$140.00,,actual
2024-11-23,11/21/2024,2024,KFM,Potato Blue - lb,$3.50,75,39,36,$126.00,,actual
2024-11-23,11/21/2024,2024,BFM,Potato Blue - lb,$3.50,35,-1.5,36.5,$127.75,,actual
2024-11-23,11/21/2024,2024,KFM,Potato Fingerling - lb,$3.50,50,12,38,$133.00,Variety: red,actual
2024-11-23,11/21/2024,2024,BFM,Potato Fingerling - lb,$3.50,40,-6,46,$161.00,Variety: red,actual
2024-11-23,11/21/2024,2024,KFM,Potato White - lb,$3.50,140,11.5,128.5,$449.75,,actual
2024-11-23,11/21/2024,2024,BFM,Potato White - lb,$3.50,90,-9,99,$346.50,,actual
2024-11-23,11/21/2024,2024,KFM,Potato Yellow - lb,$3.50,140,11.5,128.5,$449.75,,actual
2024-11-23,11/21/2024,2024,BFM,Potato Yellow - lb,$3.50,80,-9,89,$311.50,,actual
2024-11-23,11/21/2024,2024,KFM,Puntarelle - lb,$9.00,39.3,0,39.3,$353.70,,actual
2024-11-23,11/21/2024,2024,BFM,Puntarelle - lb,$9.00,20,0,20,$180.00,,actual
2024-11-23,11/21/2024,2024,KFM,Radicchio - lb,$8.00,53.8,10.7,43.1,$344.80,,actual
2024-11-23,11/21/2024,2024,KFM,Radicchio - lb,$9.00,35.75,2,33.75,$303.75,Variety: pink,actual
2024-11-23,11/21/2024,2024,BFM,Radicchio - lb,$8.00,21.6,12.1,9.5,$76.00,,actual
2024-11-23,11/21/2024,2024,BFM,Radicchio - lb,$9.00,33.5,10.6,22.9,$206.10,Variety: pink,actual
2024-11-23,11/21/2024,2024,KFM,Radicchio Treviso - lb,$8.00,32.6,3.8,28.8,$230.40,,actual
2024-11-23,11/21/2024,2024,BFM,Radicchio Treviso - lb,$8.00,13.6,0,13.6,$108.80,,actual
2024-11-23,11/21/2024,2024,KFM,Radicchio Variegated - lb,$8.00,27,6.9,20.1,$160.80,,actual
2024-11-23,11/21/2024,2024,BFM,Radicchio Variegated - lb,$8.00,17.4,13.9,3.5,$28.00,,actual
2024-11-23,11/21/2024,2024,KFM,Radish Bulk - lb,$3.50,50,3,47,$164.50,,actual
2024-11-23,11/21/2024,2024,BFM,Radish Bulk - lb,$3.50,45,4.5,40.5,$141.75,,actual
2024-11-23,11/21/2024,2024,KFM,Scallion - bu,$3.50,90,0,90,$315.00,,actual
2024-11-23,11/21/2024,2024,BFM,Scallion - bu,$3.50,60,4,56,$196.00,,actual
2024-11-23,11/21/2024,2024,KFM,Sweet Potatoes - lb,$3.50,125,47,78,$273.00,Variety: covington,actual
2024-11-23,11/21/2024,2024,KFM,Sweet Potatoes - lb,$3.50,75,30,45,$157.50,Variety: murasaki,actual
2024-11-23,11/21/2024,2024,BFM,Sweet Potatoes - lb,$3.50,60,-1,61,$213.50,Variety: covington,actual
2024-11-23,11/21/2024,2024,BFM,Sweet Potatoes - lb,$3.50,40,-13.5,53.5,$187.25,Variety: murasaki,actual
2024-11-23,11/21/2024,2024,KFM,Turnip Bulk - lb,$3.50,20,2,18,$63.00,Variety: purple top,actual
2024-11-23,11/21/2024,2024,KFM,Turnip Bulk - lb,$3.50,20,13,7,$24.50,Variety: scarlet,actual
2024-11-23,11/21/2024,2024,BFM,Turnip Bulk - lb,$3.50,23,20,3,$10.50,Variety: purple top,actual
2024-11-23,11/21/2024,2024,BFM,Turnip Bulk - lb,$3.50,17,13.5,3.5,$12.25,Variety: scarlet,actual
2024-11-23,11/21/2024,2024,KFM,Winter Squash Butternut - lb,$2.50,158.5,25,133.5,$333.22,,actual
2024-11-23,11/21/2024,2024,BFM,Winter Squash Butternut - lb,$2.50,103.9,-7.5,111.4,$278.05,,actual
2024-11-23,11/21/2024,2024,KFM,Winter Squash Honeynut - lb,$5.00,28.2,0,28.2,$141.00,,actual
2024-11-23,11/21/2024,2024,BFM,Winter Squash Honeynut - lb,$5.00,25,0,25,$125.00,,actual
2024-11-23,11/21/2024,2024,KFM,Winter Squash Spaghetti - lb,$2.50,57.2,2.2,55,$137.28,Variety: futsu,actual
2024-11-23,11/21/2024,2024,BFM,Winter Squash Spaghetti - lb,$2.50,36.9,20.7,16.2,$40.44,Variety: futsu,actual
2024-12-07,12/5/2024,2024,KFM,Arugula - 1/3 lb,$7.00,0,0,0,$0.00,,actual
2024-12-07,12/5/2024,2024,KFM,Beets Bulk Red - lb,$3.50,33.25,11.75,21.5,$75.25,,actual
2024-12-07,12/5/2024,2024,KFM,Bok Choy Small - lb,$7.50,8,0,8,$59.98,,actual
2024-12-07,12/5/2024,2024,KFM,Braising Mix - 1 lb,$8.00,0,,0,$0.00,,actual
2024-12-07,12/5/2024,2024,KFM,Braising Mix - 1 lb,$8.00,32,3,29,$232.00,,actual
2024-12-07,12/5/2024,2024,KFM,Broccolini - bu,$9.00,19,0,19,$171.00,Variety: loose,actual
2024-12-07,12/5/2024,2024,KFM,Cabbage - lb,$2.00,24.8,9.9,14.9,$29.81,Variety: murdoc,actual
2024-12-07,12/5/2024,2024,KFM,Cabbage - lb,$2.00,43.25,5.4,37.85,$75.74,Variety: red,actual
2024-12-07,12/5/2024,2024,KFM,Cabbage - lb,$2.00,22.1,3.6,18.5,$37.02,Variety: savoy,actual
2024-12-07,12/5/2024,2024,KFM,Cabbage Storage - lb,$2.00,23.1,0,23.1,$46.20,,actual
2024-12-07,12/5/2024,2024,KFM,Carrot Bulk - lb,$3.50,125,19,106,$371.00,,actual
2024-12-07,12/5/2024,2024,KFM,Chard - bu,$4.50,0,,0,$0.00,,actual
2024-12-07,12/5/2024,2024,KFM,Collards - bu,$4.50,25,1,24,$108.00,,actual
2024-12-07,12/5/2024,2024,KFM,Dandelion - bu,$4.50,0,,0,$0.00,,actual
2024-12-07,12/5/2024,2024,KFM,Kale Curly - bu,$4.50,19,1,18,$81.00,,actual
2024-12-07,12/5/2024,2024,KFM,Kale Lacinato - bu,$4.50,75,0,75,$337.50,,actual
2024-12-07,12/5/2024,2024,KFM,Kale Russian - bu,$4.50,22,4,18,$81.00,,actual
2024-12-07,12/5/2024,2024,KFM,Kohlrabi Storage - ea,$3.00,12,1,11,$33.00,,actual
2024-12-07,12/5/2024,2024,KFM,Mustard - bu,$4.50,21,3,18,$81.00,,actual
2024-12-07,12/5/2024,2024,KFM,Potato Blue - lb,$3.50,45,11.7,33.3,$116.55,,actual
2024-12-07,12/5/2024,2024,KFM,Potato Yellow - lb,$3.50,73,9.5,63.5,$222.25,,actual
2024-12-07,12/5/2024,2024,KFM,Puntarelle - lb,$9.00,0,0,0,$0.00,,actual
2024-12-07,12/5/2024,2024,KFM,Radicchio - lb,$8.00,17.9,3.5,14.4,$115.20,,actual
2024-12-07,12/5/2024,2024,KFM,Radicchio - lb,$8.00,0,0,0,$0.00,Variety: pink,actual
2024-12-07,12/5/2024,2024,KFM,Radicchio Treviso - lb,$8.00,15.5,4,11.5,$92.00,,actual
2024-12-07,12/5/2024,2024,KFM,Radicchio Variegated - lb,$8.00,12,0.5,11.5,$92.00,,actual
2024-12-07,12/5/2024,2024,KFM,Radish Bulk - lb,$3.50,24.5,4.5,20,$70.00,,actual
2024-12-07,12/5/2024,2024,KFM,Scallion - bu,$3.50,0,0,0,$0.00,,actual
2024-12-07,12/5/2024,2024,KFM,Spinach - 1 lb,$14.00,10,0,10,$140.00,,actual
2024-12-07,12/5/2024,2024,KFM,Spinach - 1/2 lb,$7.00,25,0,25,$175.00,,actual
2024-12-07,12/5/2024,2024,KFM,Sweet Potatoes - lb,$3.50,35,9.5,25.5,$89.25,Variety: covington,actual
2024-12-07,12/5/2024,2024,KFM,Sweet Potatoes - lb,$3.50,35,9.9,25.1,$87.85,Variety: murasaki,actual
2024-12-07,12/5/2024,2024,KFM,Turnip Bulk - lb,$3.50,32.5,22,10.5,$36.75,,actual
2024-12-07,12/5/2024,2024,KFM,Winter Mix - 1/3 lb,$7.00,25,0,25,$175.00,,actual
2024-12-07,12/5/2024,2024,KFM,Winter Mix - 2/3 lb ,$14.00,21,0,21,$294.00,,actual
2024-12-07,12/5/2024,2024,KFM,Winter Squash Butternut - lb,$2.50,56,5.6,50.4,$125.80,,actual
2024-12-07,12/5/2024,2024,KFM,Winter Squash Koginut - lb,$3.00,43.8,12.2,31.6,$94.80,,actual
2024-12-07,12/5/2024,2024,KFM,Winter Squash Spaghetti - lb,$2.50,20.8,0,20.8,$51.92,Variety: futsu,actual
2024-12-14,12/12/2024,2024,BFM,Beets Bulk Red - lb,$3.50,25,4,21,$73.50,,actual
2024-12-14,12/12/2024,2024,BFM,Bok Choy Small - lb,$9.00,5.2,0,5.2,$46.80,,actual
2024-12-14,12/12/2024,2024,BFM,Braising Mix - 1 lb,$9.00,19,11,8,$72.00,,actual
2024-12-14,12/12/2024,2024,BFM,Broccolini - bu,$9.00,0,0,0,$0.00,Variety: loose,actual
2024-12-14,12/12/2024,2024,BFM,Cabbage - lb,$2.00,46.2,38.5,7.7,$15.41,Variety: murdoc,actual
2024-12-14,12/12/2024,2024,BFM,Cabbage - lb,$2.00,48.8,6.5,42.3,$84.64,Variety: red,actual
2024-12-14,12/12/2024,2024,BFM,Cabbage - lb,$2.00,23.8,0,23.8,$47.62,Variety: savoy,actual
2024-12-14,12/12/2024,2024,BFM,Cabbage Storage - lb,$2.00,61.5,0,61.5,$123.00,,actual
2024-12-14,12/12/2024,2024,BFM,Carrot Bulk - lb,$3.50,130,25,105,$367.50,,actual
2024-12-14,12/12/2024,2024,BFM,Chard - bu,$6.00,17,3,14,$83.98,Variety: 2/3 bags,actual
2024-12-14,12/12/2024,2024,BFM,Collards - bu,$4.50,20,3,17,$76.50,,actual
2024-12-14,12/12/2024,2024,BFM,Dandelion - bu,$4.50,0,0,0,$0.00,,actual
2024-12-14,12/12/2024,2024,BFM,Kale Curly - bu,$4.50,30,5,25,$112.50,,actual
2024-12-14,12/12/2024,2024,BFM,Kale Lacinato - bu,$4.50,70,23,47,$211.50,,actual
2024-12-14,12/12/2024,2024,BFM,Kale Russian - bu,$4.50,15,0,15,$67.50,,actual
2024-12-14,12/12/2024,2024,BFM,Kohlrabi Storage - ea,$3.00,0,0,0,$0.00,,actual
2024-12-14,12/12/2024,2024,BFM,Mustard - bu,$4.50,15,0,15,$67.50,,actual
2024-12-14,12/12/2024,2024,BFM,Potato Blue - lb,$3.50,35,7,28,$98.00,Variety: purple viking,actual
2024-12-14,12/12/2024,2024,BFM,Potato White - lb,$3.50,65,10,55,$192.50,,actual
2024-12-14,12/12/2024,2024,BFM,Puntarelle - lb,$9.00,9.7,9.7,0,$0.00,,actual
2024-12-14,12/12/2024,2024,BFM,Radicchio - lb,$8.00,7.6,2.5,5.1,$40.80,,actual
2024-12-14,12/12/2024,2024,BFM,Radicchio - lb,$9.00,6.2,3.6,2.6,$23.40,Variety: pink,actual
2024-12-14,12/12/2024,2024,BFM,Radicchio Treviso - lb,$8.00,6,1,5,$40.00,,actual
2024-12-14,12/12/2024,2024,BFM,Radicchio Variegated - lb,$8.00,5.1,2.5,2.6,$20.80,,actual
2024-12-14,12/12/2024,2024,BFM,Radish Bulk - lb,$3.50,23.5,5,18.5,$64.75,,actual
2024-12-14,12/12/2024,2024,BFM,Scallion - bu,$3.50,38,13,25,$87.50,,actual
2024-12-14,12/12/2024,2024,BFM,Spinach - 1 lb,$14.00,12,0,12,$168.00,,actual
2024-12-14,12/12/2024,2024,BFM,Spinach - 1/2 lb,$7.00,26,0,26,$182.00,,actual
2024-12-14,12/12/2024,2024,BFM,Sweet Potatoes - lb,$3.50,36,5,31,$108.50,Variety: covington,actual
2024-12-14,12/12/2024,2024,BFM,Sweet Potatoes - lb,$3.50,30,5,25,$87.50,Variety: murasaki,actual
2024-12-14,12/12/2024,2024,BFM,Turnip Bulk - lb,$3.50,18.25,5,13.25,$46.38,,actual
2024-12-14,12/12/2024,2024,BFM,Winter Mix - 1/3 lb,$7.00,30,0,30,$210.00,,actual
2024-12-14,12/12/2024,2024,BFM,Winter Mix - 2/3 lb ,$14.00,32,8,24,$336.00,,actual
2024-12-14,12/12/2024,2024,BFM,Winter Squash Butternut - lb,$2.50,64.8,64.8,0,$0.00,,actual
2024-12-14,12/12/2024,2024,BFM,Winter Squash Koginut - lb,$3.00,45.2,43,2.2,$6.60,,actual
2024-12-14,12/12/2024,2024,BFM,Winter Squash Spaghetti - lb,$2.50,27.2,27.2,0,$0.00,Variety: futsu,actual
2024-12-21,12/19/2024,2024,KFM,Arugula - 1/3 lb,$7.00,7,0,7,$49.00,,actual
2024-12-21,12/19/2024,2024,KFM,Beets Bulk Red - lb,$3.50,56,21.5,34.5,$120.75,,actual
2024-12-21,12/19/2024,2024,KFM,Bok Choy Small - lb,$10.50,12.4,0,12.4,$130.24,,actual
2024-12-21,12/19/2024,2024,KFM,Braising Mix - 1 lb,$9.00,32,1,31,$279.00,,actual
2024-12-21,12/19/2024,2024,KFM,Cabbage - lb,$2.00,47,0,47,$94.05,Variety: murdoc,actual
2024-12-21,12/19/2024,2024,KFM,Cabbage - lb,$2.00,40.6,2.5,38.1,$76.24,Variety: red,actual
2024-12-21,12/19/2024,2024,KFM,Cabbage - lb,$2.00,20.6,0,20.6,$41.22,Variety: savoy,actual
2024-12-21,12/19/2024,2024,KFM,Cabbage Storage - lb,$2.00,44.2,2.9,41.3,$82.60,,actual
2024-12-21,12/19/2024,2024,KFM,Carrot Bulk - lb,$3.50,142,0,142,$497.00,,actual
2024-12-21,12/19/2024,2024,KFM,Chard - bu,$6.00,16,0,16,$95.98,Variety: 2/3 bags,actual
2024-12-21,12/19/2024,2024,KFM,Collards - bu,$4.50,25,0,25,$112.50,,actual
2024-12-21,12/19/2024,2024,KFM,Kale Curly - bu,$4.50,20,5,15,$67.50,,actual
2024-12-21,12/19/2024,2024,KFM,Kale Lacinato - bu,$4.50,85,0,85,$382.50,,actual
2024-12-21,12/19/2024,2024,KFM,Kale Russian - bu,$4.50,18,0,18,$81.00,,actual
2024-12-21,12/19/2024,2024,KFM,Mustard - bu,$4.50,18,2,16,$72.00,,actual
2024-12-21,12/19/2024,2024,KFM,Potato Blue - lb,$3.50,52,0.25,51.75,$181.13,Variety: purple viking,actual
2024-12-21,12/19/2024,2024,KFM,Potato White - lb,$3.50,77,0.25,76.75,$268.63,,actual
2024-12-21,12/19/2024,2024,KFM,Puntarelle - lb,$9.00,15,0,15,$135.00,,actual
2024-12-21,12/19/2024,2024,KFM,Radicchio - lb,$8.00,17.2,0,17.2,$137.60,,actual
2024-12-21,12/19/2024,2024,KFM,Radicchio - lb,$9.00,13.9,0,13.9,$125.10,Variety: pink,actual
2024-12-21,12/19/2024,2024,KFM,Radicchio Treviso - lb,$8.00,18.4,0,18.4,$147.20,,actual
2024-12-21,12/19/2024,2024,KFM,Radicchio Variegated - lb,$8.00,12.1,0,12.1,$96.80,,actual
2024-12-21,12/19/2024,2024,KFM,Radish Bulk - lb,$3.50,32,5,27,$94.50,,actual
2024-12-21,12/19/2024,2024,KFM,Scallion - bu,$3.50,51,0,51,$178.50,,actual
2024-12-21,12/19/2024,2024,KFM,Spinach - 1 lb,$14.00,10,0,10,$140.00,,actual
2024-12-21,12/19/2024,2024,KFM,Spinach - 1/2 lb,$7.00,21,0,21,$147.00,,actual
2024-12-21,12/19/2024,2024,KFM,Sweet Potatoes - lb,$3.50,34,0.25,33.75,$118.13,Variety: covington,actual
2024-12-21,12/19/2024,2024,KFM,Sweet Potatoes - lb,$3.50,33.6,4,29.6,$103.60,Variety: murasaki,actual
2024-12-21,12/19/2024,2024,KFM,Turnip Bulk - lb,$3.50,10,2.5,7.5,$26.25,Variety: purple top,actual
2024-12-21,12/19/2024,2024,KFM,Turnip Bulk - lb,$3.50,10,2.5,7.5,$26.25,Variety: scarlet,actual
2024-12-21,12/19/2024,2024,KFM,Winter Mix - 1/3 lb,$7.00,30,0,30,$210.00,,actual
2024-12-21,12/19/2024,2024,KFM,Winter Mix - 2/3 lb ,$14.00,31,0,31,$434.00,,actual
2024-12-21,12/19/2024,2024,KFM,Winter Squash Butternut - lb,$2.50,64.8,25.9,38.9,$97.09,,actual
2024-12-21,12/19/2024,2024,KFM,Winter Squash Koginut - lb,$3.00,43,8,35,$105.00,,actual
2024-12-21,12/19/2024,2024,KFM,Winter Squash Spaghetti - lb,$2.50,27.2,7.2,20,$49.92,Variety: futsu,actual
2024-12-28,12/26/2024,2024,BFM,Arugula - 1/3 lb,$7.00,0,0,0,$0.00,,actual
2024-12-28,12/26/2024,2024,BFM,Arugula - 2/3 lb ,$14.00,0,0,0,$0.00,,actual
2024-12-28,12/26/2024,2024,BFM,Beets Bulk Red - lb,$3.50,15.8,4.6,11.2,$39.20,,actual
2024-12-28,12/26/2024,2024,BFM,Bok Choy Small - lb,$10.50,10,0,10,$105.03,,actual
2024-12-28,12/26/2024,2024,BFM,Braising Mix - 1 lb,$9.00,0,0,0,$0.00,,actual
2024-12-28,12/26/2024,2024,BFM,Cabbage - lb,$2.00,49.4,32.9,16.5,$33.02,Variety: murdoc,actual
2024-12-28,12/26/2024,2024,BFM,Cabbage - lb,$2.00,42.2,11.25,30.95,$61.93,Variety: red,actual
2024-12-28,12/26/2024,2024,BFM,Cabbage - lb,$2.00,27.5,0,27.5,$55.03,Variety: savoy,actual
2024-12-28,12/26/2024,2024,BFM,Cabbage Storage - lb,$2.00,50.9,16.9,34,$68.00,,actual
2024-12-28,12/26/2024,2024,BFM,Carrot Bulk - lb,$3.50,150,34.6,115.4,$403.90,,actual
2024-12-28,12/26/2024,2024,BFM,Chard - bu,$7.00,15,4,11,$76.97,Variety: 2/3 bags,actual
2024-12-28,12/26/2024,2024,BFM,Collards - bu,$4.50,25,3,22,$99.00,,actual
2024-12-28,12/26/2024,2024,BFM,Kale Curly - bu,$4.50,20,0,20,$90.00,,actual
2024-12-28,12/26/2024,2024,BFM,Kale Lacinato - bu,$4.50,40,0,40,$180.00,,actual
2024-12-28,12/26/2024,2024,BFM,Kale Russian - bu,$4.50,13,0,13,$58.50,,actual
2024-12-28,12/26/2024,2024,BFM,Mustard - bu,$4.50,13,0,13,$58.50,,actual
2024-12-28,12/26/2024,2024,BFM,Potato Blue - lb,$3.50,46,19.6,26.4,$92.40,,actual
2024-12-28,12/26/2024,2024,BFM,Potato White - lb,$3.50,62,7,55,$192.50,,actual
2024-12-28,12/26/2024,2024,BFM,Radicchio - lb,$8.00,9.2,0.76,8.44,$67.52,,actual
2024-12-28,12/26/2024,2024,BFM,Radicchio - lb,$9.00,6.8,0,6.8,$61.20,Variety: pink,actual
2024-12-28,12/26/2024,2024,BFM,Radicchio Treviso - lb,$8.00,12.25,6.1,6.15,$49.20,,actual
2024-12-28,12/26/2024,2024,BFM,Radicchio Variegated - lb,$8.00,6.2,0,6.2,$49.60,,actual
2024-12-28,12/26/2024,2024,BFM,Radish Bulk - lb,$3.50,31,11.7,19.3,$67.55,,actual
2024-12-28,12/26/2024,2024,BFM,Scallion - bu,$3.50,0,0,0,$0.00,,actual
2024-12-28,12/26/2024,2024,BFM,Spinach - 1 lb,$14.00,0,0,0,$0.00,,actual
2024-12-28,12/26/2024,2024,BFM,Spinach - 1/2 lb,$7.00,0,0,0,$0.00,,actual
2024-12-28,12/26/2024,2024,BFM,Sweet Potatoes - lb,$3.50,30,8.5,21.5,$75.25,Variety: covington,actual
2024-12-28,12/26/2024,2024,BFM,Sweet Potatoes - lb,$3.50,30,16.7,13.3,$46.55,Variety: murasaki,actual
2024-12-28,12/26/2024,2024,BFM,Turnip Bulk - lb,$3.50,14,4,10,$35.00,Variety: purple top,actual
2024-12-28,12/26/2024,2024,BFM,Turnip Bulk - lb,$3.50,10,3.6,6.4,$22.40,Variety: scarlet,actual
2024-12-28,12/26/2024,2024,BFM,Winter Mix - 1/3 lb,$7.00,27,0,27,$189.00,,actual
2024-12-28,12/26/2024,2024,BFM,Winter Mix - 2/3 lb ,$14.00,17,0,17,$238.00,,actual
2024-12-28,12/26/2024,2024,BFM,Winter Squash Butternut - lb,$2.50,68.1,18.7,49.4,$123.30,,actual
2024-12-28,12/26/2024,2024,BFM,Winter Squash Koginut - lb,$3.00,31.4,13.5,17.9,$53.70,,actual
2024-12-28,12/26/2024,2024,BFM,Winter Squash Spaghetti - lb,$2.50,22,3.3,18.7,$46.68,Variety: futsu,actual
2024-03-23,2024-03-21,2024,Staff,Carrot Bulk - lb,$3.50,,,4,$14.00,,actual
2024-03-23,2024-03-21,2024,Staff,Chard - bu,$4.50,,,2,$9.00,,actual
2024-03-23,2024-03-21,2024,Staff,Collards - bu,$4.50,,,4,$18.00,,actual
2024-03-23,2024-03-21,2024,Staff,Kale Lacinato - bu,$4.50,,,3,$13.50,,actual
2024-03-23,2024-03-21,2024,Staff,Kale Russian - bu,$4.50,,,1,$4.50,,actual
2024-03-23,2024-03-21,2024,Staff,Lettuce Mini Gem - ea,$3.00,,,7,$21.00,,actual
2024-03-23,2024-03-21,2024,Staff,Mustard - bu,$4.50,,,1,$4.50,,actual
2024-03-23,2024-03-21,2024,Staff,Potato White - lb,$3.50,,,4,$14.00,,actual
2024-03-23,2024-03-21,2024,Staff,Radish Bulk - lb,$3.50,,,2,$7.00,,actual
2024-03-23,2024-03-21,2024,Staff,Spinach - 1/2 lb,$7.00,,,4,$28.00,,actual
2024-03-23,2024-03-21,2024,Staff,Sweet Potatoes - lb,$3.50,,,2,$7.00,,actual
2024-03-23,2024-03-21,2024,Staff,Winter Mix - 1/3 lb,$7.00,,,3,$21.00,,actual
2024-03-30,2024-03-28,2024,Staff,Kale Curly - bu,$4.50,,,2,$9.00,Variety: 2/3 bags,actual
2024-03-30,2024-03-28,2024,Staff,Kale Lacinato - bu,$4.50,,,3,$13.50,Variety: 2/3 bags,actual
2024-03-30,2024-03-28,2024,Staff,Kale Russian - bu,$4.50,,,1,$4.50,,actual
2024-03-30,2024-03-28,2024,Staff,Lettuce Mini Gem - ea,$3.00,,,4,$12.00,,actual
2024-03-30,2024-03-28,2024,Staff,Mustard - bu,$4.50,,,2,$9.00,,actual
2024-03-30,2024-03-28,2024,Staff,Potato White - lb,$3.50,,,7,$24.50,,actual
2024-03-30,2024-03-28,2024,Staff,Radish Bulk - lb,$3.50,,,6,$21.00,,actual
2024-03-30,2024-03-28,2024,Staff,Spinach - 1/2 lb,$7.00,,,4,$28.00,,actual
2024-03-30,2024-03-28,2024,Staff,Winter Mix - 1/3 lb,$7.00,,,6,$42.00,,actual
2024-04-06,4/4/24,2024,Staff,Broccoli Raab - bu,$4.50,,,7,$31.50,,actual
2024-04-06,4/4/24,2024,Staff,Chard - bu,$4.50,,,1,$4.50,,actual
2024-04-06,4/4/24,2024,Staff,Kale Curly - bu,$4.50,,,3,$13.50,,actual
2024-04-06,4/4/24,2024,Staff,Kale Lacinato - bu,$4.50,,,2,$9.00,Variety: by the pound,actual
2024-04-06,4/4/24,2024,Staff,Kale Russian - bu,$4.50,,,1,$4.50,,actual
2024-04-06,4/4/24,2024,Staff,Mustard - bu,$4.50,,,2,$9.00,,actual
2024-04-06,4/4/24,2024,Staff,Radish Bulk - lb,$3.50,,,1,$3.50,,actual
2024-04-06,4/4/24,2024,Staff,Spinach - 1/2 lb,$7.00,,,3,$21.00,,actual
2024-04-06,4/4/24,2024,Staff,Winter Mix - 2/3 lb ,$14.00,,,7,$98.00,,actual
2024-04-13,4/11/24,2024,Staff,Bok Choy - ea,$3.00,,,5,$15.00,Variety: bunches,actual
2024-04-13,4/11/24,2024,Staff,Chard - bu,$4.50,,,1,$4.50,,actual
2024-04-13,4/11/24,2024,Staff,Kale Curly - bu,$4.50,,,3,$13.50,Variety: 2/3 bags,actual
2024-04-13,4/11/24,2024,Staff,Kale Russian - bu,$4.50,,,1,$4.50,,actual
2024-04-13,4/11/24,2024,Staff,Mustard - bu,$4.50,,,3,$13.50,,actual
2024-04-13,4/11/24,2024,Staff,Radish Bulk - lb,$3.50,,,1,$3.50,,actual
2024-04-13,4/11/24,2024,Staff,Radish Bulk - lb,$3.50,,,2,$7.00,Variety: 5 lb bag,actual
2024-04-13,4/11/24,2024,Emmet,Radish Bulk - lb,$1.75,,,20,$35.00,,actual
2024-04-13,4/11/24,2024,Staff,Winter Mix - 1/3 lb,$7.00,,,0,$0.00,,actual
2024-04-13,4/11/24,2024,Staff,Winter Mix - 2/3 lb ,$14.00,,,5,$70.00,,actual
2024-04-20,4/18/24,2024,Staff,Bok Choy - ea,$3.00,,,2,$6.00,Variety: bunches,actual
2024-04-20,4/18/24,2024,Staff,Garlic Green - bu,$3.50,,,3,$10.50,,actual
2024-04-20,4/18/24,2024,Staff,Kale Russian - bu,$4.50,,,2,$9.00,,actual
2024-04-20,4/18/24,2024,Staff,Radish Bulk - lb,$3.50,,,1,$3.50,Variety: 5 lb bag,actual
2024-04-20,4/18/24,2024,Staff,Radish Red - bu,$3.50,,,1,$3.50,,actual
2024-04-20,4/18/24,2024,Staff,Winter Mix - 2/3 lb ,$14.00,,,5,$70.00,,actual
2024-04-27,4/25/24,2024,Staff,Arugula - 1/3 lb,$7.00,,,4,$28.00,,actual
2024-04-27,4/25/24,2024,Staff,Chard - bu,$4.50,,,1,$4.50,Variety: 2/3 bags,actual
2024-04-27,4/25/24,2024,Staff,Dandelion - bu,$4.50,,,2,$9.00,,actual
2024-04-27,4/25/24,2024,Staff,Garlic Green - bu,$3.50,,,5,$17.50,,actual
2024-04-27,4/25/24,2024,Staff,Kale Russian - bu,$4.50,,,2,$9.00,,actual
2024-04-27,4/25/24,2024,Staff,Mustard - bu,$4.50,,,0,$0.00,,actual
2024-04-27,4/25/24,2024,Staff,Radish Bulk - lb,$3.50,,,0,$0.00,,actual
2024-04-27,4/25/24,2024,Staff,Radish Bulk - lb,$3.50,,,0,$0.00,Variety: 5 lb bag,actual
2024-04-27,4/25/24,2024,Staff,Radish Red - bu,$3.50,,,3,$10.50,,actual
2024-04-27,4/25/24,2024,Staff,Spring Mix - 1/3 lb,$7.00,,,1,$7.00,,actual
2024-04-27,4/25/24,2024,Staff,Spring Mix - 2/3 lb ,$14.00,,,4,$56.00,,actual
2024-05-04,5/2/24,2024,Staff,Dandelion - bu,$4.50,,,3,$13.50,,actual
2024-05-04,5/2/24,2024,Staff,Garlic Green - bu,$3.50,,,7,$24.50,,actual
2024-05-04,5/2/24,2024,Staff,Kale Russian - bu,$4.50,,,4,$18.00,,actual
2024-05-04,5/2/24,2024,Staff,Mustard - bu,$4.50,,,2,$9.00,,actual
2024-05-04,5/2/24,2024,Staff,Radish Bulk - lb,$3.50,,,2,$7.00,Variety: 5 lb bag,actual
2024-05-04,5/2/24,2024,Staff,Radish Red - bu,$3.50,,,3,$10.50,,actual
2024-05-04,5/2/24,2024,Staff,Spring Mix - 1/3 lb,$7.00,,,5,$35.00,,actual
2024-05-11,5/9/24,2024,Staff,Arugula - 1/3 lb,$7.00,,,7,$49.00,,actual
2024-05-11,5/9/24,2024,Staff,Dandelion - bu,$4.50,,,3,$13.50,,actual
2024-05-11,5/9/24,2024,Staff,Garlic Green - bu,$3.50,,,7,$24.50,,actual
2024-05-11,5/9/24,2024,Staff,Kale Russian - bu,$4.50,,,4,$18.00,Variety: 2/3 bags,actual
2024-05-11,5/9/24,2024,Staff,Lettuce Mini Gem - ea,$3.00,,,12,$36.00,,actual
2024-05-11,5/9/24,2024,Staff,Mustard - bu,$4.50,,,3,$13.50,Variety: 2/3 bags,actual
2024-05-11,5/9/24,2024,Staff,Radish Bulk - lb,$3.50,,,3,$10.50,,actual
2024-05-11,5/9/24,2024,Misc.,Radish Bulk - lb,$3.50,,,10,$35.00,,actual
2024-05-11,5/9/24,2024,Staff,Radish French Breakfast - bu,$3.50,,,5,$17.50,,actual
2024-05-11,5/9/24,2024,Staff,Radish Round Purple - bu,$3.50,,,2,$7.00,,actual
2024-05-11,5/9/24,2024,Staff,Spring Mix - 1/3 lb,$7.00,,,5,$35.00,,actual
2024-05-18,5/16/24,2024,Staff,Arugula - 1/3 lb,$7.00,,,5,$35.00,,actual
2024-05-18,5/16/24,2024,Staff,Asparagus - bu,$5.00,,,6,$30.00,,actual
2024-05-18,5/16/24,2024,Staff,Dandelion - bu,$4.50,,,2,$9.00,,actual
2024-05-18,5/16/24,2024,Staff,Lettuce Mini Gem - ea,$3.00,,,8,$24.00,,actual
2024-05-18,5/16/24,2024,Staff,Radish French Breakfast - bu,$3.50,,,1,$3.50,,actual
2024-05-18,5/16/24,2024,Staff,Radish Round Purple - bu,$3.50,,,2,$7.00,,actual
2024-05-18,5/16/24,2024,Staff,Scallion - bu,$3.50,,,6,$21.00,,actual
2024-05-18,5/16/24,2024,Staff,Spring Mix - 1/3 lb,$7.00,,,6,$42.00,,actual
2024-05-25,5/23/24,2024,Staff,Arugula - 1/3 lb,$7.00,,,4,$28.00,,actual
2024-05-25,5/23/24,2024,Staff,Arugula - 2/3 lb,$0.00,,,5,$0.00,,actual
2024-05-25,5/23/24,2024,Staff,Radish Bulk - lb,$3.50,,,1,$3.50,,actual
2024-05-25,5/23/24,2024,Staff,Radish French Breakfast - bu,$3.50,,,1,$3.50,,actual
2024-05-25,5/23/24,2024,Staff,Radish Round Purple - bu,$3.50,,,5,$17.50,,actual
2024-05-25,5/23/24,2024,Staff,Scallion - bu,$3.50,,,7,$24.50,,actual
2024-05-25,5/23/24,2024,Staff,Spring Mix - 1/3 lb,$7.00,,,2,$14.00,,actual
2024-05-25,5/23/24,2024,Staff,Spring Mix - 2/3 lb,$0.00,,,6,$0.00,,actual
2024-06-01,5/30/24,2024,Staff,Cilantro - bu,$3.50,,,8,$28.00,,actual
2024-06-01,5/30/24,2024,Staff,Collards - bu,$4.50,,,5,$22.50,,actual
2024-06-01,5/30/24,2024,Staff,Garlic Scape - bu,$3.50,,,6,$21.00,,actual
2024-06-01,5/30/24,2024,Staff,Kale Curly - bu,$4.50,,,5,$22.50,,actual
2024-06-01,5/30/24,2024,Staff,Kale Lacinato - bu,$4.50,,,7,$31.50,,actual
2024-06-01,5/30/24,2024,Staff,Parsley - bu,$3.50,,,4,$14.00,,actual
2024-06-01,5/30/24,2024,Staff,Pea Snap - Qt,$11.00,,,9,$99.00,,actual
2024-06-01,5/30/24,2024,Staff,Radish Bulk - lb,$3.50,,,1,$3.50,,actual
2024-06-01,5/30/24,2024,Staff,Radish French Breakfast - bu,$3.50,,,3,$10.50,,actual
2024-06-01,5/30/24,2024,Staff,Radish Red - bu,$3.50,,,1,$3.50,,actual
2024-06-01,5/30/24,2024,HNC,Radish Red - bu,$2.49,,,30,$74.55,,actual
2024-05-29,5/28/2024,2024,HNC,Radish Round Purple - bu,$2.49,,,35,$86.98,,actual
2024-06-01,5/30/24,2024,Staff,Radish Round Purple - bu,$3.50,,,2,$7.00,,actual
2024-06-01,5/30/24,2024,HNC,Radish Round Purple - bu,$2.49,,,18,$44.73,,actual
2024-06-01,5/30/24,2024,Staff,Scallion - bu,$3.50,,,7,$24.50,,actual
2024-06-01,5/30/24,2024,Staff,Spring Mix - 1/3 lb,$7.00,,,2,$14.00,,actual
2024-06-01,5/30/24,2024,Staff,Spring Mix - 2/3 lb ,$14.00,,,4,$56.00,,actual
2024-06-08,6/6/24,2024,Staff,Arugula - 1/3 lb,$7.00,,,3,$21.00,,actual
2024-06-08,6/6/24,2024,Staff,Arugula - 2/3 lb ,$14.00,,,1,$14.00,,actual
2024-06-08,6/6/24,2024,Staff,Chard - bu,$4.50,,,1,$4.50,,actual
2024-06-05,6/4/24,2024,HNC,Cilantro - bu,$2.49,,,40,$99.40,,actual
2024-06-08,6/6/24,2024,Staff,Cilantro - bu,$3.50,,,6,$21.00,,actual
2024-06-08,6/6/24,2024,Staff,Collards - bu,$4.50,,,4,$18.00,,actual
2024-06-08,6/6/24,2024,Staff,Dandelion - bu,$4.50,,,,$0.00,,actual
2024-06-08,6/6/24,2024,Staff,Garlic Scape - bu,$3.50,,,5,$17.50,,actual
2024-06-08,6/6/24,2024,Staff,Kale Curly - bu,$4.50,,,6,$27.00,,actual
2024-06-08,6/6/24,2024,Staff,Kale Lacinato - bu,$4.50,,,3,$13.50,,actual
2024-06-08,6/6/24,2024,Staff,Lettuce Mini Gem - ea,$3.00,,,11,$33.00,,actual
2024-06-08,6/6/24,2024,Staff,Parsley - bu,$3.50,,,4,$14.00,,actual
2024-06-08,6/6/24,2024,Staff,Pea Snap - Qt,$11.00,,,6,$66.00,,actual
2024-06-08,6/6/24,2024,Staff,Radish French Breakfast - bu,$3.50,,,2,$7.00,,actual
2024-06-05,6/4/24,2024,HNC,Radish Red - bu,$2.49,,,30,$74.55,,actual
2024-06-08,6/6/24,2024,Staff,Radish Red - bu,$3.50,,,2,$7.00,,actual
2024-06-08,6/6/24,2024,Staff,Radish Round Purple - bu,$3.50,,,2,$7.00,,actual
2024-06-08,6/6/24,2024,Staff,Scallion - bu,$3.50,,,6,$21.00,,actual
2024-06-08,6/6/24,2024,Staff,Spring Mix - 1/3 lb,$7.00,,,3,$21.00,,actual
2024-06-08,6/6/24,2024,Staff,Spring Mix - 2/3 lb ,$14.00,,,3,$42.00,,actual
2024-06-15,6/13/24,2024,Staff,Arugula - 1/3 lb,$7.00,,,3,$21.00,,actual
2024-06-15,6/13/24,2024,Staff,Arugula - 2/3 lb ,$14.00,,,3,$42.00,,actual
2024-06-15,6/13/24,2024,Staff,Cilantro - bu,$3.50,,,10,$35.00,,actual
2024-06-15,6/13/24,2024,Misc.,Cilantro - bu,$2.52,,,12,$30.24,,actual
2024-06-12,6/11/24,2024,HNC,Collards - bu,$2.75,,,18,$49.41,,actual
2024-06-15,6/13/24,2024,Staff,Collards - bu,$4.50,,,5,$22.50,,actual
2024-06-15,6/13/24,2024,HNC,Collards - bu,$2.75,,,15,$41.18,,actual
2024-06-12,6/11/24,2024,HNC,Dandelion - bu,$2.75,,,24,$65.88,,actual
2024-06-15,6/13/24,2024,Emmet,Dandelion - bu,$2.75,,,8,$21.96,,actual
2024-06-15,6/13/24,2024,Staff,Dandelion - bu,$4.50,,,2,$9.00,,actual
2024-06-15,6/13/24,2024,Staff,Garlic Scape - bu,$3.50,,,5,$17.50,,actual
2024-06-12,6/11/24,2024,HNC,Kale Curly - bu,$2.75,,,50,$137.25,,actual
2024-06-15,6/13/24,2024,Emmet,Kale Curly - bu,$2.75,,,15,$41.18,,actual
2024-06-15,6/13/24,2024,Staff,Kale Curly - bu,$4.50,,,6,$27.00,,actual
2024-06-15,6/13/24,2024,HNC,Kale Curly - bu,$2.75,,,50,$137.25,,actual
2024-06-12,6/11/24,2024,HNC,Kale Lacinato - bu,$2.75,,,60,$164.70,,actual
2024-06-15,6/13/24,2024,Emmet,Kale Lacinato - bu,$2.75,,,12,$32.94,,actual
2024-06-15,6/13/24,2024,Staff,Kale Lacinato - bu,$4.50,,,12,$54.00,,actual
2024-06-15,6/13/24,2024,HNC,Kale Lacinato - bu,$2.75,,,45,$123.53,,actual
2024-06-15,6/13/24,2024,Staff,Lettuce Mini Gem - ea,$3.00,,,10,$30.00,Variety: blush,actual
2024-06-15,6/13/24,2024,Staff,Lettuce Mini Gem - ea,$3.00,,,3,$9.00,Variety: red,actual
2024-06-15,6/13/24,2024,Misc.,Lettuce Mini Gem - ea,$2.52,,,24,$60.48,Variety: red,actual
2024-06-15,6/13/24,2024,Staff,Parsley - bu,$3.50,,,6,$21.00,,actual
2024-06-15,6/13/24,2024,Misc.,Parsley - bu,$2.52,,,12,$30.24,,actual
2024-06-15,6/13/24,2024,Misc.,Pea Shelling - Qt,$11.99,,,10,$119.90,,actual
2024-06-15,6/13/24,2024,Staff,Pea Snap - Pt,$6.00,,,8,$48.00,,actual
2024-06-15,6/13/24,2024,Misc.,Pea Snap - Qt,$11.99,,,5,$59.95,,actual
2024-06-12,6/11/24,2024,HNC,Radish Round Purple - bu,$2.52,,,30,$75.60,,actual
2024-06-15,6/13/24,2024,Emmet,Radish Round Purple - bu,$2.52,,,8,$20.16,,actual
2024-06-15,6/13/24,2024,Staff,Radish Round Purple - bu,$3.50,,,4,$14.00,,actual
2024-06-15,6/13/24,2024,HNC,Radish Round Purple - bu,$2.52,,,18,$45.36,,actual
2024-06-15,6/13/24,2024,Staff,Scallion - bu,$3.50,,,8,$28.00,,actual
2024-06-15,6/13/24,2024,Staff,Spring Mix - 1/3 lb,$7.00,,,2,$14.00,,actual
2024-06-15,6/13/24,2024,Staff,Spring Mix - 2/3 lb ,$14.00,,,9,$126.00,,actual
2024-06-12,6/11/24,2024,HNC,Zucchini - lb,$1.75,,,100,$175.00,Variety: Green,actual
2024-06-15,6/13/24,2024,Emmet,Zucchini - lb,$1.75,,,20,$35.00,,actual
2024-06-15,6/13/24,2024,Staff,Zucchini - lb,$3.50,,,16,$56.00,Variety: green,actual
2024-06-15,6/13/24,2024,Staff,Zucchini - lb,$3.50,,,13,$45.50,Variety: striped,actual
2024-06-15,6/13/24,2024,Staff,Zucchini - lb,$3.50,,,9,$31.50,Variety: yellow,actual
2024-06-15,6/13/24,2024,HNC,Zucchini - lb,$1.75,,,40,$70.00,Variety: green,actual
2024-06-22,6/20/24,2024,Staff,Arugula - 1/3 lb,$7.00,,,1,$7.00,,actual
2024-06-22,6/20/24,2024,Staff,Chard - bu,$4.50,,,1,$4.50,,actual
2024-06-19,6/18/24,2024,HNC,Cilantro - bu,$2.52,,,40,$100.80,,actual
2024-06-22,6/20/24,2024,Staff,Cilantro - bu,$3.50,,,6,$21.00,,actual
2024-06-22,6/20/24,2024,HNC,Cilantro - bu,$2.52,,,80,$201.60,,actual
2024-06-19,6/18/24,2024,HNC,Collards - bu,$2.75,,,14,$38.43,,actual
2024-06-22,6/20/24,2024,Emmet,Collards - bu,$2.75,,,10,$27.45,,actual
2024-06-22,6/20/24,2024,Staff,Collards - bu,$4.50,,,4,$18.00,,actual
2024-06-22,6/20/24,2024,HNC,Collards - bu,$2.75,,,12,$32.94,,actual
2024-06-22,6/20/24,2024,Staff,Cucumber - lb,$3.50,,,15,$52.50,Variety: persian,actual
2024-06-22,6/20/24,2024,Staff,Cucumber - lb,$3.50,,,6,$21.00,Variety: slicers,actual
2024-06-22,6/20/24,2024,Staff,Dandelion - bu,$4.50,,,1,$4.50,,actual
2024-06-22,6/20/24,2024,HNC,Dandelion - bu,$2.75,,,16,$43.92,,actual
2024-06-22,6/20/24,2024,Staff,Fennel - bu,$4.00,,,6,$24.00,,actual
2024-06-19,6/18/24,2024,HNC,Kale Curly - bu,$2.75,,,50,$137.25,,actual
2024-06-22,6/20/24,2024,Staff,Kale Curly - bu,$4.50,,,3,$13.50,,actual
2024-06-22,6/20/24,2024,HNC,Kale Curly - bu,$2.75,,,50,$137.25,,actual
2024-06-19,6/18/24,2024,HNC,Kale Lacinato - bu,$2.75,,,50,$137.25,,actual
2024-06-22,6/20/24,2024,Emmet,Kale Lacinato - bu,$2.75,,,40,$109.80,,actual
2024-06-22,6/20/24,2024,Staff,Kale Lacinato - bu,$4.50,,,4,$18.00,,actual
2024-06-22,6/20/24,2024,HNC,Kale Lacinato - bu,$2.75,,,60,$164.70,,actual
2024-06-22,6/20/24,2024,Staff,Lettuce Mini Gem - ea,$3.00,,,6,$18.00,Variety: blush,actual
2024-06-22,6/20/24,2024,Staff,Lettuce Mini Gem - ea,$3.00,,,3,$9.00,Variety: red,actual
2024-06-22,6/20/24,2024,Staff,Onion Spring - bu,$5.00,,,6,$30.00,,actual
2024-06-22,6/20/24,2024,Staff,Parsley - bu,$3.50,,,4,$14.00,,actual
2024-06-22,6/20/24,2024,Staff,Radish French Breakfast - bu,$3.50,,,4,$14.00,,actual
2024-06-22,6/20/24,2024,HNC,Radish Red - bu,$2.52,,,24,$60.48,,actual
2024-06-19,6/18/24,2024,HNC,Radish Round Purple - bu,$2.52,,,24,$60.48,,actual
2024-06-22,6/20/24,2024,Staff,Radish Round Purple - bu,$3.50,,,3,$10.50,,actual
2024-06-19,6/18/24,2024,HNC,Scallion - bu,$2.52,,,48,$120.96,,actual
2024-06-22,6/20/24,2024,Emmet,Scallion - bu,$2.52,,,10,$25.20,,actual
2024-06-22,6/20/24,2024,Staff,Scallion - bu,$3.50,,,7,$24.50,,actual
2024-06-22,6/20/24,2024,HNC,Scallion - bu,$2.52,,,48,$120.96,,actual
2024-06-22,6/20/24,2024,Staff,Spring Mix - 1/3 lb,$7.00,,,1,$7.00,,actual
2024-06-22,6/20/24,2024,Staff,Spring Mix - 2/3 lb ,$14.00,,,5,$70.00,,actual
2024-06-19,6/18/24,2024,HNC,Zucchini - lb,$1.75,,,75,$131.25,Variety: green,actual
2024-06-22,6/20/24,2024,Emmet,Zucchini - lb,$1.75,,,35,$61.25,Variety: zoodle,actual
2024-06-22,6/20/24,2024,Staff,Zucchini - lb,$3.50,,,7,$24.50,Variety: green,actual
2024-06-22,6/20/24,2024,Staff,Zucchini - lb,$3.50,,,6,$21.00,Variety: striped,actual
2024-06-22,6/20/24,2024,Staff,Zucchini - lb,$3.50,,,2,$7.00,Variety: yellow,actual
2024-06-22,6/20/24,2024,HNC,Zucchini - lb,$1.75,,,100,$175.00,,actual
2024-06-29,6/27/24,2024,Staff,Arugula - 1/3 lb,$7.00,,,3,$21.00,,actual
2024-06-29,6/27/24,2024,Staff,Basil - bu,$3.50,,,6,$21.00,,actual
2024-06-29,6/27/24,2024,Emmet,Broccolini - bu,$6.00,,,25,$150.00,,actual
2024-06-29,6/27/24,2024,Staff,Broccolini - bu,$6.00,,,10,$60.00,,actual
2024-06-29,6/27/24,2024,Emmet,Cabbage Chinese - lb,$4.00,,,20,$80.00,,actual
2024-06-29,6/27/24,2024,Staff,Cabbage Chinese - lb,$4.00,,,6,$24.00,,actual
2024-06-29,6/27/24,2024,Staff,Chard - bu,$4.50,,,1,$4.50,,actual
2024-06-29,6/27/24,2024,HNC,Chard - bu,$2.75,,,24,$65.88,,actual
2024-06-26,6/25/24,2024,HNC,Cilantro - bu,$2.52,,,24,$60.48,,actual
2024-06-29,6/27/24,2024,Emmet,Cilantro - bu,$3.50,,,10,$35.00,,actual
2024-06-29,6/27/24,2024,Staff,Cilantro - bu,$3.50,,,6,$21.00,,actual
2024-06-29,6/27/24,2024,HNC,Cilantro - bu,$2.52,,,75,$189.00,,actual
2024-06-29,6/27/24,2024,Staff,Collards - bu,$4.50,,,1,$4.50,,actual
2024-06-29,6/27/24,2024,HNC,Collards - bu,$2.00,,,30,$60.08,,actual
2024-06-29,6/27/24,2024,Staff,Cucumber - lb,$3.50,,,18,$63.00,Variety: persian,actual
2024-06-29,6/27/24,2024,Staff,Cucumber - lb,$3.50,,,3,$10.50,Variety: slicers,actual
2024-06-29,6/27/24,2024,HNC,Cucumber - lb,$2.03,,,50,$101.50,Variety: slicers,actual
2024-06-29,6/27/24,2024,Staff,Cucumber Pickling - lb,$3.50,,,9,$31.50,,actual
2024-06-26,6/25/24,2024,HNC,Dandelion - bu,$2.75,,,18,$49.41,,actual
2024-06-29,6/27/24,2024,HNC,Dandelion - bu,$2.75,,,18,$49.41,,actual
2024-06-29,6/27/24,2024,Staff,Dill - bu,$3.50,,,5,$17.50,,actual
2024-06-29,6/27/24,2024,Staff,Fennel - ea,$4.00,,,3,$12.00,,actual
2024-06-29,6/27/24,2024,Staff,Kale Curly - bu,$4.50,,,1,$4.50,,actual
2024-06-29,6/27/24,2024,HNC,Kale Curly - bu,$2.75,,,50,$137.25,,actual
2024-06-29,6/27/24,2024,Staff,Kale Lacinato - bu,$4.50,,,5,$22.50,,actual
2024-06-29,6/27/24,2024,HNC,Kale Lacinato - bu,$2.75,,,65,$178.43,,actual
2024-06-29,6/27/24,2024,Staff,Lettuce Mini Gem - ea,$3.00,,,4,$12.00,Variety: blush,actual
2024-06-29,6/27/24,2024,Emmet,Onion Spring - bu,$5.00,,,5,$25.00,,actual
2024-06-29,6/27/24,2024,Staff,Onion Spring - bu,$5.00,,,5,$25.00,Variety: blush,actual
2024-06-29,6/27/24,2024,Staff,Onion Spring - bu,$5.00,,,5,$25.00,Variety: ailsa,actual
2024-06-29,6/27/24,2024,Staff,Onion Spring - bu,$5.00,,,4,$20.00,Variety: tropea,actual
2024-06-29,6/27/24,2024,Staff,Parsley - bu,$3.50,,,2,$7.00,,actual
2024-06-29,6/27/24,2024,HNC,Parsley - bu,$2.52,,,50,$126.00,,actual
2024-06-26,6/25/24,2024,HNC,Radish Red - bu,$2.52,,,50,$126.00,,actual
2024-06-29,6/27/24,2024,Staff,Radish Red - bu,$3.50,,,1,$3.50,,actual
2024-06-29,6/27/24,2024,HNC,Radish Round Purple - bu,$2.52,,,24,$60.48,,actual
2024-06-26,6/25/24,2024,HNC,Scallion - bu,$2.52,,,48,$120.96,,actual
2024-06-29,6/27/24,2024,Staff,Scallion - bu,$3.50,,,2,$7.00,,actual
2024-06-29,6/27/24,2024,HNC,Scallion - bu,$2.52,,,48,$120.96,,actual
2024-06-29,6/27/24,2024,Staff,Spring Mix - 1 1/4 lb,$25.00,,,3,$75.00,,actual
2024-06-29,6/27/24,2024,Staff,Spring Mix - 1/3 lb,$7.00,,,1,$7.00,,actual
2024-06-29,6/27/24,2024,Staff,Spring Mix - 2/3 lb ,$14.00,,,2,$28.00,,actual
2024-06-26,6/25/24,2024,HNC,Zucchini - lb,$1.75,,,100,$175.00,Variety: green,actual
2024-06-29,6/27/24,2024,Staff,Zucchini - lb,$3.50,,,7,$24.50,Variety: green,actual
2024-06-29,6/27/24,2024,Staff,Zucchini - lb,$3.50,,,5,$17.50,Variety: yellow,actual
2024-06-29,6/27/24,2024,Staff,Zucchini - lb,$3.50,,,5,$17.50,Variety: striped,actual
2024-06-29,6/27/24,2024,HNC,Zucchini - lb,$1.75,,,110,$192.50,Variety: green,actual
2024-07-03,7/2/24,2024,Staff,Basil - bu,$3.50,,,6,$21.00,,actual
2024-07-03,7/2/24,2024,Staff,Broccolini - bu,$6.00,,,8,$48.00,,actual
2024-07-03,7/2/24,2024,Staff,Cabbage - lb,$3.00,,,5,$15.00,Variety: red,actual
2024-07-03,7/2/24,2024,Staff,Cabbage - lb,$3.00,,,4,$12.00,Variety: caraflex,actual
2024-07-03,7/2/24,2024,Staff,Cabbage - lb,$3.00,,,3,$9.00,Variety: savoy,actual
2024-07-03,7/2/24,2024,Staff,Cabbage Chinese - lb,$4.00,,,2,$8.00,,actual
2024-07-06,7/4/24,2024,Emmet,Chard - bu,$2.75,,,12,$32.94,,actual
2024-07-06,7/4/24,2024,HNC,Chard - bu,$2.75,,,30,$82.35,,actual
2024-07-03,7/2/24,2024,Staff,Cilantro - bu,$3.50,,,6,$21.00,,actual
2024-07-03,7/2/24,2024,HNC,Cilantro - bu,$2.52,,,24,$60.48,,actual
2024-07-06,7/4/24,2024,HNC,Cilantro - bu,$2.52,,,50,$126.00,,actual
2024-07-06,7/4/24,2024,Emmet,Collards - bu,$2.75,,,12,$32.94,,actual
2024-07-06,7/4/24,2024,HNC,Collards - bu,$2.75,,,12,$32.94,,actual
2024-07-03,7/2/24,2024,Staff,Cucumber - lb,$3.50,,,16,$56.00,Variety: persian,actual
2024-07-03,7/2/24,2024,Staff,Cucumber - lb,$3.50,,,5,$17.50,Variety: slicers,actual
2024-07-03,7/2/24,2024,Staff,Cucumber Pickling - lb,$3.50,,,6,$21.00,,actual
2024-07-03,7/2/24,2024,Staff,Dill - bu,$3.50,,,1,$3.50,,actual
2024-07-06,7/4/24,2024,Emmet,Dill - bu,$3.50,,,5,$17.50,,actual
2024-07-03,7/2/24,2024,Staff,Escarole - ea,$5.00,,,2,$10.00,,actual
2024-07-03,7/2/24,2024,Staff,Fennel - ea,$4.00,,,2,$8.00,,actual
2024-07-03,7/2/24,2024,Staff,Kale Curly - bu,$4.50,,,3,$13.50,,actual
2024-07-03,7/2/24,2024,HNC,Kale Curly - bu,$2.75,,,40,$109.80,,actual
2024-07-06,7/4/24,2024,HNC,Kale Curly - bu,$2.75,,,70,$192.15,,actual
2024-07-03,7/2/24,2024,Staff,Kale Lacinato - bu,$4.50,,,6,$27.00,,actual
2024-07-03,7/2/24,2024,HNC,Kale Lacinato - bu,$2.75,,,40,$109.80,,actual
2024-07-06,7/4/24,2024,HNC,Kale Lacinato - bu,$2.75,,,75,$205.88,,actual
2024-07-03,7/2/24,2024,Staff,Lettuce Head - ea,$4.00,,,1,$4.00,Variety: frisee,actual
2024-07-03,7/2/24,2024,Staff,Lettuce Mini Gem - ea,$3.00,,,4,$12.00,Variety: blush,actual
2024-07-03,7/2/24,2024,Staff,Onion Spring - bu,$5.00,,,7,$35.00,Variety: blush,actual
2024-07-03,7/2/24,2024,Staff,Onion Spring - bu,$5.00,,,5,$25.00,Variety: ailsa,actual
2024-07-03,7/2/24,2024,Staff,Onion Spring - bu,$5.00,,,1,$5.00,Variety: tropea,actual
2024-07-03,7/2/24,2024,Staff,Parsley - bu,$3.50,,,5,$17.50,,actual
2024-07-06,7/4/24,2024,Emmet,Parsley - bu,$2.52,,,10,$25.20,,actual
2024-07-06,7/4/24,2024,HNC,Parsley - bu,$2.52,,,48,$120.96,,actual
2024-07-03,7/2/24,2024,Staff,Radicchio Variegated - lb,$8.00,,,3,$24.00,,actual
2024-07-03,7/2/24,2024,Staff,Scallion - bu,$3.50,,,4,$14.00,,actual
2024-07-03,7/2/24,2024,HNC,Scallion - bu,$2.52,,,24,$60.48,,actual
2024-07-06,7/4/24,2024,Emmet,Scallion - bu,$2.52,,,8,$20.16,,actual
2024-07-06,7/4/24,2024,HNC,Scallion - bu,$2.52,,,48,$120.96,,actual
2024-07-03,7/2/24,2024,Staff,Spring Mix - 1 1/4 lb,$25.00,,,1,$25.00,,actual
2024-07-03,7/2/24,2024,Staff,Spring Mix - 1/3 lb,$7.00,,,1,$7.00,,actual
2024-07-03,7/2/24,2024,Staff,Spring Mix - 2/3 lb ,$14.00,,,4,$56.00,,actual
2024-07-03,7/2/24,2024,Staff,Zucchini - lb,$3.50,,,6,$21.00,Variety: green,actual
2024-07-03,7/2/24,2024,Staff,Zucchini - lb,$3.50,,,4,$14.00,Variety: striped,actual
2024-07-03,7/2/24,2024,Staff,Zucchini - lb,$3.50,,,2,$7.00,Variety: yellow,actual
2024-07-03,7/2/24,2024,HNC,Zucchini - lb,$1.75,,,75,$131.25,Variety: green,actual
2024-07-03,7/2/24,2024,Misc.,Zucchini - lb,$1.51,,,60,$90.30,Variety: green,actual
2024-07-06,7/4/24,2024,Emmet,Zucchini - lb,$1.75,,,40,$70.00,Variety: striped,actual
2024-07-06,7/4/24,2024,HNC,Zucchini - lb,$1.75,,,120,$210.00,Variety: green,actual
2024-07-10,7/9/24,2024,Staff,Basil - bu,$3.50,,,4,$14.00,,actual
2024-07-10,7/9/24,2024,Staff,Broccolini - bu,$6.00,,,6,$36.00,,actual
2024-07-10,7/9/24,2024,Staff,Broccolini - bu,$6.00,,,3,$18.00,Variety: monty,actual
2024-07-13,7/11/24,2024,Emmet,Broccolini - bu,$6.00,,,6,$36.00,,actual
2024-07-13,7/11/24,2024,Emmet,Broccolini - bu,$2.01,,,50,$100.50,Variety: monty,actual
2024-07-10,7/9/24,2024,Staff,Cabbage - lb,$3.00,,,3,$9.00,Variety: red,actual
2024-07-10,7/9/24,2024,Staff,Cabbage - lb,$3.00,,,4,$12.00,Variety: caraflex,actual
2024-07-10,7/9/24,2024,Staff,Cabbage - lb,$3.00,,,3,$9.00,Variety: savoy,actual
2024-07-10,7/9/24,2024,Staff,Cabbage Chinese - lb,$4.00,,,2,$8.00,,actual
2024-07-13,7/11/24,2024,Emmet,Cauliflower Sprouting - lb,$6.00,,,6,$36.00,,actual
2024-07-10,7/9/24,2024,Staff,Celery - bu,$4.50,,,1,$4.50,,actual
2024-07-13,7/11/24,2024,Emmet,Celery - bu,$4.50,,,8,$36.00,,actual
2024-07-10,7/9/24,2024,Staff,Cilantro - bu,$3.50,,,6,$21.00,,actual
2024-07-10,7/9/24,2024,HNC,Cilantro - bu,$2.52,,,30,$75.60,,actual
2024-07-13,7/11/24,2024,HNC,Cilantro - bu,$2.52,,,50,$126.00,,actual
2024-07-10,7/9/24,2024,Staff,Collards - bu,$4.50,,,2,$9.00,,actual
2024-07-13,7/11/24,2024,HNC,Collards - bu,$2.75,,,18,$49.41,,actual
2024-07-10,7/9/24,2024,Staff,Cucumber - lb,$3.50,,,1,$3.50,Variety: slicers,actual
2024-07-10,7/9/24,2024,Staff,Cucumber - lb,$3.50,,,21,$73.50,Variety: persian,actual
2024-07-10,7/9/24,2024,HNC,Cucumber - lb,$2.03,,,40,$81.20,Variety: slicers,actual
2024-07-13,7/11/24,2024,Emmet,Cucumber - lb,$2.03,,,10,$20.30,Variety: slicers,actual
2024-07-13,7/11/24,2024,HNC,Cucumber - lb,$2.03,,,75,$152.25,Variety: slicers,actual
2024-07-10,7/9/24,2024,Staff,Cucumber Pickling - lb,$3.50,,,8,$28.00,,actual
2024-07-13,7/11/24,2024,Emmet,Dill - bu,$3.50,,,4,$14.00,,actual
2024-07-10,7/9/24,2024,Staff,Escarole - ea,$5.00,,,3,$15.00,,actual
2024-07-10,7/9/24,2024,Staff,Fennel - ea,$4.00,,,4,$16.00,,actual
2024-07-10,7/9/24,2024,Staff,Kale Curly - bu,$4.50,,,1,$4.50,,actual
2024-07-13,7/11/24,2024,HNC,Kale Curly - bu,$2.75,,,55,$150.98,,actual
2024-07-10,7/9/24,2024,Staff,Kale Lacinato - bu,$4.50,,,5,$22.50,,actual
2024-07-13,7/11/24,2024,HNC,Kale Lacinato - bu,$2.75,,,60,$164.70,,actual
2024-07-10,7/9/24,2024,Staff,Lettuce Mini Gem - ea,$3.00,,,5,$15.00,Variety: red,actual
2024-07-10,7/9/24,2024,Staff,Lettuce Mini Gem - ea,$3.00,,,5,$15.00,Variety: blush,actual
2024-07-10,7/9/24,2024,Staff,Onion Spring - bu,$5.00,,,1,$5.00,Variety: tropea,actual
2024-07-10,7/9/24,2024,Staff,Onion Spring - bu,$5.00,,,5,$25.00,Variety: blush,actual
2024-07-10,7/9/24,2024,Staff,Onion Spring - bu,$5.00,,,5,$25.00,Variety: ailsa,actual
2024-07-10,7/9/24,2024,Staff,Parsley - bu,$3.50,,,5,$17.50,,actual
2024-07-10,7/9/24,2024,HNC,Parsley - bu,$2.52,,,35,$88.20,,actual
2024-07-13,7/11/24,2024,Emmet,Parsley - bu,$2.52,,,10,$25.20,,actual
2024-07-13,7/11/24,2024,HNC,Parsley - bu,$2.52,,,50,$126.00,,actual
2024-07-13,7/11/24,2024,Emmet,Radicchio - lb,$8.00,,,8,$64.00,,actual
2024-07-10,7/9/24,2024,Staff,Radicchio Variegated - lb,$8.00,,,3,$24.00,,actual
2024-07-10,7/9/24,2024,Staff,Scallion - bu,$3.50,,,3,$10.50,,actual
2024-07-10,7/9/24,2024,HNC,Scallion - bu,$2.52,,,35,$88.20,,actual
2024-07-13,7/11/24,2024,Emmet,Scallion - bu,$2.52,,,8,$20.16,,actual
2024-07-13,7/11/24,2024,HNC,Scallion - bu,$2.52,,,48,$120.96,,actual
2024-07-10,7/9/24,2024,Staff,Spring Mix - 1 1/4 lb,$25.00,,,1,$25.00,,actual
2024-07-10,7/9/24,2024,Staff,Spring Mix - 2/3 lb ,$14.00,,,2,$28.00,,actual
2024-07-10,7/9/24,2024,Staff,Zucchini - lb,$3.50,,,9,$31.50,Variety: green,actual
2024-07-10,7/9/24,2024,Staff,Zucchini - lb,$3.50,,,3,$10.50,Variety: yellow,actual
2024-07-10,7/9/24,2024,Staff,Zucchini - lb,$3.50,,,3,$10.50,Variety: striped,actual
2024-07-10,7/9/24,2024,HNC,Zucchini - lb,$1.75,,,100,$175.00,Variety: green,actual
2024-07-13,7/11/24,2024,Emmet,Zucchini - lb,$1.75,,,15,$26.25,Variety: green,actual
2024-07-13,7/11/24,2024,Emmet,Zucchini - lb,$1.75,,,10,$17.50,Variety: striped,actual
2024-07-13,7/11/24,2024,HNC,Zucchini - lb,$1.75,,,110,$192.50,Variety: green,actual
2024-07-17,7/16/24,2024,Staff,Basil - bu,$3.50,,,7,$24.50,,actual
2024-07-17,7/16/24,2024,Staff,Broccolini - bu,$6.00,,,5,$30.00,,actual
2024-07-17,7/16/24,2024,Staff,Cabbage - lb,$3.00,,,4,$12.00,Variety: red,actual
2024-07-17,7/16/24,2024,Staff,Cabbage - lb,$3.00,,,1,$3.00,Variety: caraflex,actual
2024-07-17,7/16/24,2024,Staff,Cabbage - lb,$3.00,,,1,$3.00,Variety: savoy,actual
2024-07-17,7/16/24,2024,Staff,Cabbage - lb,$3.00,,,4,$12.00,Variety: tendersweet,actual
2024-07-17,7/16/24,2024,Staff,Cabbage Chinese - lb,$4.00,,,2,$8.00,,actual
2024-07-20,7/18/24,2024,Emmet,Chard - bu,$2.75,,,8,$21.96,,actual
2024-07-17,7/16/24,2024,HNC,Chard - bu,$2.75,,,18,$49.41,,actual
2024-07-20,7/18/24,2024,HNC,Chard - bu,$2.75,,,18,$49.41,,actual
2024-07-17,7/16/24,2024,Staff,Cilantro - bu,$3.50,,,7,$24.50,,actual
2024-07-17,7/16/24,2024,Staff,Collards - bu,$4.50,,,1,$4.50,,actual
2024-07-20,7/18/24,2024,HNC,Collards - bu,$2.75,,,18,$49.41,,actual
2024-07-17,7/16/24,2024,Staff,Cucumber - lb,$3.50,,,4,$14.00,Variety: slicers,actual
2024-07-17,7/16/24,2024,Staff,Cucumber - lb,$3.50,,,29,$101.50,Variety: persian,actual
2024-07-17,7/16/24,2024,HNC,Cucumber - lb,$2.03,,,65,$131.95,,actual
2024-07-20,7/18/24,2024,HNC,Cucumber - lb,$2.03,,,110,$223.30,Variety: slicers,actual
2024-07-17,7/16/24,2024,Staff,Cucumber Pickling - lb,$3.50,,,1,$3.50,,actual
2024-07-17,7/16/24,2024,Staff,Eggplant - lb,$5.00,,,14,$70.00,,actual
2024-07-20,7/18/24,2024,Emmet,Eggplant Mini - Pt,$6.00,,,6,$36.00,,actual
2024-07-17,7/16/24,2024,Staff,Escarole - ea,$5.00,,,2,$10.00,,actual
2024-07-20,7/18/24,2024,Emmet,Escarole - ea,$5.00,,,20,$100.00,,actual
2024-07-17,7/16/24,2024,Staff,Fennel - ea,$4.00,,,3,$12.00,,actual
2024-07-17,7/16/24,2024,Staff,Kale Curly - bu,$4.50,,,3,$13.50,,actual
2024-07-17,7/16/24,2024,HNC,Kale Curly - bu,$2.75,,,40,$109.80,,actual
2024-07-20,7/18/24,2024,HNC,Kale Curly - bu,$2.75,,,50,$137.25,,actual
2024-07-17,7/16/24,2024,Staff,Kale Lacinato - bu,$4.50,,,5,$22.50,,actual
2024-07-20,7/18/24,2024,Emmet,Kale Lacinato - bu,$2.75,,,8,$21.96,,actual
2024-07-17,7/16/24,2024,HNC,Kale Lacinato - bu,$2.75,,,45,$123.53,,actual
2024-07-20,7/18/24,2024,HNC,Kale Lacinato - bu,$2.75,,,60,$164.70,,actual
2024-07-17,7/16/24,2024,Staff,Onion Spring - bu,$5.00,,,2,$10.00,Variety: mixed,actual
2024-07-17,7/16/24,2024,Staff,Parsley - bu,$3.50,,,2,$7.00,,actual
2024-07-20,7/18/24,2024,Emmet,Parsley - bu,$2.52,,,6,$15.12,,actual
2024-07-17,7/16/24,2024,HNC,Parsley - bu,$2.52,,,40,$100.80,,actual
2024-07-20,7/18/24,2024,HNC,Parsley - bu,$2.52,,,55,$138.60,,actual
2024-07-17,7/16/24,2024,Staff,Radicchio - lb,$8.00,,,1,$8.00,Variety: red,actual
2024-07-20,7/18/24,2024,Emmet,Radicchio - lb,$8.00,,,14,$112.00,,actual
2024-07-17,7/16/24,2024,Staff,Radicchio Variegated - lb,$8.00,,,4,$32.00,,actual
2024-07-17,7/16/24,2024,Staff,Scallion - bu,$3.50,,,4,$14.00,,actual
2024-07-17,7/16/24,2024,HNC,Scallion - bu,$2.52,,,20,$50.40,,actual
2024-07-20,7/18/24,2024,HNC,Scallion - bu,$2.52,,,24,$60.48,,actual
2024-07-17,7/16/24,2024,Staff,Spring Mix - 1 1/4 lb,$25.00,,,3,$75.00,,actual
2024-07-17,7/16/24,2024,Staff,Spring Mix - 1/3 lb,$7.00,,,2,$14.00,,actual
2024-07-17,7/16/24,2024,Staff,Spring Mix - 2/3 lb ,$14.00,,,3,$42.00,,actual
2024-07-17,7/16/24,2024,Staff,Zucchini - lb,$3.50,,,12,$42.00,Variety: green,actual
2024-07-17,7/16/24,2024,Staff,Zucchini - lb,$3.50,,,4,$14.00,Variety: yellow,actual
2024-07-17,7/16/24,2024,Staff,Zucchini - lb,$3.50,,,2,$7.00,Variety: striped,actual
2024-07-17,7/16/24,2024,HNC,Zucchini - lb,$1.75,,,75,$131.25,,actual
2024-07-20,7/18/24,2024,HNC,Zucchini - lb,$1.75,,,90,$157.50,Variety: green,actual
2024-07-24,7/23/24,2024,Staff,Arugula - 1/3 lb,$7.00,,,4,$28.00,,actual
2024-07-24,7/23/24,2024,Staff,Basil - bu,$3.50,,,6,$21.00,,actual
2024-07-24,7/23/24,2024,Staff,Cabbage - lb,$3.00,,,1,$3.00,Variety: caraflex,actual
2024-07-24,7/23/24,2024,Staff,Cabbage - lb,$3.00,,,3,$9.00,Variety: savoy,actual
2024-07-24,7/23/24,2024,Staff,Cabbage - lb,$3.00,,,3,$9.00,Variety: tendersweet,actual
2024-07-24,7/23/24,2024,Staff,Cabbage Chinese - lb,$4.00,,,1,$4.00,,actual
2024-07-24,7/23/24,2024,Staff,Celery - bu,$4.50,,,1,$4.50,,actual
2024-07-27,7/25/24,2024,HNC,Chard - bu,$2.75,,,24,$65.88,,actual
2024-07-24,7/23/24,2024,Staff,Cucumber - lb,$3.50,,,4,$14.00,Variety: slicers,actual
2024-07-24,7/23/24,2024,Staff,Cucumber - lb,$3.50,,,25,$87.50,Variety: persian,actual
2024-07-27,7/25/24,2024,HNC,Cucumber - lb,$2.03,,,90,$182.70,,actual
2024-07-24,7/23/24,2024,Staff,Cucumber Pickling - lb,$3.50,,,10,$35.00,,actual
2024-07-24,7/23/24,2024,Staff,Dandelion - bu,$4.50,,,1,$4.50,,actual
2024-07-24,7/23/24,2024,Staff,Eggplant - lb,$5.00,,,12,$60.00,,actual
2024-07-24,7/23/24,2024,Staff,Fennel - ea,$4.00,,,2,$8.00,,actual
2024-07-24,7/23/24,2024,Staff,Kale Curly - bu,$4.50,,,3,$13.50,,actual
2024-07-24,7/23/24,2024,Staff,Kale Lacinato - bu,$4.50,,,8,$36.00,,actual
2024-07-24,7/23/24,2024,Staff,Parsley - bu,$3.50,,,4,$14.00,,actual
2024-07-24,7/23/24,2024,Staff,Radicchio - lb,$8.00,,,3,$24.00,Variety: red,actual
2024-07-24,7/23/24,2024,Staff,Radicchio Treviso - lb,$8.00,,,3,$24.00,,actual
2024-07-24,7/23/24,2024,Staff,Radicchio Variegated - lb,$8.00,,,1,$8.00,,actual
2024-07-24,7/23/24,2024,Staff,Scallion - bu,$3.50,,,7,$24.50,,actual
2024-07-27,7/25/24,2024,HNC,Scallion - bu,$2.52,,,35,$88.20,,actual
2024-07-24,7/23/24,2024,Staff,Zucchini - lb,$3.50,,,4,$14.00,Variety: green,actual
2024-07-24,7/23/24,2024,Staff,Zucchini - lb,$3.50,,,4,$14.00,Variety: yellow,actual
2024-07-24,7/23/24,2024,Staff,Zucchini - lb,$3.50,,,6,$21.00,Variety: striped,actual
2024-07-31,7/30/24,2024,Staff,Basil - bu,$3.50,,,3,$10.50,,actual
2024-08-03,8/1/2024,2024,Emmet,Basil - bu,$3.50,,,3,$10.50,,actual
2024-07-31,7/30/24,2024,Staff,Cabbage - lb,$3.00,,,1,$3.00,Variety: caraflex,actual
2024-07-31,7/30/24,2024,Staff,Cabbage - lb,$3.00,,,4,$12.00,Variety: tendersweet,actual
2024-08-03,8/1/2024,2024,Emmet,Cauliflower Sprouting - lb,$6.00,,,6,$36.00,,actual
2024-07-31,7/30/24,2024,Staff,Cucumber - lb,$3.50,,,13,$45.50,Variety: persian,actual
2024-08-03,8/1/24,2024,HNC,Cucumber - lb,$2.03,,,85,$172.55,Variety: slicers,actual
2024-07-31,7/30/24,2024,Staff,Dandelion - bu,$4.50,,,1,$4.50,,actual
2024-07-31,7/30/24,2024,Staff,Eggplant - lb,$5.00,,,2,$10.00,,actual
2024-07-31,7/30/24,2024,Staff,Eggplant Mini - Pt,$6.00,,,4,$24.00,Variety: quarts,actual
2024-08-03,8/1/24,2024,HNC,Eggplant Mini - Pt,$4.80,,,40,$192.00,,actual
2024-08-03,8/1/2024,2024,Emmet,Fennel - ea,$4.00,,,8,$32.00,,actual
2024-07-31,7/30/24,2024,Staff,Kale Curly - bu,$4.50,,,5,$22.50,,actual
2024-07-31,7/30/24,2024,Staff,Kale Lacinato - bu,$4.50,,,4,$18.00,,actual
2024-08-03,8/1/2024,2024,Emmet,Kale Lacinato - bu,$4.50,,,8,$36.00,,actual
2024-07-31,7/30/24,2024,Staff,Onion Spring - bu,$5.00,,,1,$5.00,,actual
2024-07-31,7/30/24,2024,Staff,Parsley - bu,$3.50,,,2,$7.00,,actual
2024-07-31,7/30/24,2024,Staff,Pepper Shishito - Qt,$11.00,,,5,$55.00,,actual
2024-07-31,7/30/24,2024,Staff,Radicchio - lb,$8.00,,,2,$16.00,Variety: red,actual
2024-07-31,7/30/24,2024,Staff,Scallion - bu,$3.50,,,3,$10.50,,actual
2024-08-03,8/1/2024,2024,Emmet,Scallion - bu,$3.50,,,6,$21.00,,actual
2024-08-03,8/1/24,2024,HNC,Scallion - bu,$2.52,,,30,$75.60,,actual
2024-07-31,7/30/24,2024,Staff,Tomato Cherry - Pt,$6.00,,,7,$42.00,Variety: sungold,actual
2024-07-31,7/30/24,2024,Staff,Winter Squash Spaghetti - lb,$3.00,,,1,$3.00,Variety: bitter melon,actual
2024-07-31,7/30/24,2024,Staff,Zucchini - lb,$3.50,,,4,$14.00,Variety: green,actual
2024-07-31,7/30/24,2024,Staff,Zucchini - lb,$3.50,,,2,$7.00,Variety: yellow,actual
2024-07-31,7/30/24,2024,Staff,Zucchini - lb,$3.50,,,5,$17.50,Variety: striped,actual
2024-08-07,8/6/24,2024,Staff,Basil - bu,$3.50,,,6,$21.00,,actual
2024-08-07,8/6/24,2024,Staff,Cabbage - lb,$3.00,,,4,$12.00,Variety: red,actual
2024-08-07,8/6/24,2024,Staff,Cabbage - lb,$3.00,,,4,$12.00,Variety: caraflex,actual
2024-08-07,8/6/24,2024,Staff,Cabbage - lb,$3.00,,,4,$12.00,Variety: tendersweet,actual
2024-08-07,8/6/24,2024,Staff,Chard - bu,$4.50,,,1,$4.50,,actual
2024-08-10,8/8/24,2024,Emmet,Chard - bu,$4.50,,,8,$36.00,,actual
2024-08-07,8/6/24,2024,HNC,Cucumber - lb,$2.03,,,75,$152.25,Variety: slicers,actual
2024-08-07,8/6/24,2024,Staff,Cucumber - lb,$3.50,,,2,$7.00,Variety: slicers,actual
2024-08-07,8/6/24,2024,Staff,Cucumber - lb,$3.50,,,23,$80.50,Variety: persian,actual
2024-08-07,8/6/24,2024,Staff,Cucumber Pickling - lb,$3.50,,,9,$31.50,,actual
2024-08-07,8/6/24,2024,Staff,Eggplant - lb,$5.00,,,9,$45.00,,actual
2024-08-10,8/8/24,2024,Emmet,Eggplant - lb,$3.00,,,30,$90.00,,actual
2024-08-07,8/6/24,2024,Staff,Eggplant Mini - Pt,$6.00,,,4,$24.00,Variety: quarts,actual
2024-08-07,8/6/24,2024,Staff,Kale Curly - bu,$4.50,,,7,$31.50,,actual
2024-08-07,8/6/24,2024,Staff,Parsley - bu,$3.50,,,2,$7.00,,actual
2024-08-07,8/6/24,2024,HNC,Pepper Shishito - Pt,$5.49,,,25,$137.25,Variety: pounds,actual
2024-08-10,8/8/24,2024,Emmet,Pepper Shishito - Pt,$5.52,,,3,$16.56,Variety: pounds,actual
2024-08-07,8/6/24,2024,Staff,Pepper Shishito - Qt,$11.00,,,11,$121.00,,actual
2024-08-07,8/6/24,2024,Staff,Radicchio Variegated - lb,$8.00,,,5,$40.00,,actual
2024-08-07,8/6/24,2024,HNC,Scallion - bu,$2.52,,,35,$88.20,,actual
2024-08-07,8/6/24,2024,Staff,Scallion - bu,$3.50,,,4,$14.00,,actual
2024-08-10,8/8/24,2024,Emmet,Scallion - bu,$2.52,,,6,$15.12,,actual
2024-08-07,8/6/24,2024,Staff,Tomato Cherry - Pt,$6.00,,,7,$42.00,Variety: sungold,actual
2024-08-07,8/6/24,2024,Staff,Tomato Cherry - Pt,$6.00,,,5,$30.00,Variety: rainbow,actual
2024-08-07,8/6/24,2024,Staff,Winter Squash Spaghetti - lb,$3.00,,,3,$9.00,Variety: bitter melon,actual
2024-08-07,8/6/24,2024,Staff,Zucchini - lb,$3.50,,,10,$35.00,Variety: green,actual
2024-08-07,8/6/24,2024,Staff,Zucchini - lb,$3.50,,,1,$3.50,Variety: yellow,actual
2024-08-14,8/13/24,2024,Staff,Basil - bu,$3.50,,,9,$31.50,,actual
2024-08-17,8/15/24,2024,Emmet,Basil - bu,$3.50,,,1,$3.50,,actual
2024-08-14,8/13/24,2024,Staff,Cabbage - lb,$3.00,,,3,$9.00,Variety: red,actual
2024-08-14,8/13/24,2024,Staff,Cabbage - lb,$3.00,,,1,$3.00,Variety: caraflex,actual
2024-08-14,8/13/24,2024,Staff,Cabbage - lb,$3.00,,,1,$3.00,Variety: savoy,actual
2024-08-14,8/13/24,2024,Staff,Cabbage - lb,$3.00,,,6,$18.00,Variety: tendersweet,actual
2024-08-14,8/13/24,2024,Staff,Celery - bu,$4.50,,,1,$4.50,,actual
2024-08-14,8/13/24,2024,Staff,Chard - bu,$4.50,,,2,$9.00,,actual
2024-08-14,8/13/24,2024,Staff,Collards - bu,$4.50,,,3,$13.50,,actual
2024-08-14,8/13/24,2024,Staff,Cucumber - lb,$3.50,,,6,$21.00,Variety: slicers,actual
2024-08-14,8/13/24,2024,Staff,Cucumber - lb,$3.50,,,14,$49.00,Variety: persian,actual
2024-08-14,8/13/24,2024,HNC,Cucumber - lb,$2.03,,,50,$101.50,,actual
2024-08-17,8/15/24,2024,Emmet,Cucumber - lb,$2.03,,,6,$12.18,,actual
2024-08-14,8/13/24,2024,Staff,Cucumber Pickling - lb,$3.50,,,25,$87.50,,actual
2024-08-14,8/13/24,2024,Staff,Dandelion - bu,$4.50,,,2,$9.00,,actual
2024-08-14,8/13/24,2024,HNC,Dandelion - bu,$2.75,,,24,$65.88,,actual
2024-08-14,8/13/24,2024,Staff,Eggplant - lb,$5.00,,,21,$105.00,,actual
2024-08-17,8/15/24,2024,Emmet,Eggplant - lb,$3.00,,,15,$45.00,,actual
2024-08-14,8/13/24,2024,Staff,Eggplant Mini - Pt,$6.00,,,4,$24.00,Variety: quarts,actual
2024-08-14,8/13/24,2024,HNC,Eggplant Mini - Pt,$4.02,,,10,$40.20,,actual
2024-08-14,8/13/24,2024,Staff,Kale Curly - bu,$4.50,,,5,$22.50,,actual
2024-08-14,8/13/24,2024,Staff,Kale Lacinato - bu,$4.50,,,6,$27.00,,actual
2024-08-14,8/13/24,2024,Staff,Okra - Pt,$6.00,,,3,$18.00,,actual
2024-08-14,8/13/24,2024,Staff,Parsley - bu,$3.50,,,4,$14.00,,actual
2024-08-14,8/13/24,2024,Staff,Pepper Hot - ea,$1.00,,,16,$16.00,Variety: jalapeno,actual
2024-08-14,8/13/24,2024,Staff,Pepper Shishito - Qt,$11.00,,,11,$121.00,,actual
2024-08-14,8/13/24,2024,Staff,Scallion - bu,$3.50,,,6,$21.00,,actual
2024-08-14,8/13/24,2024,HNC,Scallion - bu,$2.52,,,35,$88.20,,actual
2024-08-14,8/13/24,2024,Staff,Tomato Cherry - Pt,$6.00,,,7,$42.00,Variety: sungold,actual
2024-08-14,8/13/24,2024,Staff,Tomato Cherry - Pt,$6.00,,,10,$60.00,Variety: rainbow,actual
2024-08-14,8/13/24,2024,HNC,Tomato Cherry - Pt,$3.48,,,60,$208.80,Variety: rainbow,actual
2024-08-17,8/15/24,2024,Emmet,Tomato Cherry - Pt,$3.48,,,9,$31.32,Variety: rainbow,actual
2024-08-14,8/13/24,2024,Staff,Tomato Heirloom - lb,$5.00,,,20,$100.00,,actual
2024-08-17,8/15/24,2024,Emmet,Tomato Heirloom - lb,$5.00,,,2,$10.00,,actual
2024-08-14,8/13/24,2024,Staff,Winter Squash Spaghetti - lb,$3.00,,,1,$3.00,Variety: bitter melon,actual
2024-08-21,8/20/24,2024,Staff,Arugula - 1/3 lb,$7.00,,,4,$28.00,,actual
2024-08-21,8/20/24,2024,Staff,Arugula - 2/3 lb ,$14.00,,,6,$84.00,,actual
2024-08-21,8/20/24,2024,Staff,Cabbage - lb,$3.00,,,1,$3.00,Variety: red,actual
2024-08-21,8/20/24,2024,Staff,Cabbage - lb,$3.00,,,1,$3.00,Variety: tendersweet,actual
2024-08-21,8/20/24,2024,Staff,Celery - bu,$4.50,,,1,$4.50,,actual
2024-08-24,8/22/24,2024,Emmet,Celery - bu,$4.50,,,10,$45.00,,actual
2024-08-21,8/20/24,2024,Staff,Collards - bu,$4.50,,,4,$18.00,,actual
2024-08-24,8/22/24,2024,HNC,Collards - bu,$2.75,,,24,$65.88,,actual
2024-08-21,8/20/24,2024,Staff,Cucumber - lb,$3.50,,,10,$35.00,Variety: persian,actual
2024-08-21,8/20/24,2024,HNC,Cucumber - lb,$2.03,,,50,$101.50,Variety: slicers,actual
2024-08-24,8/22/24,2024,Emmet,Cucumber - lb,$2.03,,,15,$30.45,Variety: slicers,actual
2024-08-24,8/22/24,2024,HNC,Cucumber - lb,$2.03,,,50,$101.50,Variety: slicers,actual
2024-08-21,8/20/24,2024,Staff,Cucumber Pickling - lb,$3.50,,,8,$28.00,,actual
2024-08-21,8/20/24,2024,Staff,Dandelion - bu,$4.50,,,1,$4.50,,actual
2024-08-21,8/20/24,2024,Staff,Eggplant - lb,$5.00,,,7,$35.00,,actual
2024-08-24,8/22/24,2024,Emmet,Eggplant - lb,$3.00,,,15,$45.00,,actual
2024-08-21,8/20/24,2024,Staff,Eggplant Mini - Pt,$6.00,,,1,$6.00,Variety: quarts,actual
2024-08-21,8/20/24,2024,HNC,Eggplant Mini - Pt,$4.02,,,10,$40.20,Variety: pounds,actual
2024-08-24,8/22/24,2024,HNC,Eggplant Mini - Pt,$4.02,,,10,$40.20,Variety: pounds,actual
2024-08-21,8/20/24,2024,Staff,Kale Curly - bu,$4.50,,,3,$13.50,,actual
2024-08-21,8/20/24,2024,HNC,Kale Curly - bu,$2.75,,,35,$96.08,,actual
2024-08-24,8/22/24,2024,HNC,Kale Curly - bu,$2.75,,,75,$205.88,,actual
2024-08-21,8/20/24,2024,Staff,Kale Lacinato - bu,$4.50,,,11,$49.50,,actual
2024-08-21,8/20/24,2024,HNC,Kale Lacinato - bu,$2.75,,,50,$137.25,,actual
2024-08-24,8/22/24,2024,Emmet,Kale Lacinato - bu,$2.75,,,8,$21.96,,actual
2024-08-21,8/20/24,2024,Staff,Okra - Pt,$6.00,,,3,$18.00,,actual
2024-08-21,8/20/24,2024,Staff,Parsley - bu,$3.50,,,3,$10.50,,actual
2024-08-21,8/20/24,2024,Staff,Pepper Hot - ea,$1.00,,,10,$10.00,Variety: jalapeno,actual
2024-08-21,8/20/24,2024,Staff,Pepper Shishito - Qt,$11.00,,,6,$66.00,,actual
2024-08-21,8/20/24,2024,Staff,Radish French Breakfast - bu,$3.50,,,9,$31.50,,actual
2024-08-21,8/20/24,2024,Staff,Scallion - bu,$3.50,,,7,$24.50,,actual
2024-08-21,8/20/24,2024,Staff,Tomato Cherry - Pt,$6.00,,,4,$24.00,Variety: sungold,actual
2024-08-21,8/20/24,2024,Staff,Tomato Cherry - Pt,$6.00,,,3,$18.00,Variety: rainbow,actual
2024-08-21,8/20/24,2024,Staff,Tomato Heirloom - lb,$5.00,,,18,$90.00,,actual
2024-08-28,8/27/24,2024,Staff,Cabbage - lb,$3.00,,,1,$3.00,Variety: red,actual
2024-08-28,8/27/24,2024,Staff,Cabbage - lb,$3.00,,,1,$3.00,Variety: savoy,actual
2024-08-28,8/27/24,2024,Staff,Cabbage - lb,$3.00,,,1,$3.00,Variety: tendersweet,actual
2024-08-28,8/27/24,2024,Misc.,Cabbage - lb,$3.00,,,20,$60.00,Variety: caraflex,actual
2024-08-28,8/27/24,2024,Staff,Chard - bu,$4.50,,,1,$4.50,,actual
2024-08-28,8/27/24,2024,HNC,Chard - bu,$2.75,,,24,$65.88,,actual
2024-08-28,8/27/24,2024,Staff,Collards - bu,$4.50,,,2,$9.00,,actual
2024-08-28,8/27/24,2024,HNC,Collards - bu,$2.75,,,24,$65.88,,actual
2024-08-31,8/29/24,2024,HNC,Collards - bu,$2.75,,,20,$54.90,,actual
2024-08-28,8/27/24,2024,Staff,Corn - ea,$1.66,,,18,$29.88,,actual
2024-08-28,8/27/24,2024,HNC,Cucumber - lb,$1.75,,,50,$87.50,Variety: slicers,actual
2024-08-28,8/27/24,2024,Staff,Cucumber Persian - lb,$3.50,,,14,$49.00,,actual
2024-08-28,8/27/24,2024,Staff,Cucumber Pickling - lb,$3.50,,,17,$59.50,,actual
2024-08-28,8/27/24,2024,HNC,Dandelion - bu,$2.75,,,24,$65.88,,actual
2024-08-31,8/29/24,2024,HNC,Dandelion - bu,$2.75,,,24,$65.88,,actual
2024-08-28,8/27/24,2024,Staff,Eggplant - lb,$5.00,,,12,$60.00,,actual
2024-08-28,8/27/24,2024,Staff,Eggplant Mini - Qt,$11.00,,,2,$22.00,,actual
2024-08-28,8/27/24,2024,Staff,Kale Curly - bu,$4.50,,,4,$18.00,,actual
2024-08-31,8/29/24,2024,HNC,Kale Curly - bu,$2.75,,,35,$96.08,,actual
2024-08-28,8/27/24,2024,Staff,Kale Lacinato - bu,$4.50,,,6,$27.00,,actual
2024-08-28,8/27/24,2024,HNC,Kale Lacinato - bu,$2.75,,,36,$98.82,,actual
2024-08-31,8/29/24,2024,HNC,Kale Lacinato - bu,$2.75,,,35,$96.08,,actual
2024-08-28,8/27/24,2024,Staff,Okra - Pt,$6.00,,,5,$30.00,,actual
2024-08-28,8/27/24,2024,Staff,Pepper Carmen - lb,$5.00,,,15,$75.00,,actual
2024-08-28,8/27/24,2024,Staff,Pepper Hot - ea,$1.00,,,5,$5.00,Variety: jalapeno,actual
2024-08-28,8/27/24,2024,Staff,Pepper Shishito - Qt,$11.00,,,3,$33.00,,actual
2024-08-28,8/27/24,2024,HNC,Pepper Shishito - Qt,$5.50,,,10,$55.00,Variety: pounds,actual
2024-08-28,8/27/24,2024,Misc.,Potato Fingerling - lb,$3.50,,,20,$70.00,,actual
2024-08-28,8/27/24,2024,Staff,Radish French Breakfast - bu,$3.50,,,3,$10.50,,actual
2024-08-28,8/27/24,2024,Staff,Radish Red - bu,$3.50,,,4,$14.00,,actual
2024-08-28,8/27/24,2024,Staff,Tomato Cherry - Pt,$6.00,,,2,$12.00,Variety: sungold,actual
2024-08-28,8/27/24,2024,Staff,Tomato Cherry - Pt,$6.00,,,5,$30.00,Variety: rainbow,actual
2024-08-28,8/27/24,2024,Staff,Tomato Heirloom - lb,$5.00,,,16,$80.00,,actual
2024-08-28,8/27/24,2024,Staff,Winter Squash Acorn Type - lb,$4.00,,,7,$28.00,,actual
2024-09-04,9/3/24,2024,Staff,Basil - bu,$3.50,,,4,$14.00,,actual
2024-09-04,9/3/24,2024,Staff,Bitter Melon - lb,$5.00,,,1,$5.00,,actual
2024-09-04,9/3/24,2024,Staff,Cabbage - lb,$3.00,,,2,$6.00,Variety: red,actual
2024-09-04,9/3/24,2024,Staff,Cabbage - lb,$3.00,,,2,$6.00,Variety: savoy,actual
2024-09-04,9/3/24,2024,HNC,Chard - bu,$2.75,,,25,$68.63,,actual
2024-09-04,9/3/24,2024,Staff,Chard - bu,$4.50,,,2,$9.00,,actual
2024-09-07,9/5/24,2024,Emmet,Chard - bu,$2.75,,,18,$49.41,,actual
2024-09-04,9/3/24,2024,Staff,Cilantro - bu,$3.50,,,9,$31.50,,actual
2024-09-04,9/3/24,2024,HNC,Collards - bu,$2.75,,,20,$54.90,,actual
2024-09-04,9/3/24,2024,Staff,Collards - bu,$4.50,,,2,$9.00,,actual
2024-09-04,9/3/24,2024,Staff,Cucumber - lb,$3.50,,,4,$14.00,Variety: slicers,actual
2024-09-07,9/5/24,2024,Emmet,Cucumber - lb,$3.50,,,6,$21.00,,actual
2024-09-04,9/3/24,2024,Staff,Cucumber Persian - lb,$3.50,,,15,$52.50,,actual
2024-09-04,9/3/24,2024,Staff,Cucumber Pickling - lb,$3.50,,,16,$56.00,,actual
2024-09-04,9/3/24,2024,HNC,Dandelion - bu,$2.75,,,25,$68.63,,actual
2024-09-04,9/3/24,2024,Staff,Dandelion - bu,$4.50,,,3,$13.50,,actual
2024-09-07,9/5/24,2024,Emmet,Dandelion - bu,$2.75,,,15,$41.18,,actual
2024-09-04,9/3/24,2024,Staff,Eggplant - lb,$5.00,,,10,$50.00,,actual
2024-09-04,9/3/24,2024,Staff,Eggplant Mini - Pt,$6.00,,,1,$6.00,,actual
2024-09-04,9/3/24,2024,HNC,Kale Curly - bu,$2.75,,,35,$96.08,,actual
2024-09-04,9/3/24,2024,Staff,Kale Curly - bu,$4.50,,,6,$27.00,,actual
2024-09-07,9/5/24,2024,Emmet,Kale Curly - bu,$2.75,,,15,$41.18,,actual
2024-09-04,9/3/24,2024,HNC,Kale Lacinato - bu,$2.75,,,35,$96.08,,actual
2024-09-04,9/3/24,2024,Staff,Kale Lacinato - bu,$4.50,,,9,$40.50,,actual
2024-09-07,9/5/24,2024,Emmet,Kale Lacinato - bu,$2.75,,,20,$54.90,,actual
2024-09-04,9/3/24,2024,Staff,Okra - Pt,$6.00,,,3,$18.00,,actual
2024-09-04,9/3/24,2024,Staff,Parsley - bu,$3.50,,,3,$10.50,,actual
2024-09-04,9/3/24,2024,Staff,Pepper Carmen - lb,$5.00,,,18,$90.00,,actual
2024-09-07,9/5/24,2024,Misc.,Pepper Carmen - lb,$0.00,,,6,$0.00,,actual
2024-09-04,9/3/24,2024,HNC,Pepper Hot - ea,$6.00,,,5,$30.00,Variety: jalapeno,actual
2024-09-04,9/3/24,2024,Staff,Pepper Hot - ea,$1.00,,,31,$31.00,Variety: jalapeno,actual
2024-09-07,9/5/24,2024,Emmet,Pepper Hot - ea,$6.00,,,1,$6.00,,actual
2024-09-04,9/3/24,2024,Staff,Pepper Shishito - Qt,$11.00,,,7,$77.00,,actual
2024-09-07,9/5/24,2024,Emmet,Pepper Shishito - Qt,$5.50,,,2.5,$13.75,,actual
2024-09-04,9/3/24,2024,Staff,Potato Blue - lb,$3.50,,,8,$28.00,,actual
2024-09-04,9/3/24,2024,Staff,Radish French Breakfast - bu,$3.50,,,2,$7.00,,actual
2024-09-04,9/3/24,2024,Staff,Radish Round Purple - bu,$3.50,,,5,$17.50,,actual
2024-09-04,9/3/24,2024,Staff,Summer Mix - 1/3 lb,$7.00,,,1,$7.00,,actual
2024-09-04,9/3/24,2024,Staff,Summer Mix - 2/3 lb,$0.00,,,6,$0.00,,actual
2024-09-04,9/3/24,2024,Staff,Tomato Cherry - Pt,$6.00,,,3,$18.00,Variety: sungold,actual
2024-09-04,9/3/24,2024,Staff,Tomato Cherry - Pt,$6.00,,,8,$48.00,Variety: rainbow,actual
2024-09-04,9/3/24,2024,Staff,Tomato Heirloom - lb,$5.00,,,13,$65.00,,actual
2024-09-04,9/3/24,2024,Staff,Tomato Sauce - Qt,$7.00,,,1,$7.00,,actual
2024-09-04,9/3/24,2024,Staff,Winter Squash Acorn Type - lb,$4.00,,,3,$12.00,,actual
2024-09-04,9/3/24,2024,Staff,Winter Squash Delicata - lb,$4.00,,,8,$32.00,,actual
2024-09-11,9/10/24,2024,Staff,Arugula - 1/3 lb,$7.00,,,7,$49.00,,actual
2024-09-11,9/10/24,2024,Staff,Basil - bu,$3.50,,,3,$10.50,,actual
2024-09-11,9/10/24,2024,Staff,Bitter Melon - lb,$5.00,,,2,$10.00,,actual
2024-09-11,9/10/24,2024,Staff,Cabbage - lb,$3.00,,,1,$3.00,Variety: red,actual
2024-09-11,9/10/24,2024,Staff,Cabbage - lb,$3.00,,,1,$3.00,Variety: savoy,actual
2024-09-11,9/10/24,2024,HNC,Chard - bu,$2.75,,,25,$68.63,,actual
2024-09-14,9/12/24,2024,HNC,Chard - bu,$2.75,,,15,$41.18,,actual
2024-09-11,9/10/24,2024,Staff,Cilantro - bu,$3.50,,,10,$35.00,,actual
2024-09-11,9/10/24,2024,HNC,Cilantro - bu,$2.52,,,35,$88.20,,actual
2024-09-11,9/10/24,2024,Staff,Collards - bu,$4.50,,,6,$27.00,,actual
2024-09-11,9/10/24,2024,HNC,Collards - bu,$2.75,,,25,$68.63,,actual
2024-09-14,9/12/24,2024,Emmet,Collards - bu,$2.75,,,4,$10.98,,actual
2024-09-14,9/12/24,2024,HNC,Collards - bu,$2.75,,,15,$41.18,,actual
2024-09-11,9/10/24,2024,Staff,Corn - ea,$1.66,,,20,$33.20,,actual
2024-09-11,9/10/24,2024,Misc.,Corn - ea,$1.66,,,40,$66.40,,actual
2024-09-14,9/12/24,2024,Emmet,Cucumber - lb,$3.50,,,12,$42.00,,actual
2024-09-11,9/10/24,2024,Staff,Cucumber Pickling - lb,$3.50,,,4,$14.00,,actual
2024-09-11,9/10/24,2024,Staff,Dandelion - bu,$4.50,,,3,$13.50,,actual
2024-09-11,9/10/24,2024,HNC,Dandelion - bu,$2.75,,,25,$68.63,,actual
2024-09-11,9/10/24,2024,Staff,Eggplant - lb,$5.00,,,17,$85.00,,actual
2024-09-14,9/12/24,2024,Emmet,Eggplant - lb,$3.00,,,20,$60.00,,actual
2024-09-11,9/10/24,2024,Staff,Eggplant Mini - Pt,$6.00,,,1,$6.00,,actual
2024-09-11,9/10/24,2024,Staff,Kale Curly - bu,$4.50,,,15,$67.50,,actual
2024-09-11,9/10/24,2024,HNC,Kale Curly - bu,$2.75,,,35,$96.08,,actual
2024-09-14,9/12/24,2024,HNC,Kale Curly - bu,$2.75,,,30,$82.35,,actual
2024-09-11,9/10/24,2024,Staff,Kale Lacinato - bu,$4.50,,,9,$40.50,,actual
2024-09-11,9/10/24,2024,HNC,Kale Lacinato - bu,$2.75,,,35,$96.08,,actual
2024-09-14,9/12/24,2024,Emmet,Kale Lacinato - bu,$2.75,,,10,$27.45,,actual
2024-09-14,9/12/24,2024,HNC,Kale Lacinato - bu,$2.75,,,50,$137.25,,actual
2024-09-11,9/10/24,2024,Staff,Lettuce Mini Gem - ea,$3.00,,,5,$15.00,Variety: rosaine,actual
2024-09-11,9/10/24,2024,Staff,Okra - Pt,$6.00,,,2,$12.00,,actual
2024-09-11,9/10/24,2024,Staff,Parsley - bu,$3.50,,,5,$17.50,,actual
2024-09-11,9/10/24,2024,Staff,Pepper Carmen - lb,$5.00,,,24,$120.00,,actual
2024-09-11,9/10/24,2024,Staff,Pepper Hot - ea,$1.00,,,15,$15.00,Variety: gochugaru,actual
2024-09-11,9/10/24,2024,Staff,Pepper Lunchbox - Pt,$4.00,,,7,$28.00,,actual
2024-09-11,9/10/24,2024,Staff,Pepper Shishito - Qt,$11.00,,,1,$11.00,,actual
2024-09-11,9/10/24,2024,HNC,Pepper Shishito - Qt,$6.05,,,5,$30.25,,actual
2024-09-11,9/10/24,2024,Staff,Potato Blue - lb,$3.50,,,4,$14.00,Variety: quart,actual
2024-09-11,9/10/24,2024,Staff,Potato Fingerling - lb,$3.50,,,9,$31.50,Variety: red quarts,actual
2024-09-11,9/10/24,2024,Staff,Radish French Breakfast - bu,$3.50,,,3,$10.50,,actual
2024-09-11,9/10/24,2024,HNC,Radish French Breakfast - bu,$2.52,,,20,$50.40,,actual
2024-09-14,9/12/24,2024,HNC,Radish French Breakfast - bu,$2.52,,,25,$63.00,,actual
2024-09-11,9/10/24,2024,Staff,Radish Round Purple - bu,$3.50,,,2,$7.00,,actual
2024-09-11,9/10/24,2024,Staff,Summer Mix - 1/3 lb,$7.00,,,1,$7.00,,actual
2024-09-11,9/10/24,2024,Staff,Summer Mix - 2/3 lb ,$14.00,,,7,$98.00,,actual
2024-09-11,9/10/24,2024,Staff,Tomato Cherry - Pt,$6.00,,,4,$24.00,Variety: sungold,actual
2024-09-11,9/10/24,2024,Staff,Tomato Cherry - Pt,$6.00,,,7,$42.00,Variety: rainbow,actual
2024-09-11,9/10/24,2024,Staff,Tomato Heirloom - lb,$5.00,,,21,$105.00,,actual
2024-09-11,9/10/24,2024,Staff,Tomato Sauce - Qt,$7.00,,,12,$84.00,,actual
2024-09-11,9/10/24,2024,Staff,Winter Squash Acorn Type - lb,$4.00,,,4,$16.00,,actual
2024-09-11,9/10/24,2024,Staff,Winter Squash Delicata - lb,$4.00,,,6,$24.00,,actual
2024-09-18,9/17/24,2024,Staff,Arugula - 1/3 lb,$7.00,,,6,$42.00,,actual
2024-09-18,9/17/24,2024,Staff,Basil - bu,$3.50,,,2,$7.00,,actual
2024-09-18,9/17/24,2024,Staff,Bok Choy - ea,$3.00,,,28,$84.00,,actual
2024-09-18,9/17/24,2024,Staff,Cabbage - lb,$3.00,,,1,$3.00,Variety: red,actual
2024-09-18,9/17/24,2024,Staff,Cabbage Chinese - lb,$4.00,,,6,$24.00,,actual
2024-09-18,9/17/24,2024,Staff,Carrot - bu,$6.00,,,7,$42.00,,actual
2024-09-18,9/17/24,2024,HNC,Chard - bu,$2.75,,,25,$68.63,,actual
2024-09-21,9/19/24,2024,HNC,Chard - bu,$2.75,,,20,$54.90,,actual
2024-09-18,9/17/24,2024,HNC,Cilantro - bu,$2.52,,,20,$50.40,,actual
2024-09-18,9/17/24,2024,Staff,Cilantro - bu,$3.50,,,7,$24.50,,actual
2024-09-21,9/19/24,2024,HNC,Cilantro - bu,$2.52,,,50,$126.00,,actual
2024-09-18,9/17/24,2024,HNC,Collards - bu,$2.75,,,10,$27.45,,actual
2024-09-18,9/17/24,2024,Staff,Collards - bu,$4.50,,,4,$18.00,,actual
2024-09-21,9/19/24,2024,HNC,Collards - bu,$2.75,,,20,$54.90,,actual
2024-09-18,9/17/24,2024,HNC,Dandelion - bu,$2.75,,,25,$68.63,,actual
2024-09-18,9/17/24,2024,Staff,Dandelion - bu,$4.50,,,4,$18.00,,actual
2024-09-18,9/17/24,2024,Staff,Eggplant - lb,$5.00,,,1,$5.00,,actual
2024-09-18,9/17/24,2024,HNC,Kale Curly - bu,$2.75,,,35,$96.08,,actual
2024-09-18,9/17/24,2024,Staff,Kale Curly - bu,$4.50,,,6,$27.00,,actual
2024-09-21,9/19/24,2024,HNC,Kale Curly - bu,$2.75,,,40,$109.80,,actual
2024-09-18,9/17/24,2024,HNC,Kale Lacinato - bu,$2.75,,,35,$96.08,,actual
2024-09-18,9/17/24,2024,Staff,Kale Lacinato - bu,$4.50,,,6,$27.00,,actual
2024-09-21,9/19/24,2024,Emmet,Kale Lacinato - bu,$2.75,,,12,$32.94,,actual
2024-09-21,9/19/24,2024,HNC,Kale Lacinato - bu,$2.75,,,80,$219.60,,actual
2024-09-18,9/17/24,2024,Staff,Kohlrabi - bu,$4.50,,,6,$27.00,,actual
2024-09-18,9/17/24,2024,Staff,Okra - Pt,$6.00,,,1,$6.00,,actual
2024-09-18,9/17/24,2024,Staff,Parsley - bu,$3.50,,,5,$17.50,,actual
2024-09-18,9/17/24,2024,Misc.,Pepper Carmen - lb,$4.00,,,25,$100.00,,actual
2024-09-18,9/17/24,2024,Staff,Pepper Carmen - lb,$5.00,,,18,$90.00,,actual
2024-09-18,9/17/24,2024,Staff,Pepper Lunchbox - Pt,$4.00,,,3,$12.00,,actual
2024-09-18,9/17/24,2024,HNC,Pepper Shishito - Qt,$6.05,,,5,$30.25,,actual
2024-09-18,9/17/24,2024,Staff,Pepper Shishito - Qt,$11.00,,,2,$22.00,,actual
2024-09-18,9/17/24,2024,Staff,Potato Fingerling - lb,$3.50,,,4,$14.00,Variety: red quarts,actual
2024-09-18,9/17/24,2024,Staff,Radish French Breakfast - bu,$3.50,,,1,$3.50,,actual
2024-09-18,9/17/24,2024,HNC,Radish Red - bu,$2.52,,,15,$37.80,,actual
2024-09-18,9/17/24,2024,Staff,Radish Red - bu,$3.50,,,2,$7.00,,actual
2024-09-21,9/19/24,2024,HNC,Radish Red - bu,$2.52,,,20,$50.40,,actual
2024-09-18,9/17/24,2024,Staff,Radish Round Purple - bu,$3.50,,,1,$3.50,,actual
2024-09-18,9/17/24,2024,Staff,Summer Mix - 2/3 lb ,$14.00,,,2,$28.00,,actual
2024-09-18,9/17/24,2024,Staff,Tomato Cherry - Pt,$6.00,,,3,$18.00,Variety: sungold,actual
2024-09-18,9/17/24,2024,Staff,Tomato Cherry - Pt,$6.00,,,6,$36.00,Variety: rainbow,actual
2024-09-18,9/17/24,2024,Staff,Tomato Heirloom - lb,$5.00,,,12,$60.00,,actual
2024-09-18,9/17/24,2024,Staff,Turnip - bu,$4.50,,,6,$27.00,,actual
2024-09-18,9/17/24,2024,Staff,Winter Squash Acorn Type - lb,$4.00,,,3,$12.00,,actual
2024-09-18,9/17/24,2024,Staff,Winter Squash Delicata - lb,$4.00,,,11,$44.00,,actual
2024-09-25,9/24/24,2024,Staff,Arugula - 1/3 lb,$7.00,,,3,$21.00,,actual
2024-09-25,9/24/24,2024,Staff,Basil - bu,$3.50,,,3,$10.50,,actual
2024-09-25,9/24/24,2024,Staff,Bok Choy - ea,$3.00,,,11,$33.00,,actual
2024-09-25,9/24/24,2024,Staff,Cabbage - lb,$3.00,,,1,$3.00,Variety: red,actual
2024-09-25,9/24/24,2024,Staff,Cabbage Chinese - lb,$4.00,,,2,$8.00,,actual
2024-09-25,9/24/24,2024,Staff,Carrot - bu,$6.00,,,5,$30.00,,actual
2024-09-25,9/24/24,2024,HNC,Chard - bu,$2.75,,,25,$68.63,,actual
2024-09-25,9/24/24,2024,HNC,Cilantro - bu,$2.52,,,25,$63.00,,actual
2024-09-25,9/24/24,2024,Staff,Cilantro - bu,$3.50,,,2,$7.00,,actual
2024-09-28,9/26/24,2024,HNC,Cilantro - bu,$2.52,,,60,$151.20,,actual
2024-09-25,9/24/24,2024,HNC,Collards - bu,$2.75,,,10,$27.45,,actual
2024-09-25,9/24/24,2024,Staff,Collards - bu,$4.50,,,1,$4.50,,actual
2024-09-25,9/24/24,2024,HNC,Dandelion - bu,$2.75,,,25,$68.63,,actual
2024-09-25,9/24/24,2024,Staff,Escarole - ea,$5.00,,,2,$10.00,,actual
2024-09-25,9/24/24,2024,Staff,Fall Mix - 1/3 lb,$7.00,,,3,$21.00,,actual
2024-09-25,9/24/24,2024,Staff,Fall Mix - 2/3 lb ,$14.00,,,2,$28.00,,actual
2024-09-25,9/24/24,2024,HNC,Kale Curly - bu,$2.75,,,30,$82.35,,actual
2024-09-25,9/24/24,2024,Staff,Kale Curly - bu,$4.50,,,4,$18.00,,actual
2024-09-28,9/26/24,2024,HNC,Kale Curly - bu,$2.75,,,60,$164.70,,actual
2024-09-25,9/24/24,2024,HNC,Kale Lacinato - bu,$2.75,,,35,$96.08,,actual
2024-09-25,9/24/24,2024,Staff,Kale Lacinato - bu,$4.50,,,5,$22.50,,actual
2024-09-28,9/26/24,2024,Emmet,Kale Lacinato - bu,$2.75,,,15,$41.18,,actual
2024-09-28,9/26/24,2024,HNC,Kale Lacinato - bu,$2.75,,,80,$219.60,,actual
2024-09-25,9/24/24,2024,Staff,Kohlrabi - bu,$4.50,,,1,$4.50,,actual
2024-09-25,9/24/24,2024,Staff,Lettuce Mini Gem - ea,$3.00,,,9,$27.00,Variety: cegolaine,actual
2024-09-25,9/24/24,2024,Staff,Parsley - bu,$3.50,,,3,$10.50,,actual
2024-09-28,9/26/24,2024,Emmet,Parsley - bu,$3.50,,,8,$28.00,,actual
2024-09-25,9/24/24,2024,Staff,Pepper Carmen - lb,$5.00,,,5,$25.00,,actual
2024-09-28,9/26/24,2024,Emmet,Pepper Carmen - lb,$3.00,,,10,$30.00,,actual
2024-09-25,9/24/24,2024,HNC,Pepper Hot - ea,$6.00,,,5,$30.00,Variety: jalapeno,actual
2024-09-25,9/24/24,2024,Staff,Pepper Hot - ea,$1.00,,,2,$2.00,Variety: jalapeno,actual
2024-09-25,9/24/24,2024,Staff,Pepper Hot - ea,$1.00,,,20,$20.00,Variety: gochugaru,actual
2024-09-25,9/24/24,2024,Staff,Pepper Lunchbox - Qt,$7.00,,,3,$21.00,,actual
2024-09-25,9/24/24,2024,HNC,Pepper Shishito - Qt,$5.50,,,5,$27.50,,actual
2024-09-25,9/24/24,2024,Staff,Pepper Shishito - Qt,$11.00,,,4,$44.00,,actual
2024-09-25,9/24/24,2024,Staff,Potato Fingerling - lb,$3.50,,,4,$14.00,Variety: red quarts,actual
2024-09-25,9/24/24,2024,Staff,Radicchio Variegated - lb,$8.00,,,7,$56.00,,actual
2024-09-25,9/24/24,2024,Staff,Radish French Breakfast - bu,$3.50,,,2,$7.00,,actual
2024-09-25,9/24/24,2024,HNC,Radish Red - bu,$2.52,,,20,$50.40,,actual
2024-09-28,9/26/24,2024,HNC,Radish Red - bu,$2.52,,,30,$75.60,,actual
2024-09-25,9/24/24,2024,Staff,Scallion - bu,$3.50,,,9,$31.50,,actual
2024-09-28,9/26/24,2024,Emmet,Scallion - bu,$3.50,,,6,$21.00,,actual
2024-09-25,9/24/24,2024,Staff,Tomato Sauce - Qt,$7.00,,,4,$28.00,,actual
2024-09-25,9/24/24,2024,Staff,Turnip - bu,$4.50,,,4,$18.00,Variety: hakurei,actual
2024-09-25,9/24/24,2024,Staff,Turnip - bu,$4.50,,,1,$4.50,Variety: scarlet,actual
2024-09-25,9/24/24,2024,Staff,Winter Squash Acorn Type - lb,$4.00,,,2,$8.00,,actual
2024-09-25,9/24/24,2024,Staff,Winter Squash Delicata - lb,$4.00,,,12,$48.00,,actual
2024-10-02,10/1/24,2024,Staff,Basil - bu,$3.50,,,5,$17.50,,actual
2024-10-02,10/1/24,2024,Staff,Broccolini - bu,$6.00,,,10,$60.00,,actual
2024-10-05,10/3/2024,2024,HNC,Broccolini - bu,$3.78,,,36,$136.08,,actual
2024-10-02,10/1/24,2024,Staff,Cabbage - lb,$3.00,,,3,$9.00,Variety: caraflex,actual
2024-10-02,10/1/24,2024,Staff,Cabbage Chinese - lb,$4.00,,,1,$4.00,Variety: purple,actual
2024-10-02,10/1/24,2024,Staff,Carrot - bu,$6.00,,,7,$42.00,,actual
2024-10-02,10/1/24,2024,Staff,Cauliflower Sprouting - lb,$6.00,,,8,$48.00,,actual
2024-10-02,10/1/24,2024,HNC,Chard - bu,$2.75,,,25,$68.63,,actual
2024-10-02,10/1/24,2024,Staff,Chard - bu,$4.50,,,1,$4.50,,actual
2024-10-05,10/3/2024,2024,HNC,Chard - bu,$2.75,,,24,$65.88,,actual
2024-10-02,10/1/24,2024,HNC,Cilantro - bu,$2.52,,,25,$63.00,,actual
2024-10-02,10/1/24,2024,Staff,Cilantro - bu,$3.50,,,4,$14.00,,actual
2024-10-05,10/3/24,2024,Emmet,Cilantro - bu,$2.52,,,4,$10.08,,actual
2024-10-05,10/3/2024,2024,HNC,Cilantro - bu,$2.52,,,45,$113.40,,actual
2024-10-02,10/1/24,2024,HNC,Collards - bu,$2.75,,,10,$27.45,,actual
2024-10-05,10/3/2024,2024,HNC,Collards - bu,$2.75,,,12,$32.94,,actual
2024-10-02,10/1/24,2024,HNC,Dandelion - bu,$2.75,,,25,$68.63,,actual
2024-10-05,10/3/2024,2024,HNC,Dandelion - bu,$2.75,,,14,$38.43,,actual
2024-10-02,10/1/24,2024,Staff,Eggplant - lb,$5.00,,,2,$10.00,,actual
2024-10-02,10/1/24,2024,Staff,Eggplant Mini - Qt,$11.00,,,1,$11.00,,actual
2024-10-02,10/1/24,2024,Staff,Escarole - ea,$5.00,,,5,$25.00,,actual
2024-10-05,10/3/24,2024,Emmet,Escarole - ea,$3.25,,,6,$19.50,,actual
2024-10-05,10/3/2024,2024,HNC,Escarole - ea,$3.25,,,12,$39.00,,actual
2024-10-02,10/1/24,2024,Staff,Fall Mix - 1/3 lb,$7.00,,,3,$21.00,,actual
2024-10-02,10/1/24,2024,Staff,Fall Mix - 2/3 lb ,$14.00,,,6,$84.00,,actual
2024-10-05,10/3/24,2024,Emmet,Fall Mix - 2/3 lb ,$14.00,,,1,$14.00,,actual
2024-10-02,10/1/24,2024,Staff,Fennel - ea,$4.00,,,4,$16.00,,actual
2024-10-02,10/1/24,2024,HNC,Kale Curly - bu,$2.75,,,30,$82.35,,actual
2024-10-02,10/1/24,2024,Staff,Kale Curly - bu,$4.50,,,2,$9.00,,actual
2024-10-05,10/3/24,2024,Misc.,Kale Curly - bu,$4.50,,,4,$18.00,,actual
2024-10-05,10/3/2024,2024,HNC,Kale Curly - bu,$2.75,,,30,$82.35,,actual
2024-10-02,10/1/24,2024,HNC,Kale Lacinato - bu,$2.75,,,35,$96.08,,actual
2024-10-02,10/1/24,2024,Staff,Kale Lacinato - bu,$4.50,,,6,$27.00,,actual
2024-10-05,10/3/2024,2024,HNC,Kale Lacinato - bu,$2.75,,,45,$123.53,,actual
2024-10-02,10/1/24,2024,Staff,Kohlrabi - bu,$4.50,,,3,$13.50,,actual
2024-10-02,10/1/24,2024,Staff,Lettuce Mini Gem - ea,$3.00,,,6,$18.00,Variety: rosaine,actual
2024-10-02,10/1/24,2024,Staff,Parsley - bu,$3.50,,,2,$7.00,,actual
2024-10-05,10/3/24,2024,Emmet,Parsley - bu,$2.52,,,10,$25.20,,actual
2024-10-02,10/1/24,2024,Staff,Pepper Carmen - lb,$5.00,,,10,$50.00,,actual
2024-10-05,10/3/24,2024,Misc.,Pepper Carmen - lb,$5.00,,,10,$50.00,,actual
2024-10-05,10/3/2024,2024,HNC,Pepper Carmen - lb,$3.00,,,32,$96.00,,actual
2024-10-02,10/1/24,2024,HNC,Pepper Hot - ea,$6.00,,,5,$30.00,Variety: jalapeno,actual
2024-10-02,10/1/24,2024,Staff,Pepper Hot - ea,$1.00,,,3,$3.00,Variety: jalapeno,actual
2024-10-05,10/3/24,2024,Emmet,Pepper Hot - ea,$6.00,,,1,$6.00,Variety: jalapeno,actual
2024-10-02,10/1/24,2024,Staff,Pepper Lunchbox - Pt,$4.00,,,1,$4.00,,actual
2024-10-02,10/1/24,2024,Staff,Pepper Lunchbox - Qt,$7.00,,,1,$7.00,,actual
2024-10-02,10/1/24,2024,HNC,Pepper Shishito - Qt,$5.50,,,5,$27.50,,actual
2024-10-02,10/1/24,2024,Staff,Pepper Shishito - Qt,$11.00,,,1,$11.00,,actual
2024-10-02,10/1/24,2024,Staff,Potato Blue - lb,$3.50,,,6,$21.00,Variety: quarts,actual
2024-10-02,10/1/24,2024,Staff,Potato White - lb,$3.50,,,11,$38.50,Variety: quarts,actual
2024-10-02,10/1/24,2024,Staff,Radicchio Variegated - lb,$8.00,,,4,$32.00,,actual
2024-10-02,10/1/24,2024,Staff,Radish French Breakfast - bu,$3.50,,,1,$3.50,,actual
2024-10-02,10/1/24,2024,HNC,Radish Round Purple - bu,$2.52,,,15,$37.80,,actual
2024-10-02,10/1/24,2024,Staff,Radish Round Purple - bu,$3.50,,,1,$3.50,,actual
2024-10-02,10/1/24,2024,Staff,Scallion - bu,$3.50,,,8,$28.00,,actual
2024-10-02,10/1/24,2024,Staff,Turnip - bu,$4.50,,,3,$13.50,Variety: hakurei,actual
2024-10-02,10/1/24,2024,Staff,Turnip - bu,$4.50,,,1,$4.50,Variety: scarlet,actual
2024-10-02,10/1/24,2024,Staff,Winter Squash Acorn Type - lb,$4.00,,,2,$8.00,,actual
2024-10-02,10/1/24,2024,Staff,Winter Squash Delicata - lb,$4.00,,,7,$28.00,,actual
2024-10-09,10/8/24,2024,Staff,Basil - bu,$3.50,,,10,$35.00,,actual
2024-10-09,10/8/24,2024,Staff,Beets Red - bu,$5.00,,,4,$20.00,,actual
2024-10-09,10/8/24,2024,Staff,Broccolini - bu,$6.00,,,21,$126.00,,actual
2024-10-09,10/8/24,2024,Misc.,Broccolini - bu,$3.78,,,50,$189.00,,actual
2024-10-09,10/8/24,2024,Misc.,Broccolini - bu,$4.02,,,70,$281.40,Variety: lbs,actual
2024-10-09,10/8/24,2024,HNC,Broccolini - bu,$3.78,,,45,$170.10,,actual
2024-10-09,10/8/24,2024,Staff,Cabbage - lb,$3.00,,,2,$6.00,Variety: savoy,actual
2024-10-09,10/8/24,2024,Staff,Carrot - bu,$6.00,,,7,$42.00,,actual
2024-10-09,10/8/24,2024,Staff,Cauliflower Sprouting - lb,$6.00,,,6,$36.00,,actual
2024-10-09,10/8/24,2024,Staff,Celery - bu,$4.50,,,3,$13.50,,actual
2024-10-09,10/8/24,2024,HNC,Chard - bu,$2.75,,,12,$32.94,,actual
2024-10-12,10/10/24,2024,Emmet,Chard - bu,$2.75,,,6,$16.47,,actual
2024-10-12,10/10/24,2024,HNC,Chard - bu,$2.75,,,24,$65.88,,actual
2024-10-09,10/8/24,2024,Staff,Cilantro - bu,$3.50,,,7,$24.50,,actual
2024-10-09,10/8/24,2024,HNC,Cilantro - bu,$2.52,,,40,$100.80,,actual
2024-10-12,10/10/24,2024,HNC,Cilantro - bu,$2.52,,,50,$126.00,,actual
2024-10-09,10/8/24,2024,HNC,Collards - bu,$2.75,,,15,$41.18,,actual
2024-10-12,10/10/24,2024,Emmet,Collards - bu,$2.75,,,6,$16.47,,actual
2024-10-12,10/10/24,2024,HNC,Collards - bu,$2.75,,,18,$49.41,,actual
2024-10-09,10/8/24,2024,Staff,Dandelion - bu,$4.50,,,1,$4.50,,actual
2024-10-09,10/8/24,2024,HNC,Dandelion - bu,$2.75,,,18,$49.41,,actual
2024-10-12,10/10/24,2024,Emmet,Dandelion - bu,$2.75,,,6,$16.47,,actual
2024-10-12,10/10/24,2024,HNC,Dandelion - bu,$2.75,,,24,$65.88,,actual
2024-10-09,10/8/24,2024,Staff,Eggplant - lb,$5.00,,,6,$30.00,,actual
2024-10-09,10/8/24,2024,HNC,Escarole - ea,$3.25,,,10,$32.50,,actual
2024-10-12,10/10/24,2024,HNC,Escarole - ea,$4.98,,,10,$49.83,,actual
2024-10-09,10/8/24,2024,Staff,Fall Mix - 1/3 lb,$7.00,,,1,$7.00,,actual
2024-10-09,10/8/24,2024,Staff,Fall Mix - 2/3 lb ,$14.00,,,2,$28.00,,actual
2024-10-12,10/10/24,2024,Emmet,Fennel - bu,$4.00,,,6,$24.00,,actual
2024-10-09,10/8/24,2024,Staff,Fennel - ea,$4.00,,,3,$12.00,,actual
2024-10-09,10/8/24,2024,Staff,Kale Curly - bu,$4.50,,,4,$18.00,,actual
2024-10-12,10/10/24,2024,HNC,Kale Curly - bu,$2.75,,,55,$150.98,,actual
2024-10-09,10/8/24,2024,Staff,Kale Lacinato - bu,$4.50,,,4,$18.00,,actual
2024-10-09,10/8/24,2024,HNC,Kale Lacinato - bu,$2.75,,,35,$96.08,,actual
2024-10-12,10/10/24,2024,Emmet,Kale Lacinato - bu,$2.75,,,10,$27.45,,actual
2024-10-12,10/10/24,2024,HNC,Kale Lacinato - bu,$2.75,,,70,$192.15,,actual
2024-10-09,10/8/24,2024,Staff,Kohlrabi - bu,$4.50,,,2,$9.00,Variety: purple eaches,actual
2024-10-09,10/8/24,2024,Staff,Parsley - bu,$3.50,,,3,$10.50,,actual
2024-10-09,10/8/24,2024,HNC,Parsley - bu,$2.52,,,40,$100.80,,actual
2024-10-12,10/10/24,2024,HNC,Parsley - bu,$2.52,,,50,$126.00,,actual
2024-10-09,10/8/24,2024,Staff,Pepper Carmen - lb,$5.00,,,8,$40.00,,actual
2024-10-09,10/8/24,2024,HNC,Pepper Carmen - lb,$3.00,,,40,$120.00,,actual
2024-10-12,10/10/24,2024,HNC,Pepper Carmen - lb,$3.00,,,30,$90.00,,actual
2024-10-09,10/8/24,2024,Staff,Pepper Hot - ea,$1.00,,,13,$13.00,Variety: jalapeno,actual
2024-10-09,10/8/24,2024,Staff,Pepper Hot - ea,$1.00,,,30,$30.00,Variety: gochugaru,actual
2024-10-12,10/10/24,2024,HNC,Pepper Hot - ea,$1.00,,,10,$10.00,Variety: jalapeno,actual
2024-10-12,10/10/24,2024,HNC,Pepper Shishito - Qt,$11.00,,,5,$55.00,Variety: pounds,actual
2024-10-09,10/8/24,2024,Staff,Potato Blue - lb,$3.50,,,5,$17.50,Variety: quarts,actual
2024-10-09,10/8/24,2024,Staff,Puntarelle - lb,$9.00,,,2,$18.00,,actual
2024-10-09,10/8/24,2024,Staff,Radicchio - lb,$8.00,,,2,$16.00,,actual
2024-10-09,10/8/24,2024,Staff,Radicchio Treviso - lb,$8.00,,,2,$16.00,,actual
2024-10-09,10/8/24,2024,Staff,Radicchio Variegated - lb,$8.00,,,1,$8.00,,actual
2024-10-09,10/8/24,2024,Staff,Radish Mix - bu,$3.50,,,2,$7.00,,actual
2024-10-09,10/8/24,2024,Staff,Radish Round Purple - bu,$3.50,,,1,$3.50,,actual
2024-10-09,10/8/24,2024,HNC,Radish Round Purple - bu,$2.52,,,24,$60.48,,actual
2024-10-12,10/10/24,2024,HNC,Radish Round Purple - bu,$2.52,,,24,$60.48,,actual
2024-10-09,10/8/24,2024,Staff,Scallion - bu,$3.50,,,6,$21.00,,actual
2024-10-09,10/8/24,2024,HNC,Scallion - bu,$2.52,,,40,$100.80,,actual
2024-10-12,10/10/24,2024,HNC,Scallion - bu,$2.52,,,50,$126.00,,actual
2024-10-09,10/8/24,2024,Staff,Winter Squash Delicata - lb,$4.00,,,3,$12.00,,actual
2024-10-09,10/8/24,2024,Staff,Winter Squash Honeynut - lb,$5.00,,,13,$65.00,,actual
2024-10-16,10/15/24,2024,Staff,Beets Red - bu,$5.00,,,8,$40.00,,actual
2024-10-16,10/15/24,2024,Staff,Broccolini - bu,$6.00,,,5,$30.00,,actual
2024-10-16,10/15/24,2024,Staff,Cabbage - lb,$3.00,,,1,$3.00,Variety: caraflex,actual
2024-10-16,10/15/24,2024,Staff,Cabbage Chinese - lb,$4.00,,,2,$8.00,Variety: purple,actual
2024-10-16,10/15/24,2024,Staff,Carrot - bu,$6.00,,,10,$60.00,,actual
2024-10-16,10/15/24,2024,Staff,Cauliflower Sprouting - lb,$6.00,,,6,$36.00,,actual
2024-10-16,10/15/24,2024,Staff,Celery - bu,$4.50,,,3,$13.50,,actual
2024-10-16,10/15/24,2024,HNC,Chard - bu,$2.75,,,12,$32.94,,actual
2024-10-19,10/17/24,2024,HNC,Chard - bu,$2.75,,,24,$65.88,,actual
2024-10-16,10/15/24,2024,HNC,Cilantro - bu,$2.52,,,45,$113.40,,actual
2024-10-16,10/15/24,2024,Staff,Cilantro - bu,$3.50,,,9,$31.50,,actual
2024-10-19,10/17/24,2024,Emmet,Cilantro - bu,$2.52,,,2,$5.04,,actual
2024-10-19,10/17/24,2024,HNC,Cilantro - bu,$2.52,,,65,$163.80,,actual
2024-10-16,10/15/24,2024,HNC,Collards - bu,$2.75,,,12,$32.94,,actual
2024-10-16,10/15/24,2024,Staff,Collards - bu,$4.50,,,2,$9.00,,actual
2024-10-19,10/17/24,2024,HNC,Collards - bu,$2.75,,,24,$65.88,,actual
2024-10-16,10/15/24,2024,HNC,Dandelion - bu,$4.50,,,15,$67.50,,actual
2024-10-19,10/17/24,2024,HNC,Dandelion - bu,$2.75,,,24,$65.88,,actual
2024-10-16,10/15/24,2024,Staff,Escarole - ea,$5.00,,,1,$5.00,,actual
2024-10-19,10/17/24,2024,Emmet,Escarole - ea,$3.25,,,2,$6.50,,actual
2024-10-19,10/17/24,2024,HNC,Escarole - ea,$3.25,,,10,$32.50,,actual
2024-10-16,10/15/24,2024,Staff,Fall Mix - 1/3 lb,$7.00,,,2,$14.00,,actual
2024-10-16,10/15/24,2024,Staff,Fall Mix - 2/3 lb ,$14.00,,,3,$42.00,,actual
2024-10-16,10/15/24,2024,Staff,Fennel - ea,$4.00,,,6,$24.00,,actual
2024-10-16,10/15/24,2024,HNC,Kale Curly - bu,$2.75,,,15,$41.18,,actual
2024-10-16,10/15/24,2024,Staff,Kale Curly - bu,$4.50,,,4,$18.00,,actual
2024-10-19,10/17/24,2024,HNC,Kale Curly - bu,$2.75,,,40,$109.80,,actual
2024-10-16,10/15/24,2024,HNC,Kale Lacinato - bu,$2.75,,,35,$96.08,,actual
2024-10-16,10/15/24,2024,Staff,Kale Lacinato - bu,$4.50,,,9,$40.50,,actual
2024-10-19,10/17/24,2024,Emmet,Kale Lacinato - bu,$2.75,,,6,$16.47,,actual
2024-10-19,10/17/24,2024,HNC,Kale Lacinato - bu,$2.75,,,75,$205.88,,actual
2024-10-16,10/15/24,2024,Staff,Lettuce Mini Gem - ea,$3.00,,,4,$12.00,,actual
2024-10-16,10/15/24,2024,HNC,Parsley - bu,$2.52,,,40,$100.80,,actual
2024-10-16,10/15/24,2024,Staff,Parsley - bu,$3.50,,,7,$24.50,,actual
2024-10-19,10/17/24,2024,Emmet,Parsley - bu,$2.52,,,5,$12.60,,actual
2024-10-19,10/17/24,2024,HNC,Parsley - bu,$2.52,,,25,$63.00,,actual
2024-10-16,10/15/24,2024,Staff,Pepper Carmen - lb,$5.00,,,13,$65.00,,actual
2024-10-19,10/17/24,2024,Emmet,Pepper Carmen - lb,$3.00,,,10,$30.00,,actual
2024-10-19,10/17/24,2024,HNC,Pepper Carmen - lb,$3.00,,,10,$30.00,,actual
2024-10-16,10/15/24,2024,HNC,Pepper Hot - ea,$1.00,,,5,$5.00,Variety: jalapeno,actual
2024-10-16,10/15/24,2024,Staff,Pepper Lunchbox - Qt,$7.00,,,7,$49.00,,actual
2024-10-16,10/15/24,2024,Staff,Potato Blue - lb,$3.50,,,6,$21.00,Variety: quarts,actual
2024-10-16,10/15/24,2024,Staff,Puntarelle - lb,$9.00,,,2,$18.00,,actual
2024-10-16,10/15/24,2024,Staff,Radicchio - lb,$8.00,,,1,$8.00,,actual
2024-10-16,10/15/24,2024,Staff,Radicchio Treviso - lb,$8.00,,,2,$16.00,,actual
2024-10-16,10/15/24,2024,Staff,Radicchio Variegated - lb,$8.00,,,3,$24.00,,actual
2024-10-19,10/17/24,2024,HNC,Radish Mix - bu,$2.75,,,15,$41.21,,actual
2024-10-16,10/15/24,2024,HNC,Scallion - bu,$2.52,,,40,$100.80,,actual
2024-10-16,10/15/24,2024,Staff,Scallion - bu,$3.50,,,7,$24.50,,actual
2024-10-19,10/17/24,2024,HNC,Scallion - bu,$2.52,,,50,$126.00,,actual
2024-10-16,10/15/24,2024,HNC,Turnip - bu,$2.75,,,24,$65.88,Variety: hakurei,actual
2024-10-16,10/15/24,2024,Staff,Turnip - bu,$4.50,,,4,$18.00,Variety: hakurei,actual
2024-10-19,10/17/24,2024,HNC,Turnip - bu,$2.75,,,15,$41.18,Variety: hakurei,actual
2024-10-16,10/15/24,2024,Staff,Winter Squash Delicata - lb,$4.00,,,7,$28.00,,actual
2024-10-16,10/15/24,2024,Staff,Winter Squash Honeynut - lb,$5.00,,,21,$105.00,,actual
2024-10-23,10/22/24,2024,Staff,Beets Red - bu,$5.00,,,6,$30.00,,actual
2024-10-23,10/22/24,2024,Staff,Braising Mix - 1 lb,$8.00,,,5,$40.00,,actual
2024-10-23,10/22/24,2024,Staff,Broccolini - bu,$6.00,,,6,$36.00,,actual
2024-10-23,10/22/24,2024,Staff,Cabbage - lb,$3.00,,,1,$3.00,Variety: caraflex,actual
2024-10-23,10/22/24,2024,Staff,Cabbage - lb,$3.00,,,2,$6.00,Variety: red,actual
2024-10-23,10/22/24,2024,Staff,Cabbage - lb,$3.00,,,1,$3.00,Variety: savoy,actual
2024-10-23,10/22/24,2024,Staff,Carrot - bu,$6.00,,,7,$42.00,,actual
2024-10-23,10/22/24,2024,Staff,Cauliflower Sprouting - lb,$6.00,,,4,$24.00,,actual
2024-10-23,10/22/24,2024,Staff,Celery - bu,$4.50,,,3,$13.50,,actual
2024-10-23,10/22/24,2024,HNC,Chard - bu,$2.75,,,24,$65.88,,actual
2024-10-23,10/22/24,2024,Staff,Chard - bu,$4.50,,,1,$4.50,,actual
2024-10-26,10/24/24,2024,HNC,Chard - bu,$2.75,,,24,$65.88,,actual
2024-10-23,10/22/24,2024,Staff,Cilantro - bu,$3.50,,,4,$14.00,,actual
2024-10-23,10/22/24,2024,Staff,Collards - bu,$4.50,,,2,$9.00,,actual
2024-10-26,10/24/24,2024,HNC,Collards - bu,$2.75,,,24,$65.88,,actual
2024-10-23,10/22/24,2024,HNC,Dandelion - bu,$2.75,,,15,$41.18,,actual
2024-10-23,10/22/24,2024,Staff,Dandelion - bu,$4.50,,,1,$4.50,,actual
2024-10-26,10/24/24,2024,HNC,Dandelion - bu,$2.75,,,24,$65.88,,actual
2024-10-23,10/22/24,2024,Staff,Escarole - ea,$5.00,,,2,$10.00,,actual
2024-10-26,10/24/24,2024,Emmet,Escarole - ea,$3.25,,,8,$26.00,,actual
2024-10-23,10/22/24,2024,Staff,Fennel - ea,$4.00,,,2,$8.00,,actual
2024-10-23,10/22/24,2024,HNC,Kale Curly - bu,$2.75,,,30,$82.35,,actual
2024-10-23,10/22/24,2024,Staff,Kale Curly - bu,$4.50,,,5,$22.50,,actual
2024-10-26,10/24/24,2024,HNC,Kale Curly - bu,$2.75,,,45,$123.53,,actual
2024-10-23,10/22/24,2024,HNC,Kale Lacinato - bu,$2.75,,,55,$150.98,,actual
2024-10-23,10/22/24,2024,Staff,Kale Lacinato - bu,$4.50,,,3,$13.50,,actual
2024-10-26,10/24/24,2024,Emmet,Kale Lacinato - bu,$2.75,,,40,$109.80,,actual
2024-10-26,10/24/24,2024,HNC,Kale Lacinato - bu,$2.75,,,75,$205.88,,actual
2024-10-23,10/22/24,2024,Staff,Kohlrabi Storage - ea,$3.00,,,1,$3.00,,actual
2024-10-23,10/22/24,2024,HNC,Parsley - bu,$2.52,,,40,$100.80,,actual
2024-10-23,10/22/24,2024,Staff,Parsley - bu,$3.50,,,3,$10.50,,actual
2024-10-26,10/24/24,2024,HNC,Parsley - bu,$2.52,,,45,$113.40,,actual
2024-10-23,10/22/24,2024,Staff,Pepper Carmen - lb,$5.00,,,12,$60.00,,actual
2024-10-23,10/22/24,2024,Staff,Pepper Shishito - Qt,$11.00,,,2,$22.00,,actual
2024-10-23,10/22/24,2024,Staff,Radicchio - lb,$8.00,,,2,$16.00,,actual
2024-10-23,10/22/24,2024,Staff,Radicchio Treviso - lb,$8.00,,,1,$8.00,,actual
2024-10-23,10/22/24,2024,Staff,Radicchio Variegated - lb,$8.00,,,3,$24.00,,actual
2024-10-23,10/22/24,2024,Staff,Radish Mix - bu,$3.50,,,3,$10.50,,actual
2024-10-23,10/22/24,2024,HNC,Scallion - bu,$2.52,,,40,$100.80,,actual
2024-10-23,10/22/24,2024,Staff,Scallion - bu,$3.50,,,7,$24.50,,actual
2024-10-26,10/24/24,2024,HNC,Scallion - bu,$2.52,,,40,$100.80,,actual
2024-10-23,10/22/24,2024,Staff,Turnip - bu,$4.50,,,2,$9.00,Variety: scarlet,actual
2024-10-23,10/22/24,2024,Staff,Winter Squash Honeynut - lb,$5.00,,,19,$95.00,,actual
2024-10-30,10/29/24,2024,Staff,Beets Golden - bu,$5.00,,,4,$20.00,,actual
2024-10-30,10/29/24,2024,Staff,Beets Red - bu,$5.00,,,3,$15.00,,actual
2024-10-30,10/29/24,2024,Staff,Braising Mix - 1 lb,$8.00,,,1,$8.00,,actual
2024-10-30,10/29/24,2024,Staff,Broccolini - bu,$6.00,,,6,$36.00,,actual
2024-10-30,10/29/24,2024,Staff,Cabbage - lb,$3.00,,,2,$6.00,Variety: caraflex,actual
2024-10-30,10/29/24,2024,Staff,Cabbage Chinese - lb,$4.00,,,2,$8.00,,actual
2024-10-30,10/29/24,2024,Staff,Carrot - bu,$6.00,,,8,$48.00,,actual
2024-10-30,10/29/24,2024,Staff,Cauliflower - lb,$4.00,,,1,$4.00,Variety: white,actual
2024-10-30,10/29/24,2024,Staff,Cauliflower - lb,$4.00,,,4,$16.00,Variety: romanesco,actual
2024-10-30,10/29/24,2024,Staff,Celery - bu,$4.50,,,2,$9.00,,actual
2024-10-30,10/29/24,2024,HNC,Chard - bu,$2.75,,,24,$65.88,,actual
2024-10-30,10/29/24,2024,Staff,Cilantro - bu,$3.50,,,3,$10.50,,actual
2024-10-30,10/29/24,2024,HNC,Collards - bu,$2.75,,,15,$41.18,,actual
2024-10-30,10/29/24,2024,Staff,Collards - bu,$4.50,,,2,$9.00,,actual
2024-11-02,10/31/24,2024,HNC,Collards - bu,$2.75,,,18,$49.41,,actual
2024-10-30,10/29/24,2024,HNC,Dandelion - bu,$2.75,,,24,$65.88,,actual
2024-11-02,10/31/24,2024,HNC,Dandelion - bu,$2.75,,,24,$65.88,,actual
2024-10-30,10/29/24,2024,HNC,Escarole - ea,$3.25,,,15,$48.75,,actual
2024-10-30,10/29/24,2024,Staff,Escarole - ea,$5.00,,,1,$5.00,,actual
2024-10-30,10/29/24,2024,Staff,Fall Mix - 1/3 lb,$7.00,,,5,$35.00,,actual
2024-10-30,10/29/24,2024,Staff,Fennel - ea,$4.00,,,4,$16.00,,actual
2024-10-30,10/29/24,2024,HNC,Kale Curly - bu,$2.75,,,30,$82.35,,actual
2024-10-30,10/29/24,2024,Staff,Kale Curly - bu,$4.50,,,1,$4.50,,actual
2024-11-02,10/31/24,2024,Emmet,Kale Curly - bu,$2.75,,,20,$54.90,,actual
2024-11-02,10/31/24,2024,HNC,Kale Curly - bu,$2.75,,,40,$109.80,,actual
2024-10-30,10/29/24,2024,HNC,Kale Lacinato - bu,$2.75,,,45,$123.53,,actual
2024-10-30,10/29/24,2024,Staff,Kale Lacinato - bu,$4.50,,,5,$22.50,,actual
2024-11-02,10/31/24,2024,HNC,Kale Lacinato - bu,$2.75,,,75,$205.88,,actual
2024-10-30,10/29/24,2024,HNC,Parsley - bu,$2.52,,,40,$100.80,,actual
2024-10-30,10/29/24,2024,Staff,Parsley - bu,$3.50,,,2,$7.00,,actual
2024-11-02,10/31/24,2024,Emmet,Parsley - bu,$2.52,,,6,$15.12,,actual
2024-11-02,10/31/24,2024,HNC,Parsley - bu,$2.52,,,30,$75.60,,actual
2024-10-30,10/29/24,2024,Staff,Puntarelle - lb,$9.00,,,3,$27.00,,actual
2024-10-30,10/29/24,2024,Staff,Radicchio - lb,$8.00,,,1,$8.00,,actual
2024-11-02,10/31/24,2024,Emmet,Radicchio - lb,$4.00,,,5,$20.00,,actual
2024-10-30,10/29/24,2024,Staff,Radicchio Treviso - lb,$8.00,,,1,$8.00,,actual
2024-10-30,10/29/24,2024,Staff,Radicchio Variegated - lb,$8.00,,,2,$16.00,,actual
2024-11-02,10/31/24,2024,Emmet,Radicchio Variegated - lb,$4.00,,,5,$20.00,,actual
2024-11-02,10/31/24,2024,Emmet,Radish Bulk - lb,$3.50,,,6,$21.00,Variety: pink,actual
2024-10-30,10/29/24,2024,Staff,Radish Mix - bu,$3.50,,,4,$14.00,,actual
2024-10-30,10/29/24,2024,HNC,Scallion - bu,$2.52,,,40,$100.80,,actual
2024-10-30,10/29/24,2024,Staff,Scallion - bu,$3.50,,,8,$28.00,,actual
2024-11-02,10/31/24,2024,Emmet,Scallion - bu,$2.52,,,6,$15.12,,actual
2024-11-02,10/31/24,2024,HNC,Scallion - bu,$2.52,,,35,$88.20,,actual
2024-10-30,10/29/24,2024,Staff,Winter Squash Honeynut - lb,$5.00,,,13,$65.00,,actual
2024-10-30,10/29/24,2024,Staff,Winter Squash Spaghetti - lb,$3.00,,,4,$12.00,Variety: futsu,actual
2024-11-06,11/5/24,2024,Staff,Beets Red - bu,$5.00,,,5,$25.00,,actual
2024-11-06,11/5/24,2024,Staff,Braising Mix - 1 lb,$8.00,,,4,$32.00,,actual
2024-11-06,11/5/24,2024,Staff,Broccolini - bu,$6.00,,,14,$84.00,,actual
2024-11-06,11/5/24,2024,Staff,Cabbage - lb,$3.00,,,3,$9.00,Variety: savoy,actual
2024-11-06,11/5/24,2024,Staff,Carrot - bu,$6.00,,,6,$36.00,,actual
2024-11-06,11/5/24,2024,Staff,Cauliflower - lb,$4.00,,,7,$28.00,Variety: white,actual
2024-11-06,11/5/24,2024,Staff,Cauliflower - lb,$4.00,,,5,$20.00,Variety: romanesco,actual
2024-11-06,11/5/24,2024,Staff,Cauliflower - lb,$4.00,,,5,$20.00,Variety: purple,actual
2024-11-06,11/5/24,2024,Staff,Celery - bu,$4.50,,,2,$9.00,,actual
2024-11-06,11/5/24,2024,Staff,Chard - bu,$4.50,,,1,$4.50,,actual
2024-11-06,11/5/24,2024,Staff,Cilantro - bu,$3.50,,,5,$17.50,,actual
2024-11-06,11/5/24,2024,HNC,Collards - bu,$2.75,,,12,$32.94,,actual
2024-11-06,11/5/24,2024,Staff,Collards - bu,$4.50,,,3,$13.50,,actual
2024-11-09,11/7/24,2024,HNC,Collards - bu,$2.75,,,18,$49.41,,actual
2024-11-06,11/5/24,2024,HNC,Dandelion - bu,$2.75,,,24,$65.88,,actual
2024-11-06,11/5/24,2024,Staff,Dandelion - bu,$4.50,,,2,$9.00,,actual
2024-11-09,11/7/24,2024,HNC,Dandelion - bu,$2.75,,,24,$65.88,,actual
2024-11-06,11/5/24,2024,Staff,Escarole - ea,$5.00,,,2,$10.00,,actual
2024-11-06,11/5/24,2024,Staff,Fall Mix - 1/3 lb,$7.00,,,8,$56.00,,actual
2024-11-06,11/5/24,2024,HNC,Kale Curly - bu,$2.75,,,35,$96.08,,actual
2024-11-06,11/5/24,2024,Staff,Kale Curly - bu,$4.50,,,5,$22.50,,actual
2024-11-09,11/7/24,2024,HNC,Kale Curly - bu,$2.75,,,70,$192.15,,actual
2024-11-06,11/5/24,2024,HNC,Kale Lacinato - bu,$2.75,,,55,$150.98,,actual
2024-11-06,11/5/24,2024,Staff,Kale Lacinato - bu,$4.50,,,9,$40.50,,actual
2024-11-09,11/7/24,2024,Emmet,Kale Lacinato - bu,$2.75,,,10,$27.45,,actual
2024-11-09,11/7/24,2024,HNC,Kale Lacinato - bu,$2.75,,,85,$233.33,,actual
2024-11-06,11/5/24,2024,Staff,Parsley - bu,$3.50,,,8,$28.00,,actual
2024-11-06,11/5/24,2024,Staff,Potato Yellow - lb,$3.50,,,9,$31.50,,actual
2024-11-06,11/5/24,2024,Staff,Puntarelle - lb,$9.00,,,2,$18.00,,actual
2024-11-06,11/5/24,2024,Staff,Radicchio - lb,$8.00,,,5,$40.00,,actual
2024-11-06,11/5/24,2024,Staff,Radicchio Treviso - lb,$8.00,,,2,$16.00,,actual
2024-11-06,11/5/24,2024,Staff,Radicchio Variegated - lb,$8.00,,,6,$48.00,,actual
2024-11-09,11/7/24,2024,Emmet,Radicchio Variegated - lb,$4.00,,,3,$12.00,,actual
2024-11-06,11/5/24,2024,Staff,Radish Mix - bu,$3.50,,,2,$7.00,,actual
2024-11-06,11/5/24,2024,HNC,Scallion - bu,$2.52,,,24,$60.48,,actual
2024-11-06,11/5/24,2024,Staff,Scallion - bu,$3.50,,,9,$31.50,,actual
2024-11-09,11/7/24,2024,HNC,Scallion - bu,$2.52,,,40,$100.80,,actual
2024-11-06,11/5/24,2024,Staff,Winter Squash Butternut - lb,$3.00,,,4,$12.00,,actual
2024-11-06,11/5/24,2024,Staff,Winter Squash Honeynut - lb,$5.00,,,10,$50.00,,actual
2024-11-09,11/7/24,2024,Emmet,Winter Squash Honeynut - lb,$2.50,,,15,$37.50,,actual
2024-11-06,11/5/24,2024,Staff,Winter Squash Spaghetti - lb,$3.00,,,4,$12.00,Variety: futsu,actual
2024-11-13,11/12/24,2024,Staff,Beets Red - bu,$5.00,,,3,$15.00,,actual
2024-11-13,11/12/24,2024,Staff,Broccolini - bu,$6.00,,,4,$24.00,,actual
2024-11-13,11/12/24,2024,Staff,Carrot - bu,$6.00,,,6,$36.00,,actual
2024-11-13,11/12/24,2024,Staff,Cauliflower - lb,$4.00,,,4,$16.00,Variety: romanesco,actual
2024-11-13,11/12/24,2024,Staff,Celery - bu,$4.50,,,3,$13.50,,actual
2024-11-13,11/12/24,2024,Staff,Cilantro - bu,$3.50,,,7,$24.50,,actual
2024-11-13,11/12/24,2024,HNC,Collards - bu,$2.75,,,24,$65.88,,actual
2024-11-13,11/12/24,2024,Staff,Collards - bu,$4.50,,,5,$22.50,,actual
2024-11-13,11/12/24,2024,Staff,Dandelion - bu,$4.50,,,2,$9.00,,actual
2024-11-16,11/14/2024,2024,Emmet,Dandelion - bu,$2.75,,,10,$27.45,,actual
2024-11-13,11/12/24,2024,Staff,Escarole - ea,$5.00,,,2,$10.00,,actual
2024-11-13,11/12/24,2024,Staff,Fennel - ea,$4.00,,,2,$8.00,,actual
2024-11-13,11/12/24,2024,HNC,Kale Curly - bu,$2.75,,,70,$192.15,,actual
2024-11-13,11/12/24,2024,Staff,Kale Curly - bu,$4.50,,,1,$4.50,,actual
2024-11-13,11/12/24,2024,HNC,Kale Lacinato - bu,$2.75,,,80,$219.60,,actual
2024-11-13,11/12/24,2024,Staff,Kale Lacinato - bu,$4.50,,,10,$45.00,,actual
2024-11-16,11/14/2024,2024,Emmet,Kale Lacinato - bu,$2.75,,,10,$27.45,,actual
2024-11-13,11/12/24,2024,Staff,Kale Russian - bu,$4.50,,,6,$27.00,,actual
2024-11-16,11/14/2024,2024,Emmet,Kohlrabi Storage - ea,$3.00,,,10,$30.00,,actual
2024-11-13,11/12/24,2024,Staff,Potato Yellow - lb,$3.50,,,5,$17.50,,actual
2024-11-13,11/12/24,2024,Staff,Radicchio - lb,$8.00,,,1,$8.00,,actual
2024-11-13,11/12/24,2024,Staff,Radicchio Treviso - lb,$8.00,,,1,$8.00,,actual
2024-11-13,11/12/24,2024,Staff,Radicchio Variegated - lb,$8.00,,,1,$8.00,,actual
2024-11-13,11/12/24,2024,Staff,Radish Bulk - lb,$3.50,,,7,$24.50,,actual
2024-11-13,11/12/24,2024,Staff,Scallion - bu,$3.50,,,4,$14.00,,actual
2024-11-13,11/12/24,2024,Staff,Sweet Potatoes - lb,$3.50,,,5,$17.50,Variety: covington,actual
2024-11-13,11/12/24,2024,Staff,Sweet Potatoes - lb,$3.50,,,5,$17.50,Variety: murasaki,actual
2024-11-13,11/12/24,2024,Staff,Winter Squash Butternut - lb,$3.00,,,4,$12.00,,actual
2024-11-13,11/12/24,2024,HNC,Winter Squash Honeynut - lb,$2.00,,,100,$200.00,,actual
2024-11-13,11/12/24,2024,Staff,Winter Squash Honeynut - lb,$5.00,,,6,$30.00,,actual
2024-11-16,11/14/2024,2024,Emmet,Winter Squash Honeynut - lb,$2.50,,,10,$25.00,,actual
2024-11-13,11/12/24,2024,Staff,Winter Squash Spaghetti - lb,$3.00,,,2,$6.00,Variety: futsu,actual
2024-11-23,11/21/24,2024,Staff,Arugula - 1/3 lb,$7.00,,,5,$35.00,,actual
2024-11-23,11/21/24,2024,Staff,Beets Bulk Golden - lb,$3.50,,,2,$7.00,,actual
2024-11-23,11/21/24,2024,Staff,Beets Bulk Red - lb,$3.50,,,1,$3.50,,actual
2024-11-23,11/21/24,2024,Staff,Braising Mix - 1 lb,$8.00,,,4,$32.00,,actual
2024-11-23,11/21/24,2024,Staff,Broccolini - bu,$6.00,,,10,$60.00,Variety: bunched,actual
2024-11-23,11/21/24,2024,Staff,Brussels Sprouts - ea,$7.00,,,16,$112.00,,actual
2024-11-23,11/21/24,2024,Staff,Cabbage - lb,$3.00,,,3,$9.00,Variety: red,actual
2024-11-23,11/21/24,2024,Staff,Cabbage - lb,$3.00,,,3,$9.00,Variety: savoy,actual
2024-11-23,11/21/24,2024,Staff,Carrot Bulk - lb,$3.50,,,13,$45.50,,actual
2024-11-23,11/21/24,2024,Staff,Cauliflower - lb,$4.00,,,5,$20.00,Variety: white,actual
2024-11-23,11/21/24,2024,Staff,Celery - bu,$4.50,,,5,$22.50,Variety: loose,actual
2024-11-23,11/21/24,2024,Staff,Cilantro - bu,$3.50,,,2,$7.00,,actual
2024-11-23,11/21/24,2024,Staff,Collards - bu,$4.50,,,3,$13.50,,actual
2024-11-23,11/21/24,2024,Staff,Dandelion - bu,$4.50,,,1,$4.50,,actual
2024-11-23,11/21/24,2024,Staff,Fall Mix - 2/3 lb,$0.00,,,7,$0.00,,actual
2024-11-23,11/21/24,2024,Staff,Fennel - ea,$4.00,,,7,$28.00,,actual
2024-11-23,11/21/24,2024,Staff,Kale Lacinato - bu,$4.50,,,13,$58.50,,actual
2024-11-23,11/21/24,2024,Staff,Kale Russian - bu,$4.50,,,3,$13.50,,actual
2024-11-23,11/21/24,2024,Staff,Kohlrabi Storage - ea,$3.00,,,2,$6.00,,actual
2024-11-23,11/21/24,2024,Staff,Parsley - bu,$3.50,,,4,$14.00,,actual
2024-11-23,11/21/24,2024,Staff,Potato Blue - lb,$3.50,,,2,$7.00,,actual
2024-11-23,11/21/24,2024,Staff,Potato Fingerling - lb,$3.50,,,5,$17.50,Variety: red,actual
2024-11-23,11/21/24,2024,Staff,Potato White - lb,$3.50,,,8,$28.00,,actual
2024-11-23,11/21/24,2024,Staff,Potato Yellow - lb,$3.50,,,8,$28.00,,actual
2024-11-23,11/21/24,2024,Staff,Puntarelle - lb,$9.00,,,1,$9.00,,actual
2024-11-23,11/21/24,2024,Staff,Radicchio - lb,$8.00,,,2,$16.00,,actual
2024-11-23,11/21/24,2024,Staff,Radicchio Treviso - lb,$8.00,,,1,$8.00,,actual
2024-11-23,11/21/24,2024,Staff,Radicchio Variegated - lb,$8.00,,,1,$8.00,,actual
2024-11-23,11/21/24,2024,Staff,Radish Bulk - lb,$3.50,,,2,$7.00,,actual
2024-11-23,11/21/24,2024,Staff,Scallion - bu,$3.50,,,5,$17.50,,actual
2024-11-23,11/21/24,2024,Staff,Sweet Potatoes - lb,$3.50,,,7,$24.50,Variety: covington,actual
2024-11-23,11/21/24,2024,Staff,Sweet Potatoes - lb,$3.50,,,4,$14.00,Variety: murasaki,actual
2024-11-23,11/21/24,2024,Staff,Turnip Bulk - lb,$3.50,,,1,$3.50,Variety: purple top,actual
2024-11-23,11/21/24,2024,Staff,Turnip Bulk - lb,$3.50,,,0,$0.00,Variety: scarlet,actual
2024-11-23,11/21/24,2024,Staff,Winter Squash Butternut - lb,$3.00,,,7,$21.00,,actual
2024-11-23,11/21/24,2024,Staff,Winter Squash Honeynut - lb,$5.00,,,19,$95.00,,actual
2024-11-23,11/21/24,2024,Staff,Winter Squash Spaghetti - lb,$3.00,,,2,$6.00,Variety: futsu,actual
2024-12-07,12/5/24,2024,Staff,Beets Bulk Red - lb,$3.50,,,6,$21.00,,actual
2024-12-07,12/5/24,2024,Staff,Bok Choy Small - lb,$9.00,,,9,$81.00,Variety: 3/4 pound bag,actual
2024-12-07,12/5/24,2024,Staff,Braising Mix - 1 lb,$8.00,,,3,$24.00,,actual
2024-12-07,12/5/24,2024,Staff,Broccolini - bu,$6.00,,,7,$42.00,Variety: loose,actual
2024-12-07,12/5/24,2024,Staff,Cabbage - lb,$3.00,,,4,$12.00,Variety: murdoc,actual
2024-12-07,12/5/24,2024,Staff,Carrot Bulk - lb,$3.50,,,8,$28.00,,actual
2024-12-07,12/5/24,2024,Staff,Collards - bu,$4.50,,,3,$13.50,,actual
2024-12-07,12/5/24,2024,Staff,Dandelion - bu,$4.50,,,3,$13.50,,actual
2024-12-07,12/5/24,2024,Staff,Kale Curly - bu,$4.50,,,1,$4.50,,actual
2024-12-07,12/5/24,2024,Staff,Kale Lacinato - bu,$4.50,,,7,$31.50,,actual
2024-12-07,12/5/24,2024,Staff,Kale Russian - bu,$4.50,,,3,$13.50,,actual
2024-12-07,12/5/24,2024,Staff,Kohlrabi Storage - ea,$3.00,,,1,$3.00,,actual
2024-12-07,12/5/24,2024,Staff,Potato Fingerling - lb,$3.50,,,4,$14.00,Variety: red,actual
2024-12-07,12/5/24,2024,Staff,Potato Yellow - lb,$3.50,,,3,$10.50,,actual
2024-12-07,12/5/24,2024,Staff,Puntarelle - lb,$9.00,,,8,$72.00,,actual
2024-12-07,12/5/24,2024,Staff,Radicchio - lb,$8.00,,,1,$8.00,,actual
2024-12-07,12/5/24,2024,Staff,Radicchio - lb,$8.00,,,3,$24.00,Variety: pink,actual
2024-12-07,12/5/24,2024,Staff,Radicchio Treviso - lb,$8.00,,,2,$16.00,,actual
2024-12-07,12/5/24,2024,Staff,Radicchio Variegated - lb,$8.00,,,1,$8.00,,actual
2024-12-07,12/5/24,2024,Staff,Radish Bulk - lb,$3.50,,,3,$10.50,,actual
2024-12-07,12/5/24,2024,Staff,Scallion - bu,$3.50,,,6,$21.00,,actual
2024-12-07,12/5/24,2024,Staff,Spinach - 1/2 lb,$7.00,,,8,$56.00,,actual
2024-12-07,12/5/24,2024,Staff,Sweet Potatoes - lb,$3.50,,,2,$7.00,Variety: covington,actual
2024-12-07,12/5/24,2024,Staff,Sweet Potatoes - lb,$3.50,,,4,$14.00,Variety: murasaki,actual
2024-12-07,12/5/24,2024,Staff,Turnip Bulk - lb,$3.50,,,2,$7.00,,actual
2024-12-07,12/5/24,2024,Staff,Winter Mix - 1/3 lb,$7.00,,,9,$63.00,,actual
2024-12-07,12/5/24,2024,Staff,Winter Squash Butternut - lb,$3.00,,,1,$3.00,,actual
2024-12-07,12/5/24,2024,Staff,Winter Squash Koginut - lb,$3.00,,,2,$6.00,,actual
2024-12-07,12/5/24,2024,Staff,Winter Squash Spaghetti - lb,$3.00,,,1,$3.00,Variety: futsu,actual
2024-12-14,12/12/24,2024,Staff,Beets Bulk Red - lb,$3.50,,,4,$14.00,,actual
2024-12-14,12/12/24,2024,Staff,Braising Mix - 1 lb,$8.00,,,2,$16.00,,actual
2024-12-14,12/12/24,2024,Staff,Cabbage - lb,$3.00,,,2,$6.00,Variety: murdoc,actual
2024-12-14,12/12/24,2024,Staff,Cabbage - lb,$3.00,,,1,$3.00,Variety: red,actual
2024-12-14,12/12/24,2024,Staff,Cabbage Storage - lb,$2.50,,,1,$2.50,,actual
2024-12-14,12/12/24,2024,Staff,Carrot Bulk - lb,$3.50,,,5,$17.50,,actual
2024-12-14,12/12/24,2024,Staff,Collards - bu,$4.50,,,4,$18.00,,actual
2024-12-14,12/12/24,2024,Staff,Kale Curly - bu,$4.50,,,1,$4.50,,actual
2024-12-14,12/12/24,2024,Staff,Kale Lacinato - bu,$4.50,,,8,$36.00,,actual
2024-12-14,12/12/24,2024,Staff,Kale Russian - bu,$4.50,,,2,$9.00,,actual
2024-12-14,12/12/24,2024,Staff,Kohlrabi Storage - ea,$3.00,,,1,$3.00,,actual
2024-12-14,12/12/24,2024,Staff,Mustard - bu,$4.50,,,5,$22.50,,actual
2024-12-14,12/12/24,2024,Staff,Potato Blue - lb,$3.50,,,9,$31.50,Variety: purple viking,actual
2024-12-14,12/12/24,2024,Staff,Potato White - lb,$3.50,,,2,$7.00,,actual
2024-12-14,12/12/24,2024,Staff,Radicchio - lb,$8.00,,,4,$32.00,Variety: pink,actual
2024-12-14,12/12/24,2024,Staff,Radicchio Treviso - lb,$8.00,,,1,$8.00,,actual
2024-12-14,12/12/24,2024,Staff,Scallion - bu,$3.50,,,7,$24.50,,actual
2024-12-14,12/12/24,2024,Staff,Spinach - 1/2 lb,$7.00,,,6,$42.00,,actual
2024-12-14,12/12/24,2024,Staff,Sweet Potatoes - lb,$3.50,,,2,$7.00,Variety: covington,actual
2024-12-14,12/12/24,2024,Staff,Sweet Potatoes - lb,$3.50,,,2,$7.00,Variety: murasaki,actual
2024-12-14,12/12/24,2024,Staff,Turnip Bulk - lb,$3.50,,,1,$3.50,,actual
2024-12-14,12/12/24,2024,Staff,Winter Mix - 1/3 lb,$7.00,,,6,$42.00,,actual
2024-12-14,12/12/24,2024,Staff,Winter Squash Butternut - lb,$3.00,,,4,$12.00,,actual
2024-12-21,12/19/24,2024,Staff,Braising Mix - 1 lb,$8.00,,,4,$32.00,,actual
2024-12-21,12/19/24,2024,Staff,Cabbage - lb,$3.00,,,2,$6.00,Variety: red,actual
2024-12-21,12/19/24,2024,Staff,Cabbage Storage - lb,$2.50,,,2,$5.00,,actual
2024-12-21,12/19/24,2024,Staff,Carrot Bulk - lb,$3.50,,,5,$17.50,,actual
2024-12-21,12/19/24,2024,Staff,Kale Lacinato - bu,$4.50,,,14,$63.00,,actual
2024-12-21,12/19/24,2024,Staff,Kale Russian - bu,$4.50,,,2,$9.00,,actual
2024-12-21,12/19/24,2024,Staff,Mustard - bu,$4.50,,,1,$4.50,,actual
2024-12-21,12/19/24,2024,Staff,Potato Blue - lb,$3.50,,,4,$14.00,Variety: purple viking,actual
2024-12-21,12/19/24,2024,Staff,Potato White - lb,$3.50,,,6,$21.00,,actual
2024-12-21,12/19/24,2024,Staff,Radicchio - lb,$8.00,,,1,$8.00,,actual
2024-12-21,12/19/24,2024,Staff,Radicchio - lb,$8.00,,,2,$16.00,Variety: pink,actual
2024-12-21,12/19/24,2024,Staff,Radicchio Treviso - lb,$8.00,,,1,$8.00,,actual
2024-12-21,12/19/24,2024,Staff,Radicchio Variegated - lb,$8.00,,,2,$16.00,,actual
2024-12-21,12/19/24,2024,Staff,Radish Bulk - lb,$3.50,,,1,$3.50,,actual
2024-12-21,12/19/24,2024,Staff,Scallion - bu,$3.50,,,11,$38.50,,actual
2024-12-21,12/19/24,2024,Staff,Spinach - 1/2 lb,$7.00,,,8,$56.00,,actual
2024-12-21,12/19/24,2024,Staff,Sweet Potatoes - lb,$3.50,,,3,$10.50,Variety: covington,actual
2024-12-21,12/19/24,2024,Staff,Sweet Potatoes - lb,$3.50,,,2,$7.00,Variety: murasaki,actual
2024-12-21,12/19/24,2024,Staff,Turnip Bulk - lb,$3.50,,,1,$3.50,Variety: purple top,actual
2024-12-21,12/19/24,2024,Staff,Turnip Bulk - lb,$3.50,,,0,$0.00,Variety: scarlet,actual
2024-12-21,12/19/24,2024,Staff,Winter Mix - 1/3 lb,$7.00,,,5,$35.00,,actual
2024-12-21,12/19/24,2024,Staff,Winter Squash Butternut - lb,$3.00,,,3,$9.00,,actual
2024-12-21,12/19/24,2024,Staff,Winter Squash Koginut - lb,$3.00,,,6,$18.00,,actual
2024-12-28,12/26/24,2024,Staff,Braising Mix - 1 lb,$8.00,,,4,$32.00,,actual
2024-12-28,12/26/24,2024,Staff,Carrot Bulk - lb,$3.50,,,6,$21.00,,actual
2024-12-28,12/26/24,2024,Staff,Collards - bu,$4.50,,,2,$9.00,,actual
2024-12-28,12/26/24,2024,Staff,Kale Lacinato - bu,$4.50,,,5,$22.50,,actual
2024-12-28,12/26/24,2024,Staff,Kale Russian - bu,$4.50,,,3,$13.50,,actual
2024-12-28,12/26/24,2024,Staff,Mustard - bu,$4.50,,,2,$9.00,,actual
2024-12-28,12/26/24,2024,Staff,Potato Blue - lb,$3.50,,,2,$7.00,Variety: purple viking,actual
2024-12-28,12/26/24,2024,Staff,Potato White - lb,$3.50,,,6,$21.00,,actual
2024-12-28,12/26/24,2024,Staff,Radicchio - lb,$8.00,,,3,$24.00,,actual
2024-12-28,12/26/24,2024,Staff,Radicchio - lb,$8.00,,,1,$8.00,Variety: pink,actual
2024-12-28,12/26/24,2024,Staff,Radicchio Treviso - lb,$8.00,,,2,$16.00,,actual
2024-12-28,12/26/24,2024,Staff,Radicchio Variegated - lb,$8.00,,,3,$24.00,,actual
2024-12-28,12/26/24,2024,Staff,Radish Bulk - lb,$3.50,,,4,$14.00,,actual
2024-12-28,12/26/24,2024,Staff,Sweet Potatoes - lb,$3.50,,,2,$7.00,Variety: covington,actual
2024-12-28,12/26/24,2024,Staff,Sweet Potatoes - lb,$3.50,,,0,$0.00,Variety: murasaki,actual
2024-12-28,12/26/24,2024,Staff,Turnip Bulk - lb,$3.50,,,0,$0.00,Variety: purple top,actual
2024-12-28,12/26/24,2024,Staff,Turnip Bulk - lb,$3.50,,,0,$0.00,Variety: scarlet,actual
2024-12-28,12/26/24,2024,Staff,Winter Mix - 1/3 lb,$7.00,,,6,$42.00,,actual
2024-12-28,12/26/24,2024,Staff,Winter Squash Butternut - lb,$3.00,,,4,$12.00,,actual
2024-12-28,12/26/24,2024,Staff,Winter Squash Koginut - lb,$3.00,,,0,$0.00,,actual
2024-12-28,12/26/24,2024,Staff,Winter Squash Spaghetti - lb,$3.00,,,2,$6.00,Variety: futsu,actual
